/batch
/config,noeldb,1     ! force off writing results to database
*get,_wallstrt,active,,time,wall
! ANSYS input file written by Workbench version 2026 R1
! File used for geometry attach: C:\Users\Mateus\OneDrive\Documentos\UnB\4 sem\PI\Chassi\Final chassis\chassis.stp
/title,chassi ansys--Static Structural (A5)
! ****** Begin Custom Load Command Snippet ******
/COM, ACT Extensions:
/COM,     LSDYNA, 2026.1
/COM,     5f463412-bd3e-484b-87e7-cbc0a665e474, wbex
/COM,     ANSYSMotion, 2026.1
/COM,     20180725-3f81-49eb-9f31-41364844c769, wbex
! ****** End   Custom Load Command Snippet ******
*DIM,_wb_ProjectScratch_dir,string,248
_wb_ProjectScratch_dir(1) = 'C:\Users\Mateus\OneDrive\Documentos\UnB\4 sem\PI\Chassi\_ProjectScratch\Scr2875\'
*DIM,_wb_SolverFiles_dir,string,248
_wb_SolverFiles_dir(1) = 'C:\Users\Mateus\OneDrive\Documentos\UnB\4 sem\PI\Chassi\chassi ansys_files\dp0\SYS\MECH\'
*DIM,_wb_userfiles_dir,string,248
_wb_userfiles_dir(1) = 'C:\Users\Mateus\OneDrive\Documentos\UnB\4 sem\PI\Chassi\chassi ansys_files\user_files\'
/com,--- Data in consistent MKS units. See Solving Units in the help system for more information.
/units,MKS
/nopr
/wb,file,start              !  signify a WB generated input file
/prep7
! Turn off shape checking because checks already performed inside WB mesher.
! See help system for more information.
SHPP,OFF,,NOWARN
/nolist
etcon,set             ! allow ANSYS to choose best KEYOP's for 180x elements, resets any applicable keyopt to MAPDL defaults
/com,*********** Send User Defined Coordinate System(s) ***********
csys,0
/com,*********** Nodes for the whole assembly ***********
nblock,3,,7586
(1i9,3e20.9e3)
        1    -4.675000000E-02     2.900000000E-02     1.330000000E-02
        2    -5.125000000E-02     2.900000000E-02     1.330000000E-02
        3    -4.900000000E-02     2.675000000E-02     1.330000000E-02
        4    -4.900000000E-02     3.125000000E-02     1.330000000E-02
        5     3.675000000E-02     2.900000000E-02     1.330000000E-02
        6     4.125000000E-02     2.900000000E-02     1.330000000E-02
        7     3.900000000E-02     3.125000000E-02     1.330000000E-02
        8     3.900000000E-02     2.675000000E-02     1.330000000E-02
        9    -4.675000000E-02    -2.900000000E-02     1.330000000E-02
       10    -5.125000000E-02    -2.900000000E-02     1.330000000E-02
       11    -4.900000000E-02    -3.125000000E-02     1.330000000E-02
       12    -4.900000000E-02    -2.675000000E-02     1.330000000E-02
       13     3.675000000E-02    -2.900000000E-02     1.330000000E-02
       14     4.125000000E-02    -2.900000000E-02     1.330000000E-02
       15     3.900000000E-02    -2.675000000E-02     1.330000000E-02
       16     3.900000000E-02    -3.125000000E-02     1.330000000E-02
       17     4.145000000E-02     2.900000000E-02     1.850000000E-02
       18     3.655000000E-02     2.900000000E-02     1.850000000E-02
       19     3.900000000E-02     2.655000000E-02     1.850000000E-02
       20     3.900000000E-02     3.145000000E-02     1.850000000E-02
       21     3.655000000E-02    -2.900000000E-02     1.850000000E-02
       22     4.145000000E-02    -2.900000000E-02     1.850000000E-02
       23     3.900000000E-02    -2.655000000E-02     1.850000000E-02
       24     3.900000000E-02    -3.145000000E-02     1.850000000E-02
       25    -5.145000000E-02    -2.900000000E-02     1.850000000E-02
       26    -4.655000000E-02    -2.900000000E-02     1.850000000E-02
       27    -4.900000000E-02    -2.655000000E-02     1.850000000E-02
       28    -4.900000000E-02    -3.145000000E-02     1.850000000E-02
       29    -5.145000000E-02     2.900000000E-02     1.850000000E-02
       30    -4.655000000E-02     2.900000000E-02     1.850000000E-02
       31    -4.900000000E-02     3.145000000E-02     1.850000000E-02
       32    -4.900000000E-02     2.655000000E-02     1.850000000E-02
       33    -3.500000000E-02    -1.300000000E-02     2.050000000E-02
       34    -3.500000000E-02    -1.300000000E-02     1.850000000E-02
       35    -3.300000000E-02    -1.500000000E-02     2.050000000E-02
       36    -3.300000000E-02    -1.500000000E-02     1.850000000E-02
       37     4.300000000E-02     3.500000000E-02     2.050000000E-02
       38     4.500000000E-02     3.300000000E-02     2.050000000E-02
       39     4.500000000E-02     3.300000000E-02     1.850000000E-02
       40     4.300000000E-02     3.500000000E-02     1.850000000E-02
       41    -5.300000000E-02     3.500000000E-02     1.850000000E-02
       42    -5.300000000E-02     3.500000000E-02     2.050000000E-02
       43     3.700000000E-02     3.500000000E-02     2.050000000E-02
       44     3.100000000E-02     3.500000000E-02     2.050000000E-02
       45     2.500000000E-02     3.500000000E-02     2.050000000E-02
       46     1.900000000E-02     3.500000000E-02     2.050000000E-02
       47     1.300000000E-02     3.500000000E-02     2.050000000E-02
       48     7.000000000E-03     3.500000000E-02     2.050000000E-02
       49     1.000000000E-03     3.500000000E-02     2.050000000E-02
       50    -5.000000000E-03     3.500000000E-02     2.050000000E-02
       51    -1.100000000E-02     3.500000000E-02     2.050000000E-02
       52    -1.700000000E-02     3.500000000E-02     2.050000000E-02
       53    -2.300000000E-02     3.500000000E-02     2.050000000E-02
       54    -2.900000000E-02     3.500000000E-02     2.050000000E-02
       55    -3.500000000E-02     3.500000000E-02     2.050000000E-02
       56    -4.700000000E-02     3.500000000E-02     2.050000000E-02
       57     3.700000000E-02     3.500000000E-02     1.850000000E-02
       58     3.100000000E-02     3.500000000E-02     1.850000000E-02
       59     2.500000000E-02     3.500000000E-02     1.850000000E-02
       60     1.900000000E-02     3.500000000E-02     1.850000000E-02
       61     1.300000000E-02     3.500000000E-02     1.850000000E-02
       62     7.000000000E-03     3.500000000E-02     1.850000000E-02
       63     1.000000000E-03     3.500000000E-02     1.850000000E-02
       64    -5.000000000E-03     3.500000000E-02     1.850000000E-02
       65    -1.100000000E-02     3.500000000E-02     1.850000000E-02
       66    -1.700000000E-02     3.500000000E-02     1.850000000E-02
       67    -2.300000000E-02     3.500000000E-02     1.850000000E-02
       68    -2.900000000E-02     3.500000000E-02     1.850000000E-02
       69    -3.500000000E-02     3.500000000E-02     1.850000000E-02
       70    -4.100000000E-02     3.500000000E-02     1.850000000E-02
       71    -4.700000000E-02     3.500000000E-02     1.850000000E-02
       72    -5.500000000E-02     3.300000000E-02     2.050000000E-02
       73    -5.500000000E-02     3.300000000E-02     1.850000000E-02
       74     4.500000000E-02    -3.300000000E-02     1.850000000E-02
       75     4.500000000E-02    -3.300000000E-02     2.050000000E-02
       76     4.500000000E-02    -2.700000000E-02     1.850000000E-02
       77     4.500000000E-02    -2.100000000E-02     1.850000000E-02
       78     4.500000000E-02    -1.500000000E-02     1.850000000E-02
       79     4.500000000E-02    -9.000000000E-03     1.850000000E-02
       80     4.500000000E-02    -3.000000000E-03     1.850000000E-02
       81     4.500000000E-02     3.000000000E-03     1.850000000E-02
       82     4.500000000E-02     9.000000000E-03     1.850000000E-02
       83     4.500000000E-02     1.500000000E-02     1.850000000E-02
       84     4.500000000E-02     2.100000000E-02     1.850000000E-02
       85     4.500000000E-02     2.700000000E-02     1.850000000E-02
       86     4.500000000E-02    -2.700000000E-02     2.050000000E-02
       87     4.500000000E-02    -2.100000000E-02     2.050000000E-02
       88     4.500000000E-02    -1.500000000E-02     2.050000000E-02
       89     4.500000000E-02    -9.000000000E-03     2.050000000E-02
       90     4.500000000E-02    -3.000000000E-03     2.050000000E-02
       91     4.500000000E-02     3.000000000E-03     2.050000000E-02
       92     4.500000000E-02     9.000000000E-03     2.050000000E-02
       93     4.500000000E-02     1.500000000E-02     2.050000000E-02
       94     4.500000000E-02     2.100000000E-02     2.050000000E-02
       95     4.500000000E-02     2.700000000E-02     2.050000000E-02
       96     4.300000000E-02    -3.500000000E-02     2.050000000E-02
       97     4.300000000E-02    -3.500000000E-02     1.850000000E-02
       98    -3.500000000E-02     1.300000000E-02     2.050000000E-02
       99    -3.500000000E-02     6.500000000E-03     2.050000000E-02
      100    -3.500000000E-02    -7.216449660E-18     2.050000000E-02
      101    -3.500000000E-02    -6.500000000E-03     2.050000000E-02
      102    -3.500000000E-02     1.300000000E-02     1.850000000E-02
      103    -3.500000000E-02     6.500000000E-03     1.850000000E-02
      104    -3.500000000E-02    -7.216449660E-18     1.850000000E-02
      105    -3.500000000E-02    -6.500000000E-03     1.850000000E-02
      106    -3.300000000E-02     1.500000000E-02     2.050000000E-02
      107    -3.300000000E-02     1.500000000E-02     1.850000000E-02
      108    -5.500000000E-02    -3.300000000E-02     1.850000000E-02
      109    -5.500000000E-02    -3.300000000E-02     2.050000000E-02
      110    -5.500000000E-02     2.700000000E-02     2.050000000E-02
      111    -5.500000000E-02     2.100000000E-02     2.050000000E-02
      112    -5.500000000E-02     1.500000000E-02     2.050000000E-02
      113    -5.500000000E-02     9.000000000E-03     2.050000000E-02
      114    -5.500000000E-02     3.000000000E-03     2.050000000E-02
      115    -5.500000000E-02    -3.000000000E-03     2.050000000E-02
      116    -5.500000000E-02    -9.000000000E-03     2.050000000E-02
      117    -5.500000000E-02    -1.500000000E-02     2.050000000E-02
      118    -5.500000000E-02    -2.700000000E-02     2.050000000E-02
      119    -5.500000000E-02     2.700000000E-02     1.850000000E-02
      120    -5.500000000E-02     2.100000000E-02     1.850000000E-02
      121    -5.500000000E-02     1.500000000E-02     1.850000000E-02
      122    -5.500000000E-02     9.000000000E-03     1.850000000E-02
      123    -5.500000000E-02     3.000000000E-03     1.850000000E-02
      124    -5.500000000E-02    -3.000000000E-03     1.850000000E-02
      125    -5.500000000E-02    -9.000000000E-03     1.850000000E-02
      126    -5.500000000E-02    -1.500000000E-02     1.850000000E-02
      127    -5.500000000E-02    -2.100000000E-02     1.850000000E-02
      128    -5.500000000E-02    -2.700000000E-02     1.850000000E-02
      129    -5.300000000E-02    -3.500000000E-02     1.850000000E-02
      130    -5.300000000E-02    -3.500000000E-02     2.050000000E-02
      131    -4.700000000E-02    -3.500000000E-02     1.850000000E-02
      132    -4.100000000E-02    -3.500000000E-02     1.850000000E-02
      133    -3.500000000E-02    -3.500000000E-02     1.850000000E-02
      134    -2.900000000E-02    -3.500000000E-02     1.850000000E-02
      135    -2.300000000E-02    -3.500000000E-02     1.850000000E-02
      136    -1.700000000E-02    -3.500000000E-02     1.850000000E-02
      137    -1.100000000E-02    -3.500000000E-02     1.850000000E-02
      138    -5.000000000E-03    -3.500000000E-02     1.850000000E-02
      139     1.000000000E-03    -3.500000000E-02     1.850000000E-02
      140     7.000000000E-03    -3.500000000E-02     1.850000000E-02
      141     1.300000000E-02    -3.500000000E-02     1.850000000E-02
      142     1.900000000E-02    -3.500000000E-02     1.850000000E-02
      143     2.500000000E-02    -3.500000000E-02     1.850000000E-02
      144     3.100000000E-02    -3.500000000E-02     1.850000000E-02
      145     3.700000000E-02    -3.500000000E-02     1.850000000E-02
      146    -4.700000000E-02    -3.500000000E-02     2.050000000E-02
      147    -4.100000000E-02    -3.500000000E-02     2.050000000E-02
      148    -3.500000000E-02    -3.500000000E-02     2.050000000E-02
      149    -2.900000000E-02    -3.500000000E-02     2.050000000E-02
      150    -2.300000000E-02    -3.500000000E-02     2.050000000E-02
      151    -1.700000000E-02    -3.500000000E-02     2.050000000E-02
      152    -1.100000000E-02    -3.500000000E-02     2.050000000E-02
      153    -5.000000000E-03    -3.500000000E-02     2.050000000E-02
      154     1.000000000E-03    -3.500000000E-02     2.050000000E-02
      155     7.000000000E-03    -3.500000000E-02     2.050000000E-02
      156     1.300000000E-02    -3.500000000E-02     2.050000000E-02
      157     1.900000000E-02    -3.500000000E-02     2.050000000E-02
      158     2.500000000E-02    -3.500000000E-02     2.050000000E-02
      159     3.100000000E-02    -3.500000000E-02     2.050000000E-02
      160     3.700000000E-02    -3.500000000E-02     2.050000000E-02
      161     2.300000000E-02     1.500000000E-02     2.050000000E-02
      162     1.677777778E-02     1.500000000E-02     2.050000000E-02
      163     1.055555556E-02     1.500000000E-02     2.050000000E-02
      164     4.333333333E-03     1.500000000E-02     2.050000000E-02
      165    -1.888888889E-03     1.500000000E-02     2.050000000E-02
      166    -8.111111111E-03     1.500000000E-02     2.050000000E-02
      167    -1.433333333E-02     1.500000000E-02     2.050000000E-02
      168    -2.055555556E-02     1.500000000E-02     2.050000000E-02
      169    -2.677777778E-02     1.500000000E-02     2.050000000E-02
      170     2.300000000E-02     1.500000000E-02     1.850000000E-02
      171     1.677777778E-02     1.500000000E-02     1.850000000E-02
      172     1.055555556E-02     1.500000000E-02     1.850000000E-02
      173     4.333333333E-03     1.500000000E-02     1.850000000E-02
      174    -1.888888889E-03     1.500000000E-02     1.850000000E-02
      175    -8.111111111E-03     1.500000000E-02     1.850000000E-02
      176    -1.433333333E-02     1.500000000E-02     1.850000000E-02
      177    -2.055555556E-02     1.500000000E-02     1.850000000E-02
      178    -2.677777778E-02     1.500000000E-02     1.850000000E-02
      179     2.500000000E-02     1.300000000E-02     2.050000000E-02
      180     2.500000000E-02     1.300000000E-02     1.850000000E-02
      181     2.500000000E-02    -1.300000000E-02     2.050000000E-02
      182     2.300000000E-02    -1.500000000E-02     2.050000000E-02
      183    -2.677777778E-02    -1.500000000E-02     2.050000000E-02
      184    -2.055555556E-02    -1.500000000E-02     2.050000000E-02
      185    -1.433333333E-02    -1.500000000E-02     2.050000000E-02
      186    -8.111111111E-03    -1.500000000E-02     2.050000000E-02
      187    -1.888888889E-03    -1.500000000E-02     2.050000000E-02
      188     4.333333333E-03    -1.500000000E-02     2.050000000E-02
      189     1.055555556E-02    -1.500000000E-02     2.050000000E-02
      190     1.677777778E-02    -1.500000000E-02     2.050000000E-02
      191     2.500000000E-02    -6.500000000E-03     2.050000000E-02
      192     2.500000000E-02     6.106226635E-18     2.050000000E-02
      193     2.500000000E-02     6.500000000E-03     2.050000000E-02
      194     2.500000000E-02    -1.300000000E-02     1.850000000E-02
      195     2.500000000E-02    -6.500000000E-03     1.850000000E-02
      196     2.500000000E-02     6.106226635E-18     1.850000000E-02
      197     2.500000000E-02     6.500000000E-03     1.850000000E-02
      198     2.300000000E-02    -1.500000000E-02     1.850000000E-02
      199    -2.677777778E-02    -1.500000000E-02     1.850000000E-02
      200    -2.055555556E-02    -1.500000000E-02     1.850000000E-02
      201    -1.433333333E-02    -1.500000000E-02     1.850000000E-02
      202    -8.111111111E-03    -1.500000000E-02     1.850000000E-02
      203    -1.888888889E-03    -1.500000000E-02     1.850000000E-02
      204     4.333333333E-03    -1.500000000E-02     1.850000000E-02
      205     1.055555556E-02    -1.500000000E-02     1.850000000E-02
      206     1.677777778E-02    -1.500000000E-02     1.850000000E-02
      207    -3.166666667E-02     2.166666667E-02     1.850000000E-02
      208     2.166666667E-02     2.166666667E-02     1.850000000E-02
      209    -4.166666667E-02     1.166666667E-02     1.850000000E-02
      210     3.017336169E-02     1.256183161E-02     1.850000000E-02
      211     3.166666667E-02    -1.166666667E-02     1.850000000E-02
      212    -4.025930604E-02    -1.284013244E-02     1.850000000E-02
      213    -3.342049807E-02    -2.200628992E-02     1.850000000E-02
      214     2.166666667E-02    -2.166666667E-02     1.850000000E-02
      215    -1.825569893E-02     2.166666667E-02     1.850000000E-02
      216     8.287488852E-03     2.166666667E-02     1.850000000E-02
      217    -1.761971333E-02    -2.767334465E-02     1.850000000E-02
      218     8.255698934E-03    -2.166666667E-02     1.850000000E-02
      219    -4.756003772E-03     2.166666667E-02     1.850000000E-02
      220    -6.304232802E-03    -2.214285714E-02     1.850000000E-02
      221     3.166666667E-02     1.000000000E-03     1.850000000E-02
      222    -4.833333333E-02     9.132954709E-04     1.850000000E-02
      223     2.940901096E-02    -2.376987529E-02     1.850000000E-02
      224    -3.883195498E-02    -2.348165444E-02     1.850000000E-02
      225     2.858798319E-02     2.345754489E-02     1.850000000E-02
      226    -3.874309204E-02     2.352948711E-02     1.850000000E-02
      227    -4.309203859E-02    -1.857201067E-02     1.850000000E-02
      228     3.492632113E-02    -1.838814170E-02     1.850000000E-02
      229     3.299562404E-02     1.840757137E-02     1.850000000E-02
      230    -4.373547646E-02     1.874933651E-02     1.850000000E-02
      231     1.148148060E-03    -2.166666667E-02     1.850000000E-02
      232    -1.114814806E-02     2.166666667E-02     1.850000000E-02
      233     1.733333333E-02    -2.833333333E-02     1.850000000E-02
      234     3.877949672E-02    -7.005547101E-03     1.850000000E-02
      235     1.733333333E-02     2.833333333E-02     1.850000000E-02
      236    -2.733333333E-02     2.833333333E-02     1.850000000E-02
      237    -4.166666667E-02    -2.250000000E-03     1.850000000E-02
      238     5.185185115E-03     2.833333333E-02     1.850000000E-02
      239     3.834846394E-02     5.136041084E-03     1.850000000E-02
      240    -2.492592589E-02    -2.500000000E-02     1.850000000E-02
      241    -4.829573463E-02    -5.623874881E-03     1.850000000E-02
      242    -8.074074030E-03     2.833333333E-02     1.850000000E-02
      243    -1.925925970E-03    -2.833333333E-02     1.850000000E-02
      244    -4.166666667E-02     4.708333333E-03     1.850000000E-02
      245    -8.431159309E-03    -2.906880945E-02     1.850000000E-02
      246    -1.701852185E-02    -2.118858228E-02     1.850000000E-02
      247     1.118518511E-02    -2.833333333E-02     1.850000000E-02
      248    -2.118518511E-02     2.833333333E-02     1.850000000E-02
      249     2.384594627E-02    -2.888734029E-02     1.850000000E-02
      250    -3.333333333E-02    -2.833333333E-02     1.850000000E-02
      251    -4.754605492E-02    -1.267351987E-02     1.850000000E-02
      252     3.760866482E-02     1.237608855E-02     1.850000000E-02
      253    -4.908277922E-02     1.372004184E-02     1.850000000E-02
      254     2.384736287E-02     2.888263545E-02     1.850000000E-02
      255    -3.384743810E-02     2.888583316E-02     1.850000000E-02
      256    -1.444444458E-03     2.833333333E-02     1.850000000E-02
      257    -1.462962957E-02     2.833333333E-02     1.850000000E-02
      258     4.629629572E-03    -2.833333333E-02     1.850000000E-02
      259     3.166666667E-02    -5.333333333E-03     1.850000000E-02
      260     3.833333333E-02    -1.166666667E-03     1.850000000E-02
      261    -3.747676248E-02     1.761526812E-02     1.850000000E-02
      262     2.715448492E-02     1.744186435E-02     1.850000000E-02
      263    -3.748282379E-02    -1.769062924E-02     1.850000000E-02
      264     2.755658996E-02    -1.758526347E-02     1.850000000E-02
      265     2.130643916E-03     2.166666667E-02     1.850000000E-02
      266     1.443433857E-02    -2.166666667E-02     1.850000000E-02
      267     1.443613646E-02     2.166666667E-02     1.850000000E-02
      268    -2.443433857E-02     2.166666667E-02     1.850000000E-02
      269     1.125925922E-02     2.833333333E-02     1.850000000E-02
      270    -4.833333333E-02     7.666666667E-03     1.850000000E-02
      271    -2.274074062E-02    -2.000000000E-02     1.850000000E-02
      272    -4.003434533E-02     2.935349534E-02     1.850000000E-02
      273     3.014355535E-02     2.938533471E-02     1.850000000E-02
      274    -4.005949101E-02    -2.930989378E-02     1.850000000E-02
      275     3.066666667E-02    -2.955416648E-02     1.850000000E-02
      276    -2.696296295E-02    -3.000000000E-02     1.850000000E-02
      277     3.227563682E-02     7.139226724E-03     1.850000000E-02
      278     4.086133288E-02    -1.746711645E-02     1.850000000E-02
      279    -4.951324243E-02     2.008865986E-02     1.850000000E-02
      280     3.940279086E-02     1.992037227E-02     1.850000000E-02
      281    -4.938788852E-02    -2.003667448E-02     1.850000000E-02
      282    -1.264814806E-02    -2.500000000E-02     1.850000000E-02
      283     3.958333333E-02    -2.180208286E-02     1.850000000E-02
      284    -4.222835287E-02    -7.733024884E-03     1.850000000E-02
      285    -2.080193347E-02    -2.402842877E-02     1.850000000E-02
      286     4.022462884E-02    -1.245242025E-02     1.850000000E-02
      287    -1.167379219E-02    -2.079767678E-02     1.850000000E-02
      288    -1.341143727E-02    -2.992792009E-02     1.850000000E-02
      289    -2.799683357E-02    -2.050008781E-02     1.850000000E-02
      290    -2.898595143E-02    -2.520857341E-02     1.850000000E-02
      291    -4.506554185E-02     2.470565176E-02     1.850000000E-02
      292     3.504645873E-02     2.468772657E-02     1.850000000E-02
      293    -4.504420328E-02    -2.470945356E-02     1.850000000E-02
      294     3.509166667E-02    -2.497232121E-02     1.850000000E-02
      295    -2.257407403E-02    -2.916666667E-02     1.850000000E-02
      296    -4.033333333E-02     1.700000000E-02     2.050000000E-02
      297     3.766666667E-02     1.900000000E-02     2.050000000E-02
      298    -3.608050260E-02    -2.196305054E-02     2.050000000E-02
      299     2.847916675E-02    -2.782291667E-02     2.050000000E-02
      300     2.611265437E-02     2.192361111E-02     2.050000000E-02
      301     3.166666667E-02    -1.566666667E-02     2.050000000E-02
      302    -3.063191926E-02     2.181030769E-02     2.050000000E-02
      303    -4.219986837E-02    -1.239188446E-02     2.050000000E-02
      304     1.551851908E-02     2.166666667E-02     2.050000000E-02
      305    -2.342076032E-02    -2.133759797E-02     2.050000000E-02
      306     1.551851908E-02    -2.166666667E-02     2.050000000E-02
      307    -1.937037023E-02     2.166666667E-02     2.050000000E-02
      308    -4.886523020E-02     6.116561696E-03     2.050000000E-02
      309     3.166666667E-02     5.333333333E-03     2.050000000E-02
      310     3.833333333E-02    -4.166666667E-03     2.050000000E-02
      311     2.073989163E-03     2.156270792E-02     2.050000000E-02
      312    -1.366625334E-02    -2.880421528E-02     2.050000000E-02
      313    -5.952916061E-03     2.154893062E-02     2.050000000E-02
      314    -4.917089019E-02    -2.389127161E-02     2.050000000E-02
      315    -4.255555556E-02     2.300000000E-02     2.050000000E-02
      316     3.740058851E-02    -2.541011876E-02     2.050000000E-02
      317     3.537496577E-02     2.745768698E-02     2.050000000E-02
      318    -4.440259334E-02    -4.031236920E-03     2.050000000E-02
      319    -4.444444497E-03    -2.500000000E-02     2.050000000E-02
      320    -3.263549805E-02    -2.819742104E-02     2.050000000E-02
      321    -2.733333333E-02     2.833333333E-02     2.050000000E-02
      322     1.125925954E-02    -2.833333333E-02     2.050000000E-02
      323     1.125925954E-02     2.833333333E-02     2.050000000E-02
      324    -1.587488452E-02    -2.160041111E-02     2.050000000E-02
      325    -1.518518511E-02     2.833333333E-02     2.050000000E-02
      326    -2.015790187E-03     2.828084038E-02     2.050000000E-02
      327    -3.895347446E-02    -2.831170416E-02     2.050000000E-02
      328    -4.372129835E-02     9.909949542E-03     2.050000000E-02
      329    -4.533333333E-02    -1.822222222E-02     2.050000000E-02
      330     3.466666667E-02     1.216666667E-02     2.050000000E-02
      331    -1.966666659E-02    -2.833333333E-02     2.050000000E-02
      332     3.833333333E-02    -1.233333333E-02     2.050000000E-02
      333     2.233333333E-02     2.833333333E-02     2.050000000E-02
      334    -4.806822231E-02     1.398955245E-02     2.050000000E-02
      335     2.225925954E-02    -2.466666667E-02     2.050000000E-02
      336     3.166666667E-02    -9.416666667E-03     2.050000000E-02
      337    -3.877777778E-02     2.900000000E-02     2.050000000E-02
      338     3.166666667E-02    -2.083333333E-03     2.050000000E-02
      339    -4.185882884E-02     3.024917757E-03     2.050000000E-02
      340     4.513499009E-03    -2.922887231E-02     2.050000000E-02
      341     4.895296863E-03     2.824007042E-02     2.050000000E-02
      342     3.769444444E-02     7.565972222E-03     2.050000000E-02
      343    -4.907617167E-02    -1.280300730E-02     2.050000000E-02
      344    -2.652392105E-02    -2.792783987E-02     2.050000000E-02
      345     2.978990300E-02     1.651884921E-02     2.050000000E-02
      346    -4.877777778E-02     2.500000000E-02     2.050000000E-02
      347     2.643088633E-02    -1.974851190E-02     2.050000000E-02
      348    -9.811531797E-03    -2.398055561E-02     2.050000000E-02
      349    -1.213837673E-02     2.164911235E-02     2.050000000E-02
      350     8.303044533E-03    -2.216440819E-02     2.050000000E-02
      351     8.284405674E-03     2.163843464E-02     2.050000000E-02
      352    -2.448923254E-02     2.168724997E-02     2.050000000E-02
      353    -9.111111085E-03     2.833333333E-02     2.050000000E-02
      354    -2.125925922E-02     2.833333333E-02     2.050000000E-02
      355     2.867849225E-02     2.827882746E-02     2.050000000E-02
      356     3.823034501E-02    -1.861001979E-02     2.050000000E-02
      357     1.717336301E-02    -2.814094831E-02     2.050000000E-02
      358    -2.973974330E-02    -2.157098490E-02     2.050000000E-02
      359    -3.305555556E-02     2.866666667E-02     2.050000000E-02
      360     3.567661518E-02     2.031511752E-03     2.050000000E-02
      361    -1.722222249E-03    -3.000000000E-02     2.050000000E-02
      362    -4.216666667E-02    -2.294444444E-02     2.050000000E-02
      363     4.100000000E-02     3.100000000E-02     2.050000000E-02
      364     4.100000000E-02    -3.100000000E-02     2.050000000E-02
      365    -5.000000000E-02    -6.375000000E-03     2.050000000E-02
      366     1.679629644E-02     2.833333333E-02     2.050000000E-02
      367    -5.083333333E-02    -3.047222222E-02     2.050000000E-02
      368    -3.711111111E-02     2.233333333E-02     2.050000000E-02
      369     3.155133861E-02     2.261076618E-02     2.050000000E-02
      370     3.244153065E-02    -2.145164676E-02     2.050000000E-02
      371    -5.042592593E-02     3.033333333E-02     2.050000000E-02
      372     3.389463587E-02    -3.111296210E-02     2.050000000E-02
      373     4.111073038E-02     2.388681207E-02     2.050000000E-02
      374     2.208499094E-02    -3.011343830E-02     2.050000000E-02
      375    -4.413069887E-02     2.792182544E-02     2.050000000E-02
      376     3.998003096E-02     1.270018996E-02     2.050000000E-02
      377    -3.932318895E-02    -3.209677088E-03     2.050000000E-02
      378    -4.915955358E-02    -5.488094196E-04     2.050000000E-02
      379    -6.277777831E-03    -2.000000000E-02     2.050000000E-02
      380    -7.608631466E-03    -2.949195838E-02     2.050000000E-02
      381    -3.918269210E-02     9.886973460E-03     2.050000000E-02
      382     2.051064194E-02     2.061933184E-02     2.050000000E-02
      383    -5.071607904E-02    -1.818330023E-02     2.050000000E-02
      384     4.000000000E-02     2.770833333E-03     2.050000000E-02
      385    -4.021503260E-02    -7.952812199E-03     2.050000000E-02
      386    -4.536454495E-02    -8.584074724E-03     2.050000000E-02
      387    -3.910778434E-02    -1.687355629E-02     2.050000000E-02
      388     2.956634579E-02     1.175890170E-02     2.050000000E-02
      389     2.182130111E-02    -1.956116246E-02     2.050000000E-02
      390     1.416674194E-03    -2.378778084E-02     2.050000000E-02
      391    -1.493876754E-03    -1.998008358E-02     2.050000000E-02
      392    -1.099719913E-02    -1.898674889E-02     2.050000000E-02
      393    -4.827403477E-02     1.946641544E-02     2.050000000E-02
      394    -4.485406078E-02    -2.926994041E-02     2.050000000E-02
      395    -4.900000000E-02     2.898750000E-02     1.590000000E-02
      396     3.900000000E-02    -2.901250000E-02     1.590000000E-02
      397    -4.900000000E-02    -2.898750000E-02     1.590000000E-02
      398     3.900000000E-02     2.898750000E-02     1.590000000E-02
      399    -4.740900974E-02     2.740900974E-02     1.330000000E-02
      400    -4.740900974E-02     3.059099026E-02     1.330000000E-02
      401    -4.665000000E-02     2.900000000E-02     1.590000000E-02
      402    -4.747808875E-02     3.065719225E-02     1.590000000E-02
      403    -4.747808875E-02     2.734280775E-02     1.590000000E-02
      404    -4.787500000E-02     2.899375000E-02     1.460000000E-02
      405    -5.059099026E-02     2.740900974E-02     1.330000000E-02
      406    -5.059099026E-02     3.059099026E-02     1.330000000E-02
      407    -5.135000000E-02     2.900000000E-02     1.590000000E-02
      408    -5.052191125E-02     3.065719225E-02     1.590000000E-02
      409    -5.052191125E-02     2.734280775E-02     1.590000000E-02
      410    -5.012500000E-02     2.899375000E-02     1.460000000E-02
      411    -4.900000000E-02     2.900000000E-02     1.330000000E-02
      412    -4.900000000E-02     2.675000000E-02     1.590000000E-02
      413    -4.900000000E-02     2.786875000E-02     1.460000000E-02
      414    -4.900000000E-02     3.125000000E-02     1.590000000E-02
      415    -4.900000000E-02     3.011875000E-02     1.460000000E-02
      416     3.740900974E-02     3.059099026E-02     1.330000000E-02
      417     3.740900974E-02     2.740900974E-02     1.330000000E-02
      418     3.665000000E-02     2.900000000E-02     1.590000000E-02
      419     3.747808875E-02     2.734280775E-02     1.590000000E-02
      420     3.747808875E-02     3.065719225E-02     1.590000000E-02
      421     3.787500000E-02     2.899375000E-02     1.460000000E-02
      422     4.059099026E-02     3.059099026E-02     1.330000000E-02
      423     4.059099026E-02     2.740900974E-02     1.330000000E-02
      424     4.135000000E-02     2.900000000E-02     1.590000000E-02
      425     4.052191125E-02     2.734280775E-02     1.590000000E-02
      426     4.052191125E-02     3.065719225E-02     1.590000000E-02
      427     4.012500000E-02     2.899375000E-02     1.460000000E-02
      428     3.900000000E-02     2.900000000E-02     1.330000000E-02
      429     3.900000000E-02     3.125000000E-02     1.590000000E-02
      430     3.900000000E-02     3.011875000E-02     1.460000000E-02
      431     3.900000000E-02     2.675000000E-02     1.590000000E-02
      432     3.900000000E-02     2.786875000E-02     1.460000000E-02
      433    -4.740900974E-02    -3.059099026E-02     1.330000000E-02
      434    -4.740900974E-02    -2.740900974E-02     1.330000000E-02
      435    -4.665000000E-02    -2.900000000E-02     1.590000000E-02
      436    -4.747808875E-02    -2.734280775E-02     1.590000000E-02
      437    -4.747808875E-02    -3.065719225E-02     1.590000000E-02
      438    -4.787500000E-02    -2.899375000E-02     1.460000000E-02
      439    -5.059099026E-02    -3.059099026E-02     1.330000000E-02
      440    -5.059099026E-02    -2.740900974E-02     1.330000000E-02
      441    -5.135000000E-02    -2.900000000E-02     1.590000000E-02
      442    -5.052191125E-02    -2.734280775E-02     1.590000000E-02
      443    -5.052191125E-02    -3.065719225E-02     1.590000000E-02
      444    -5.012500000E-02    -2.899375000E-02     1.460000000E-02
      445    -4.900000000E-02    -2.900000000E-02     1.330000000E-02
      446    -4.900000000E-02    -3.125000000E-02     1.590000000E-02
      447    -4.900000000E-02    -3.011875000E-02     1.460000000E-02
      448    -4.900000000E-02    -2.675000000E-02     1.590000000E-02
      449    -4.900000000E-02    -2.786875000E-02     1.460000000E-02
      450     3.740900974E-02    -2.740900974E-02     1.330000000E-02
      451     3.740900974E-02    -3.059099026E-02     1.330000000E-02
      452     3.665000000E-02    -2.900000000E-02     1.590000000E-02
      453     3.747808875E-02    -2.734280775E-02     1.590000000E-02
      454     3.747808875E-02    -3.065719225E-02     1.590000000E-02
      455     3.787500000E-02    -2.900625000E-02     1.460000000E-02
      456     4.059099026E-02    -2.740900974E-02     1.330000000E-02
      457     4.059099026E-02    -3.059099026E-02     1.330000000E-02
      458     4.135000000E-02    -2.900000000E-02     1.590000000E-02
      459     4.052191125E-02    -2.734280775E-02     1.590000000E-02
      460     4.052191125E-02    -3.065719225E-02     1.590000000E-02
      461     4.012500000E-02    -2.900625000E-02     1.460000000E-02
      462     3.900000000E-02    -2.900000000E-02     1.330000000E-02
      463     3.900000000E-02    -2.675000000E-02     1.590000000E-02
      464     3.900000000E-02    -2.788125000E-02     1.460000000E-02
      465     3.900000000E-02    -3.125000000E-02     1.590000000E-02
      466     3.900000000E-02    -3.013125000E-02     1.460000000E-02
      467     4.073241161E-02     2.726758839E-02     1.850000000E-02
      468     4.073241161E-02     3.073241161E-02     1.850000000E-02
      469     4.322500000E-02     3.100000000E-02     1.850000000E-02
      470     4.322500000E-02     2.500000000E-02     1.850000000E-02
      471     4.322500000E-02     2.800000000E-02     1.850000000E-02
      472     4.322500000E-02     2.800000000E-02     1.950000000E-02
      473     4.122500000E-02     3.000000000E-02     1.950000000E-02
      474     4.128036519E-02     2.644340603E-02     1.950000000E-02
      475     4.022500000E-02     2.899375000E-02     1.720000000E-02
      476     3.726758839E-02     2.726758839E-02     1.850000000E-02
      477     3.726758839E-02     3.073241161E-02     1.850000000E-02
      478     3.677500000E-02     3.200000000E-02     1.950000000E-02
      479     3.377500000E-02     3.200000000E-02     1.950000000E-02
      480     3.377500000E-02     3.200000000E-02     1.850000000E-02
      481     3.334677768E-02     2.919266735E-02     1.850000000E-02
      482     3.579822936E-02     2.684386328E-02     1.850000000E-02
      483     3.596248289E-02     2.822884349E-02     1.950000000E-02
      484     3.877500000E-02     3.000000000E-02     1.950000000E-02
      485     3.777500000E-02     2.899375000E-02     1.720000000E-02
      486     3.900000000E-02     2.900000000E-02     1.850000000E-02
      487     4.200000000E-02     2.377500000E-02     1.850000000E-02
      488     3.920139543E-02     2.323518614E-02     1.850000000E-02
      489     3.702322936E-02     2.561886328E-02     1.850000000E-02
      490     3.718748289E-02     2.700384349E-02     1.950000000E-02
      491     4.000000000E-02     2.877500000E-02     1.950000000E-02
      492     4.005536519E-02     2.521840603E-02     1.950000000E-02
      493     3.900000000E-02     2.776875000E-02     1.720000000E-02
      494     4.100000000E-02     3.322500000E-02     1.950000000E-02
      495     4.200000000E-02     3.222500000E-02     1.850000000E-02
      496     4.100000000E-02     3.322500000E-02     1.850000000E-02
      497     3.800000000E-02     3.322500000E-02     1.950000000E-02
      498     3.800000000E-02     3.322500000E-02     1.850000000E-02
      499     3.500000000E-02     3.322500000E-02     1.850000000E-02
      500     4.000000000E-02     3.122500000E-02     1.950000000E-02
      501     3.900000000E-02     3.021875000E-02     1.720000000E-02
      502     3.726758839E-02    -2.726758839E-02     1.850000000E-02
      503     3.726758839E-02    -3.073241161E-02     1.850000000E-02
      504     3.377500000E-02    -3.200000000E-02     1.850000000E-02
      505     3.360833333E-02    -2.927708324E-02     1.850000000E-02
      506     3.582083333E-02    -2.698616060E-02     1.850000000E-02
      507     3.697529426E-02    -2.720505938E-02     1.950000000E-02
      508     3.877500000E-02    -3.000000000E-02     1.950000000E-02
      509     3.522231794E-02    -3.005648105E-02     1.950000000E-02
      510     3.777500000E-02    -2.900625000E-02     1.720000000E-02
      511     4.068167045E-02    -2.731832955E-02     1.850000000E-02
      512     4.073241161E-02    -3.073241161E-02     1.850000000E-02
      513     4.322500000E-02    -3.100000000E-02     1.850000000E-02
      514     4.322500000E-02    -3.100000000E-02     1.950000000E-02
      515     4.322500000E-02    -2.800000000E-02     1.850000000E-02
      516     4.322500000E-02    -2.800000000E-02     1.950000000E-02
      517     4.122500000E-02    -3.000000000E-02     1.950000000E-02
      518     4.022500000E-02    -2.900625000E-02     1.720000000E-02
      519     3.900000000E-02    -2.900000000E-02     1.850000000E-02
      520     4.200000000E-02    -2.677500000E-02     1.850000000E-02
      521     4.200000000E-02    -2.677500000E-02     1.950000000E-02
      522     3.929166667E-02    -2.417604143E-02     1.850000000E-02
      523     3.704583333E-02    -2.576116060E-02     1.850000000E-02
      524     3.820029426E-02    -2.598005938E-02     1.950000000E-02
      525     4.000000000E-02    -2.877500000E-02     1.950000000E-02
      526     3.900000000E-02    -2.778125000E-02     1.720000000E-02
      527     4.200000000E-02    -3.222500000E-02     1.850000000E-02
      528     4.100000000E-02    -3.322500000E-02     1.950000000E-02
      529     4.100000000E-02    -3.322500000E-02     1.850000000E-02
      530     3.500000000E-02    -3.322500000E-02     1.850000000E-02
      531     3.800000000E-02    -3.322500000E-02     1.850000000E-02
      532     3.800000000E-02    -3.322500000E-02     1.950000000E-02
      533     4.000000000E-02    -3.122500000E-02     1.950000000E-02
      534     3.644731794E-02    -3.128148105E-02     1.950000000E-02
      535     3.900000000E-02    -3.023125000E-02     1.720000000E-02
      536    -5.073241161E-02    -2.726758839E-02     1.850000000E-02
      537    -5.073241161E-02    -3.073241161E-02     1.850000000E-02
      538    -5.322500000E-02    -3.100000000E-02     1.850000000E-02
      539    -5.322500000E-02    -2.800000000E-02     1.950000000E-02
      540    -5.322500000E-02    -2.500000000E-02     1.850000000E-02
      541    -5.322500000E-02    -2.800000000E-02     1.850000000E-02
      542    -5.222500000E-02    -3.200000000E-02     1.850000000E-02
      543    -5.114166667E-02    -2.973611111E-02     1.950000000E-02
      544    -5.022500000E-02    -2.899375000E-02     1.720000000E-02
      545    -4.726758839E-02    -2.726758839E-02     1.850000000E-02
      546    -4.726758839E-02    -3.073241161E-02     1.850000000E-02
      547    -4.377500000E-02    -3.200000000E-02     1.850000000E-02
      548    -4.330474550E-02    -2.915494689E-02     1.850000000E-02
      549    -4.579710164E-02    -2.685472678E-02     1.850000000E-02
      550    -4.570203039E-02    -2.913497020E-02     1.950000000E-02
      551    -4.777500000E-02    -2.899375000E-02     1.720000000E-02
      552    -4.900000000E-02    -2.900000000E-02     1.850000000E-02
      553    -5.200000000E-02    -2.677500000E-02     1.950000000E-02
      554    -5.200000000E-02    -2.377500000E-02     1.850000000E-02
      555    -4.919394426E-02    -2.329333724E-02     1.850000000E-02
      556    -4.702210164E-02    -2.562972678E-02     1.850000000E-02
      557    -4.908544510E-02    -2.522063581E-02     1.950000000E-02
      558    -4.991666667E-02    -2.851111111E-02     1.950000000E-02
      559    -4.692703039E-02    -2.790997020E-02     1.950000000E-02
      560    -4.900000000E-02    -2.776875000E-02     1.720000000E-02
      561    -5.100000000E-02    -3.322500000E-02     1.850000000E-02
      562    -5.100000000E-02    -3.322500000E-02     1.950000000E-02
      563    -4.800000000E-02    -3.322500000E-02     1.850000000E-02
      564    -4.500000000E-02    -3.322500000E-02     1.850000000E-02
      565    -4.800000000E-02    -3.322500000E-02     1.950000000E-02
      566    -4.991666667E-02    -3.096111111E-02     1.950000000E-02
      567    -4.692703039E-02    -3.035997020E-02     1.950000000E-02
      568    -4.900000000E-02    -3.021875000E-02     1.720000000E-02
      569    -5.073241161E-02     3.073241161E-02     1.850000000E-02
      570    -5.073241161E-02     2.726758839E-02     1.850000000E-02
      571    -5.222500000E-02     3.200000000E-02     1.850000000E-02
      572    -5.322500000E-02     3.100000000E-02     1.950000000E-02
      573    -5.322500000E-02     3.100000000E-02     1.850000000E-02
      574    -5.322500000E-02     2.800000000E-02     1.950000000E-02
      575    -5.322500000E-02     2.800000000E-02     1.850000000E-02
      576    -5.322500000E-02     2.500000000E-02     1.850000000E-02
      577    -5.093796296E-02     2.966666667E-02     1.950000000E-02
      578    -5.022500000E-02     2.899375000E-02     1.720000000E-02
      579    -4.726758839E-02     3.073241161E-02     1.850000000E-02
      580    -4.726758839E-02     2.726758839E-02     1.850000000E-02
      581    -4.677500000E-02     3.200000000E-02     1.950000000E-02
      582    -4.377500000E-02     3.200000000E-02     1.850000000E-02
      583    -4.329217267E-02     2.917674767E-02     1.850000000E-02
      584    -4.580777092E-02     2.685282588E-02     1.850000000E-02
      585    -4.766388889E-02     2.700000000E-02     1.950000000E-02
      586    -4.848796296E-02     2.966666667E-02     1.950000000E-02
      587    -4.534034944E-02     2.846091272E-02     1.950000000E-02
      588    -4.777500000E-02     2.899375000E-02     1.720000000E-02
      589    -4.900000000E-02     2.900000000E-02     1.850000000E-02
      590    -5.100000000E-02     3.322500000E-02     1.850000000E-02
      591    -4.800000000E-02     3.322500000E-02     1.950000000E-02
      592    -4.500000000E-02     3.322500000E-02     1.850000000E-02
      593    -4.800000000E-02     3.322500000E-02     1.850000000E-02
      594    -4.971296296E-02     3.089166667E-02     1.950000000E-02
      595    -4.900000000E-02     3.021875000E-02     1.720000000E-02
      596    -5.200000000E-02     2.677500000E-02     1.950000000E-02
      597    -5.200000000E-02     2.377500000E-02     1.850000000E-02
      598    -4.925662121E-02     2.331932993E-02     1.850000000E-02
      599    -4.703277092E-02     2.562782588E-02     1.850000000E-02
      600    -4.888888889E-02     2.577500000E-02     1.950000000E-02
      601    -4.971296296E-02     2.844166667E-02     1.950000000E-02
      602    -4.900000000E-02     2.776875000E-02     1.720000000E-02
      603    -3.500000000E-02    -1.300000000E-02     1.950000000E-02
      604    -3.441421356E-02    -1.441421356E-02     2.050000000E-02
      605    -3.500000000E-02    -9.750000000E-03     2.050000000E-02
      606    -3.762965302E-02    -1.292006622E-02     1.950000000E-02
      607    -3.859993419E-02    -1.269594223E-02     2.050000000E-02
      608    -3.760751630E-02    -1.047640610E-02     2.050000000E-02
      609    -3.705389217E-02    -1.493677815E-02     2.050000000E-02
      610    -3.441421356E-02    -1.441421356E-02     1.950000000E-02
      611    -3.441421356E-02    -1.441421356E-02     1.850000000E-02
      612    -3.500000000E-02    -9.750000000E-03     1.950000000E-02
      613    -3.500000000E-02    -9.750000000E-03     1.850000000E-02
      614    -3.762965302E-02    -1.292006622E-02     1.850000000E-02
      615    -3.624141189E-02    -1.534531462E-02     1.850000000E-02
      616    -3.760751630E-02    -1.047640610E-02     1.950000000E-02
      617    -3.705389217E-02    -1.493677815E-02     1.950000000E-02
      618    -3.300000000E-02    -1.500000000E-02     1.950000000E-02
      619    -2.988888889E-02    -1.500000000E-02     2.050000000E-02
      620    -2.988888889E-02    -1.500000000E-02     1.950000000E-02
      621    -3.321024903E-02    -1.850314496E-02     1.950000000E-02
      622    -3.524141189E-02    -1.634531462E-02     1.950000000E-02
      623    -3.049841679E-02    -1.775004390E-02     1.950000000E-02
      624    -3.454025130E-02    -1.848152527E-02     2.050000000E-02
      625    -3.136987165E-02    -1.828549245E-02     2.050000000E-02
      626    -3.605389217E-02    -1.593677815E-02     2.050000000E-02
      627    -2.988888889E-02    -1.500000000E-02     1.850000000E-02
      628    -3.321024903E-02    -1.850314496E-02     1.850000000E-02
      629    -3.524141189E-02    -1.634531462E-02     1.850000000E-02
      630    -3.049841679E-02    -1.775004390E-02     1.850000000E-02
      631     4.441421356E-02     3.441421356E-02     2.050000000E-02
      632     4.441421356E-02     3.441421356E-02     1.950000000E-02
      633     4.300000000E-02     3.500000000E-02     1.950000000E-02
      634     4.000000000E-02     3.500000000E-02     2.050000000E-02
      635     4.000000000E-02     3.500000000E-02     1.950000000E-02
      636     4.200000000E-02     3.300000000E-02     2.050000000E-02
      637     4.500000000E-02     3.300000000E-02     1.950000000E-02
      638     4.500000000E-02     3.000000000E-02     2.050000000E-02
      639     4.300000000E-02     3.200000000E-02     2.050000000E-02
      640     4.441421356E-02     3.441421356E-02     1.850000000E-02
      641     4.500000000E-02     3.000000000E-02     1.850000000E-02
      642     4.500000000E-02     3.000000000E-02     1.950000000E-02
      643     4.300000000E-02     3.200000000E-02     1.950000000E-02
      644     4.000000000E-02     3.500000000E-02     1.850000000E-02
      645    -5.300000000E-02     3.500000000E-02     1.950000000E-02
      646    -5.000000000E-02     3.500000000E-02     1.950000000E-02
      647    -5.000000000E-02     3.500000000E-02     1.850000000E-02
      648    -5.441421356E-02     3.441421356E-02     1.950000000E-02
      649    -5.441421356E-02     3.441421356E-02     1.850000000E-02
      650    -5.171296296E-02     3.266666667E-02     1.950000000E-02
      651    -5.000000000E-02     3.500000000E-02     2.050000000E-02
      652    -5.441421356E-02     3.441421356E-02     2.050000000E-02
      653    -5.171296296E-02     3.266666667E-02     2.050000000E-02
      654     3.400000000E-02     3.500000000E-02     2.050000000E-02
      655     3.700000000E-02     3.500000000E-02     1.950000000E-02
      656     3.400000000E-02     3.500000000E-02     1.950000000E-02
      657     3.618748289E-02     3.122884349E-02     2.050000000E-02
      658     3.900000000E-02     3.300000000E-02     2.050000000E-02
      659     2.800000000E-02     3.500000000E-02     2.050000000E-02
      660     3.100000000E-02     3.500000000E-02     1.950000000E-02
      661     2.800000000E-02     3.500000000E-02     1.950000000E-02
      662     3.057177768E-02     3.219266735E-02     1.950000000E-02
      663     3.318748289E-02     3.122884349E-02     2.050000000E-02
      664     2.983924612E-02     3.163941373E-02     2.050000000E-02
      665     2.200000000E-02     3.500000000E-02     2.050000000E-02
      666     2.500000000E-02     3.500000000E-02     1.950000000E-02
      667     2.200000000E-02     3.500000000E-02     1.950000000E-02
      668     2.442368143E-02     3.194131773E-02     1.950000000E-02
      669     2.366666667E-02     3.166666667E-02     2.050000000E-02
      670     2.683924612E-02     3.163941373E-02     2.050000000E-02
      671     1.600000000E-02     3.500000000E-02     2.050000000E-02
      672     1.900000000E-02     3.500000000E-02     1.950000000E-02
      673     1.600000000E-02     3.500000000E-02     1.950000000E-02
      674     1.816666667E-02     3.166666667E-02     1.950000000E-02
      675     2.142368143E-02     3.194131773E-02     1.950000000E-02
      676     2.066666667E-02     3.166666667E-02     2.050000000E-02
      677     1.789814822E-02     3.166666667E-02     2.050000000E-02
      678     1.000000000E-02     3.500000000E-02     2.050000000E-02
      679     1.300000000E-02     3.500000000E-02     1.950000000E-02
      680     1.000000000E-02     3.500000000E-02     1.950000000E-02
      681     1.212962961E-02     3.166666667E-02     1.950000000E-02
      682     1.212962977E-02     3.166666667E-02     2.050000000E-02
      683     1.489814822E-02     3.166666667E-02     2.050000000E-02
      684     4.000000000E-03     3.500000000E-02     2.050000000E-02
      685     7.000000000E-03     3.500000000E-02     1.950000000E-02
      686     4.000000000E-03     3.500000000E-02     1.950000000E-02
      687     6.092592557E-03     3.166666667E-02     1.950000000E-02
      688     9.129629612E-03     3.166666667E-02     1.950000000E-02
      689     9.129629771E-03     3.166666667E-02     2.050000000E-02
      690     5.947648431E-03     3.162003521E-02     2.050000000E-02
      691    -2.000000000E-03     3.500000000E-02     2.050000000E-02
      692     1.000000000E-03     3.500000000E-02     1.950000000E-02
      693    -2.000000000E-03     3.500000000E-02     1.950000000E-02
      694    -2.222222288E-04     3.166666667E-02     1.950000000E-02
      695    -5.078950933E-04     3.164042019E-02     2.050000000E-02
      696     2.947648431E-03     3.162003521E-02     2.050000000E-02
      697    -8.000000000E-03     3.500000000E-02     2.050000000E-02
      698    -5.000000000E-03     3.500000000E-02     1.950000000E-02
      699    -8.000000000E-03     3.500000000E-02     1.950000000E-02
      700    -6.537037015E-03     3.166666667E-02     1.950000000E-02
      701    -3.222222229E-03     3.166666667E-02     1.950000000E-02
      702    -3.507895093E-03     3.164042019E-02     2.050000000E-02
      703    -7.055555542E-03     3.166666667E-02     2.050000000E-02
      704    -1.400000000E-02     3.500000000E-02     2.050000000E-02
      705    -1.100000000E-02     3.500000000E-02     1.950000000E-02
      706    -1.400000000E-02     3.500000000E-02     1.950000000E-02
      707    -1.281481479E-02     3.166666667E-02     1.950000000E-02
      708    -1.309259256E-02     3.166666667E-02     2.050000000E-02
      709    -1.005555554E-02     3.166666667E-02     2.050000000E-02
      710    -2.000000000E-02     3.500000000E-02     2.050000000E-02
      711    -1.700000000E-02     3.500000000E-02     1.950000000E-02
      712    -2.000000000E-02     3.500000000E-02     1.950000000E-02
      713    -1.909259256E-02     3.166666667E-02     1.950000000E-02
      714    -1.581481479E-02     3.166666667E-02     1.950000000E-02
      715    -1.609259256E-02     3.166666667E-02     2.050000000E-02
      716    -1.912962961E-02     3.166666667E-02     2.050000000E-02
      717    -2.600000000E-02     3.500000000E-02     2.050000000E-02
      718    -2.300000000E-02     3.500000000E-02     1.950000000E-02
      719    -2.600000000E-02     3.500000000E-02     1.950000000E-02
      720    -2.516666667E-02     3.166666667E-02     1.950000000E-02
      721    -2.516666667E-02     3.166666667E-02     2.050000000E-02
      722    -2.212962961E-02     3.166666667E-02     2.050000000E-02
      723    -3.200000000E-02     3.500000000E-02     2.050000000E-02
      724    -2.900000000E-02     3.500000000E-02     1.950000000E-02
      725    -3.200000000E-02     3.500000000E-02     1.950000000E-02
      726    -2.816666667E-02     3.166666667E-02     1.950000000E-02
      727    -2.816666667E-02     3.166666667E-02     2.050000000E-02
      728    -3.102777778E-02     3.183333333E-02     2.050000000E-02
      729    -4.100000000E-02     3.500000000E-02     2.050000000E-02
      730    -3.500000000E-02     3.500000000E-02     1.950000000E-02
      731    -3.800000000E-02     3.500000000E-02     1.950000000E-02
      732    -3.688888889E-02     3.200000000E-02     2.050000000E-02
      733    -3.402777778E-02     3.183333333E-02     2.050000000E-02
      734    -4.400000000E-02     3.500000000E-02     1.950000000E-02
      735    -4.700000000E-02     3.500000000E-02     1.950000000E-02
      736    -4.288888889E-02     3.200000000E-02     2.050000000E-02
      737    -4.871296296E-02     3.266666667E-02     2.050000000E-02
      738    -4.556534944E-02     3.146091272E-02     2.050000000E-02
      739     3.400000000E-02     3.500000000E-02     1.850000000E-02
      740     2.800000000E-02     3.500000000E-02     1.850000000E-02
      741     3.057177768E-02     3.219266735E-02     1.850000000E-02
      742     2.200000000E-02     3.500000000E-02     1.850000000E-02
      743     2.442368143E-02     3.194131773E-02     1.850000000E-02
      744     2.757177768E-02     3.219266735E-02     1.850000000E-02
      745     2.683924612E-02     3.163941373E-02     1.950000000E-02
      746     1.600000000E-02     3.500000000E-02     1.850000000E-02
      747     1.816666667E-02     3.166666667E-02     1.850000000E-02
      748     2.142368143E-02     3.194131773E-02     1.850000000E-02
      749     1.000000000E-02     3.500000000E-02     1.850000000E-02
      750     1.516666667E-02     3.166666667E-02     1.850000000E-02
      751     1.212962961E-02     3.166666667E-02     1.850000000E-02
      752     1.489814822E-02     3.166666667E-02     1.950000000E-02
      753     4.000000000E-03     3.500000000E-02     1.850000000E-02
      754     6.092592557E-03     3.166666667E-02     1.850000000E-02
      755     9.129629612E-03     3.166666667E-02     1.850000000E-02
      756    -2.000000000E-03     3.500000000E-02     1.850000000E-02
      757     3.092592557E-03     3.166666667E-02     1.850000000E-02
      758    -2.222222288E-04     3.166666667E-02     1.850000000E-02
      759     2.947648431E-03     3.162003521E-02     1.950000000E-02
      760    -8.000000000E-03     3.500000000E-02     1.850000000E-02
      761    -6.537037015E-03     3.166666667E-02     1.850000000E-02
      762    -3.222222229E-03     3.166666667E-02     1.850000000E-02
      763    -1.400000000E-02     3.500000000E-02     1.850000000E-02
      764    -9.537037015E-03     3.166666667E-02     1.850000000E-02
      765    -1.281481479E-02     3.166666667E-02     1.850000000E-02
      766    -1.005555554E-02     3.166666667E-02     1.950000000E-02
      767    -2.000000000E-02     3.500000000E-02     1.850000000E-02
      768    -1.909259256E-02     3.166666667E-02     1.850000000E-02
      769    -1.581481479E-02     3.166666667E-02     1.850000000E-02
      770    -2.600000000E-02     3.500000000E-02     1.850000000E-02
      771    -2.516666667E-02     3.166666667E-02     1.850000000E-02
      772    -2.209259256E-02     3.166666667E-02     1.850000000E-02
      773    -2.212962961E-02     3.166666667E-02     1.950000000E-02
      774    -3.200000000E-02     3.500000000E-02     1.850000000E-02
      775    -2.816666667E-02     3.166666667E-02     1.850000000E-02
      776    -3.142371905E-02     3.194291658E-02     1.850000000E-02
      777    -3.102777778E-02     3.183333333E-02     1.950000000E-02
      778    -3.800000000E-02     3.500000000E-02     1.850000000E-02
      779    -3.442371905E-02     3.194291658E-02     1.850000000E-02
      780    -3.751717267E-02     3.217674767E-02     1.850000000E-02
      781    -3.688888889E-02     3.200000000E-02     1.950000000E-02
      782    -3.402777778E-02     3.183333333E-02     1.950000000E-02
      783    -4.400000000E-02     3.500000000E-02     1.850000000E-02
      784    -4.051717267E-02     3.217674767E-02     1.850000000E-02
      785    -3.988888889E-02     3.200000000E-02     1.950000000E-02
      786    -4.256534944E-02     3.146091272E-02     1.950000000E-02
      787    -5.500000000E-02     3.300000000E-02     1.950000000E-02
      788    -5.500000000E-02     3.000000000E-02     2.050000000E-02
      789    -5.500000000E-02     3.000000000E-02     1.950000000E-02
      790    -5.271296296E-02     3.166666667E-02     2.050000000E-02
      791    -5.500000000E-02     3.000000000E-02     1.850000000E-02
      792     4.500000000E-02    -3.300000000E-02     1.950000000E-02
      793     4.500000000E-02    -3.000000000E-02     1.850000000E-02
      794     4.441421356E-02    -3.441421356E-02     1.950000000E-02
      795     4.441421356E-02    -3.441421356E-02     1.850000000E-02
      796     4.300000000E-02    -3.200000000E-02     1.950000000E-02
      797     4.500000000E-02    -3.000000000E-02     1.950000000E-02
      798     4.500000000E-02    -3.000000000E-02     2.050000000E-02
      799     4.441421356E-02    -3.441421356E-02     2.050000000E-02
      800     4.300000000E-02    -3.200000000E-02     2.050000000E-02
      801     4.500000000E-02    -2.400000000E-02     1.850000000E-02
      802     4.500000000E-02    -2.700000000E-02     1.950000000E-02
      803     4.229166667E-02    -2.440104143E-02     1.850000000E-02
      804     4.500000000E-02    -1.800000000E-02     1.850000000E-02
      805     4.500000000E-02    -2.400000000E-02     1.950000000E-02
      806     4.500000000E-02    -2.100000000E-02     1.950000000E-02
      807     4.293066644E-02    -1.923355823E-02     1.850000000E-02
      808     4.229166667E-02    -2.140104143E-02     1.850000000E-02
      809     4.500000000E-02    -1.200000000E-02     1.850000000E-02
      810     4.500000000E-02    -1.800000000E-02     1.950000000E-02
      811     4.500000000E-02    -1.500000000E-02     1.950000000E-02
      812     4.293066644E-02    -1.623355823E-02     1.850000000E-02
      813     4.261231442E-02    -1.372621012E-02     1.850000000E-02
      814     4.500000000E-02    -6.000000000E-03     1.850000000E-02
      815     4.500000000E-02    -1.200000000E-02     1.950000000E-02
      816     4.500000000E-02    -9.000000000E-03     1.950000000E-02
      817     4.188974836E-02    -8.002773551E-03     1.850000000E-02
      818     4.261231442E-02    -1.072621012E-02     1.850000000E-02
      819     4.500000000E-02     1.587618925E-17     1.850000000E-02
      820     4.500000000E-02    -6.000000000E-03     1.950000000E-02
      821     4.500000000E-02    -3.000000000E-03     1.950000000E-02
      822     4.188974836E-02    -5.002773551E-03     1.850000000E-02
      823     4.166666667E-02    -2.083333333E-03     1.850000000E-02
      824     4.500000000E-02     6.000000000E-03     1.850000000E-02
      825     4.500000000E-02     1.587618925E-17     1.950000000E-02
      826     4.500000000E-02     3.000000000E-03     1.950000000E-02
      827     4.167423197E-02     4.068020542E-03     1.850000000E-02
      828     4.166666667E-02     9.166666667E-04     1.850000000E-02
      829     4.250000000E-02     2.885416667E-03     1.950000000E-02
      830     4.500000000E-02     1.200000000E-02     1.850000000E-02
      831     4.500000000E-02     6.000000000E-03     1.950000000E-02
      832     4.500000000E-02     9.000000000E-03     1.950000000E-02
      833     4.167423197E-02     7.068020542E-03     1.850000000E-02
      834     4.130433241E-02     1.068804428E-02     1.850000000E-02
      835     4.249001548E-02     1.085009498E-02     1.950000000E-02
      836     4.500000000E-02     1.800000000E-02     1.850000000E-02
      837     4.500000000E-02     1.200000000E-02     1.950000000E-02
      838     4.500000000E-02     1.500000000E-02     1.950000000E-02
      839     4.130433241E-02     1.368804428E-02     1.850000000E-02
      840     4.220139543E-02     1.746018614E-02     1.850000000E-02
      841     4.249001548E-02     1.385009498E-02     1.950000000E-02
      842     4.500000000E-02     2.400000000E-02     1.850000000E-02
      843     4.500000000E-02     1.800000000E-02     1.950000000E-02
      844     4.500000000E-02     2.100000000E-02     1.950000000E-02
      845     4.220139543E-02     2.046018614E-02     1.850000000E-02
      846     4.305536519E-02     2.244340603E-02     1.950000000E-02
      847     4.500000000E-02     2.400000000E-02     1.950000000E-02
      848     4.500000000E-02     2.700000000E-02     1.950000000E-02
      849     4.305536519E-02     2.544340603E-02     1.950000000E-02
      850     4.500000000E-02    -2.400000000E-02     2.050000000E-02
      851     4.229166667E-02    -2.440104143E-02     1.950000000E-02
      852     4.120029426E-02    -2.620505938E-02     2.050000000E-02
      853     4.300000000E-02    -2.900000000E-02     2.050000000E-02
      854     4.500000000E-02    -1.800000000E-02     2.050000000E-02
      855     4.293066644E-02    -1.923355823E-02     1.950000000E-02
      856     4.229166667E-02    -2.140104143E-02     1.950000000E-02
      857     4.120029426E-02    -2.320505938E-02     2.050000000E-02
      858     4.161517251E-02    -1.980500990E-02     2.050000000E-02
      859     4.500000000E-02    -1.200000000E-02     2.050000000E-02
      860     4.293066644E-02    -1.623355823E-02     1.950000000E-02
      861     4.261231442E-02    -1.372621012E-02     1.950000000E-02
      862     4.166666667E-02    -1.366666667E-02     2.050000000E-02
      863     4.161517251E-02    -1.680500990E-02     2.050000000E-02
      864     4.500000000E-02    -6.000000000E-03     2.050000000E-02
      865     4.188974836E-02    -8.002773551E-03     1.950000000E-02
      866     4.261231442E-02    -1.072621012E-02     1.950000000E-02
      867     4.166666667E-02    -6.583333333E-03     2.050000000E-02
      868     4.166666667E-02    -1.066666667E-02     2.050000000E-02
      869     4.500000000E-02     1.587618925E-17     2.050000000E-02
      870     4.188974836E-02    -5.002773551E-03     1.950000000E-02
      871     4.166666667E-02    -2.083333333E-03     1.950000000E-02
      872     4.166666667E-02    -3.583333333E-03     2.050000000E-02
      873     4.250000000E-02    -1.145833333E-04     2.050000000E-02
      874     4.500000000E-02     6.000000000E-03     2.050000000E-02
      875     4.167423197E-02     4.068020542E-03     1.950000000E-02
      876     4.250000000E-02     2.885416667E-03     2.050000000E-02
      877     4.500000000E-02     1.200000000E-02     2.050000000E-02
      878     4.167423197E-02     7.068020542E-03     1.950000000E-02
      879     4.134722222E-02     8.282986111E-03     2.050000000E-02
      880     4.249001548E-02     1.085009498E-02     2.050000000E-02
      881     4.250000000E-02     5.885416667E-03     2.050000000E-02
      882     4.500000000E-02     1.800000000E-02     2.050000000E-02
      883     4.220139543E-02     1.746018614E-02     1.950000000E-02
      884     4.133333333E-02     1.700000000E-02     2.050000000E-02
      885     4.249001548E-02     1.385009498E-02     2.050000000E-02
      886     4.500000000E-02     2.400000000E-02     2.050000000E-02
      887     4.220139543E-02     2.046018614E-02     1.950000000E-02
      888     4.133333333E-02     2.000000000E-02     2.050000000E-02
      889     4.305536519E-02     2.244340603E-02     2.050000000E-02
      890     4.300000000E-02     2.900000000E-02     2.050000000E-02
      891     4.305536519E-02     2.544340603E-02     2.050000000E-02
      892     4.300000000E-02    -3.500000000E-02     1.950000000E-02
      893     4.000000000E-02    -3.500000000E-02     2.050000000E-02
      894     4.200000000E-02    -3.300000000E-02     2.050000000E-02
      895     4.000000000E-02    -3.500000000E-02     1.850000000E-02
      896     4.000000000E-02    -3.500000000E-02     1.950000000E-02
      897    -3.500000000E-02     9.750000000E-03     2.050000000E-02
      898    -3.500000000E-02     1.300000000E-02     1.950000000E-02
      899    -3.500000000E-02     9.750000000E-03     1.950000000E-02
      900    -3.441421356E-02     1.441421356E-02     2.050000000E-02
      901    -3.623838124E-02     1.530763406E-02     1.950000000E-02
      902    -3.766666667E-02     1.500000000E-02     2.050000000E-02
      903    -3.709134605E-02     1.144348673E-02     2.050000000E-02
      904    -3.500000000E-02     3.250000000E-03     2.050000000E-02
      905    -3.500000000E-02     6.500000000E-03     1.950000000E-02
      906    -3.500000000E-02     3.250000000E-03     1.950000000E-02
      907    -3.833333333E-02     5.604166667E-03     1.950000000E-02
      908    -3.842941442E-02     4.762458879E-03     2.050000000E-02
      909    -3.709134605E-02     8.193486730E-03     2.050000000E-02
      910    -3.500000000E-02    -3.250000000E-03     2.050000000E-02
      911    -3.500000000E-02    -7.216449660E-18     1.950000000E-02
      912    -3.500000000E-02    -3.250000000E-03     1.950000000E-02
      913    -3.842941442E-02     1.512458879E-03     2.050000000E-02
      914    -3.716159447E-02    -1.604838544E-03     2.050000000E-02
      915    -3.500000000E-02    -6.500000000E-03     1.950000000E-02
      916    -3.716159447E-02    -4.854838544E-03     2.050000000E-02
      917    -3.760751630E-02    -7.226406099E-03     2.050000000E-02
      918    -3.500000000E-02     9.750000000E-03     1.850000000E-02
      919    -3.441421356E-02     1.441421356E-02     1.950000000E-02
      920    -3.441421356E-02     1.441421356E-02     1.850000000E-02
      921    -3.833333333E-02     1.233333333E-02     1.850000000E-02
      922    -3.623838124E-02     1.530763406E-02     1.850000000E-02
      923    -3.709134605E-02     1.144348673E-02     1.950000000E-02
      924    -3.500000000E-02     3.250000000E-03     1.850000000E-02
      925    -3.833333333E-02     9.083333333E-03     1.850000000E-02
      926    -3.833333333E-02     5.604166667E-03     1.850000000E-02
      927    -3.709134605E-02     8.193486730E-03     1.950000000E-02
      928    -3.500000000E-02    -3.250000000E-03     1.850000000E-02
      929    -3.833333333E-02    -1.125000000E-03     1.850000000E-02
      930    -3.833333333E-02     2.354166667E-03     1.850000000E-02
      931    -3.842941442E-02     1.512458879E-03     1.950000000E-02
      932    -3.716159447E-02    -1.604838544E-03     1.950000000E-02
      933    -3.762965302E-02    -9.670066219E-03     1.850000000E-02
      934    -3.833333333E-02    -4.375000000E-03     1.850000000E-02
      935    -3.861417644E-02    -7.116512442E-03     1.850000000E-02
      936    -3.716159447E-02    -4.854838544E-03     1.950000000E-02
      937    -3.760751630E-02    -7.226406099E-03     1.950000000E-02
      938    -3.300000000E-02     1.500000000E-02     1.950000000E-02
      939    -2.988888889E-02     1.500000000E-02     2.050000000E-02
      940    -3.523838124E-02     1.630763406E-02     1.950000000E-02
      941    -3.666666667E-02     1.600000000E-02     2.050000000E-02
      942    -3.181595963E-02     1.840515385E-02     2.050000000E-02
      943    -3.505555556E-02     1.866666667E-02     2.050000000E-02
      944    -2.988888889E-02     1.500000000E-02     1.950000000E-02
      945    -2.988888889E-02     1.500000000E-02     1.850000000E-02
      946    -3.233333333E-02     1.833333333E-02     1.850000000E-02
      947    -3.523838124E-02     1.630763406E-02     1.850000000E-02
      948    -3.181595963E-02     1.840515385E-02     1.950000000E-02
      949    -5.500000000E-02    -3.300000000E-02     1.950000000E-02
      950    -5.500000000E-02    -3.000000000E-02     1.950000000E-02
      951    -5.500000000E-02    -3.000000000E-02     1.850000000E-02
      952    -5.441421356E-02    -3.441421356E-02     1.850000000E-02
      953    -5.291666667E-02    -3.173611111E-02     1.950000000E-02
      954    -5.500000000E-02    -3.000000000E-02     2.050000000E-02
      955    -5.441421356E-02    -3.441421356E-02     1.950000000E-02
      956    -5.441421356E-02    -3.441421356E-02     2.050000000E-02
      957    -5.291666667E-02    -3.173611111E-02     2.050000000E-02
      958    -5.500000000E-02     2.400000000E-02     2.050000000E-02
      959    -5.500000000E-02     2.700000000E-02     1.950000000E-02
      960    -5.500000000E-02     2.400000000E-02     1.950000000E-02
      961    -5.188888889E-02     2.600000000E-02     2.050000000E-02
      962    -5.271296296E-02     2.866666667E-02     2.050000000E-02
      963    -5.500000000E-02     1.800000000E-02     2.050000000E-02
      964    -5.500000000E-02     2.100000000E-02     1.950000000E-02
      965    -5.500000000E-02     1.800000000E-02     1.950000000E-02
      966    -5.225662121E-02     2.054432993E-02     1.950000000E-02
      967    -5.188888889E-02     2.300000000E-02     2.050000000E-02
      968    -5.163701739E-02     2.023320772E-02     2.050000000E-02
      969    -5.500000000E-02     1.200000000E-02     2.050000000E-02
      970    -5.500000000E-02     1.500000000E-02     1.950000000E-02
      971    -5.500000000E-02     1.200000000E-02     1.950000000E-02
      972    -5.204138961E-02     1.436002092E-02     1.950000000E-02
      973    -5.225662121E-02     1.754432993E-02     1.950000000E-02
      974    -5.153411116E-02     1.449477623E-02     2.050000000E-02
      975    -5.163701739E-02     1.723320772E-02     2.050000000E-02
      976    -5.500000000E-02     6.000000000E-03     2.050000000E-02
      977    -5.500000000E-02     9.000000000E-03     1.950000000E-02
      978    -5.500000000E-02     6.000000000E-03     1.950000000E-02
      979    -5.204138961E-02     1.136002092E-02     1.950000000E-02
      980    -5.166666667E-02     8.333333333E-03     1.950000000E-02
      981    -5.193261510E-02     7.558280848E-03     2.050000000E-02
      982    -5.153411116E-02     1.149477623E-02     2.050000000E-02
      983    -5.500000000E-02    -1.698641228E-17     2.050000000E-02
      984    -5.500000000E-02     3.000000000E-03     1.950000000E-02
      985    -5.500000000E-02    -1.698641228E-17     1.950000000E-02
      986    -5.193261510E-02     4.558280848E-03     2.050000000E-02
      987    -5.207977679E-02     1.225595290E-03     2.050000000E-02
      988    -5.500000000E-02    -6.000000000E-03     2.050000000E-02
      989    -5.500000000E-02    -3.000000000E-03     1.950000000E-02
      990    -5.500000000E-02    -6.000000000E-03     1.950000000E-02
      991    -5.250000000E-02    -4.687500000E-03     2.050000000E-02
      992    -5.207977679E-02    -1.774404710E-03     2.050000000E-02
      993    -5.500000000E-02    -1.200000000E-02     2.050000000E-02
      994    -5.500000000E-02    -9.000000000E-03     1.950000000E-02
      995    -5.500000000E-02    -1.200000000E-02     1.950000000E-02
      996    -5.203808584E-02    -1.090150365E-02     2.050000000E-02
      997    -5.250000000E-02    -7.687500000E-03     2.050000000E-02
      998    -5.500000000E-02    -2.100000000E-02     2.050000000E-02
      999    -5.500000000E-02    -1.500000000E-02     1.950000000E-02
     1000    -5.500000000E-02    -1.800000000E-02     1.950000000E-02
     1001    -5.203808584E-02    -1.390150365E-02     2.050000000E-02
     1002    -5.285803952E-02    -1.659165011E-02     2.050000000E-02
     1003    -5.500000000E-02    -2.400000000E-02     1.950000000E-02
     1004    -5.500000000E-02    -2.700000000E-02     1.950000000E-02
     1005    -5.219394426E-02    -2.351833724E-02     1.950000000E-02
     1006    -5.208544510E-02    -2.544563581E-02     2.050000000E-02
     1007    -5.291666667E-02    -2.873611111E-02     2.050000000E-02
     1008    -5.285803952E-02    -2.259165011E-02     2.050000000E-02
     1009    -5.500000000E-02     2.400000000E-02     1.850000000E-02
     1010    -5.500000000E-02     1.800000000E-02     1.850000000E-02
     1011    -5.225662121E-02     2.054432993E-02     1.850000000E-02
     1012    -5.188888889E-02     2.300000000E-02     1.950000000E-02
     1013    -5.500000000E-02     1.200000000E-02     1.850000000E-02
     1014    -5.204138961E-02     1.436002092E-02     1.850000000E-02
     1015    -5.225662121E-02     1.754432993E-02     1.850000000E-02
     1016    -5.500000000E-02     6.000000000E-03     1.850000000E-02
     1017    -5.204138961E-02     1.136002092E-02     1.850000000E-02
     1018    -5.166666667E-02     8.333333333E-03     1.850000000E-02
     1019    -5.500000000E-02    -1.698641228E-17     1.850000000E-02
     1020    -5.166666667E-02     1.956647735E-03     1.850000000E-02
     1021    -5.166666667E-02     5.333333333E-03     1.850000000E-02
     1022    -5.193261510E-02     4.558280848E-03     1.950000000E-02
     1023    -5.207977679E-02     1.225595290E-03     1.950000000E-02
     1024    -5.500000000E-02    -6.000000000E-03     1.850000000E-02
     1025    -5.166666667E-02    -1.043352265E-03     1.850000000E-02
     1026    -5.164786732E-02    -4.311937441E-03     1.850000000E-02
     1027    -5.250000000E-02    -4.687500000E-03     1.950000000E-02
     1028    -5.207977679E-02    -1.774404710E-03     1.950000000E-02
     1029    -5.500000000E-02    -1.200000000E-02     1.850000000E-02
     1030    -5.164786732E-02    -7.311937441E-03     1.850000000E-02
     1031    -5.127302746E-02    -1.083675994E-02     1.850000000E-02
     1032    -5.203808584E-02    -1.090150365E-02     1.950000000E-02
     1033    -5.250000000E-02    -7.687500000E-03     1.950000000E-02
     1034    -5.500000000E-02    -1.800000000E-02     1.850000000E-02
     1035    -5.127302746E-02    -1.383675994E-02     1.850000000E-02
     1036    -5.219394426E-02    -1.751833724E-02     1.850000000E-02
     1037    -5.203808584E-02    -1.390150365E-02     1.950000000E-02
     1038    -5.285803952E-02    -1.659165011E-02     1.950000000E-02
     1039    -5.500000000E-02    -2.400000000E-02     1.850000000E-02
     1040    -5.219394426E-02    -2.051833724E-02     1.850000000E-02
     1041    -5.285803952E-02    -1.959165011E-02     1.950000000E-02
     1042    -5.300000000E-02    -3.500000000E-02     1.950000000E-02
     1043    -5.000000000E-02    -3.500000000E-02     1.850000000E-02
     1044    -5.191666667E-02    -3.273611111E-02     1.950000000E-02
     1045    -5.000000000E-02    -3.500000000E-02     1.950000000E-02
     1046    -5.000000000E-02    -3.500000000E-02     2.050000000E-02
     1047    -5.191666667E-02    -3.273611111E-02     2.050000000E-02
     1048    -4.400000000E-02    -3.500000000E-02     1.850000000E-02
     1049    -4.700000000E-02    -3.500000000E-02     1.950000000E-02
     1050    -3.800000000E-02    -3.500000000E-02     1.850000000E-02
     1051    -4.400000000E-02    -3.500000000E-02     1.950000000E-02
     1052    -4.100000000E-02    -3.500000000E-02     1.950000000E-02
     1053    -4.052974550E-02    -3.215494689E-02     1.850000000E-02
     1054    -4.292703039E-02    -3.213497020E-02     1.950000000E-02
     1055    -3.200000000E-02    -3.500000000E-02     1.850000000E-02
     1056    -3.800000000E-02    -3.500000000E-02     1.950000000E-02
     1057    -3.500000000E-02    -3.500000000E-02     1.950000000E-02
     1058    -3.416666667E-02    -3.166666667E-02     1.850000000E-02
     1059    -3.752974550E-02    -3.215494689E-02     1.850000000E-02
     1060    -2.600000000E-02    -3.500000000E-02     1.850000000E-02
     1061    -3.200000000E-02    -3.500000000E-02     1.950000000E-02
     1062    -2.900000000E-02    -3.500000000E-02     1.950000000E-02
     1063    -3.116666667E-02    -3.166666667E-02     1.850000000E-02
     1064    -2.798148147E-02    -3.250000000E-02     1.850000000E-02
     1065    -3.081774902E-02    -3.159871052E-02     1.950000000E-02
     1066    -2.000000000E-02    -3.500000000E-02     1.850000000E-02
     1067    -2.600000000E-02    -3.500000000E-02     1.950000000E-02
     1068    -2.300000000E-02    -3.500000000E-02     1.950000000E-02
     1069    -2.498148147E-02    -3.250000000E-02     1.850000000E-02
     1070    -2.278703701E-02    -3.208333333E-02     1.850000000E-02
     1071    -1.400000000E-02    -3.500000000E-02     1.850000000E-02
     1072    -2.000000000E-02    -3.500000000E-02     1.950000000E-02
     1073    -1.700000000E-02    -3.500000000E-02     1.950000000E-02
     1074    -1.730985666E-02    -3.133667233E-02     1.850000000E-02
     1075    -1.520571863E-02    -3.246396004E-02     1.850000000E-02
     1076    -1.978703701E-02    -3.208333333E-02     1.850000000E-02
     1077    -1.833333329E-02    -3.166666667E-02     1.950000000E-02
     1078    -8.000000000E-03    -3.500000000E-02     1.850000000E-02
     1079    -1.400000000E-02    -3.500000000E-02     1.950000000E-02
     1080    -1.100000000E-02    -3.500000000E-02     1.950000000E-02
     1081    -9.715579655E-03    -3.203440473E-02     1.850000000E-02
     1082    -1.220571863E-02    -3.246396004E-02     1.850000000E-02
     1083    -2.000000000E-03    -3.500000000E-02     1.850000000E-02
     1084    -8.000000000E-03    -3.500000000E-02     1.950000000E-02
     1085    -5.000000000E-03    -3.500000000E-02     1.950000000E-02
     1086    -3.462962985E-03    -3.166666667E-02     1.850000000E-02
     1087    -6.715579655E-03    -3.203440473E-02     1.850000000E-02
     1088    -3.361111124E-03    -3.250000000E-02     1.950000000E-02
     1089    -6.304315733E-03    -3.224597919E-02     1.950000000E-02
     1090     4.000000000E-03    -3.500000000E-02     1.850000000E-02
     1091    -2.000000000E-03    -3.500000000E-02     1.950000000E-02
     1092     1.000000000E-03    -3.500000000E-02     1.950000000E-02
     1093    -4.629629850E-04    -3.166666667E-02     1.850000000E-02
     1094     2.814814786E-03    -3.166666667E-02     1.850000000E-02
     1095     2.756749505E-03    -3.211443615E-02     1.950000000E-02
     1096    -3.611111244E-04    -3.250000000E-02     1.950000000E-02
     1097     1.000000000E-02    -3.500000000E-02     1.850000000E-02
     1098     4.000000000E-03    -3.500000000E-02     1.950000000E-02
     1099     7.000000000E-03    -3.500000000E-02     1.950000000E-02
     1100     9.092592557E-03    -3.166666667E-02     1.850000000E-02
     1101     5.814814786E-03    -3.166666667E-02     1.850000000E-02
     1102     5.756749505E-03    -3.211443615E-02     1.950000000E-02
     1103     1.600000000E-02    -3.500000000E-02     1.850000000E-02
     1104     1.000000000E-02    -3.500000000E-02     1.950000000E-02
     1105     1.300000000E-02    -3.500000000E-02     1.950000000E-02
     1106     1.516666667E-02    -3.166666667E-02     1.850000000E-02
     1107     1.209259256E-02    -3.166666667E-02     1.850000000E-02
     1108     1.212962977E-02    -3.166666667E-02     1.950000000E-02
     1109     2.200000000E-02    -3.500000000E-02     1.850000000E-02
     1110     1.600000000E-02    -3.500000000E-02     1.950000000E-02
     1111     1.900000000E-02    -3.500000000E-02     1.950000000E-02
     1112     1.816666667E-02    -3.166666667E-02     1.850000000E-02
     1113     2.142297314E-02    -3.194367015E-02     1.850000000E-02
     1114     2.054249547E-02    -3.255671915E-02     1.950000000E-02
     1115     2.800000000E-02    -3.500000000E-02     1.850000000E-02
     1116     2.200000000E-02    -3.500000000E-02     1.950000000E-02
     1117     2.500000000E-02    -3.500000000E-02     1.950000000E-02
     1118     2.442297314E-02    -3.194367015E-02     1.850000000E-02
     1119     2.783333333E-02    -3.227708324E-02     1.850000000E-02
     1120     2.673958337E-02    -3.141145833E-02     1.950000000E-02
     1121     2.354249547E-02    -3.255671915E-02     1.950000000E-02
     1122     3.400000000E-02    -3.500000000E-02     1.850000000E-02
     1123     2.800000000E-02    -3.500000000E-02     1.950000000E-02
     1124     3.100000000E-02    -3.500000000E-02     1.950000000E-02
     1125     3.083333333E-02    -3.227708324E-02     1.850000000E-02
     1126     3.244731794E-02    -3.305648105E-02     1.950000000E-02
     1127     3.400000000E-02    -3.500000000E-02     1.950000000E-02
     1128     3.700000000E-02    -3.500000000E-02     1.950000000E-02
     1129     3.544731794E-02    -3.305648105E-02     1.950000000E-02
     1130    -4.400000000E-02    -3.500000000E-02     2.050000000E-02
     1131    -4.891666667E-02    -3.273611111E-02     2.050000000E-02
     1132    -4.592703039E-02    -3.213497020E-02     2.050000000E-02
     1133    -3.800000000E-02    -3.500000000E-02     2.050000000E-02
     1134    -4.052974550E-02    -3.215494689E-02     1.950000000E-02
     1135    -3.997673723E-02    -3.165585208E-02     2.050000000E-02
     1136    -4.292703039E-02    -3.213497020E-02     2.050000000E-02
     1137    -3.200000000E-02    -3.500000000E-02     2.050000000E-02
     1138    -3.416666667E-02    -3.166666667E-02     1.950000000E-02
     1139    -3.752974550E-02    -3.215494689E-02     1.950000000E-02
     1140    -3.381774902E-02    -3.159871052E-02     2.050000000E-02
     1141    -3.697673723E-02    -3.165585208E-02     2.050000000E-02
     1142    -2.600000000E-02    -3.500000000E-02     2.050000000E-02
     1143    -2.798148147E-02    -3.250000000E-02     1.950000000E-02
     1144    -3.081774902E-02    -3.159871052E-02     2.050000000E-02
     1145    -2.776196053E-02    -3.146391994E-02     2.050000000E-02
     1146    -2.000000000E-02    -3.500000000E-02     2.050000000E-02
     1147    -2.498148147E-02    -3.250000000E-02     1.950000000E-02
     1148    -2.278703701E-02    -3.208333333E-02     1.950000000E-02
     1149    -2.133333329E-02    -3.166666667E-02     2.050000000E-02
     1150    -2.476196053E-02    -3.146391994E-02     2.050000000E-02
     1151    -1.400000000E-02    -3.500000000E-02     2.050000000E-02
     1152    -1.730985666E-02    -3.133667233E-02     1.950000000E-02
     1153    -1.520571863E-02    -3.246396004E-02     1.950000000E-02
     1154    -1.533312667E-02    -3.190210764E-02     2.050000000E-02
     1155    -1.833333329E-02    -3.166666667E-02     2.050000000E-02
     1156    -8.000000000E-03    -3.500000000E-02     2.050000000E-02
     1157    -9.715579655E-03    -3.203440473E-02     1.950000000E-02
     1158    -1.220571863E-02    -3.246396004E-02     1.950000000E-02
     1159    -1.233312667E-02    -3.190210764E-02     2.050000000E-02
     1160    -9.304315733E-03    -3.224597919E-02     2.050000000E-02
     1161    -2.000000000E-03    -3.500000000E-02     2.050000000E-02
     1162    -3.361111124E-03    -3.250000000E-02     2.050000000E-02
     1163    -6.304315733E-03    -3.224597919E-02     2.050000000E-02
     1164     4.000000000E-03    -3.500000000E-02     2.050000000E-02
     1165     2.756749505E-03    -3.211443615E-02     2.050000000E-02
     1166    -3.611111244E-04    -3.250000000E-02     2.050000000E-02
     1167     1.000000000E-02    -3.500000000E-02     2.050000000E-02
     1168     9.092592557E-03    -3.166666667E-02     1.950000000E-02
     1169     9.129629771E-03    -3.166666667E-02     2.050000000E-02
     1170     5.756749505E-03    -3.211443615E-02     2.050000000E-02
     1171     1.600000000E-02    -3.500000000E-02     2.050000000E-02
     1172     1.516666667E-02    -3.166666667E-02     1.950000000E-02
     1173     1.212962977E-02    -3.166666667E-02     2.050000000E-02
     1174     1.508668151E-02    -3.157047415E-02     2.050000000E-02
     1175     2.200000000E-02    -3.500000000E-02     2.050000000E-02
     1176     1.816666667E-02    -3.166666667E-02     1.950000000E-02
     1177     1.808668151E-02    -3.157047415E-02     2.050000000E-02
     1178     2.054249547E-02    -3.255671915E-02     2.050000000E-02
     1179     2.800000000E-02    -3.500000000E-02     2.050000000E-02
     1180     2.783333333E-02    -3.227708324E-02     1.950000000E-02
     1181     2.673958337E-02    -3.141145833E-02     2.050000000E-02
     1182     2.354249547E-02    -3.255671915E-02     2.050000000E-02
     1183     3.400000000E-02    -3.500000000E-02     2.050000000E-02
     1184     3.083333333E-02    -3.227708324E-02     1.950000000E-02
     1185     2.973958337E-02    -3.141145833E-02     2.050000000E-02
     1186     3.244731794E-02    -3.305648105E-02     2.050000000E-02
     1187     3.900000000E-02    -3.300000000E-02     2.050000000E-02
     1188     3.544731794E-02    -3.305648105E-02     2.050000000E-02
     1189     1.988888889E-02     1.500000000E-02     2.050000000E-02
     1190     2.300000000E-02     1.500000000E-02     1.950000000E-02
     1191     1.988888889E-02     1.500000000E-02     1.950000000E-02
     1192     2.441421356E-02     1.441421356E-02     2.050000000E-02
     1193     2.507724246E-02     1.622093217E-02     1.950000000E-02
     1194     2.455632718E-02     1.846180556E-02     2.050000000E-02
     1195     2.639495150E-02     1.575942460E-02     2.050000000E-02
     1196     2.175532097E-02     1.780966592E-02     2.050000000E-02
     1197     1.366666667E-02     1.500000000E-02     2.050000000E-02
     1198     1.677777778E-02     1.500000000E-02     1.950000000E-02
     1199     1.366666667E-02     1.500000000E-02     1.950000000E-02
     1200     1.560695712E-02     1.833333333E-02     1.950000000E-02
     1201     1.614814843E-02     1.833333333E-02     2.050000000E-02
     1202     1.864420986E-02     1.780966592E-02     2.050000000E-02
     1203     7.444444444E-03     1.500000000E-02     2.050000000E-02
     1204     1.055555556E-02     1.500000000E-02     1.950000000E-02
     1205     7.444444444E-03     1.500000000E-02     1.950000000E-02
     1206     1.249584601E-02     1.833333333E-02     1.950000000E-02
     1207     1.303703732E-02     1.833333333E-02     2.050000000E-02
     1208     9.419980615E-03     1.831921732E-02     2.050000000E-02
     1209     1.222222222E-03     1.500000000E-02     2.050000000E-02
     1210     4.333333333E-03     1.500000000E-02     1.950000000E-02
     1211     1.222222222E-03     1.500000000E-02     1.950000000E-02
     1212     3.203661248E-03     1.828135396E-02     2.050000000E-02
     1213     6.308869504E-03     1.831921732E-02     2.050000000E-02
     1214    -5.000000000E-03     1.500000000E-02     2.050000000E-02
     1215    -1.888888889E-03     1.500000000E-02     1.950000000E-02
     1216    -5.000000000E-03     1.500000000E-02     1.950000000E-02
     1217     9.255013717E-05     1.828135396E-02     2.050000000E-02
     1218    -3.920902475E-03     1.827446531E-02     2.050000000E-02
     1219    -1.122222222E-02     1.500000000E-02     2.050000000E-02
     1220    -8.111111111E-03     1.500000000E-02     1.950000000E-02
     1221    -1.122222222E-02     1.500000000E-02     1.950000000E-02
     1222    -9.629629585E-03     1.833333333E-02     1.950000000E-02
     1223    -7.032013586E-03     1.827446531E-02     2.050000000E-02
     1224    -1.012474392E-02     1.832455618E-02     2.050000000E-02
     1225    -1.744444444E-02     1.500000000E-02     2.050000000E-02
     1226    -1.433333333E-02     1.500000000E-02     1.950000000E-02
     1227    -1.744444444E-02     1.500000000E-02     1.950000000E-02
     1228    -1.629451613E-02     1.833333333E-02     1.950000000E-02
     1229    -1.274074070E-02     1.833333333E-02     1.950000000E-02
     1230    -1.685185178E-02     1.833333333E-02     2.050000000E-02
     1231    -1.323585503E-02     1.832455618E-02     2.050000000E-02
     1232    -2.366666667E-02     1.500000000E-02     2.050000000E-02
     1233    -2.055555556E-02     1.500000000E-02     1.950000000E-02
     1234    -2.366666667E-02     1.500000000E-02     1.950000000E-02
     1235    -2.249494706E-02     1.833333333E-02     1.950000000E-02
     1236    -1.996296289E-02     1.833333333E-02     2.050000000E-02
     1237    -2.252239405E-02     1.834362498E-02     2.050000000E-02
     1238    -2.677777778E-02     1.500000000E-02     1.950000000E-02
     1239    -2.870484852E-02     1.840515385E-02     2.050000000E-02
     1240    -2.563350516E-02     1.834362498E-02     2.050000000E-02
     1241     1.988888889E-02     1.500000000E-02     1.850000000E-02
     1242     2.441421356E-02     1.441421356E-02     1.950000000E-02
     1243     2.441421356E-02     1.441421356E-02     1.850000000E-02
     1244     2.233333333E-02     1.833333333E-02     1.850000000E-02
     1245     2.507724246E-02     1.622093217E-02     1.850000000E-02
     1246     2.175532097E-02     1.780966592E-02     1.950000000E-02
     1247     1.366666667E-02     1.500000000E-02     1.850000000E-02
     1248     1.922222222E-02     1.833333333E-02     1.850000000E-02
     1249     1.560695712E-02     1.833333333E-02     1.850000000E-02
     1250     1.864420986E-02     1.780966592E-02     1.950000000E-02
     1251     7.444444444E-03     1.500000000E-02     1.850000000E-02
     1252     9.421522204E-03     1.833333333E-02     1.850000000E-02
     1253     1.249584601E-02     1.833333333E-02     1.850000000E-02
     1254     9.419980615E-03     1.831921732E-02     1.950000000E-02
     1255     1.222222222E-03     1.500000000E-02     1.850000000E-02
     1256     6.310411093E-03     1.833333333E-02     1.850000000E-02
     1257     3.231988624E-03     1.833333333E-02     1.850000000E-02
     1258     3.203661248E-03     1.828135396E-02     1.950000000E-02
     1259     6.308869504E-03     1.831921732E-02     1.950000000E-02
     1260    -5.000000000E-03     1.500000000E-02     1.850000000E-02
     1261    -3.322446330E-03     1.833333333E-02     1.850000000E-02
     1262     1.208775133E-04     1.833333333E-02     1.850000000E-02
     1263     9.255013717E-05     1.828135396E-02     1.950000000E-02
     1264    -3.920902475E-03     1.827446531E-02     1.950000000E-02
     1265    -1.122222222E-02     1.500000000E-02     1.850000000E-02
     1266    -6.433557442E-03     1.833333333E-02     1.850000000E-02
     1267    -9.629629585E-03     1.833333333E-02     1.850000000E-02
     1268    -7.032013586E-03     1.827446531E-02     1.950000000E-02
     1269    -1.744444444E-02     1.500000000E-02     1.850000000E-02
     1270    -1.629451613E-02     1.833333333E-02     1.850000000E-02
     1271    -1.274074070E-02     1.833333333E-02     1.850000000E-02
     1272    -2.366666667E-02     1.500000000E-02     1.850000000E-02
     1273    -1.940562724E-02     1.833333333E-02     1.850000000E-02
     1274    -2.249494706E-02     1.833333333E-02     1.850000000E-02
     1275    -1.996296289E-02     1.833333333E-02     1.950000000E-02
     1276    -2.922222222E-02     1.833333333E-02     1.850000000E-02
     1277    -2.560605817E-02     1.833333333E-02     1.850000000E-02
     1278    -2.870484852E-02     1.840515385E-02     1.950000000E-02
     1279    -2.563350516E-02     1.834362498E-02     1.950000000E-02
     1280     2.500000000E-02     1.300000000E-02     1.950000000E-02
     1281     2.500000000E-02     9.750000000E-03     2.050000000E-02
     1282     2.607724246E-02     1.522093217E-02     1.950000000E-02
     1283     2.739495150E-02     1.475942460E-02     2.050000000E-02
     1284     2.728317289E-02     1.237945085E-02     2.050000000E-02
     1285     2.500000000E-02     9.750000000E-03     1.950000000E-02
     1286     2.500000000E-02     9.750000000E-03     1.850000000E-02
     1287     2.758668085E-02     1.278091580E-02     1.850000000E-02
     1288     2.607724246E-02     1.522093217E-02     1.850000000E-02
     1289     2.728317289E-02     1.237945085E-02     1.950000000E-02
     1290     2.441421356E-02    -1.441421356E-02     2.050000000E-02
     1291     2.500000000E-02    -9.750000000E-03     2.050000000E-02
     1292     2.500000000E-02    -1.300000000E-02     1.950000000E-02
     1293     2.500000000E-02    -9.750000000E-03     1.950000000E-02
     1294     2.441421356E-02    -1.441421356E-02     1.950000000E-02
     1295     2.627829498E-02    -1.529263173E-02     1.950000000E-02
     1296     2.833333333E-02    -1.433333333E-02     2.050000000E-02
     1297     2.833333333E-02    -1.120833333E-02     2.050000000E-02
     1298     2.571544316E-02    -1.637425595E-02     2.050000000E-02
     1299     1.988888889E-02    -1.500000000E-02     2.050000000E-02
     1300     2.300000000E-02    -1.500000000E-02     1.950000000E-02
     1301     2.471544316E-02    -1.737425595E-02     2.050000000E-02
     1302     2.241065056E-02    -1.728058123E-02     2.050000000E-02
     1303    -2.366666667E-02    -1.500000000E-02     2.050000000E-02
     1304    -2.677777778E-02    -1.500000000E-02     1.950000000E-02
     1305    -2.366666667E-02    -1.500000000E-02     1.950000000E-02
     1306    -2.475925920E-02    -1.750000000E-02     1.950000000E-02
     1307    -2.738730568E-02    -1.775004390E-02     1.950000000E-02
     1308    -2.509926905E-02    -1.816879898E-02     2.050000000E-02
     1309    -2.825876054E-02    -1.828549245E-02     2.050000000E-02
     1310    -1.744444444E-02    -1.500000000E-02     2.050000000E-02
     1311    -2.055555556E-02    -1.500000000E-02     1.950000000E-02
     1312    -1.744444444E-02    -1.500000000E-02     1.950000000E-02
     1313    -1.878703870E-02    -1.809429114E-02     1.950000000E-02
     1314    -2.164814809E-02    -1.750000000E-02     1.950000000E-02
     1315    -2.198815794E-02    -1.816879898E-02     2.050000000E-02
     1316    -1.821522004E-02    -1.830020555E-02     2.050000000E-02
     1317    -1.122222222E-02    -1.500000000E-02     2.050000000E-02
     1318    -1.433333333E-02    -1.500000000E-02     1.950000000E-02
     1319    -1.122222222E-02    -1.500000000E-02     1.950000000E-02
     1320    -1.510410893E-02    -1.830020555E-02     2.050000000E-02
     1321    -1.266526623E-02    -1.699337444E-02     2.050000000E-02
     1322    -5.000000000E-03    -1.500000000E-02     2.050000000E-02
     1323    -8.111111111E-03    -1.500000000E-02     1.950000000E-02
     1324    -5.000000000E-03    -1.500000000E-02     1.950000000E-02
     1325    -7.194444471E-03    -1.750000000E-02     2.050000000E-02
     1326    -9.554155119E-03    -1.699337444E-02     2.050000000E-02
     1327     1.222222222E-03    -1.500000000E-02     2.050000000E-02
     1328    -1.888888889E-03    -1.500000000E-02     1.950000000E-02
     1329     1.222222222E-03    -1.500000000E-02     1.950000000E-02
     1330    -4.083333360E-03    -1.750000000E-02     2.050000000E-02
     1331    -1.691382822E-03    -1.749004179E-02     2.050000000E-02
     1332     7.444444444E-03    -1.500000000E-02     2.050000000E-02
     1333     4.333333333E-03    -1.500000000E-02     1.950000000E-02
     1334     7.444444444E-03    -1.500000000E-02     1.950000000E-02
     1335     6.294516134E-03    -1.833333333E-02     1.950000000E-02
     1336     2.740740697E-03    -1.833333333E-02     1.950000000E-02
     1337     6.318188933E-03    -1.858220410E-02     2.050000000E-02
     1338     2.875003764E-03    -1.939389042E-02     2.050000000E-02
     1339     1.419728290E-03    -1.749004179E-02     2.050000000E-02
     1340     1.366666667E-02    -1.500000000E-02     2.050000000E-02
     1341     1.055555556E-02    -1.500000000E-02     1.950000000E-02
     1342     1.366666667E-02    -1.500000000E-02     1.950000000E-02
     1343     9.405627245E-03    -1.833333333E-02     1.950000000E-02
     1344     1.249494706E-02    -1.833333333E-02     1.950000000E-02
     1345     1.303703732E-02    -1.833333333E-02     2.050000000E-02
     1346     9.429300044E-03    -1.858220410E-02     2.050000000E-02
     1347     1.988888889E-02    -1.500000000E-02     1.950000000E-02
     1348     1.677777778E-02    -1.500000000E-02     1.950000000E-02
     1349     1.614814843E-02    -1.833333333E-02     2.050000000E-02
     1350     1.929953945E-02    -1.728058123E-02     2.050000000E-02
     1351     2.500000000E-02    -3.250000000E-03     2.050000000E-02
     1352     2.500000000E-02    -6.500000000E-03     1.950000000E-02
     1353     2.500000000E-02    -3.250000000E-03     1.950000000E-02
     1354     2.833333333E-02    -7.958333333E-03     2.050000000E-02
     1355     2.833333333E-02    -4.291666667E-03     2.050000000E-02
     1356     2.500000000E-02     3.250000000E-03     2.050000000E-02
     1357     2.500000000E-02     6.106226635E-18     1.950000000E-02
     1358     2.500000000E-02     3.250000000E-03     1.950000000E-02
     1359     2.833333333E-02     5.000000000E-04     1.950000000E-02
     1360     2.833333333E-02     2.666666667E-03     2.050000000E-02
     1361     2.833333333E-02    -1.041666667E-03     2.050000000E-02
     1362     2.500000000E-02     6.500000000E-03     1.950000000E-02
     1363     2.833333333E-02     5.916666667E-03     2.050000000E-02
     1364     2.728317289E-02     9.129450850E-03     2.050000000E-02
     1365     2.500000000E-02    -9.750000000E-03     1.850000000E-02
     1366     2.441421356E-02    -1.441421356E-02     1.850000000E-02
     1367     2.833333333E-02    -1.233333333E-02     1.850000000E-02
     1368     2.627829498E-02    -1.529263173E-02     1.850000000E-02
     1369     2.833333333E-02    -1.433333333E-02     1.950000000E-02
     1370     2.833333333E-02    -1.120833333E-02     1.950000000E-02
     1371     2.500000000E-02    -3.250000000E-03     1.850000000E-02
     1372     2.833333333E-02    -9.083333333E-03     1.850000000E-02
     1373     2.833333333E-02    -5.916666667E-03     1.850000000E-02
     1374     2.833333333E-02    -7.958333333E-03     1.950000000E-02
     1375     2.833333333E-02    -4.291666667E-03     1.950000000E-02
     1376     2.500000000E-02     3.250000000E-03     1.850000000E-02
     1377     2.833333333E-02     5.000000000E-04     1.850000000E-02
     1378     2.833333333E-02    -2.666666667E-03     1.850000000E-02
     1379     2.833333333E-02    -1.041666667E-03     1.950000000E-02
     1380     2.758668085E-02     9.530915804E-03     1.850000000E-02
     1381     2.833333333E-02     3.750000000E-03     1.850000000E-02
     1382     2.863781841E-02     6.819613362E-03     1.850000000E-02
     1383     2.833333333E-02     5.916666667E-03     1.950000000E-02
     1384     2.728317289E-02     9.129450850E-03     1.950000000E-02
     1385     1.988888889E-02    -1.500000000E-02     1.850000000E-02
     1386     2.233333333E-02    -1.833333333E-02     1.850000000E-02
     1387     2.527829498E-02    -1.629263173E-02     1.850000000E-02
     1388     2.471544316E-02    -1.737425595E-02     1.950000000E-02
     1389     2.241065056E-02    -1.728058123E-02     1.950000000E-02
     1390    -2.366666667E-02    -1.500000000E-02     1.850000000E-02
     1391    -2.475925920E-02    -1.750000000E-02     1.850000000E-02
     1392    -2.738730568E-02    -1.775004390E-02     1.850000000E-02
     1393    -1.744444444E-02    -1.500000000E-02     1.850000000E-02
     1394    -1.878703870E-02    -1.809429114E-02     1.850000000E-02
     1395    -2.164814809E-02    -1.750000000E-02     1.850000000E-02
     1396    -1.122222222E-02    -1.500000000E-02     1.850000000E-02
     1397    -1.567592759E-02    -1.809429114E-02     1.850000000E-02
     1398    -1.300356276E-02    -1.789883839E-02     1.850000000E-02
     1399    -1.510410893E-02    -1.830020555E-02     1.950000000E-02
     1400    -1.266526623E-02    -1.699337444E-02     1.950000000E-02
     1401    -5.000000000E-03    -1.500000000E-02     1.850000000E-02
     1402    -7.207671956E-03    -1.857142857E-02     1.850000000E-02
     1403    -9.892451651E-03    -1.789883839E-02     1.850000000E-02
     1404    -7.194444471E-03    -1.750000000E-02     1.950000000E-02
     1405    -9.554155119E-03    -1.699337444E-02     1.950000000E-02
     1406     1.222222222E-03    -1.500000000E-02     1.850000000E-02
     1407    -4.096560845E-03    -1.857142857E-02     1.850000000E-02
     1408    -3.703704145E-04    -1.833333333E-02     1.850000000E-02
     1409    -4.083333360E-03    -1.750000000E-02     1.950000000E-02
     1410    -1.691382822E-03    -1.749004179E-02     1.950000000E-02
     1411     7.444444444E-03    -1.500000000E-02     1.850000000E-02
     1412     6.294516134E-03    -1.833333333E-02     1.850000000E-02
     1413     2.740740697E-03    -1.833333333E-02     1.850000000E-02
     1414     1.419728290E-03    -1.749004179E-02     1.950000000E-02
     1415     1.366666667E-02    -1.500000000E-02     1.850000000E-02
     1416     9.405627245E-03    -1.833333333E-02     1.850000000E-02
     1417     1.249494706E-02    -1.833333333E-02     1.850000000E-02
     1418     1.922222222E-02    -1.833333333E-02     1.850000000E-02
     1419     1.560605817E-02    -1.833333333E-02     1.850000000E-02
     1420     1.614814843E-02    -1.833333333E-02     1.950000000E-02
     1421     1.929953945E-02    -1.728058123E-02     1.950000000E-02
     1422    -3.520487935E-02     2.259807689E-02     1.850000000E-02
     1423    -2.950000000E-02     2.500000000E-02     1.850000000E-02
     1424    -3.275705238E-02     2.527624991E-02     1.850000000E-02
     1425    -3.457171457E-02     1.964096739E-02     1.850000000E-02
     1426    -2.805050262E-02     2.166666667E-02     1.850000000E-02
     1427    -3.114929296E-02     2.173848718E-02     1.950000000E-02
     1428    -3.236111111E-02     2.516666667E-02     1.950000000E-02
     1429    -3.438888889E-02     2.200000000E-02     1.950000000E-02
     1430     2.512732493E-02     2.256210578E-02     1.850000000E-02
     1431     1.950000000E-02     2.500000000E-02     1.850000000E-02
     1432     2.275701477E-02     2.527465106E-02     1.850000000E-02
     1433     2.441057579E-02     1.955426551E-02     1.850000000E-02
     1434     1.805140156E-02     2.166666667E-02     1.850000000E-02
     1435     2.388966052E-02     2.179513889E-02     1.950000000E-02
     1436     2.200000000E-02     2.500000000E-02     1.950000000E-02
     1437     2.108865431E-02     2.114299925E-02     1.950000000E-02
     1438    -4.270107157E-02     1.520800159E-02     1.850000000E-02
     1439    -4.166666667E-02     8.187500000E-03     1.850000000E-02
     1440    -4.537472294E-02     1.269335425E-02     1.850000000E-02
     1441    -3.957171457E-02     1.464096739E-02     1.850000000E-02
     1442    -4.500000000E-02     9.666666667E-03     1.850000000E-02
     1443    -4.100000000E-02     1.433333333E-02     1.950000000E-02
     1444    -4.269398251E-02     1.078830810E-02     1.950000000E-02
     1445    -4.042467939E-02     1.077682006E-02     1.950000000E-02
     1446     3.158449286E-02     1.548470149E-02     1.850000000E-02
     1447     3.389101326E-02     1.246896008E-02     1.850000000E-02
     1448     2.866392331E-02     1.500184798E-02     1.850000000E-02
     1449     3.122449926E-02     9.850529167E-03     1.850000000E-02
     1450     3.242001418E-02     1.236424914E-02     1.950000000E-02
     1451     2.998163235E-02     1.454034041E-02     1.950000000E-02
     1452     2.986985374E-02     1.216036665E-02     1.950000000E-02
     1453     3.329649390E-02    -1.502740418E-02     1.850000000E-02
     1454     3.522308169E-02    -9.336106884E-03     1.850000000E-02
     1455     3.166666667E-02    -8.500000000E-03     1.850000000E-02
     1456     2.961162831E-02    -1.462596507E-02     1.850000000E-02
     1457     3.594564775E-02    -1.205954346E-02     1.850000000E-02
     1458     3.166666667E-02    -1.366666667E-02     1.950000000E-02
     1459     3.500000000E-02    -1.200000000E-02     1.950000000E-02
     1460     3.166666667E-02    -1.054166667E-02     1.950000000E-02
     1461    -4.167567231E-02    -1.570607155E-02     1.850000000E-02
     1462    -4.390268048E-02    -1.275682616E-02     1.850000000E-02
     1463    -3.887106491E-02    -1.526538084E-02     1.850000000E-02
     1464    -4.124382946E-02    -1.028657866E-02     1.850000000E-02
     1465    -4.122958720E-02    -1.261600845E-02     1.950000000E-02
     1466    -4.023716932E-02    -1.039647232E-02     1.950000000E-02
     1467    -3.968354519E-02    -1.485684437E-02     1.950000000E-02
     1468    -3.612622652E-02    -2.274397218E-02     1.850000000E-02
     1469    -3.337691570E-02    -2.516981163E-02     1.850000000E-02
     1470    -3.545166093E-02    -1.984845958E-02     1.850000000E-02
     1471    -3.070866582E-02    -2.125318886E-02     1.850000000E-02
     1472    -3.120322475E-02    -2.360743167E-02     1.850000000E-02
     1473    -3.475050034E-02    -2.198467023E-02     1.950000000E-02
     1474    -3.302799806E-02    -2.510185548E-02     1.950000000E-02
     1475    -3.158012068E-02    -2.178863741E-02     1.950000000E-02
     1476     2.553783882E-02    -2.271827098E-02     1.850000000E-02
     1477     1.950000000E-02    -2.500000000E-02     1.850000000E-02
     1478     2.275630647E-02    -2.527700348E-02     1.850000000E-02
     1479     2.461162831E-02    -1.962596507E-02     1.850000000E-02
     1480     1.805050262E-02    -2.166666667E-02     1.850000000E-02
     1481     1.859259288E-02    -2.166666667E-02     1.950000000E-02
     1482     2.196296310E-02    -2.316666667E-02     1.950000000E-02
     1483     2.404877650E-02    -2.070758929E-02     1.950000000E-02
     1484     2.174398389E-02    -2.061391456E-02     1.950000000E-02
     1485    -1.470192350E-02     2.166666667E-02     1.850000000E-02
     1486    -1.972044202E-02     2.500000000E-02     1.850000000E-02
     1487    -1.644266425E-02     2.500000000E-02     1.850000000E-02
     1488    -2.134501875E-02     2.166666667E-02     1.850000000E-02
     1489    -1.881303458E-02     2.166666667E-02     1.950000000E-02
     1490    -1.672044202E-02     2.500000000E-02     1.950000000E-02
     1491    -1.519703783E-02     2.165788951E-02     1.950000000E-02
     1492    -1.975747908E-02     2.500000000E-02     1.950000000E-02
     1493     6.736336983E-03     2.500000000E-02     1.850000000E-02
     1494     5.209066384E-03     2.166666667E-02     1.850000000E-02
     1495     1.136181265E-02     2.166666667E-02     1.850000000E-02
     1496     9.773374038E-03     2.500000000E-02     1.850000000E-02
     1497     9.773374197E-03     2.500000000E-02     1.950000000E-02
     1498     6.591392857E-03     2.495336855E-02     1.950000000E-02
     1499     8.285947263E-03     2.165255065E-02     1.950000000E-02
     1500    -1.731911759E-02    -2.443096347E-02     1.850000000E-02
     1501    -1.513393069E-02    -2.633667233E-02     1.850000000E-02
     1502    -1.921082340E-02    -2.585088671E-02     1.850000000E-02
     1503    -1.551557530E-02    -2.880063237E-02     1.850000000E-02
     1504    -2.009689368E-02    -2.842000566E-02     1.850000000E-02
     1505    -1.564298334E-02    -2.823877997E-02     1.950000000E-02
     1506    -1.674729892E-02    -2.463687788E-02     1.950000000E-02
     1507    -1.864318996E-02    -2.800333899E-02     1.950000000E-02
     1508     4.701923497E-03    -2.166666667E-02     1.850000000E-02
     1509     9.720442024E-03    -2.500000000E-02     1.850000000E-02
     1510     6.442664253E-03    -2.500000000E-02     1.850000000E-02
     1511     1.134501875E-02    -2.166666667E-02     1.850000000E-02
     1512     8.279371733E-03    -2.191553743E-02     1.950000000E-02
     1513    -7.952075916E-03     2.166666667E-02     1.850000000E-02
     1514    -6.415038901E-03     2.500000000E-02     1.850000000E-02
     1515    -3.100224115E-03     2.500000000E-02     1.850000000E-02
     1516    -1.312679928E-03     2.166666667E-02     1.850000000E-02
     1517    -1.341007304E-03     2.161468730E-02     1.950000000E-02
     1518    -5.354459917E-03     2.160779864E-02     1.950000000E-02
     1519    -3.385896979E-03     2.497375353E-02     1.950000000E-02
     1520    -2.578042371E-03    -2.190476190E-02     1.850000000E-02
     1521    -4.115079386E-03    -2.523809524E-02     1.850000000E-02
     1522    -7.367696055E-03    -2.560583330E-02     1.850000000E-02
     1523    -9.476190431E-03    -2.357142857E-02     1.850000000E-02
     1524    -8.989012496E-03    -2.147026696E-02     1.850000000E-02
     1525    -5.374338650E-03    -2.357142857E-02     1.950000000E-02
     1526    -8.057882299E-03    -2.306170638E-02     1.950000000E-02
     1527    -6.291005316E-03    -2.107142857E-02     1.950000000E-02
     1528    -3.899054778E-03    -2.106147036E-02     1.950000000E-02
     1529     3.500756530E-02     3.068020542E-03     1.850000000E-02
     1530     3.166666667E-02    -2.166666667E-03     1.850000000E-02
     1531     3.500000000E-02    -8.333333333E-05     1.850000000E-02
     1532     3.197115174E-02     4.069613362E-03     1.850000000E-02
     1533     3.166666667E-02     3.166666667E-03     1.950000000E-02
     1534     3.166666667E-02    -5.416666667E-04     1.950000000E-02
     1535     3.367164092E-02     1.515755876E-03     1.950000000E-02
     1536    -4.500000000E-02    -6.683522646E-04     1.850000000E-02
     1537    -4.831453398E-02    -2.355289705E-03     1.850000000E-02
     1538    -4.500000000E-02     2.810814402E-03     1.850000000E-02
     1539    -4.833333333E-02     4.289981069E-03     1.850000000E-02
     1540    -4.859928177E-02     3.514928583E-03     1.950000000E-02
     1541    -4.636796334E-02    -1.558970725E-03     1.950000000E-02
     1542    -4.509608109E-02     1.969106614E-03     1.950000000E-02
     1543    -4.874644346E-02     1.822430256E-04     1.950000000E-02
     1544     3.216766605E-02    -2.107900850E-02     1.850000000E-02
     1545     2.662747862E-02    -2.632860779E-02     1.850000000E-02
     1546     2.848280046E-02    -2.067756938E-02     1.850000000E-02
     1547     3.003783882E-02    -2.666202088E-02     1.850000000E-02
     1548     3.225033882E-02    -2.437109825E-02     1.850000000E-02
     1549     2.894408886E-02    -2.579639598E-02     1.950000000E-02
     1550     2.583413525E-02    -2.421827098E-02     1.950000000E-02
     1551     2.791994865E-02    -2.175919360E-02     1.950000000E-02
     1552     3.092527081E-02    -2.261076102E-02     1.950000000E-02
     1553    -4.096199678E-02    -2.102683255E-02     1.850000000E-02
     1554    -3.608264415E-02    -2.590749388E-02     1.850000000E-02
     1555    -3.815738938E-02    -2.058614184E-02     1.850000000E-02
     1556    -3.944572299E-02    -2.639577411E-02     1.850000000E-02
     1557    -4.193807913E-02    -2.409555400E-02     1.850000000E-02
     1558    -3.745622879E-02    -2.272235249E-02     1.950000000E-02
     1559    -3.889271472E-02    -2.589667930E-02     1.950000000E-02
     1560    -4.049931082E-02    -2.321304944E-02     1.950000000E-02
     1561    -3.896986966E-02    -2.017760536E-02     1.950000000E-02
     1562     3.079180361E-02     2.093255813E-02     1.850000000E-02
     1563     2.621767303E-02     2.617009017E-02     1.850000000E-02
     1564     2.787123405E-02     2.044970462E-02     1.850000000E-02
     1565     2.936576927E-02     2.642143980E-02     1.850000000E-02
     1566     3.181722096E-02     2.407263573E-02     1.850000000E-02
     1567     2.735031878E-02     2.269057800E-02     1.950000000E-02
     1568     2.918894310E-02     1.998819705E-02     1.950000000E-02
     1569     2.863323772E-02     2.586818617E-02     1.950000000E-02
     1570     3.006966090E-02     2.303415553E-02     1.950000000E-02
     1571    -4.123928425E-02     2.113941181E-02     1.850000000E-02
     1572    -3.629526507E-02     2.620766013E-02     1.850000000E-02
     1573    -3.810992726E-02     2.057237761E-02     1.850000000E-02
     1574    -3.938871868E-02     2.644149123E-02     1.850000000E-02
     1575    -4.190431694E-02     2.411756943E-02     1.850000000E-02
     1576    -3.953821269E-02     2.026474356E-02     1.950000000E-02
     1577    -4.064932380E-02     2.326474356E-02     1.950000000E-02
     1578    -3.876043491E-02     2.626474356E-02     1.950000000E-02
     1579    -3.792710157E-02     2.293141022E-02     1.950000000E-02
     1580    -4.531904676E-02    -1.562276527E-02     1.850000000E-02
     1581    -4.028743119E-02    -1.813131996E-02     1.850000000E-02
     1582    -4.623996356E-02    -1.930434257E-02     1.850000000E-02
     1583    -4.406812093E-02    -2.164073211E-02     1.850000000E-02
     1584    -4.264595348E-02    -1.548194757E-02     1.950000000E-02
     1585    -4.421268596E-02    -1.839711645E-02     1.950000000E-02
     1586    -4.262935263E-02    -2.075822756E-02     1.950000000E-02
     1587    -4.109991147E-02    -1.772278348E-02     1.950000000E-02
     1588     3.124145554E-02    -1.798670259E-02     1.850000000E-02
     1589     3.789382701E-02    -1.792762908E-02     1.850000000E-02
     1590     3.725482723E-02    -2.009511228E-02     1.850000000E-02
     1591     3.757547498E-02    -1.542028097E-02     1.850000000E-02
     1592     3.500899390E-02    -2.168023145E-02     1.850000000E-02
     1593     3.329649390E-02    -1.702740418E-02     1.950000000E-02
     1594     3.662982723E-02    -1.536073752E-02     1.950000000E-02
     1595     3.657833307E-02    -1.849908075E-02     1.950000000E-02
     1596     3.368392589E-02    -1.991989423E-02     1.950000000E-02
     1597     3.530214443E-02     1.539182996E-02     1.850000000E-02
     1598     3.007505448E-02     1.792471786E-02     1.850000000E-02
     1599     3.619920745E-02     1.916397182E-02     1.850000000E-02
     1600     3.402104138E-02     2.154764897E-02     1.850000000E-02
     1601     3.533114535E-02     1.870378569E-02     1.950000000E-02
     1602     3.383114535E-02     1.528711902E-02     1.950000000E-02
     1603     3.139276352E-02     1.746321029E-02     1.950000000E-02
     1604     3.227348132E-02     2.050916878E-02     1.950000000E-02
     1605    -4.640912784E-02     1.623468918E-02     1.850000000E-02
     1606    -4.060611947E-02     1.818230231E-02     1.850000000E-02
     1607    -4.662435945E-02     1.941899819E-02     1.850000000E-02
     1608    -4.440050916E-02     2.172749413E-02     1.850000000E-02
     1609    -4.203440490E-02     1.787466825E-02     1.950000000E-02
     1610    -4.314551601E-02     2.087466825E-02     1.950000000E-02
     1611    -4.372838741E-02     1.432964303E-02     1.950000000E-02
     1612    -4.590184939E-02     1.636944448E-02     1.950000000E-02
     1613    -4.600475562E-02     1.910787597E-02     1.950000000E-02
     1614    -3.888889551E-04    -2.500000000E-02     1.850000000E-02
     1615     2.888888816E-03    -2.500000000E-02     1.850000000E-02
     1616    -1.648148219E-03    -2.333333333E-02     1.950000000E-02
     1617     4.725596296E-03    -2.191553743E-02     1.950000000E-02
     1618     1.282411127E-03    -2.272722375E-02     1.950000000E-02
     1619    -1.728643472E-04    -2.082337512E-02     1.950000000E-02
     1620    -9.611111045E-03     2.500000000E-02     1.850000000E-02
     1621    -1.288888882E-02     2.500000000E-02     1.850000000E-02
     1622    -8.550532060E-03     2.160779864E-02     1.950000000E-02
     1623    -1.164326240E-02     2.165788951E-02     1.950000000E-02
     1624    -1.012962957E-02     2.500000000E-02     1.950000000E-02
     1625     1.425925922E-02    -2.833333333E-02     1.850000000E-02
     1626     2.058963980E-02    -2.861033681E-02     1.850000000E-02
     1627     1.588383595E-02    -2.500000000E-02     1.850000000E-02
     1628     1.642592621E-02    -2.500000000E-02     1.950000000E-02
     1629     1.429629644E-02    -2.833333333E-02     1.950000000E-02
     1630     1.979629644E-02    -2.650000000E-02     1.950000000E-02
     1631     1.725334817E-02    -2.823714082E-02     1.950000000E-02
     1632     1.970916214E-02    -2.922338581E-02     1.950000000E-02
     1633     3.522308169E-02    -6.169440217E-03     1.850000000E-02
     1634     3.855641503E-02    -4.086106884E-03     1.850000000E-02
     1635     3.950206278E-02    -9.728983675E-03     1.850000000E-02
     1636     3.855641503E-02    -5.586106884E-03     1.950000000E-02
     1637     3.855641503E-02    -9.669440217E-03     1.950000000E-02
     1638     3.522308169E-02    -8.211106884E-03     1.950000000E-02
     1639     2.059034810E-02     2.860798439E-02     1.850000000E-02
     1640     1.588473490E-02     2.500000000E-02     1.850000000E-02
     1641     1.429629628E-02     2.833333333E-02     1.850000000E-02
     1642     1.642592621E-02     2.500000000E-02     1.950000000E-02
     1643     1.983333333E-02     2.833333333E-02     1.950000000E-02
     1644     1.706481489E-02     2.833333333E-02     1.950000000E-02
     1645     1.892198764E-02     2.447633258E-02     1.950000000E-02
     1646    -2.425925922E-02     2.833333333E-02     1.850000000E-02
     1647    -3.059038572E-02     2.860958324E-02     1.850000000E-02
     1648    -2.588383595E-02     2.500000000E-02     1.850000000E-02
     1649    -2.898262629E-02     2.507182051E-02     1.950000000E-02
     1650    -2.733333333E-02     2.833333333E-02     1.950000000E-02
     1651    -2.591128294E-02     2.501029165E-02     1.950000000E-02
     1652    -2.429629628E-02     2.833333333E-02     1.950000000E-02
     1653    -3.019444444E-02     2.850000000E-02     1.950000000E-02
     1654    -4.498120065E-02    -3.936937441E-03     1.850000000E-02
     1655    -4.166666667E-02     1.229166667E-03     1.850000000E-02
     1656    -4.194750977E-02    -4.991512442E-03     1.850000000E-02
     1657    -4.303463000E-02    -3.140618460E-03     1.950000000E-02
     1658    -4.176274775E-02     3.874588785E-04     1.950000000E-02
     1659    -4.049492781E-02    -2.729838544E-03     1.950000000E-02
     1660     1.870370328E-03     2.833333333E-02     1.850000000E-02
     1661     3.657914515E-03     2.500000000E-02     1.850000000E-02
     1662     8.222222169E-03     2.833333333E-02     1.850000000E-02
     1663     8.222222328E-03     2.833333333E-02     1.950000000E-02
     1664     5.040240989E-03     2.828670188E-02     1.950000000E-02
     1665     3.797856438E-02     8.756064819E-03     1.850000000E-02
     1666     3.834089863E-02     1.984687209E-03     1.850000000E-02
     1667     3.531205038E-02     6.137633904E-03     1.850000000E-02
     1668     3.802145419E-02     6.351006653E-03     1.950000000E-02
     1669     3.701253956E-02     3.583776418E-03     1.950000000E-02
     1670     3.916424745E-02     8.918115522E-03     1.950000000E-02
     1671     3.917423197E-02     3.953437209E-03     1.950000000E-02
     1672    -2.383333325E-02    -2.250000000E-02     1.850000000E-02
     1673    -2.594444442E-02    -2.750000000E-02     1.850000000E-02
     1674    -2.286392968E-02    -2.451421438E-02     1.850000000E-02
     1675    -2.646137973E-02    -2.275004390E-02     1.850000000E-02
     1676    -2.695593866E-02    -2.510428671E-02     1.850000000E-02
     1677    -2.374999996E-02    -2.708333333E-02     1.850000000E-02
     1678    -2.417334311E-02    -2.316879898E-02     1.950000000E-02
     1679    -2.229629624E-02    -2.666666667E-02     1.950000000E-02
     1680    -2.572492347E-02    -2.646391994E-02     1.950000000E-02
     1681    -2.733283460E-02    -2.328549245E-02     1.950000000E-02
     1682    -4.792089478E-02    -9.148697377E-03     1.850000000E-02
     1683    -4.526204375E-02    -6.678449882E-03     1.850000000E-02
     1684    -4.634916399E-02    -4.827555900E-03     1.950000000E-02
     1685    -4.914786732E-02    -5.999437441E-03     1.950000000E-02
     1686    -4.872764411E-02    -3.086342150E-03     1.950000000E-02
     1687    -4.683013979E-02    -7.103974803E-03     1.950000000E-02
     1688    -4.759259244E-03     2.833333333E-02     1.850000000E-02
     1689    -1.135185180E-02     2.833333333E-02     1.850000000E-02
     1690    -7.013495046E-03     2.494113198E-02     1.950000000E-02
     1691    -5.044932108E-03     2.830708686E-02     1.950000000E-02
     1692    -8.592592557E-03     2.833333333E-02     1.950000000E-02
     1693    -5.178542640E-03    -2.870107139E-02     1.850000000E-02
     1694     1.351851801E-03    -2.833333333E-02     1.850000000E-02
     1695    -3.185185234E-03    -2.666666667E-02     1.950000000E-02
     1696    -1.824074109E-03    -2.916666667E-02     1.950000000E-02
     1697    -4.767278718E-03    -2.891264585E-02     1.950000000E-02
     1698    -2.546258879E-04    -2.606055708E-02     1.950000000E-02
     1699    -4.500000000E-02     6.187500000E-03     1.850000000E-02
     1700    -4.526594843E-02     5.412447515E-03     1.950000000E-02
     1701    -4.269398251E-02     7.309141438E-03     1.950000000E-02
     1702    -4.176274775E-02     3.866625545E-03     1.950000000E-02
     1703    -4.042467939E-02     7.297653397E-03     1.950000000E-02
     1704    -1.053965368E-02    -2.703440473E-02     1.850000000E-02
     1705    -1.092129829E-02    -2.949836477E-02     1.850000000E-02
     1706    -1.104870633E-02    -2.893651237E-02     1.950000000E-02
     1707    -6.437801903E-03    -2.703440473E-02     1.950000000E-02
     1708    -9.121345553E-03    -2.652468253E-02     1.950000000E-02
     1709    -8.019895387E-03    -2.928038391E-02     1.950000000E-02
     1710    -1.987963124E-02    -2.059429114E-02     1.850000000E-02
     1711    -1.483333496E-02    -2.309429114E-02     1.850000000E-02
     1712    -1.891022766E-02    -2.260850552E-02     1.850000000E-02
     1713    -1.434615702E-02    -2.099312953E-02     1.850000000E-02
     1714    -2.021964109E-02    -2.126309013E-02     1.950000000E-02
     1715    -1.644670319E-02    -2.139449669E-02     1.950000000E-02
     1716     7.907407343E-03    -2.833333333E-02     1.850000000E-02
     1717     1.280976184E-02    -2.500000000E-02     1.850000000E-02
     1718     1.122222233E-02    -2.833333333E-02     1.950000000E-02
     1719     7.849342062E-03    -2.878110282E-02     1.950000000E-02
     1720     9.744114824E-03    -2.524887076E-02     1.950000000E-02
     1721    -1.790740734E-02     2.833333333E-02     1.850000000E-02
     1722    -2.280976184E-02     2.500000000E-02     1.850000000E-02
     1723    -1.818518511E-02     2.833333333E-02     1.950000000E-02
     1724    -2.122222217E-02     2.833333333E-02     1.950000000E-02
     1725     2.725630647E-02    -2.922075339E-02     1.850000000E-02
     1726     2.616255651E-02    -2.835512848E-02     1.950000000E-02
     1727     2.305260291E-02    -2.677700348E-02     1.950000000E-02
     1728     2.296546860E-02    -2.950038930E-02     1.950000000E-02
     1729    -3.669641217E-02    -2.882161355E-02     1.850000000E-02
     1730    -3.014814814E-02    -2.916666667E-02     1.850000000E-02
     1731    -3.115964238E-02    -2.677095337E-02     1.850000000E-02
     1732    -3.470691797E-02    -2.514819194E-02     1.950000000E-02
     1733    -3.298441569E-02    -2.826537719E-02     1.950000000E-02
     1734    -3.614340390E-02    -2.832251874E-02     1.950000000E-02
     1735    -4.846697172E-02    -1.635509718E-02     1.850000000E-02
     1736    -4.488720390E-02    -1.020327238E-02     1.850000000E-02
     1737    -4.487296165E-02    -1.253270217E-02     1.950000000E-02
     1738    -4.643969413E-02    -1.544787105E-02     1.950000000E-02
     1739    -4.831111330E-02    -1.273826359E-02     1.950000000E-02
     1740    -4.877302746E-02    -9.524259937E-03     1.950000000E-02
     1741    -4.913106698E-02    -1.542841005E-02     1.950000000E-02
     1742    -4.645529994E-02    -1.062879730E-02     1.950000000E-02
     1743     3.494215082E-02     9.757657639E-03     1.850000000E-02
     1744     3.850572784E-02     1.614823041E-02     1.850000000E-02
     1745     3.763766575E-02     1.568804428E-02     1.950000000E-02
     1746     3.613766575E-02     1.227137761E-02     1.950000000E-02
     1747     3.765155463E-02     9.971030388E-03     1.950000000E-02
     1748     3.879434789E-02     1.253813926E-02     1.950000000E-02
     1749    -4.870805628E-02     1.069335425E-02     1.850000000E-02
     1750    -4.929801083E-02     1.690435085E-02     1.850000000E-02
     1751    -4.640203879E-02     1.181499569E-02     1.950000000E-02
     1752    -4.857550077E-02     1.385479715E-02     1.950000000E-02
     1753    -4.867840700E-02     1.659322864E-02     1.950000000E-02
     1754     2.699545911E-02     2.913398508E-02     1.850000000E-02
     1755     2.498000862E-02     2.540312328E-02     1.950000000E-02
     1756     2.309034810E-02     2.860798439E-02     1.950000000E-02
     1757     2.626292756E-02     2.858073146E-02     1.950000000E-02
     1758    -3.694089172E-02     2.911966425E-02     1.850000000E-02
     1759    -3.631260794E-02     2.894291658E-02     1.950000000E-02
     1760    -3.345149683E-02     2.877624991E-02     1.950000000E-02
     1761    -3.547927461E-02     2.560958324E-02     1.950000000E-02
     1762     3.430997289E-04     2.500000000E-02     1.850000000E-02
     1763     3.147723528E-04     2.494802063E-02     1.950000000E-02
     1764    -1.730117322E-03     2.830708686E-02     1.950000000E-02
     1765     1.725426202E-03     2.828670188E-02     1.950000000E-02
     1766    -1.490740734E-02     2.833333333E-02     1.950000000E-02
     1767    -1.338400315E-02     2.499122284E-02     1.950000000E-02
     1768    -1.187037033E-02     2.833333333E-02     1.950000000E-02
     1769     4.571564291E-03    -2.878110282E-02     1.950000000E-02
     1770     6.466337052E-03    -2.524887076E-02     1.950000000E-02
     1771     1.453703662E-03    -2.916666667E-02     1.950000000E-02
     1772     3.023151883E-03    -2.606055708E-02     1.950000000E-02
     1773     3.500000000E-02    -3.250000000E-03     1.850000000E-02
     1774     3.500000000E-02    -4.750000000E-03     1.950000000E-02
     1775     3.166666667E-02    -7.375000000E-03     1.950000000E-02
     1776     3.166666667E-02    -3.708333333E-03     1.950000000E-02
     1777     3.833333333E-02    -2.666666667E-03     1.950000000E-02
     1778     3.500000000E-02    -1.625000000E-03     1.950000000E-02
     1779     3.700497426E-02     4.324225424E-04     1.950000000E-02
     1780     3.916666667E-02     8.020833333E-04     1.950000000E-02
     1781    -3.890504791E-02     1.730763406E-02     1.950000000E-02
     1782    -3.405434087E-02     1.971278791E-02     1.950000000E-02
     1783    -3.729393679E-02     1.997430072E-02     1.950000000E-02
     1784    -3.832972729E-02     1.375112079E-02     1.950000000E-02
     1785     2.663356964E-02     1.968273773E-02     1.950000000E-02
     1786     2.847219396E-02     1.698035678E-02     1.950000000E-02
     1787     2.383256343E-02     1.903059809E-02     1.950000000E-02
     1788     2.836041535E-02     1.460038302E-02     1.950000000E-02
     1789    -3.678166320E-02    -1.982683989E-02     1.950000000E-02
     1790    -3.829530407E-02    -1.728209277E-02     1.950000000E-02
     1791     2.961162831E-02    -1.662596507E-02     1.950000000E-02
     1792     2.699373814E-02    -1.866688769E-02     1.950000000E-02
     1793     2.999906031E-02    -1.951845511E-02     1.950000000E-02
     1794     2.102316539E-03     2.161468730E-02     1.950000000E-02
     1795     3.512970389E-03     2.495336855E-02     1.950000000E-02
     1796     5.207524795E-03     2.165255065E-02     1.950000000E-02
     1797     1.497642882E-02    -2.166666667E-02     1.950000000E-02
     1798     1.284679905E-02    -2.500000000E-02     1.950000000E-02
     1799     1.136869155E-02    -2.191553743E-02     1.950000000E-02
     1800     1.284769784E-02     2.500000000E-02     1.850000000E-02
     1801     1.497732777E-02     2.166666667E-02     1.950000000E-02
     1802     1.284769800E-02     2.500000000E-02     1.950000000E-02
     1803     1.136027107E-02     2.165255065E-02     1.950000000E-02
     1804     1.561621645E-02     2.500000000E-02     1.950000000E-02
     1805     1.747338920E-02     2.114299925E-02     1.950000000E-02
     1806    -2.753312891E-02     2.173848718E-02     1.950000000E-02
     1807    -2.190235440E-02     2.166666667E-02     1.950000000E-02
     1808    -2.446178555E-02     2.167695832E-02     1.950000000E-02
     1809    -2.284679889E-02     2.500000000E-02     1.950000000E-02
     1810     1.125925938E-02     2.833333333E-02     1.950000000E-02
     1811     1.402777783E-02     2.833333333E-02     1.950000000E-02
     1812    -4.859928177E-02     6.891614181E-03     1.950000000E-02
     1813    -4.602731584E-02     8.788308104E-03     1.950000000E-02
     1814    -4.820077782E-02     1.082810956E-02     1.950000000E-02
     1815    -2.177133704E-02    -2.201421438E-02     1.850000000E-02
     1816    -2.536878710E-02    -2.025004390E-02     1.850000000E-02
     1817    -2.308075047E-02    -2.066879898E-02     1.950000000E-02
     1818    -4.254994359E-02     2.702957355E-02     1.850000000E-02
     1819    -4.129495044E-02     2.617674767E-02     1.950000000E-02
     1820    -3.940606155E-02     2.917674767E-02     1.950000000E-02
     1821    -4.208252210E-02     2.863766039E-02     1.950000000E-02
     1822     3.259500704E-02     2.703653064E-02     1.850000000E-02
     1823     3.275926056E-02     2.842151084E-02     1.950000000E-02
     1824     2.941102380E-02     2.883208108E-02     1.950000000E-02
     1825     3.084744698E-02     2.599805044E-02     1.950000000E-02
     1826    -4.255184714E-02    -2.700967367E-02     1.850000000E-02
     1827    -3.950648273E-02    -2.881079897E-02     1.950000000E-02
     1828    -4.111307884E-02    -2.612716911E-02     1.950000000E-02
     1829    -4.245677589E-02    -2.928991709E-02     1.950000000E-02
     1830     3.287916667E-02    -2.726324384E-02     1.850000000E-02
     1831     2.957291671E-02    -2.868854157E-02     1.950000000E-02
     1832     3.228065127E-02    -3.033356429E-02     1.950000000E-02
     1833    -2.797445719E-02    -2.760428671E-02     1.850000000E-02
     1834    -2.476851849E-02    -2.958333333E-02     1.850000000E-02
     1835    -2.979923050E-02    -2.909871052E-02     1.950000000E-02
     1836    -2.674344200E-02    -2.896391994E-02     1.950000000E-02
     1837     3.197115174E-02     6.236280029E-03     1.950000000E-02
     1838     3.347115174E-02     9.652946696E-03     1.950000000E-02
     1839     3.498504063E-02     7.352599473E-03     1.950000000E-02
     1840     3.397612600E-02     4.585369238E-03     1.950000000E-02
     1841     3.092099130E-02     9.449064212E-03     1.950000000E-02
     1842     4.022233311E-02    -1.963459965E-02     1.850000000E-02
     1843     4.054298086E-02    -1.495976835E-02     1.850000000E-02
     1844     3.959733311E-02    -1.490022489E-02     1.950000000E-02
     1845     3.954583895E-02    -1.803856812E-02     1.950000000E-02
     1846    -4.728939214E-02     2.239715581E-02     1.850000000E-02
     1847    -4.914551010E-02     2.254432993E-02     1.950000000E-02
     1848    -4.889363860E-02     1.977753765E-02     1.950000000E-02
     1849     3.722462479E-02     2.230404942E-02     1.850000000E-02
     1850     3.853472876E-02     1.946018614E-02     1.950000000E-02
     1851     4.025676062E-02     2.190359217E-02     1.950000000E-02
     1852     3.969141091E-02     1.631028112E-02     1.950000000E-02
     1853    -4.721604590E-02    -2.237306402E-02     1.850000000E-02
     1854    -4.927938936E-02    -2.196397305E-02     1.950000000E-02
     1855    -4.736061093E-02    -1.912944835E-02     1.950000000E-02
     1856    -5.005198378E-02    -1.910998735E-02     1.950000000E-02
     1857    -1.216097013E-02    -2.289883839E-02     1.850000000E-02
     1858    -1.302979266E-02    -2.746396004E-02     1.850000000E-02
     1859    -1.315720070E-02    -2.690210764E-02     1.950000000E-02
     1860    -1.426151629E-02    -2.330020555E-02     1.950000000E-02
     1861    -1.122983993E-02    -2.449027780E-02     1.950000000E-02
     1862     3.733750000E-02    -2.338720203E-02     1.850000000E-02
     1863     3.849196092E-02    -2.360610081E-02     1.950000000E-02
     1864     3.890683917E-02    -2.020605132E-02     1.950000000E-02
     1865     3.601243199E-02    -2.162686481E-02     1.950000000E-02
     1866    -4.221411062E-02    -1.006245467E-02     1.950000000E-02
     1867    -4.331547311E-02    -5.882130902E-03     1.950000000E-02
     1868    -4.077577091E-02    -5.471350986E-03     1.950000000E-02
     1869    -4.122169274E-02    -7.842918541E-03     1.950000000E-02
     1870    -4.379644891E-02    -8.158549804E-03     1.950000000E-02
     1871    -2.168800375E-02    -2.659754772E-02     1.850000000E-02
     1872    -2.211134690E-02    -2.268301337E-02     1.950000000E-02
     1873    -1.833840900E-02    -2.281441994E-02     1.950000000E-02
     1874    -2.023430003E-02    -2.618088105E-02     1.950000000E-02
     1875     3.927898108E-02    -1.239287679E-02     1.950000000E-02
     1876    -1.377433835E-02    -2.119904394E-02     1.950000000E-02
     1877    -1.074266199E-02    -2.238911619E-02     1.950000000E-02
     1878    -8.975785011E-03    -2.039883839E-02     1.950000000E-02
     1879    -1.133549566E-02    -1.989221283E-02     1.950000000E-02
     1880    -1.353884531E-02    -2.936606769E-02     1.950000000E-02
     1881    -2.849139250E-02    -2.285433061E-02     1.850000000E-02
     1882    -2.570879695E-02    -2.091884289E-02     1.950000000E-02
     1883    -2.886828844E-02    -2.103553636E-02     1.950000000E-02
     1884    -3.081072474E-02    -2.670299723E-02     1.950000000E-02
     1885    -2.775493624E-02    -2.656820664E-02     1.950000000E-02
     1886    -2.936284736E-02    -2.338977916E-02     1.950000000E-02
     1887    -4.381054870E-02     2.385282588E-02     1.950000000E-02
     1888    -4.692165981E-02     2.485282588E-02     1.950000000E-02
     1889    -4.459812036E-02     2.631373860E-02     1.950000000E-02
     1890    -4.666978831E-02     2.208603360E-02     1.950000000E-02
     1891     3.635656270E-02     2.184386328E-02     1.950000000E-02
     1892     3.521071225E-02     2.607270677E-02     1.950000000E-02
     1893     3.329889867E-02     2.364924637E-02     1.950000000E-02
     1894     3.807859455E-02     2.428726932E-02     1.950000000E-02
     1895    -4.710754674E-02    -2.430036259E-02     1.950000000E-02
     1896    -4.518876831E-02    -2.146583789E-02     1.950000000E-02
     1897    -4.360543497E-02    -2.382694900E-02     1.950000000E-02
     1898    -4.494913203E-02    -2.698969698E-02     1.950000000E-02
     1899     3.178541671E-02    -2.639761894E-02     1.950000000E-02
     1900     3.624612759E-02    -2.519121998E-02     1.950000000E-02
     1901     3.376659866E-02    -2.321198398E-02     1.950000000E-02
     1902     3.449315127E-02    -2.804264166E-02     1.950000000E-02
     1903    -2.112037031E-02    -2.875000000E-02     1.950000000E-02
     1904    -2.454899754E-02    -2.854725327E-02     1.950000000E-02
     1905    -4.144444444E-02     2.000000000E-02     2.050000000E-02
     1906    -4.202731584E-02     1.345497477E-02     2.050000000E-02
     1907    -4.420077782E-02     1.549477623E-02     2.050000000E-02
     1908    -3.872222222E-02     1.966666667E-02     2.050000000E-02
     1909    -3.975801272E-02     1.344348673E-02     2.050000000E-02
     1910    -4.430368405E-02     1.823320772E-02     2.050000000E-02
     1911     3.652081622E-02     2.322884349E-02     2.050000000E-02
     1912     3.616666667E-02     1.558333333E-02     2.050000000E-02
     1913     3.372828484E-02     1.775942460E-02     2.050000000E-02
     1914     3.460900264E-02     2.080538309E-02     2.050000000E-02
     1915     3.938869852E-02     2.144340603E-02     2.050000000E-02
     1916     3.882334881E-02     1.585009498E-02     2.050000000E-02
     1917    -3.435800032E-02    -2.508023579E-02     2.050000000E-02
     1918    -3.751698853E-02    -2.513737735E-02     2.050000000E-02
     1919    -3.291012295E-02    -2.176701772E-02     2.050000000E-02
     1920    -3.912358464E-02    -2.245374749E-02     2.050000000E-02
     1921    -3.759414347E-02    -1.941830342E-02     2.050000000E-02
     1922     3.293987763E-02    -2.661651771E-02     2.050000000E-02
     1923     2.536921314E-02    -2.624479167E-02     2.050000000E-02
     1924     2.745502654E-02    -2.378571429E-02     2.050000000E-02
     1925     3.046034870E-02    -2.463728171E-02     2.050000000E-02
     1926     3.118690131E-02    -2.946793939E-02     2.050000000E-02
     1927     2.528207884E-02    -2.896817748E-02     2.050000000E-02
     1928     2.422299385E-02     2.512847222E-02     2.050000000E-02
     1929     2.795127869E-02     1.922123016E-02     2.050000000E-02
     1930     2.739557331E-02     2.510121929E-02     2.050000000E-02
     1931     2.883199649E-02     2.226718864E-02     2.050000000E-02
     1932     2.331164816E-02     2.127147147E-02     2.050000000E-02
     1933     3.500000000E-02    -1.400000000E-02     2.050000000E-02
     1934     3.166666667E-02    -1.254166667E-02     2.050000000E-02
     1935     2.904877650E-02    -1.770758929E-02     2.050000000E-02
     1936     3.494850584E-02    -1.713834323E-02     2.050000000E-02
     1937     3.205409866E-02    -1.855915671E-02     2.050000000E-02
     1938    -2.898262629E-02     2.507182051E-02     2.050000000E-02
     1939    -2.756057590E-02     2.174877883E-02     2.050000000E-02
     1940    -3.184373741E-02     2.523848718E-02     2.050000000E-02
     1941    -3.387151518E-02     2.207182051E-02     2.050000000E-02
     1942    -4.376660085E-02    -1.530705334E-02     2.050000000E-02
     1943    -4.563802002E-02    -1.259744588E-02     2.050000000E-02
     1944    -4.120745049E-02    -1.017234833E-02     2.050000000E-02
     1945    -4.378220666E-02    -1.048797959E-02     2.050000000E-02
     1946    -4.065382636E-02    -1.463272038E-02     2.050000000E-02
     1947     1.338888931E-02     2.500000000E-02     2.050000000E-02
     1948     1.190146238E-02     2.165255065E-02     2.050000000E-02
     1949     1.615740776E-02     2.500000000E-02     2.050000000E-02
     1950     1.801458051E-02     2.114299925E-02     2.050000000E-02
     1951    -1.964782242E-02    -2.146900454E-02     2.050000000E-02
     1952    -2.154371346E-02    -2.483546565E-02     2.050000000E-02
     1953    -2.497234069E-02    -2.463271892E-02     2.050000000E-02
     1954    -2.658025181E-02    -2.145429144E-02     2.050000000E-02
     1955     1.338888931E-02    -2.500000000E-02     2.050000000E-02
     1956     1.888888931E-02    -2.316666667E-02     2.050000000E-02
     1957     1.191078181E-02    -2.191553743E-02     2.050000000E-02
     1958     1.634594105E-02    -2.490380749E-02     2.050000000E-02
     1959     1.866991010E-02    -2.061391456E-02     2.050000000E-02
     1960    -1.727777767E-02     2.500000000E-02     2.050000000E-02
     1961    -1.575437348E-02     2.165788951E-02     2.050000000E-02
     1962    -2.192980138E-02     2.167695832E-02     2.050000000E-02
     1963    -2.031481473E-02     2.500000000E-02     2.050000000E-02
     1964    -4.629326427E-02     8.013255619E-03     2.050000000E-02
     1965    -4.846672626E-02     1.005305707E-02     2.050000000E-02
     1966    -4.536202952E-02     4.570739726E-03     2.050000000E-02
     1967    -4.901239189E-02     2.783876138E-03     2.050000000E-02
     1968     3.316666667E-02     8.750000000E-03     2.050000000E-02
     1969     3.166666667E-02     1.625000000E-03     2.050000000E-02
     1970     3.468055556E-02     6.449652778E-03     2.050000000E-02
     1971     3.367164092E-02     3.682422542E-03     2.050000000E-02
     1972     3.061650623E-02     8.546117517E-03     2.050000000E-02
     1973     3.833333333E-02    -8.250000000E-03     2.050000000E-02
     1974     3.500000000E-02    -6.791666667E-03     2.050000000E-02
     1975     3.500000000E-02    -3.125000000E-03     2.050000000E-02
     1976     3.700497426E-02    -1.067577458E-03     2.050000000E-02
     1977     3.916666667E-02    -6.979166667E-04     2.050000000E-02
     1978    -1.939463449E-03     2.155581927E-02     2.050000000E-02
     1979     2.909948828E-05     2.492177415E-02     2.050000000E-02
     1980     3.484643013E-03     2.490138917E-02     2.050000000E-02
     1981     5.179197419E-03     2.160057128E-02     2.050000000E-02
     1982    -1.477056893E-02    -2.520231320E-02     2.050000000E-02
     1983    -1.666645997E-02    -2.856877431E-02     2.050000000E-02
     1984    -1.173889257E-02    -2.639238545E-02     2.050000000E-02
     1985    -1.063744240E-02    -2.914808683E-02     2.050000000E-02
     1986    -3.984353124E-03     2.491488550E-02     2.050000000E-02
     1987    -9.045646396E-03     2.159902149E-02     2.050000000E-02
     1988    -7.532013573E-03     2.494113198E-02     2.050000000E-02
     1989    -4.725211176E-02    -2.105674692E-02     2.050000000E-02
     1990    -4.566877843E-02    -2.341785803E-02     2.050000000E-02
     1991    -5.000211176E-02    -2.718174692E-02     2.050000000E-02
     1992    -4.994348462E-02    -2.103728592E-02     2.050000000E-02
     1993    -4.701247548E-02    -2.658060601E-02     2.050000000E-02
     1994    -4.066666667E-02     2.600000000E-02     2.050000000E-02
     1995    -4.566666667E-02     2.400000000E-02     2.050000000E-02
     1996    -3.983333333E-02     2.266666667E-02     2.050000000E-02
     1997    -4.334312721E-02     2.546091272E-02     2.050000000E-02
     1998    -4.541479516E-02     2.123320772E-02     2.050000000E-02
     1999     3.781546676E-02    -2.201006927E-02     2.050000000E-02
     2000     3.920029426E-02    -2.820505938E-02     2.050000000E-02
     2001     3.492105958E-02    -2.343088276E-02     2.050000000E-02
     2002     3.564761219E-02    -2.826154043E-02     2.050000000E-02
     2003     3.202672901E-02     2.786825722E-02     2.050000000E-02
     2004     3.818748289E-02     2.922884349E-02     2.050000000E-02
     2005     3.346315219E-02     2.503422658E-02     2.050000000E-02
     2006     3.824284808E-02     2.567224952E-02     2.050000000E-02
     2007    -4.313071109E-02    -5.031595815E-04     2.050000000E-02
     2008    -4.720129667E-02    -5.203118460E-03     2.050000000E-02
     2009    -4.186289114E-02    -3.620457004E-03     2.050000000E-02
     2010    -4.678107346E-02    -2.290023170E-03     2.050000000E-02
     2011    -4.230881297E-02    -5.992024559E-03     2.050000000E-02
     2012    -4.488356915E-02    -6.307655822E-03     2.050000000E-02
     2013    -7.127988147E-03    -2.449027780E-02     2.050000000E-02
     2014    -3.083333373E-03    -2.750000000E-02     2.050000000E-02
     2015    -5.361111164E-03    -2.250000000E-02     2.050000000E-02
     2016    -6.026537982E-03    -2.724597919E-02     2.050000000E-02
     2017    -1.513885152E-03    -2.439389042E-02     2.050000000E-02
     2018    -2.969160626E-03    -2.249004179E-02     2.050000000E-02
     2019    -3.579448625E-02    -2.825456260E-02     2.050000000E-02
     2020    -2.957970955E-02    -2.806263046E-02     2.050000000E-02
     2021    -3.118762067E-02    -2.488420297E-02     2.050000000E-02
     2022    -2.591128294E-02     2.501029165E-02     2.050000000E-02
     2023    -2.429629628E-02     2.833333333E-02     2.050000000E-02
     2024    -3.019444444E-02     2.850000000E-02     2.050000000E-02
     2025     7.886379275E-03    -2.878110282E-02     2.050000000E-02
     2026     9.781152037E-03    -2.524887076E-02     2.050000000E-02
     2027     1.421631128E-02    -2.823714082E-02     2.050000000E-02
     2028     8.077278202E-03     2.828670188E-02     2.050000000E-02
     2029     9.771832608E-03     2.498588399E-02     2.050000000E-02
     2030     1.402777799E-02     2.833333333E-02     2.050000000E-02
     2031    -1.777077555E-02    -2.496687222E-02     2.050000000E-02
     2032    -1.284320816E-02    -2.279048336E-02     2.050000000E-02
     2033    -1.343604182E-02    -2.029358000E-02     2.050000000E-02
     2034    -1.366178092E-02     2.499122284E-02     2.050000000E-02
     2035    -1.214814810E-02     2.833333333E-02     2.050000000E-02
     2036    -1.822222217E-02     2.833333333E-02     2.050000000E-02
     2037     1.439753338E-03     2.826045540E-02     2.050000000E-02
     2038    -5.563450636E-03     2.830708686E-02     2.050000000E-02
     2039    -4.056007056E-02    -2.562807430E-02     2.050000000E-02
     2040    -4.190376762E-02    -2.879082228E-02     2.050000000E-02
     2041    -4.589476033E-02     1.194975100E-02     2.050000000E-02
     2042    -4.279006359E-02     6.467433649E-03     2.050000000E-02
     2043    -4.145199523E-02     9.898461501E-03     2.050000000E-02
     2044    -4.720475250E-02    -1.551261476E-02     2.050000000E-02
     2045    -4.375000000E-02    -2.058333333E-02     2.050000000E-02
     2046    -4.802470619E-02    -1.820276123E-02     2.050000000E-02
     2047    -4.222055884E-02    -1.754788926E-02     2.050000000E-02
     2048     3.618055556E-02     9.866319444E-03     2.050000000E-02
     2049     3.222828484E-02     1.434275794E-02     2.050000000E-02
     2050     3.732334881E-02     1.243342831E-02     2.050000000E-02
     2051     3.211650623E-02     1.196278418E-02     2.050000000E-02
     2052    -2.309529382E-02    -2.813058660E-02     2.050000000E-02
     2053     3.500000000E-02    -1.087500000E-02     2.050000000E-02
     2054     3.828183917E-02    -1.547167656E-02     2.050000000E-02
     2055     2.550591279E-02     2.830608040E-02     2.050000000E-02
     2056     1.956481489E-02     2.833333333E-02     2.050000000E-02
     2057     2.142198764E-02     2.447633258E-02     2.050000000E-02
     2058    -4.817112854E-02     1.672798394E-02     2.050000000E-02
     2059     2.434507293E-02    -2.220758929E-02     2.050000000E-02
     2060     1.971631128E-02    -2.640380749E-02     2.050000000E-02
     2061     2.217212524E-02    -2.739005248E-02     2.050000000E-02
     2062     2.204028033E-02    -2.211391456E-02     2.050000000E-02
     2063     3.166666667E-02    -5.750000000E-03     2.050000000E-02
     2064    -3.591666667E-02     2.883333333E-02     2.050000000E-02
     2065    -3.794444444E-02     2.566666667E-02     2.050000000E-02
     2066    -4.145423832E-02     2.846091272E-02     2.050000000E-02
     2067     3.367164092E-02    -2.591079091E-05     2.050000000E-02
     2068    -4.059100889E-02    -9.237966565E-05     2.050000000E-02
     2069    -4.550919121E-02     1.238054169E-03     2.050000000E-02
     2070    -4.052076047E-02     6.455945608E-03     2.050000000E-02
     2071     6.408271771E-03    -2.569664025E-02     2.050000000E-02
     2072     1.395638380E-03    -2.961443615E-02     2.050000000E-02
     2073     2.965086602E-03    -2.650832657E-02     2.050000000E-02
     2074     6.589851268E-03     2.493925253E-02     2.050000000E-02
     2075     3.668552981E-02     4.798741987E-03     2.050000000E-02
     2076     3.883723770E-02     1.013308109E-02     2.050000000E-02
     2077     3.884722222E-02     5.168402778E-03     2.050000000E-02
     2078    -4.953808584E-02    -9.589003652E-03     2.050000000E-02
     2079    -4.989612536E-02    -1.549315377E-02     2.050000000E-02
     2080    -4.722035831E-02    -1.069354101E-02     2.050000000E-02
     2081    -2.813183218E-02    -2.474941239E-02     2.050000000E-02
     2082     3.067062081E-02     1.956480769E-02     2.050000000E-02
     2083     2.967812440E-02     1.413887545E-02     2.050000000E-02
     2084    -4.960185185E-02     2.766666667E-02     2.050000000E-02
     2085    -4.645423832E-02     2.646091272E-02     2.050000000E-02
     2086    -4.852590628E-02     2.223320772E-02     2.050000000E-02
     2087     2.943620849E-02    -2.060007933E-02     2.050000000E-02
     2088     2.412609372E-02    -1.965483718E-02     2.050000000E-02
     2089    -8.044654814E-03    -2.199027780E-02     2.050000000E-02
     2090    -8.710081631E-03    -2.673625699E-02     2.050000000E-02
     2091    -1.040436546E-02    -2.148365225E-02     2.050000000E-02
     2092    -1.062474391E-02     2.499122284E-02     2.050000000E-02
     2093     4.859859364E-03    -2.297609452E-02     2.050000000E-02
     2094    -2.287424588E-02     2.501029165E-02     2.050000000E-02
     2095     3.011491543E-02     2.544479682E-02     2.050000000E-02
     2096     3.533593783E-02    -2.003083328E-02     2.050000000E-02
     2097     1.962917697E-02    -2.912719330E-02     2.050000000E-02
     2098    -3.508333333E-02     2.550000000E-02     2.050000000E-02
     2099     3.783830759E-02     2.401172542E-03     2.050000000E-02
     2100    -4.665426857E-03    -2.974597919E-02     2.050000000E-02
     2101    -1.527740272E-04    -2.689389042E-02     2.050000000E-02
     2102    -4.063722550E-02    -1.990900037E-02     2.050000000E-02
     2103    -4.351036372E-02    -2.610719243E-02     2.050000000E-02
     2104     4.105536519E-02     2.744340603E-02     2.050000000E-02
     2105     3.744731794E-02    -3.105648105E-02     2.050000000E-02
     2106    -4.957977679E-02    -3.461904710E-03     2.050000000E-02
     2107    -4.768227248E-02    -7.479537362E-03     2.050000000E-02
     2108     1.865346919E-02     2.447633258E-02     2.050000000E-02
     2109    -4.784369705E-02    -2.987108131E-02     2.050000000E-02
     2110    -4.727831240E-02     2.912757939E-02     2.050000000E-02
     2111    -3.976911078E-02    -5.581244644E-03     2.050000000E-02
     2112    -3.885827293E-03    -1.999004179E-02     2.050000000E-02
     2113    -8.637488478E-03    -1.949337444E-02     2.050000000E-02
     2114    -4.278978878E-02    -8.268443461E-03     2.050000000E-02
     2115    -3.860127997E-05    -2.188393221E-02     2.050000000E-02
     2116     2.448348762E-04     2.945885108E-02    -4.440892099E-19
     2117     2.448348762E-04     2.945885108E-02     2.500000000E-03
     2118     3.755165124E-03     2.754114892E-02    -4.440892099E-19
     2119     2.958851077E-03     3.025516512E-02     5.322091848E-32
     2120     3.755165124E-03     2.754114892E-02     2.500000000E-03
     2121     2.958851077E-03     3.025516512E-02     2.500000000E-03
     2122     1.041148923E-03     2.674483488E-02    -5.327530372E-32
     2123     1.041148923E-03     2.674483488E-02     2.500000000E-03
     2124     4.500000000E-02     3.100000000E-02     0.000000000E+00
     2125     4.500000000E-02     3.100000000E-02     2.500000000E-03
     2126     4.500000000E-02    -3.100000000E-02     2.500000000E-03
     2127     4.500000000E-02    -2.428838837E-02     2.500000000E-03
     2128     4.500000000E-02    -1.860000000E-02     2.500000000E-03
     2129     4.500000000E-02    -1.240000000E-02     2.500000000E-03
     2130     4.500000000E-02    -6.200000000E-03     2.500000000E-03
     2131     4.500000000E-02     0.000000000E+00     2.500000000E-03
     2132     4.500000000E-02     6.200000000E-03     2.500000000E-03
     2133     4.500000000E-02     1.240000000E-02     2.500000000E-03
     2134     4.500000000E-02     1.860000000E-02     2.500000000E-03
     2135     4.500000000E-02     2.480000000E-02     2.500000000E-03
     2136     4.500000000E-02    -3.100000000E-02     0.000000000E+00
     2137     4.500000000E-02    -2.597871454E-02     0.000000000E+00
     2138     4.500000000E-02    -1.860000000E-02     0.000000000E+00
     2139     4.500000000E-02    -1.240000000E-02     0.000000000E+00
     2140     4.500000000E-02    -6.200000000E-03     0.000000000E+00
     2141     4.500000000E-02     0.000000000E+00     0.000000000E+00
     2142     4.500000000E-02     6.200000000E-03     0.000000000E+00
     2143     4.500000000E-02     1.240000000E-02     0.000000000E+00
     2144     4.500000000E-02     1.860000000E-02     0.000000000E+00
     2145     4.500000000E-02     2.534554429E-02     0.000000000E+00
     2146    -4.000000000E-02     3.500000000E-02     1.500000000E-03
     2147    -5.100000000E-02     3.500000000E-02     1.500000000E-03
     2148    -4.550000000E-02     3.500000000E-02     1.500000000E-03
     2149    -4.000000000E-02    -3.500000000E-02     1.500000000E-03
     2150    -4.000000000E-02     2.864769935E-02     1.500000000E-03
     2151    -4.000000000E-02     2.227272727E-02     1.500000000E-03
     2152    -4.000000000E-02     1.590909091E-02     1.500000000E-03
     2153    -4.000000000E-02     9.472012508E-03     1.500000000E-03
     2154    -4.000000000E-02     3.047002191E-03     1.500000000E-03
     2155    -4.000000000E-02    -3.383951144E-03     1.500000000E-03
     2156    -4.000000000E-02    -9.764775133E-03     1.500000000E-03
     2157    -4.000000000E-02    -1.611851356E-02     1.500000000E-03
     2158    -4.000000000E-02    -2.227272727E-02     1.500000000E-03
     2159    -4.000000000E-02    -2.880400846E-02     1.500000000E-03
     2160    -5.100000000E-02    -3.500000000E-02     1.500000000E-03
     2161    -4.550000000E-02    -3.500000000E-02     1.500000000E-03
     2162    -5.500000000E-02    -3.100000000E-02     1.500000000E-03
     2163    -5.500000000E-02     3.100000000E-02     1.500000000E-03
     2164    -5.500000000E-02     2.618086669E-02     1.500000000E-03
     2165    -5.500000000E-02     2.029735387E-02     1.500000000E-03
     2166    -5.500000000E-02     1.240000000E-02     1.500000000E-03
     2167    -5.500000000E-02     6.200000000E-03     1.500000000E-03
     2168    -5.500000000E-02     0.000000000E+00     1.500000000E-03
     2169    -5.500000000E-02    -6.200000000E-03     1.500000000E-03
     2170    -5.500000000E-02    -1.240000000E-02     1.500000000E-03
     2171    -5.500000000E-02    -1.860000000E-02     1.500000000E-03
     2172    -5.500000000E-02    -2.528264127E-02     1.500000000E-03
     2173    -4.000000000E-02     3.500000000E-02     0.000000000E+00
     2174    -4.000000000E-02    -3.500000000E-02     0.000000000E+00
     2175    -4.000000000E-02     2.863636364E-02     0.000000000E+00
     2176    -4.000000000E-02     2.227272727E-02     0.000000000E+00
     2177    -4.000000000E-02     1.590909091E-02     0.000000000E+00
     2178    -4.000000000E-02     1.031132385E-02     0.000000000E+00
     2179    -4.000000000E-02     3.181818182E-03     0.000000000E+00
     2180    -4.000000000E-02    -3.181818182E-03     0.000000000E+00
     2181    -4.000000000E-02    -8.364999361E-03     0.000000000E+00
     2182    -4.000000000E-02    -1.590909091E-02     0.000000000E+00
     2183    -4.000000000E-02    -2.227272727E-02     0.000000000E+00
     2184    -4.000000000E-02    -2.863636364E-02     0.000000000E+00
     2185    -4.650000000E-02    -2.900000000E-02     5.500000000E-03
     2186    -5.150000000E-02    -2.900000000E-02     5.500000000E-03
     2187    -4.900000000E-02    -2.650000000E-02     5.500000000E-03
     2188    -4.900000000E-02    -3.150000000E-02     5.500000000E-03
     2189    -4.650000000E-02     2.900000000E-02     5.500000000E-03
     2190    -5.150000000E-02     2.900000000E-02     5.500000000E-03
     2191    -4.900000000E-02     3.150000000E-02     5.500000000E-03
     2192    -4.900000000E-02     2.650000000E-02     5.500000000E-03
     2193    -4.650000000E-02    -2.900000000E-02     1.850000000E-02
     2194    -5.150000000E-02    -2.900000000E-02     1.850000000E-02
     2195    -4.900000000E-02    -2.650000000E-02     1.850000000E-02
     2196    -5.150000000E-02    -2.900000000E-02     1.200000000E-02
     2197    -4.650000000E-02    -2.900000000E-02     1.226192861E-02
     2198    -4.900000000E-02    -3.150000000E-02     1.850000000E-02
     2199    -4.650000000E-02     2.900000000E-02     1.850000000E-02
     2200    -5.150000000E-02     2.900000000E-02     1.850000000E-02
     2201    -4.900000000E-02     3.150000000E-02     1.850000000E-02
     2202    -5.150000000E-02     2.900000000E-02     1.200000000E-02
     2203    -4.650000000E-02     2.900000000E-02     1.060944331E-02
     2204    -4.900000000E-02     2.650000000E-02     1.850000000E-02
     2205     4.150000000E-02     2.900000000E-02     2.500000000E-03
     2206     3.650000000E-02     2.900000000E-02     2.500000000E-03
     2207     3.900000000E-02     3.150000000E-02     2.500000000E-03
     2208     3.900000000E-02     2.650000000E-02     2.500000000E-03
     2209     4.150000000E-02    -2.900000000E-02     2.500000000E-03
     2210     3.650000000E-02    -2.900000000E-02     2.500000000E-03
     2211     3.900000000E-02    -2.650000000E-02     2.500000000E-03
     2212     3.900000000E-02    -3.150000000E-02     2.500000000E-03
     2213    -4.450000000E-02    -2.900000000E-02     1.850000000E-02
     2214    -5.350000000E-02    -2.900000000E-02     1.850000000E-02
     2215    -4.900000000E-02    -2.450000000E-02     1.850000000E-02
     2216    -4.900000000E-02    -3.350000000E-02     1.850000000E-02
     2217    -4.450000000E-02     2.900000000E-02     1.850000000E-02
     2218    -5.350000000E-02     2.900000000E-02     1.850000000E-02
     2219    -4.900000000E-02     3.350000000E-02     1.850000000E-02
     2220    -4.900000000E-02     2.450000000E-02     1.850000000E-02
     2221    -4.000000000E-02     3.300000000E-02     2.500000000E-03
     2222    -4.000000000E-02    -3.300000000E-02     2.500000000E-03
     2223    -4.000000000E-02     2.705351270E-02     2.500000000E-03
     2224    -4.000000000E-02     1.964047401E-02     2.500000000E-03
     2225    -4.000000000E-02     1.397254358E-02     2.500000000E-03
     2226    -4.000000000E-02     8.274876483E-03     2.500000000E-03
     2227    -4.000000000E-02     2.267338574E-03     2.500000000E-03
     2228    -4.000000000E-02    -3.395946104E-03     2.500000000E-03
     2229    -4.000000000E-02    -9.000000000E-03     2.500000000E-03
     2230    -4.000000000E-02    -1.422686014E-02     2.500000000E-03
     2231    -4.000000000E-02    -2.100000000E-02     2.500000000E-03
     2232    -4.000000000E-02    -2.641376335E-02     2.500000000E-03
     2233    -5.000000000E-03    -3.300000000E-02     2.500000000E-03
     2234    -3.416666667E-02    -3.300000000E-02     2.500000000E-03
     2235    -2.833333333E-02    -3.300000000E-02     2.500000000E-03
     2236    -2.250000000E-02    -3.300000000E-02     2.500000000E-03
     2237    -1.666666667E-02    -3.300000000E-02     2.500000000E-03
     2238    -9.419018033E-03    -3.300000000E-02     2.500000000E-03
     2239    -5.000000000E-03     3.300000000E-02     2.500000000E-03
     2240    -5.000000000E-03    -2.742729374E-02     2.500000000E-03
     2241    -5.000000000E-03    -2.100000000E-02     2.500000000E-03
     2242    -5.000000000E-03    -1.500000000E-02     2.500000000E-03
     2243    -5.000000000E-03    -9.000000000E-03     2.500000000E-03
     2244    -5.000000000E-03    -2.693562383E-03     2.500000000E-03
     2245    -5.000000000E-03     3.000000000E-03     2.500000000E-03
     2246    -5.000000000E-03     9.000000000E-03     2.500000000E-03
     2247    -5.000000000E-03     1.500000000E-02     2.500000000E-03
     2248    -5.000000000E-03     2.100000000E-02     2.500000000E-03
     2249    -5.000000000E-03     2.700000000E-02     2.500000000E-03
     2250    -9.575636043E-03     3.300000000E-02     2.500000000E-03
     2251    -1.666666667E-02     3.300000000E-02     2.500000000E-03
     2252    -2.250000000E-02     3.300000000E-02     2.500000000E-03
     2253    -2.833333333E-02     3.300000000E-02     2.500000000E-03
     2254    -3.638858358E-02     3.300000000E-02     2.500000000E-03
     2255     4.150000000E-02     2.900000000E-02     1.850000000E-02
     2256     3.650000000E-02     2.900000000E-02     1.850000000E-02
     2257     3.900000000E-02     3.150000000E-02     1.850000000E-02
     2258     3.650000000E-02     2.900000000E-02     8.042334500E-03
     2259     3.650000000E-02     2.900000000E-02     1.303418541E-02
     2260     4.150000000E-02     2.900000000E-02     5.066647475E-03
     2261     4.150000000E-02     2.900000000E-02     1.316666667E-02
     2262     3.900000000E-02     2.650000000E-02     1.850000000E-02
     2263     4.150000000E-02    -2.900000000E-02     1.850000000E-02
     2264     3.650000000E-02    -2.900000000E-02     1.850000000E-02
     2265     3.900000000E-02    -2.650000000E-02     1.850000000E-02
     2266     3.650000000E-02    -2.900000000E-02     7.940574340E-03
     2267     3.650000000E-02    -2.900000000E-02     1.316666667E-02
     2268     4.150000000E-02    -2.900000000E-02     7.833333333E-03
     2269     4.150000000E-02    -2.900000000E-02     1.316666667E-02
     2270     3.900000000E-02    -3.150000000E-02     1.850000000E-02
     2271    -4.000000000E-02     3.300000000E-02     9.500000000E-03
     2272    -4.000000000E-02    -3.300000000E-02     9.500000000E-03
     2273    -4.000000000E-02     2.700000000E-02     9.500000000E-03
     2274    -4.000000000E-02     2.100000000E-02     9.500000000E-03
     2275    -4.000000000E-02     1.500000000E-02     9.500000000E-03
     2276    -4.000000000E-02     9.000000000E-03     9.500000000E-03
     2277    -4.000000000E-02     3.407548718E-03     9.500000000E-03
     2278    -4.000000000E-02    -2.192712577E-03     9.500000000E-03
     2279    -4.000000000E-02    -7.735645535E-03     9.500000000E-03
     2280    -4.000000000E-02    -1.500000000E-02     9.500000000E-03
     2281    -4.000000000E-02    -2.001398348E-02     9.500000000E-03
     2282    -4.000000000E-02    -2.700000000E-02     9.500000000E-03
     2283    -5.000000000E-03    -3.300000000E-02     9.500000000E-03
     2284    -3.416666667E-02    -3.300000000E-02     9.500000000E-03
     2285    -2.833333333E-02    -3.300000000E-02     9.500000000E-03
     2286    -2.250000000E-02    -3.300000000E-02     9.500000000E-03
     2287    -1.666666667E-02    -3.300000000E-02     9.500000000E-03
     2288    -9.017550181E-03    -3.300000000E-02     9.500000000E-03
     2289    -5.000000000E-03     3.300000000E-02     9.500000000E-03
     2290    -5.000000000E-03    -2.700000000E-02     9.500000000E-03
     2291    -5.000000000E-03    -2.100000000E-02     9.500000000E-03
     2292    -5.000000000E-03    -1.500000000E-02     9.500000000E-03
     2293    -5.000000000E-03    -9.000000000E-03     9.500000000E-03
     2294    -5.000000000E-03    -3.000000000E-03     9.500000000E-03
     2295    -5.000000000E-03     3.000000000E-03     9.500000000E-03
     2296    -5.000000000E-03     9.000000000E-03     9.500000000E-03
     2297    -5.000000000E-03     1.500000000E-02     9.500000000E-03
     2298    -5.000000000E-03     2.100000000E-02     9.500000000E-03
     2299    -5.000000000E-03     2.870590340E-02     9.500000000E-03
     2300    -9.025918729E-03     3.300000000E-02     9.500000000E-03
     2301    -1.666666667E-02     3.300000000E-02     9.500000000E-03
     2302    -2.250000000E-02     3.300000000E-02     9.500000000E-03
     2303    -2.833333333E-02     3.300000000E-02     9.500000000E-03
     2304    -3.416666667E-02     3.300000000E-02     9.500000000E-03
     2305     4.350000000E-02     2.900000000E-02     1.850000000E-02
     2306     3.450000000E-02     2.900000000E-02     1.850000000E-02
     2307     3.900000000E-02     3.350000000E-02     1.850000000E-02
     2308     3.900000000E-02     2.450000000E-02     1.850000000E-02
     2309     4.350000000E-02    -2.900000000E-02     1.850000000E-02
     2310     3.450000000E-02    -2.900000000E-02     1.850000000E-02
     2311     3.900000000E-02    -2.450000000E-02     1.850000000E-02
     2312     3.900000000E-02    -3.350000000E-02     1.850000000E-02
     2313    -5.500000000E-02    -3.100000000E-02     5.500000000E-03
     2314    -5.500000000E-02     3.100000000E-02     5.500000000E-03
     2315    -5.500000000E-02    -2.609843779E-02     5.500000000E-03
     2316    -5.500000000E-02    -1.860000000E-02     5.500000000E-03
     2317    -5.500000000E-02    -1.240000000E-02     5.500000000E-03
     2318    -5.500000000E-02    -6.200000000E-03     5.500000000E-03
     2319    -5.500000000E-02     0.000000000E+00     5.500000000E-03
     2320    -5.500000000E-02     6.200000000E-03     5.500000000E-03
     2321    -5.500000000E-02     1.240000000E-02     5.500000000E-03
     2322    -5.500000000E-02     1.860000000E-02     5.500000000E-03
     2323    -5.500000000E-02     2.480000000E-02     5.500000000E-03
     2324    -5.100000000E-02    -3.500000000E-02     5.500000000E-03
     2325    -5.100000000E-02     3.500000000E-02     5.500000000E-03
     2326    -5.000000000E-03     3.500000000E-02     9.500000000E-03
     2327    -4.200000000E-02     3.500000000E-02     9.500000000E-03
     2328    -1.116666667E-02     3.500000000E-02     9.500000000E-03
     2329    -1.733333333E-02     3.500000000E-02     9.500000000E-03
     2330    -2.350000000E-02     3.500000000E-02     9.500000000E-03
     2331    -2.966666667E-02     3.500000000E-02     9.500000000E-03
     2332    -3.583333333E-02     3.500000000E-02     9.500000000E-03
     2333    -4.200000000E-02    -3.500000000E-02     9.500000000E-03
     2334    -4.200000000E-02     2.863636364E-02     9.500000000E-03
     2335    -4.200000000E-02     2.357891414E-02     9.500000000E-03
     2336    -4.200000000E-02     1.685606061E-02     9.500000000E-03
     2337    -4.200000000E-02     9.545454545E-03     9.500000000E-03
     2338    -4.200000000E-02     4.049948172E-03     9.500000000E-03
     2339    -4.200000000E-02    -2.192376842E-03     9.500000000E-03
     2340    -4.200000000E-02    -9.545454545E-03     9.500000000E-03
     2341    -4.200000000E-02    -1.590909091E-02     9.500000000E-03
     2342    -4.200000000E-02    -2.227272727E-02     9.500000000E-03
     2343    -4.200000000E-02    -2.863636364E-02     9.500000000E-03
     2344    -5.000000000E-03    -3.500000000E-02     9.500000000E-03
     2345    -3.583333333E-02    -3.500000000E-02     9.500000000E-03
     2346    -2.966666667E-02    -3.500000000E-02     9.500000000E-03
     2347    -2.350000000E-02    -3.500000000E-02     9.500000000E-03
     2348    -1.733333333E-02    -3.500000000E-02     9.500000000E-03
     2349    -1.116666667E-02    -3.500000000E-02     9.500000000E-03
     2350    -3.000000000E-03    -3.300000000E-02     9.500000000E-03
     2351    -3.000000000E-03     3.300000000E-02     9.500000000E-03
     2352    -3.000000000E-03    -2.700000000E-02     9.500000000E-03
     2353    -3.000000000E-03    -2.100000000E-02     9.500000000E-03
     2354    -3.000000000E-03    -1.500000000E-02     9.500000000E-03
     2355    -3.000000000E-03    -9.000000000E-03     9.500000000E-03
     2356    -3.000000000E-03    -3.000000000E-03     9.500000000E-03
     2357    -3.000000000E-03     3.000000000E-03     9.500000000E-03
     2358    -3.000000000E-03     9.000000000E-03     9.500000000E-03
     2359    -3.000000000E-03     1.500000000E-02     9.500000000E-03
     2360    -3.000000000E-03     2.100000000E-02     9.500000000E-03
     2361    -3.000000000E-03     2.969918031E-02     9.500000000E-03
     2362     2.824483488E-02    -2.779114892E-02    -4.440892099E-19
     2363     2.824483488E-02    -2.779114892E-02     2.500000000E-03
     2364     3.175516512E-02    -2.970885108E-02    -4.440892099E-19
     2365     3.095885108E-02    -2.699483488E-02    -2.719262147E-35
     2366     3.175516512E-02    -2.970885108E-02     2.500000000E-03
     2367     3.095885108E-02    -2.699483488E-02     2.500000000E-03
     2368     2.904114892E-02    -3.050516512E-02    -2.719262147E-35
     2369     2.904114892E-02    -3.050516512E-02     2.500000000E-03
     2370     2.448348762E-04    -2.754114892E-02    -4.440892099E-19
     2371     2.448348762E-04    -2.754114892E-02     2.500000000E-03
     2372     3.755165124E-03    -2.945885108E-02    -4.440892099E-19
     2373     2.958851077E-03    -2.674483488E-02     5.322091848E-32
     2374     3.755165124E-03    -2.945885108E-02     2.500000000E-03
     2375     2.958851077E-03    -2.674483488E-02     2.500000000E-03
     2376     1.041148923E-03    -3.025516512E-02    -5.327530372E-32
     2377     1.041148923E-03    -3.025516512E-02     2.500000000E-03
     2378     2.824483488E-02     2.970885108E-02    -4.440892099E-19
     2379     2.824483488E-02     2.970885108E-02     2.500000000E-03
     2380     3.175516512E-02     2.779114892E-02    -4.440892099E-19
     2381     3.095885108E-02     3.050516512E-02    -2.719262147E-35
     2382     3.175516512E-02     2.779114892E-02     2.500000000E-03
     2383     3.095885108E-02     3.050516512E-02     2.500000000E-03
     2384     2.904114892E-02     2.699483488E-02    -2.719262147E-35
     2385     2.904114892E-02     2.699483488E-02     2.500000000E-03
     2386     4.100000000E-02     3.500000000E-02     2.500000000E-03
     2387     4.100000000E-02     3.500000000E-02     0.000000000E+00
     2388     4.100000000E-02    -3.500000000E-02     2.500000000E-03
     2389     4.100000000E-02    -3.500000000E-02     0.000000000E+00
     2390    -5.000000000E-03    -3.500000000E-02     2.500000000E-03
     2391    -3.000000000E-03    -3.300000000E-02     2.500000000E-03
     2392    -3.000000000E-03     3.300000000E-02     2.500000000E-03
     2393    -3.000000000E-03    -2.809117058E-02     2.500000000E-03
     2394    -3.000000000E-03    -2.100000000E-02     2.500000000E-03
     2395    -3.000000000E-03    -1.500000000E-02     2.500000000E-03
     2396    -3.000000000E-03    -1.021154371E-02     2.500000000E-03
     2397    -3.000000000E-03    -3.000000000E-03     2.500000000E-03
     2398    -3.000000000E-03     2.461186484E-03     2.500000000E-03
     2399    -3.000000000E-03     8.516375501E-03     2.500000000E-03
     2400    -3.000000000E-03     1.500000000E-02     2.500000000E-03
     2401    -3.000000000E-03     2.100000000E-02     2.500000000E-03
     2402    -3.000000000E-03     2.700000000E-02     2.500000000E-03
     2403    -5.000000000E-03     3.500000000E-02     2.500000000E-03
     2404    -3.376923077E-02    -3.500000000E-02     0.000000000E+00
     2405    -2.753846154E-02    -3.500000000E-02     0.000000000E+00
     2406    -2.130769231E-02    -3.500000000E-02     0.000000000E+00
     2407    -1.507692308E-02    -3.500000000E-02     0.000000000E+00
     2408    -8.846153846E-03    -3.500000000E-02     0.000000000E+00
     2409    -2.615384615E-03    -3.500000000E-02     0.000000000E+00
     2410     3.615384615E-03    -3.500000000E-02     0.000000000E+00
     2411     9.846153846E-03    -3.500000000E-02     0.000000000E+00
     2412     1.607692308E-02    -3.500000000E-02     0.000000000E+00
     2413     2.230769231E-02    -3.500000000E-02     0.000000000E+00
     2414     2.853846154E-02    -3.500000000E-02     0.000000000E+00
     2415     3.476923077E-02    -3.500000000E-02     0.000000000E+00
     2416     3.510232855E-02     3.500000000E-02     0.000000000E+00
     2417     2.853846154E-02     3.500000000E-02     0.000000000E+00
     2418     2.230769231E-02     3.500000000E-02     0.000000000E+00
     2419     1.607692308E-02     3.500000000E-02     0.000000000E+00
     2420     9.846153846E-03     3.500000000E-02     0.000000000E+00
     2421     3.615384615E-03     3.500000000E-02     0.000000000E+00
     2422    -2.615384615E-03     3.500000000E-02     0.000000000E+00
     2423    -8.846153846E-03     3.500000000E-02     0.000000000E+00
     2424    -1.507692308E-02     3.500000000E-02     0.000000000E+00
     2425    -2.130769231E-02     3.500000000E-02     0.000000000E+00
     2426    -2.753846154E-02     3.500000000E-02     0.000000000E+00
     2427    -3.376923077E-02     3.500000000E-02     0.000000000E+00
     2428     4.350000000E-02    -2.900000000E-02     3.000000000E-03
     2429     4.350000000E-02    -2.900000000E-02     9.170210065E-03
     2430     4.350000000E-02    -2.900000000E-02     1.392140534E-02
     2431     3.450000000E-02    -2.900000000E-02     3.000000000E-03
     2432     3.450000000E-02    -2.900000000E-02     9.117305246E-03
     2433     3.450000000E-02    -2.900000000E-02     1.404969698E-02
     2434     3.900000000E-02    -3.350000000E-02     3.000000000E-03
     2435     3.900000000E-02    -2.450000000E-02     3.000000000E-03
     2436     3.400000000E-02    -2.900000000E-02     2.500000000E-03
     2437     4.400000000E-02    -2.900000000E-02     2.500000000E-03
     2438     4.188622923E-02    -3.308285205E-02     2.500000000E-03
     2439     3.762480911E-02    -3.380716653E-02     2.500000000E-03
     2440     3.650000000E-02    -2.466987298E-02     2.500000000E-03
     2441     4.238147244E-02    -2.531684318E-02     2.500000000E-03
     2442     4.350000000E-02     2.900000000E-02     3.000000000E-03
     2443     4.350000000E-02     2.900000000E-02     8.252285983E-03
     2444     4.350000000E-02     2.900000000E-02     1.333333333E-02
     2445     3.450000000E-02     2.900000000E-02     3.000000000E-03
     2446     3.450000000E-02     2.900000000E-02     9.373356935E-03
     2447     3.450000000E-02     2.900000000E-02     1.404969698E-02
     2448     3.900000000E-02     2.450000000E-02     3.000000000E-03
     2449     3.900000000E-02     3.350000000E-02     3.000000000E-03
     2450     3.343349017E-02     3.500000000E-02     2.500000000E-03
     2451     2.785714286E-02     3.500000000E-02     2.500000000E-03
     2452     2.128571429E-02     3.500000000E-02     2.500000000E-03
     2453     1.471428571E-02     3.500000000E-02     2.500000000E-03
     2454     8.142857143E-03     3.500000000E-02     2.500000000E-03
     2455     1.208550834E-03     3.500000000E-02     2.500000000E-03
     2456     1.188841815E-03    -3.500000000E-02     2.500000000E-03
     2457     8.142857143E-03    -3.500000000E-02     2.500000000E-03
     2458     1.471428571E-02    -3.500000000E-02     2.500000000E-03
     2459     2.128571429E-02    -3.500000000E-02     2.500000000E-03
     2460     2.785714286E-02    -3.500000000E-02     2.500000000E-03
     2461     3.376496049E-02    -3.500000000E-02     2.500000000E-03
     2462     3.400000000E-02     2.900000000E-02     2.500000000E-03
     2463     4.400000000E-02     2.900000000E-02     2.500000000E-03
     2464     3.650000000E-02     3.333012702E-02     2.500000000E-03
     2465     4.135180625E-02     3.341236981E-02     2.500000000E-03
     2466     4.129634377E-02     2.455851317E-02     2.500000000E-03
     2467     3.674624876E-02     2.453674946E-02     2.500000000E-03
     2468    -4.450000000E-02     2.900000000E-02     6.500000000E-03
     2469    -4.450000000E-02     2.900000000E-02     1.350129674E-02
     2470    -5.350000000E-02     2.900000000E-02     6.500000000E-03
     2471    -5.350000000E-02     2.900000000E-02     1.505915873E-02
     2472    -4.900000000E-02     2.450000000E-02     6.500000000E-03
     2473    -4.900000000E-02     3.350000000E-02     6.500000000E-03
     2474    -5.450000000E-02     2.900000000E-02     5.500000000E-03
     2475    -4.625000000E-02     2.423686028E-02     5.500000000E-03
     2476    -5.175000000E-02     2.423686028E-02     5.500000000E-03
     2477    -5.161729878E-02     3.383732851E-02     5.500000000E-03
     2478    -4.625000000E-02     3.376313972E-02     5.500000000E-03
     2479    -4.450000000E-02    -2.900000000E-02     6.500000000E-03
     2480    -4.450000000E-02    -2.900000000E-02     1.367508550E-02
     2481    -5.350000000E-02    -2.900000000E-02     6.500000000E-03
     2482    -5.350000000E-02    -2.900000000E-02     1.414148665E-02
     2483    -4.900000000E-02    -3.350000000E-02     6.500000000E-03
     2484    -4.976145924E-02    -2.456489236E-02     6.500000000E-03
     2485    -5.450000000E-02    -2.900000000E-02     5.500000000E-03
     2486    -5.156783620E-02    -2.413623425E-02     5.500000000E-03
     2487    -4.625000000E-02    -2.423686028E-02     5.500000000E-03
     2488    -4.625000000E-02    -3.376313972E-02     5.500000000E-03
     2489    -5.255596394E-02    -3.319584562E-02     5.500000000E-03
     2490    -4.200000000E-02     3.500000000E-02     6.500000000E-03
     2491    -4.300000000E-02     3.500000000E-02     5.500000000E-03
     2492    -4.300000000E-02    -3.500000000E-02     5.500000000E-03
     2493    -4.200000000E-02    -3.500000000E-02     6.500000000E-03
     2494    -4.200000000E-02     2.863636364E-02     6.500000000E-03
     2495    -4.200000000E-02     2.227272727E-02     6.500000000E-03
     2496    -4.200000000E-02     1.612727976E-02     6.500000000E-03
     2497    -4.200000000E-02     8.357569735E-03     6.500000000E-03
     2498    -4.200000000E-02     2.293996577E-03     6.500000000E-03
     2499    -4.200000000E-02    -3.181818182E-03     6.500000000E-03
     2500    -4.200000000E-02    -1.016755557E-02     6.500000000E-03
     2501    -4.200000000E-02    -1.713480143E-02     6.500000000E-03
     2502    -4.200000000E-02    -2.317724942E-02     6.500000000E-03
     2503    -4.200000000E-02    -2.863636364E-02     6.500000000E-03
     2504    -4.300000000E-02     2.227272727E-02     5.500000000E-03
     2505    -4.300000000E-02     1.532884247E-02     5.500000000E-03
     2506    -4.300000000E-02     9.027833271E-03     5.500000000E-03
     2507    -4.300000000E-02     3.395491566E-03     5.500000000E-03
     2508    -4.300000000E-02    -3.818602144E-03     5.500000000E-03
     2509    -4.300000000E-02    -9.545454545E-03     5.500000000E-03
     2510    -4.300000000E-02    -1.623619607E-02     5.500000000E-03
     2511    -4.300000000E-02    -2.227272727E-02     5.500000000E-03
     2512     3.900000000E-02    -3.400000000E-02     2.500000000E-03
     2513     3.900000000E-02     3.400000000E-02     2.500000000E-03
     2514     3.900000000E-02    -2.400000000E-02     2.500000000E-03
     2515     3.900000000E-02     2.400000000E-02     2.500000000E-03
     2516    -4.351007327E-02    -2.866727717E-02     5.500000000E-03
     2517    -4.351007327E-02     2.866727717E-02     5.500000000E-03
     2518    -4.625000000E-02    -3.500000000E-02     5.500000000E-03
     2519    -5.309589384E-02    -3.440693837E-02     5.500000000E-03
     2520    -5.500000000E-02    -2.900000000E-02     5.500000000E-03
     2521    -5.500000000E-02     2.900000000E-02     5.500000000E-03
     2522    -5.204780895E-02     3.486032336E-02     5.500000000E-03
     2523    -4.625000000E-02     3.500000000E-02     5.500000000E-03
     2524     3.803205998E-02     3.500000000E-02     2.500000000E-03
     2525     4.500000000E-02     2.900000000E-02     2.500000000E-03
     2526     4.500000000E-02    -2.820208451E-02     2.500000000E-03
     2527     3.844553440E-02    -3.500000000E-02     2.500000000E-03
     2528    -4.549573516E-02    -3.182314150E-02     6.500000000E-03
     2529    -5.218198052E-02    -3.218198052E-02     6.500000000E-03
     2530    -5.218198052E-02    -2.581801948E-02     6.500000000E-03
     2531    -4.581801948E-02    -2.581801948E-02     6.500000000E-03
     2532    -4.581801948E-02     3.218198052E-02     6.500000000E-03
     2533    -5.218198052E-02     3.218198052E-02     6.500000000E-03
     2534    -4.581801948E-02     2.581801948E-02     6.500000000E-03
     2535    -5.218198052E-02     2.581801948E-02     6.500000000E-03
     2536     3.581801948E-02     3.218198052E-02     3.000000000E-03
     2537     3.478627955E-02     3.057941760E-02     3.000000000E-03
     2538     3.476376705E-02     3.165599894E-02     2.500000000E-03
     2539     4.198165217E-02     3.237042287E-02     3.000000000E-03
     2540     4.315745790E-02     3.072207545E-02     3.000000000E-03
     2541     4.350407470E-02     3.117101615E-02     2.500000000E-03
     2542     4.218198052E-02     2.581801948E-02     3.000000000E-03
     2543     4.315745790E-02     2.727792455E-02     3.000000000E-03
     2544     4.333012702E-02     2.650000000E-02     2.500000000E-03
     2545     3.581801948E-02     2.581801948E-02     3.000000000E-03
     2546     3.484254210E-02     2.727792455E-02     3.000000000E-03
     2547     3.466469049E-02     2.650899790E-02     2.500000000E-03
     2548     3.601969992E-02    -2.562838148E-02     3.000000000E-03
     2549     3.482650634E-02    -2.731715994E-02     3.000000000E-03
     2550     3.463899666E-02    -2.655425884E-02     2.500000000E-03
     2551     4.218198052E-02    -2.581801948E-02     3.000000000E-03
     2552     4.315745790E-02    -2.727792455E-02     3.000000000E-03
     2553     4.333012702E-02    -2.650000000E-02     2.500000000E-03
     2554     4.218198052E-02    -3.218198052E-02     3.000000000E-03
     2555     4.331734684E-02    -3.026906117E-02     3.000000000E-03
     2556     4.341810565E-02    -3.134101312E-02     2.500000000E-03
     2557     3.587654724E-02    -3.223945101E-02     3.000000000E-03
     2558     3.475334109E-02    -3.048858594E-02     3.000000000E-03
     2559     3.460033090E-02    -3.137548138E-02     2.500000000E-03
     2560     2.163436425E-02     3.680684308E-03     2.500000000E-03
     2561     1.298447245E-02    -1.130719330E-02     2.500000000E-03
     2562     2.810840548E-02    -7.904660268E-03     2.500000000E-03
     2563     1.369143015E-02     1.719879916E-02     2.500000000E-03
     2564     2.825595240E-02     1.403725973E-02     2.500000000E-03
     2565     3.560879855E-02     3.208466231E-03     2.500000000E-03
     2566     1.458013266E-02    -2.734310095E-02     2.500000000E-03
     2567     6.989913307E-03     4.382940135E-03     2.500000000E-03
     2568     1.919978875E-02    -2.188673279E-02     2.500000000E-03
     2569     1.530185029E-02     2.413110437E-02     2.500000000E-03
     2570     1.457230897E-02    -5.182266929E-03     2.500000000E-03
     2571     7.469138324E-03    -1.890862620E-02     2.500000000E-03
     2572     3.338637638E-02    -1.707301552E-02     2.500000000E-03
     2573     3.540711459E-03    -6.786606815E-03     2.500000000E-03
     2574     2.022029726E-02    -1.055919522E-02     2.500000000E-03
     2575     3.704190397E-02     1.855035674E-02     2.500000000E-03
     2576     3.468391091E-02    -6.880729619E-03     2.500000000E-03
     2577     2.606075546E-02    -1.427601111E-03     2.500000000E-03
     2578     2.100223288E-02     1.485308694E-02     2.500000000E-03
     2579     2.857361066E-02     3.604105798E-03     2.500000000E-03
     2580     4.976465300E-03     1.735391520E-02     2.500000000E-03
     2581     1.442832158E-02     2.502085416E-03     2.500000000E-03
     2582     2.633005525E-02    -1.918926980E-02     2.500000000E-03
     2583     3.287500000E-02     8.084134698E-03     2.500000000E-03
     2584     4.156975345E-03     1.048210235E-02     2.500000000E-03
     2585     2.221858040E-02     2.576558347E-02     2.500000000E-03
     2586     1.198347019E-02     2.950202699E-02     2.500000000E-03
     2587     8.895792614E-03    -2.401941432E-03     2.500000000E-03
     2588     1.967786877E-02    -2.869996585E-02     2.500000000E-03
     2589     3.197163307E-02    -2.167214709E-03     2.500000000E-03
     2590     1.738766480E-02     1.002483995E-02     2.500000000E-03
     2591     2.605988400E-02     2.021218111E-02     2.500000000E-03
     2592     3.958182558E-02     9.133778976E-03     2.500000000E-03
     2593     2.481918015E-02     9.058476471E-03     2.500000000E-03
     2594     8.216850042E-03     2.361273938E-02     2.500000000E-03
     2595     1.570459048E-02    -1.593613093E-02     2.500000000E-03
     2596     6.823552039E-03    -1.263698184E-02     2.500000000E-03
     2597     3.153240087E-02     1.776942464E-02     2.500000000E-03
     2598     3.943750000E-02    -1.470873386E-02     2.500000000E-03
     2599     1.028132901E-02     1.091848276E-02     2.500000000E-03
     2600     1.782711892E-02     2.986572578E-02     2.500000000E-03
     2601     2.234569162E-03    -1.695431310E-02     2.500000000E-03
     2602     3.922433268E-02    -2.733234738E-03     2.500000000E-03
     2603     2.402179079E-02    -2.482869166E-02     2.500000000E-03
     2604     1.273778170E-02    -2.104645257E-02     2.500000000E-03
     2605     2.134630162E-02    -1.616351775E-02     2.500000000E-03
     2606     8.380758425E-03    -2.688448703E-02     2.500000000E-03
     2607     2.745767688E-03    -1.298571342E-04     2.500000000E-03
     2608     3.262162154E-02    -2.246736708E-02     2.500000000E-03
     2609     9.620181516E-03    -7.605672682E-03     2.500000000E-03
     2610     1.391120649E-03    -1.178461421E-02     2.500000000E-03
     2611     2.596710131E-03    -2.184957400E-02     2.500000000E-03
     2612     1.016668547E-02    -3.080274110E-02     2.500000000E-03
     2613     1.710728679E-03     5.706593270E-03     2.500000000E-03
     2614     2.699018899E-02    -1.382420597E-02     2.500000000E-03
     2615     3.496143091E-02     1.323035097E-02     2.500000000E-03
     2616     3.371256435E-02    -1.160206227E-02     2.500000000E-03
     2617     3.874049956E-02    -2.007711961E-02     2.500000000E-03
     2618     2.511669498E-02    -2.992967507E-02     2.500000000E-03
     2619     4.088299136E-02     3.161802094E-03     2.500000000E-03
     2620     3.966900434E-02    -9.221028362E-03     2.500000000E-03
     2621     4.026759813E-02     1.426760038E-02     2.500000000E-03
     2622     3.441471623E-03     2.318217242E-02     2.500000000E-03
     2623     2.123687808E-02    -3.908140876E-03     2.500000000E-03
     2624     1.096590440E-02    -1.592291218E-02     2.500000000E-03
     2625     2.233679537E-02     3.074554516E-02     2.500000000E-03
     2626     2.819213871E-02    -2.423502817E-02     2.500000000E-03
     2627     3.236374303E-02     2.307814431E-02     2.500000000E-03
     2628     1.936804737E-02     2.017733319E-02     2.500000000E-03
     2629     7.011438716E-03     2.918221608E-02     2.500000000E-03
     2630    -5.138737118E-02    -2.518549363E-02     1.230742236E-02
     2631    -4.661695866E-02    -2.518278715E-02     1.212251981E-02
     2632    -4.694600547E-02    -3.300388642E-02     1.199165538E-02
     2633    -5.081044875E-02    -3.311974214E-02     1.163275092E-02
     2634    -4.649037906E-02     3.273521120E-02     1.192845674E-02
     2635    -5.136559119E-02     3.282805150E-02     1.179383904E-02
     2636    -4.720121203E-02     2.487515311E-02     1.166297013E-02
     2637    -5.069848220E-02     2.483284771E-02     1.242970895E-02
     2638     3.684345511E-02     3.294959670E-02     7.409308919E-03
     2639     4.139725307E-02     3.280830379E-02     8.081831704E-03
     2640     4.189565534E-02     3.244458708E-02     1.493600938E-02
     2641     3.719917706E-02     3.312395887E-02     1.485444579E-02
     2642     4.115738393E-02     2.505086154E-02     8.669643876E-03
     2643     3.625039516E-02     2.543774324E-02     6.404346203E-03
     2644     4.199377123E-02     2.564033725E-02     1.550445819E-02
     2645     3.765261847E-02     2.470645100E-02     1.310230009E-02
     2646     3.693256477E-02    -2.500303721E-02     6.772505176E-03
     2647     4.139818962E-02    -2.519228592E-02     8.128484008E-03
     2648     4.190111619E-02    -2.556001092E-02     1.495270939E-02
     2649     3.719342414E-02    -2.487855806E-02     1.486313041E-02
     2650     4.116706791E-02    -3.294383274E-02     8.694384273E-03
     2651     3.625848918E-02    -3.256848966E-02     6.425265503E-03
     2652     4.181643587E-02    -3.250965653E-02     1.531535721E-02
     2653     3.765261847E-02    -3.329354900E-02     1.310230009E-02
     2654    -3.585786438E-03     3.441421356E-02     4.701830632E-03
     2655    -3.585786438E-03    -3.441421356E-02     4.701830632E-03
     2656     3.844872135E-02    -3.143846096E-02     1.055127633E-02
     2657     3.729842769E-02    -2.716842918E-02     7.448385386E-03
     2658     3.723223305E-02    -2.723223305E-02     1.314054261E-02
     2659     3.985474650E-02    -2.665065788E-02     1.050000000E-02
     2660     3.794316130E-02     2.673436721E-02     1.050000000E-02
     2661     3.729842769E-02     3.083157082E-02     7.448385386E-03
     2662     3.723223305E-02     3.076776695E-02     1.314054261E-02
     2663     3.972453799E-02     3.139270656E-02     1.044812988E-02
     2664    -4.851631229E-02     2.654723703E-02     1.166517717E-02
     2665    -4.851631229E-02    -3.145276297E-02     1.166517717E-02
     2666    -5.096383484E-02    -2.745295355E-02     1.144646392E-02
     2667     6.429918855E-04    -3.981571198E-04     0.000000000E+00
     2668     2.282149594E-02     2.900921345E-03     0.000000000E+00
     2669    -1.967850406E-02    -8.153624058E-03     0.000000000E+00
     2670    -1.727675797E-02     1.287260337E-02     0.000000000E+00
     2671     1.321068941E-02    -1.000375912E-02     0.000000000E+00
     2672     1.328833052E-02     1.522103524E-02     0.000000000E+00
     2673     2.585449841E-02    -1.028446967E-02     0.000000000E+00
     2674    -2.305565789E-02    -2.193532599E-02     0.000000000E+00
     2675    -9.543031212E-03    -1.730500091E-02     0.000000000E+00
     2676     8.440659306E-04     1.373499838E-02     0.000000000E+00
     2677     2.593132254E-02     1.494787812E-02     0.000000000E+00
     2678    -2.942623999E-02     7.706753057E-03     0.000000000E+00
     2679    -3.344786215E-02     1.961020483E-02     0.000000000E+00
     2680    -3.119951718E-03    -1.563690174E-02     0.000000000E+00
     2681     1.548137774E-02    -2.719509348E-02     0.000000000E+00
     2682    -1.593392031E-02     2.023304403E-02     0.000000000E+00
     2683    -6.122412243E-03     4.117185042E-03     0.000000000E+00
     2684     3.021433063E-02     4.000614166E-03     0.000000000E+00
     2685     8.035826571E-03     7.015357018E-04     0.000000000E+00
     2686    -6.519864104E-03    -2.782665122E-03     0.000000000E+00
     2687    -1.992441409E-02    -1.290465747E-03     0.000000000E+00
     2688    -2.635130267E-02    -1.232093772E-03     0.000000000E+00
     2689    -2.654907493E-02    -1.027800219E-02     0.000000000E+00
     2690     1.514739242E-02     2.840701175E-02     0.000000000E+00
     2691     3.309533521E-02     1.649713043E-02     0.000000000E+00
     2692     1.897317341E-02    -2.222053154E-02     0.000000000E+00
     2693     3.894740085E-02    -1.538072342E-02     0.000000000E+00
     2694    -2.874205579E-02     2.454858753E-02     0.000000000E+00
     2695     3.295472355E-02    -1.111058748E-02     0.000000000E+00
     2696    -7.527127810E-03     1.442432263E-02     0.000000000E+00
     2697    -1.315343848E-02    -2.629943628E-02     0.000000000E+00
     2698    -3.269514314E-02    -2.499712671E-02     0.000000000E+00
     2699     1.653201302E-02    -5.400409407E-03     0.000000000E+00
     2700     6.110584949E-03    -2.102765411E-02     0.000000000E+00
     2701    -2.822757305E-02    -1.727901849E-02     0.000000000E+00
     2702     2.053935748E-02     2.167744493E-02     0.000000000E+00
     2703    -5.780165780E-03     2.567214830E-02     0.000000000E+00
     2704     6.436707216E-03    -7.241549357E-03     0.000000000E+00
     2705     2.787413911E-02    -3.598524888E-03     0.000000000E+00
     2706     3.516814769E-02    -3.371375214E-04     0.000000000E+00
     2707     3.832310735E-02     1.080521822E-02     0.000000000E+00
     2708    -1.794940542E-02     2.855103968E-02     0.000000000E+00
     2709     2.933704867E-02    -2.136606488E-02     0.000000000E+00
     2710     1.750284957E-02     8.636247059E-03     0.000000000E+00
     2711     8.521747811E-03     2.138109219E-02     0.000000000E+00
     2712     1.066207855E-02     7.961285472E-03     0.000000000E+00
     2713     3.873034781E-02     2.170888575E-02     0.000000000E+00
     2714    -8.283716445E-03    -1.063630450E-02     0.000000000E+00
     2715    -1.345446443E-03    -8.511375709E-03     0.000000000E+00
     2716    -1.137081185E-02     8.816072941E-03     0.000000000E+00
     2717    -3.246357822E-02     1.083441640E-03     0.000000000E+00
     2718    -1.264515521E-02     1.261362109E-03     0.000000000E+00
     2719    -1.842904005E-02     5.967013243E-03     0.000000000E+00
     2720     1.531433295E-02     1.450732662E-03     0.000000000E+00
     2721     4.438948482E-03     6.937437296E-03     0.000000000E+00
     2722    -1.609830682E-02    -2.036265174E-02     0.000000000E+00
     2723    -3.151221223E-03     1.910524682E-02     0.000000000E+00
     2724     3.755960092E-02    -2.661747957E-02     0.000000000E+00
     2725     1.945048794E-02    -1.023979882E-02     0.000000000E+00
     2726    -2.480292101E-02    -2.872130928E-02     0.000000000E+00
     2727    -2.164349346E-02    -1.486521804E-02     0.000000000E+00
     2728     2.890799073E-03    -1.451103747E-02     0.000000000E+00
     2729    -1.469766933E-02    -1.300050533E-02     0.000000000E+00
     2730    -4.399840228E-03    -2.331561239E-02     0.000000000E+00
     2731     3.708464469E-02     3.038795479E-02     0.000000000E+00
     2732    -3.372016419E-02    -7.742200836E-03     0.000000000E+00
     2733    -2.246591395E-02     2.322403242E-02     0.000000000E+00
     2734    -1.896236460E-02    -2.683235958E-02     0.000000000E+00
     2735     2.233734670E-02    -2.817670810E-02     0.000000000E+00
     2736     3.698270752E-02     5.403492341E-03     0.000000000E+00
     2737     2.115122915E-02     2.913465861E-02     0.000000000E+00
     2738    -6.290702875E-03    -2.935405889E-02     0.000000000E+00
     2739    -2.468323496E-02     2.932277441E-02     0.000000000E+00
     2740     3.942305341E-02    -8.951010029E-03     0.000000000E+00
     2741     1.960982653E-02     1.508445668E-02     0.000000000E+00
     2742     7.065200457E-03     1.419718707E-02     0.000000000E+00
     2743     2.437640924E-02     8.924399734E-03     0.000000000E+00
     2744     2.788681427E-02     2.137905392E-02     0.000000000E+00
     2745    -2.341935541E-02     1.007637666E-02     0.000000000E+00
     2746    -3.578475561E-02     1.373540310E-02     0.000000000E+00
     2747     3.125093949E-02     1.008293319E-02     0.000000000E+00
     2748    -3.549375040E-02    -1.993665420E-02     0.000000000E+00
     2749     8.741113811E-03    -2.787027259E-02     0.000000000E+00
     2750     2.292978166E-04    -2.204074582E-02     0.000000000E+00
     2751     1.453055265E-02     2.152926856E-02     0.000000000E+00
     2752     3.426606348E-02    -2.240462562E-02     0.000000000E+00
     2753    -3.437102790E-02     2.659247576E-02     0.000000000E+00
     2754     1.585116973E-02    -1.574394143E-02     0.000000000E+00
     2755     3.372797782E-02    -1.759453125E-02     0.000000000E+00
     2756     2.685263294E-03     2.024316951E-02     0.000000000E+00
     2757    -2.973876903E-02     1.384093749E-02     0.000000000E+00
     2758    -1.102816534E-02     2.986183933E-02     0.000000000E+00
     2759    -9.567097963E-03     1.991468723E-02     0.000000000E+00
     2760     9.451278760E-03     2.797408044E-02     0.000000000E+00
     2761    -3.456889047E-02     8.182301335E-03     0.000000000E+00
     2762     1.203349270E-02    -4.425951481E-03     0.000000000E+00
     2763     3.370396461E-02     2.298708291E-02     0.000000000E+00
     2764     2.355347312E-02    -1.696016254E-02     0.000000000E+00
     2765    -5.372128348E-03     3.068380850E-02     0.000000000E+00
     2766    -9.997447900E-04     7.467530387E-03     0.000000000E+00
     2767    -1.216133418E-02     2.493402751E-02     0.000000000E+00
     2768    -3.021268598E-02     3.036924910E-02     0.000000000E+00
     2769    -3.031996341E-02    -2.948282316E-02     0.000000000E+00
     2770     1.224708321E-02    -2.095226946E-02     0.000000000E+00
     2771    -3.487422290E-02    -1.312458160E-02     0.000000000E+00
     2772    -3.662683389E-02    -3.009140541E-02     0.000000000E+00
     2773    -2.579326058E-02     3.830814630E-03     0.000000000E+00
     2774    -2.837768882E-02    -4.766304080E-03     0.000000000E+00
     2775    -1.383151363E-02    -5.983440756E-03     0.000000000E+00
     2776     2.515886187E-02     2.556727560E-02     0.000000000E+00
     2777     2.463318724E-02    -2.336858048E-02     0.000000000E+00
     2778     3.856859409E-02    -3.135768728E-02     0.000000000E+00
     2779    -1.233514318E-02     1.525214604E-02     0.000000000E+00
     2780     4.021295516E-02    -3.309337960E-03     0.000000000E+00
     2781    -2.259000996E-02     1.670046179E-02     0.000000000E+00
     2782     3.902668135E-02    -2.081386156E-02     0.000000000E+00
     2783     9.436819588E-03    -1.477897115E-02     0.000000000E+00
     2784     3.953232306E-02     1.632481686E-02     0.000000000E+00
     2785     1.806408458E-02    -3.130885471E-02     0.000000000E+00
     2786     4.100665870E-02     2.595591758E-02     0.000000000E+00
     2787    -1.137681574E-02    -3.077325181E-02     0.000000000E+00
     2788     1.317854088E-02    -3.124975644E-02     0.000000000E+00
     2789    -5.955870346E-03     9.881781510E-03     0.000000000E+00
     2790    -3.712875634E-03     1.323580116E-02     0.000000000E+00
     2791    -2.739683177E-02     1.984723721E-02     0.000000000E+00
     2792    -1.524694393E-02    -2.969514783E-02     0.000000000E+00
     2793     3.512660378E-02    -5.461319577E-03     0.000000000E+00
     2794    -2.417619691E-02    -5.144097970E-03     0.000000000E+00
     2795    -1.036213788E-02    -2.267060826E-02     0.000000000E+00
     2796    -2.859928837E-02    -2.355139882E-02     0.000000000E+00
     2797     2.129196788E-02    -3.307882092E-03     0.000000000E+00
     2798     2.938004914E-02    -1.544919242E-02     0.000000000E+00
     2799     4.078280768E-02     1.692289036E-03     0.000000000E+00
     2800    -4.900000000E-02    -1.415454483E-02     5.500000000E-03
     2801    -4.796334219E-02     1.379143252E-02     5.500000000E-03
     2802    -4.900000000E-02    -7.872727394E-03     5.500000000E-03
     2803    -4.968272264E-02     6.918964452E-03     5.500000000E-03
     2804    -4.900000000E-02     1.590909958E-03     5.500000000E-03
     2805    -4.860170665E-02     1.908742769E-02     5.500000000E-03
     2806    -4.947173829E-02    -1.946420063E-02     5.500000000E-03
     2807    -4.986911003E-02    -3.134983130E-03     5.500000000E-03
     2808    -4.900000000E-02     3.450000000E-02     5.500000000E-03
     2809    -4.862500000E-02     3.500000000E-02     5.500000000E-03
     2810    -5.376313972E-02     3.175000000E-02     5.500000000E-03
     2811    -5.417736021E-02     3.342989344E-02     5.500000000E-03
     2812    -3.171794891E-02    -3.500000000E-02     4.750000000E-03
     2813    -2.551922989E-02    -3.500000000E-02     4.750000000E-03
     2814    -1.932051277E-02    -3.500000000E-02     4.750000000E-03
     2815    -1.312179565E-02    -3.500000000E-02     4.750000000E-03
     2816    -3.791666794E-02    -3.500000000E-02     5.500000000E-03
     2817    -3.171794891E-02     3.500000000E-02     4.750000000E-03
     2818    -2.551923084E-02     3.500000000E-02     4.750000000E-03
     2819    -1.932051277E-02     3.500000000E-02     4.750000000E-03
     2820    -1.312179470E-02     3.500000000E-02     4.750000000E-03
     2821    -3.791666675E-02     3.500000000E-02     5.500000000E-03
     2822    -4.593313592E-02     2.685584288E-02     1.500000000E-03
     2823    -4.643766130E-02    -2.695058790E-02     1.500000000E-03
     2824    -4.902429142E-02     1.517072256E-02     1.500000000E-03
     2825    -4.845040880E-02    -1.418718671E-02     1.500000000E-03
     2826    -4.750000000E-02    -1.590909958E-03     1.500000000E-03
     2827    -4.750000000E-02     4.690909386E-03     1.500000000E-03
     2828    -4.750000000E-02    -7.872728348E-03     1.500000000E-03
     2829    -4.810634502E-02    -2.083053832E-02     1.500000000E-03
     2830    -4.739305335E-02     2.238258266E-02     1.500000000E-03
     2831    -4.907722642E-02     9.575775281E-03     1.500000000E-03
     2832    -5.009773814E-02    -3.066326122E-02     1.500000000E-03
     2833    -4.963399228E-02     3.002792160E-02     1.500000000E-03
     2834    -4.297437036E-02     6.313881893E-03     1.500000000E-03
     2835    -4.321449850E-02     5.404274451E-04     1.500000000E-03
     2836    -4.291240403E-02    -5.753064038E-03     1.500000000E-03
     2837    -5.125000000E-02     1.568410101E-03     1.500000000E-03
     2838    -5.125000000E-02    -3.895455360E-03     1.500000000E-03
     2839    -4.358754759E-02    -1.224697219E-02     1.500000000E-03
     2840    -4.325898139E-02     1.258217187E-02     1.500000000E-03
     2841    -4.362301540E-02     1.751284187E-02     1.500000000E-03
     2842    -4.369836212E-02    -1.761122044E-02     1.500000000E-03
     2843    -5.136663940E-02    -9.384492735E-03     1.500000000E-03
     2844    -3.052828229E-02     3.300000000E-02     6.000000000E-03
     2845    -2.541666651E-02     3.300000000E-02     6.000000000E-03
     2846    -1.958333302E-02     3.300000000E-02     6.000000000E-03
     2847    -1.447171747E-02     3.300000000E-02     6.000000000E-03
     2848    -1.447171771E-02    -3.300000000E-02     6.000000000E-03
     2849    -1.958333349E-02    -3.300000000E-02     6.000000000E-03
     2850    -2.541666698E-02    -3.300000000E-02     6.000000000E-03
     2851    -3.052828253E-02    -3.300000000E-02     6.000000000E-03
     2852    -2.191336950E-02     1.329128801E-02     2.500000000E-03
     2853    -2.254829020E-02    -6.597381122E-03     2.500000000E-03
     2854    -1.978587944E-02    -1.993750000E-02     2.500000000E-03
     2855    -1.909463441E-02     1.979824756E-02     2.500000000E-03
     2856    -2.638888868E-02    -1.800000000E-02     2.500000000E-03
     2857    -2.723856625E-02     1.895651976E-02     2.500000000E-03
     2858    -1.654513888E-02    -3.562500000E-03     2.500000000E-03
     2859    -3.596540405E-02     4.168667624E-04     2.500000000E-03
     2860    -2.231176027E-02     3.871281022E-03     2.500000000E-03
     2861    -1.368520834E-02     5.548786301E-03     2.500000000E-03
     2862    -2.928118737E-02    -8.695699497E-03     2.500000000E-03
     2863    -3.147080348E-02     9.734730766E-03     2.500000000E-03
     2864    -1.277777767E-02     2.300000000E-02     2.500000000E-03
     2865    -3.049382718E-02     2.580555556E-02     2.500000000E-03
     2866    -2.891696183E-02    -2.658309340E-02     2.500000000E-03
     2867    -1.200810168E-02    -2.240178571E-02     2.500000000E-03
     2868    -1.180492976E-02     1.690554651E-02     2.500000000E-03
     2869    -1.850759589E-02     2.698633501E-02     2.500000000E-03
     2870    -3.483576566E-02    -1.732863741E-02     2.500000000E-03
     2871    -1.786844126E-02    -2.561904762E-02     2.500000000E-03
     2872    -2.199555909E-02    -1.312756166E-02     2.500000000E-03
     2873    -3.566995020E-02     1.818479425E-02     2.500000000E-03
     2874    -2.851474488E-02    -3.337422060E-03     2.500000000E-03
     2875    -1.083333333E-02    -6.000000000E-03     2.500000000E-03
     2876    -1.094901850E-02     5.134016736E-04     2.500000000E-03
     2877    -2.404119744E-02    -2.346869628E-02     2.500000000E-03
     2878    -1.596426066E-02    -9.631641237E-03     2.500000000E-03
     2879    -2.833333333E-02     1.500000000E-03     2.500000000E-03
     2880    -2.460648155E-02     2.566666667E-02     2.500000000E-03
     2881    -2.893652810E-02    -1.365608136E-02     2.500000000E-03
     2882    -3.578440025E-02     6.774621212E-03     2.500000000E-03
     2883    -2.724501063E-02     6.330168631E-03     2.500000000E-03
     2884    -8.876680690E-03     1.138697588E-02     2.500000000E-03
     2885    -1.314450324E-02     1.065213116E-02     2.500000000E-03
     2886    -3.598111563E-02    -2.587998469E-02     2.500000000E-03
     2887    -1.800050727E-02     8.227683650E-03     2.500000000E-03
     2888    -1.408088124E-02     2.907839293E-02     2.500000000E-03
     2889    -1.679158884E-02     1.377497938E-02     2.500000000E-03
     2890    -9.861110926E-03     2.825000000E-02     2.500000000E-03
     2891    -9.348162026E-03    -1.716418217E-02     2.500000000E-03
     2892    -1.247530859E-02    -2.820416667E-02     2.500000000E-03
     2893    -3.586988248E-02     1.132876516E-02     2.500000000E-03
     2894    -3.482857993E-02    -6.276884320E-03     2.500000000E-03
     2895    -3.585046377E-02     2.389848807E-02     2.500000000E-03
     2896    -2.975488394E-02    -2.192445080E-02     2.500000000E-03
     2897    -1.688656703E-02     2.156177051E-03     2.500000000E-03
     2898    -9.445445653E-03     6.194537968E-03     2.500000000E-03
     2899    -3.399756008E-02    -1.154380367E-02     2.500000000E-03
     2900    -3.208697871E-02     1.470560563E-02     2.500000000E-03
     2901    -2.235070878E-02    -9.020181659E-04     2.500000000E-03
     2902    -2.326912953E-02     8.594084263E-03     2.500000000E-03
     2903    -3.156951284E-02     4.719060365E-03     2.500000000E-03
     2904    -1.022740228E-02    -1.215821319E-02     2.500000000E-03
     2905    -1.521865768E-02    -1.615345572E-02     2.500000000E-03
     2906    -2.702042289E-02     1.175718819E-02     2.500000000E-03
     2907    -2.243672070E-02    -2.896421762E-02     2.500000000E-03
     2908    -4.447282229E-02    -3.040747251E-02     3.281423611E-03
     2909    -4.476427256E-02     2.606684063E-02     3.385393270E-03
     2910    -4.666537394E-02     3.071539189E-02     4.139805870E-03
     2911    -5.266935789E-02     3.187703128E-02     3.454260793E-03
     2912    -4.150699907E-02    -1.431605152E-03     5.279106970E-03
     2913    -4.139574901E-02     4.514100808E-03     5.600356920E-03
     2914    -4.706250000E-02     3.500000000E-02     3.500000000E-03
     2915    -5.500000000E-02    -2.699246660E-02     3.564784983E-03
     2916    -5.500000000E-02     2.690000000E-02     3.500000000E-03
     2917    -4.300000000E-02     1.741168009E-02     5.500000000E-03
     2918    -4.981250000E-02     3.500000000E-02     3.500000000E-03
     2919    -5.500000000E-02    -2.970623643E-02     4.149908381E-03
     2920    -5.500000000E-02     3.000000000E-02     3.500000000E-03
     2921     3.537279606E-02    -3.166334218E-02     1.580115004E-02
     2922     3.537279606E-02     2.633665782E-02     1.580115004E-02
     2923    -4.275000000E-02     3.181818182E-02     1.500000000E-03
     2924    -4.321883065E-02    -2.461165759E-02     1.500000000E-03
     2925     3.572851421E-02    -3.278118774E-02     2.500000000E-03
     2926    -5.417736021E-02    -3.342989344E-02     3.500000000E-03
     2927    -4.375000000E-02    -8.688637733E-03     1.500000000E-03
     2928    -3.688461538E-02     3.181818182E-02     0.000000000E+00
     2929    -3.000000000E-03     3.300000000E-02     6.192038480E-03
     2930    -4.581801948E-02     3.218198052E-02     1.582726544E-02
     2931    -4.581801948E-02    -2.581801948E-02     1.583377303E-02
     2932    -3.699878004E-02    -1.288533190E-02     2.500000000E-03
     2933     4.164633675E-02     3.099189452E-02     2.077855871E-03
     2934    -3.699878004E-02    -1.027190183E-02     2.500000000E-03
     2935    -4.000000000E-02     5.774310570E-03     6.000000000E-03
     2936    -4.000000000E-02     1.659612837E-02     2.500000000E-03
     2937    -3.575232610E-02     1.499457329E-02     2.500000000E-03
     2938    -4.322357356E-02     9.419089610E-03     1.500000000E-03
     2939     4.382842712E-02     3.382842712E-02     1.250000000E-03
     2940     4.382842712E-02     3.382842712E-02     2.500000000E-03
     2941     3.685802798E-02     2.590352145E-02     1.692069123E-03
     2942     2.448348762E-04     2.945885108E-02     1.250000000E-03
     2943     1.436920938E-03     3.041909926E-02     3.140184917E-19
     2944     8.090074003E-05     2.793692094E-02    -3.140184917E-19
     2945    -1.377582562E-03     3.122942554E-02     1.250000000E-03
     2946    -1.377582562E-03     2.822942554E-02     1.250000000E-03
     2947    -1.185274870E-03     3.222942554E-02    -2.220446049E-19
     2948     7.266928549E-04     3.222942554E-02     1.250000000E-03
     2949    -2.767665452E-03     2.756549969E-02    -2.220446049E-19
     2950    -2.563646736E-03     3.007132979E-02    -2.220446049E-19
     2951     1.469905346E-03     3.030668103E-02     1.250000000E-03
     2952     1.436920938E-03     3.041909926E-02     2.500000000E-03
     2953     5.867827799E-04     2.808535079E-02     1.249999995E-03
     2954     8.090074003E-05     2.793692094E-02     2.500000000E-03
     2955    -1.377582562E-03     3.122942554E-02     2.500000000E-03
     2956    -1.377582562E-03     2.822942554E-02     2.500000000E-03
     2957     7.266928549E-04     3.222942554E-02     2.500000000E-03
     2958     3.919099260E-03     2.906307906E-02    -3.140184917E-19
     2959     3.755165124E-03     2.754114892E-02     1.250000000E-03
     2960     2.563079062E-03     2.658090074E-02     3.140184917E-19
     2961     2.414649223E-03     2.708678278E-02     1.249999995E-03
     2962     5.986007583E-03     2.557694415E-02     1.250000000E-03
     2963     3.598318373E-03     2.536166067E-02     1.250000000E-03
     2964     5.383301920E-03     2.836168250E-02     1.250000000E-03
     2965     6.138456467E-03     2.446112056E-02    -2.220446049E-19
     2966     3.220214209E-03     2.389215921E-02    -2.220446049E-19
     2967     6.603221942E-03     2.775761468E-02    -2.220446049E-19
     2968     3.413217215E-03     2.891464923E-02     1.249999995E-03
     2969     2.958851077E-03     3.025516512E-02     1.250000000E-03
     2970     6.402502462E-03     3.262758256E-02     2.661045924E-32
     2971     3.287117846E-03     3.262758256E-02     2.661045924E-32
     2972     1.717332309E-04     3.262758256E-02     2.661045924E-32
     2973     2.083700955E-03     3.262758256E-02     1.250000000E-03
     2974     4.985144897E-03     2.971869060E-02     1.250000000E-03
     2975     6.205064919E-03     2.911462278E-02     2.661045924E-32
     2976     3.919099260E-03     2.906307906E-02     2.500000000E-03
     2977     2.563079062E-03     2.658090074E-02     2.500000000E-03
     2978     5.986007583E-03     2.557694415E-02     2.500000000E-03
     2979     3.598318373E-03     2.536166067E-02     2.500000000E-03
     2980     5.383301920E-03     2.836168250E-02     2.500000000E-03
     2981     3.287117846E-03     3.262758256E-02     1.250000000E-03
     2982     5.550854110E-03     3.262758256E-02     2.500000000E-03
     2983     2.083700955E-03     3.262758256E-02     2.500000000E-03
     2984     4.985144897E-03     2.971869060E-02     2.500000000E-03
     2985     1.041148923E-03     2.674483488E-02     1.250000000E-03
     2986    -9.794255386E-04     2.387241744E-02     1.250000000E-03
     2987    -9.794255386E-04     2.687241744E-02     1.250000000E-03
     2988     2.241310273E-03     2.496350365E-02     1.250000000E-03
     2989    -2.369508429E-03     2.620849159E-02    -2.663765186E-32
     2990    -1.055036150E-03     2.292504085E-02    -2.663765186E-32
     2991     1.863206108E-03     2.349400219E-02    -2.663765186E-32
     2992    -9.794255386E-04     2.387241744E-02     2.500000000E-03
     2993    -9.794255386E-04     2.687241744E-02     2.500000000E-03
     2994     2.241310273E-03     2.496350365E-02     2.500000000E-03
     2995     4.500000000E-02     3.100000000E-02     1.250000000E-03
     2996     4.500000000E-02     2.817277214E-02     0.000000000E+00
     2997     4.325000000E-02     3.000000000E-02     1.250000000E-03
     2998     4.382842712E-02     3.382842712E-02     0.000000000E+00
     2999     4.450000000E-02     3.000000000E-02     1.250000000E-03
     3000     4.500000000E-02     3.000000000E-02     1.250000000E-03
     3001     4.425203735E-02     3.108550808E-02     1.250000000E-03
     3002     4.104232234E-02     3.069397740E-02     0.000000000E+00
     3003     4.300332935E-02     2.847795879E-02     0.000000000E+00
     3004     4.332316838E-02     3.099594726E-02     1.038927936E-03
     3005     4.469551813E-02     3.253073373E-02     6.250000000E-04
     3006     4.450000000E-02     3.000000000E-02     2.500000000E-03
     3007     4.500000000E-02     3.000000000E-02     2.500000000E-03
     3008     4.425203735E-02     3.108550808E-02     2.500000000E-03
     3009     4.469551813E-02     3.253073373E-02     1.875000000E-03
     3010     4.469551813E-02     3.253073373E-02     2.500000000E-03
     3011     4.500000000E-02    -3.100000000E-02     1.250000000E-03
     3012     4.382842712E-02    -3.382842712E-02     2.500000000E-03
     3013     4.450000000E-02    -3.000000000E-02     2.500000000E-03
     3014     4.344311461E-02    -3.204142602E-02     2.500000000E-03
     3015     4.500000000E-02    -2.960104225E-02     2.500000000E-03
     3016     4.420905283E-02    -3.117050656E-02     2.500000000E-03
     3017     4.500000000E-02    -2.144419418E-02     2.500000000E-03
     3018     4.500000000E-02    -2.513355145E-02     1.250000000E-03
     3019     4.500000000E-02    -2.144419418E-02     1.250000000E-03
     3020     4.369073622E-02    -2.480261578E-02     2.500000000E-03
     3021     4.500000000E-02    -2.624523644E-02     2.500000000E-03
     3022     4.416506351E-02    -2.539419418E-02     2.500000000E-03
     3023     4.500000000E-02    -1.550000000E-02     2.500000000E-03
     3024     4.500000000E-02    -1.860000000E-02     1.250000000E-03
     3025     4.500000000E-02    -1.550000000E-02     1.250000000E-03
     3026     4.369073622E-02    -2.195842159E-02     2.500000000E-03
     3027     4.221875000E-02    -1.665436693E-02     2.500000000E-03
     3028     4.187024978E-02    -1.933855980E-02     2.500000000E-03
     3029     4.500000000E-02    -9.300000000E-03     2.500000000E-03
     3030     4.500000000E-02    -1.240000000E-02     1.250000000E-03
     3031     4.500000000E-02    -9.300000000E-03     1.250000000E-03
     3032     4.221875000E-02    -1.355436693E-02     2.500000000E-03
     3033     4.233450217E-02    -1.081051418E-02     2.500000000E-03
     3034     4.500000000E-02    -3.100000000E-03     2.500000000E-03
     3035     4.500000000E-02    -6.200000000E-03     1.250000000E-03
     3036     4.500000000E-02    -3.100000000E-03     1.250000000E-03
     3037     4.211216634E-02    -4.466617369E-03     2.500000000E-03
     3038     4.233450217E-02    -7.710514181E-03     2.500000000E-03
     3039     4.260647758E-02    -4.754668980E-03     1.250000000E-03
     3040     4.500000000E-02     3.100000000E-03     2.500000000E-03
     3041     4.500000000E-02     0.000000000E+00     1.250000000E-03
     3042     4.500000000E-02     3.100000000E-03     1.250000000E-03
     3043     4.211216634E-02    -1.366617369E-03     2.500000000E-03
     3044     4.294149568E-02     1.580901047E-03     2.500000000E-03
     3045     4.260647758E-02    -1.654668980E-03     1.250000000E-03
     3046     4.289140384E-02     8.461445179E-04     1.250000000E-03
     3047     4.500000000E-02     9.300000000E-03     2.500000000E-03
     3048     4.500000000E-02     6.200000000E-03     1.250000000E-03
     3049     4.500000000E-02     9.300000000E-03     1.250000000E-03
     3050     4.229091279E-02     7.666889488E-03     2.500000000E-03
     3051     4.294149568E-02     4.680901047E-03     2.500000000E-03
     3052     4.500000000E-02     1.550000000E-02     2.500000000E-03
     3053     4.500000000E-02     1.240000000E-02     1.250000000E-03
     3054     4.500000000E-02     1.550000000E-02     1.250000000E-03
     3055     4.229091279E-02     1.076688949E-02     2.500000000E-03
     3056     4.263379907E-02     1.333380019E-02     2.500000000E-03
     3057     4.500000000E-02     2.170000000E-02     2.500000000E-03
     3058     4.500000000E-02     1.860000000E-02     1.250000000E-03
     3059     4.500000000E-02     2.197277214E-02     1.250000000E-03
     3060     4.314817188E-02     2.157925658E-02     2.500000000E-03
     3061     4.102095198E-02     1.857517837E-02     2.500000000E-03
     3062     4.263379907E-02     1.643380019E-02     2.500000000E-03
     3063     4.186517391E-02     2.015444287E-02     1.250000000E-03
     3064     4.226616153E-02     1.746240843E-02     1.250000000E-03
     3065     4.500000000E-02     2.507277214E-02     1.250000000E-03
     3066     4.450000000E-02     2.690000000E-02     2.500000000E-03
     3067     4.314817188E-02     2.467925658E-02     2.500000000E-03
     3068     4.500000000E-02     2.690000000E-02     2.500000000E-03
     3069     4.416506351E-02     2.565000000E-02     2.500000000E-03
     3070     4.500000000E-02    -2.848935727E-02     0.000000000E+00
     3071     4.325000000E-02    -3.000000000E-02     1.250000000E-03
     3072     4.382842712E-02    -3.382842712E-02     1.250000000E-03
     3073     4.382842712E-02    -3.382842712E-02     0.000000000E+00
     3074     4.450000000E-02    -3.000000000E-02     1.250000000E-03
     3075     4.344311461E-02    -3.204142602E-02     1.250000000E-03
     3076     4.500000000E-02    -2.960104225E-02     1.250000000E-03
     3077     4.416506351E-02    -2.875000000E-02     1.250000000E-03
     3078     4.420905283E-02    -3.117050656E-02     1.250000000E-03
     3079     4.127980046E-02    -2.880873978E-02     0.000000000E+00
     3080     4.178429705E-02    -3.117884364E-02     0.000000000E+00
     3081     4.500000000E-02    -2.228935727E-02     0.000000000E+00
     3082     4.325000000E-02    -2.748935727E-02     1.250000000E-03
     3083     4.369073622E-02    -2.564777886E-02     1.250000000E-03
     3084     4.500000000E-02    -2.709039952E-02     1.250000000E-03
     3085     4.416506351E-02    -2.623935727E-02     1.250000000E-03
     3086     4.127980046E-02    -2.629809705E-02     0.000000000E+00
     3087     4.201334068E-02    -2.339628805E-02     0.000000000E+00
     3088     4.500000000E-02    -1.550000000E-02     0.000000000E+00
     3089     4.369073622E-02    -2.195842159E-02     1.250000000E-03
     3090     4.221875000E-02    -1.665436693E-02     1.250000000E-03
     3091     4.187024978E-02    -1.933855980E-02     1.250000000E-03
     3092     4.197370043E-02    -1.699036171E-02     0.000000000E+00
     3093     4.201334068E-02    -1.970693078E-02     0.000000000E+00
     3094     4.500000000E-02    -9.300000000E-03     0.000000000E+00
     3095     4.221875000E-02    -1.355436693E-02     1.250000000E-03
     3096     4.233450217E-02    -1.081051418E-02     1.250000000E-03
     3097     4.197370043E-02    -1.389036171E-02     0.000000000E+00
     3098     4.221152670E-02    -1.067550501E-02     0.000000000E+00
     3099     4.500000000E-02    -3.100000000E-03     0.000000000E+00
     3100     4.233450217E-02    -7.710514181E-03     1.250000000E-03
     3101     4.221152670E-02    -7.575505014E-03     0.000000000E+00
     3102     4.260647758E-02    -4.754668980E-03     0.000000000E+00
     3103     4.500000000E-02     3.100000000E-03     0.000000000E+00
     3104     4.260647758E-02    -1.654668980E-03     0.000000000E+00
     3105     4.289140384E-02     8.461445179E-04     0.000000000E+00
     3106     4.500000000E-02     9.300000000E-03     0.000000000E+00
     3107     4.229091279E-02     7.666889488E-03     1.250000000E-03
     3108     4.294149568E-02     4.680901047E-03     1.250000000E-03
     3109     4.166155367E-02     8.502609109E-03     0.000000000E+00
     3110     4.099135376E-02     5.801746170E-03     0.000000000E+00
     3111     4.289140384E-02     3.946144518E-03     0.000000000E+00
     3112     4.500000000E-02     1.550000000E-02     0.000000000E+00
     3113     4.229091279E-02     1.076688949E-02     1.250000000E-03
     3114     4.263379907E-02     1.333380019E-02     1.250000000E-03
     3115     4.166155367E-02     1.160260911E-02     0.000000000E+00
     3116     4.226616153E-02     1.436240843E-02     0.000000000E+00
     3117     4.500000000E-02     2.197277214E-02     0.000000000E+00
     3118     4.314817188E-02     2.157925658E-02     1.250000000E-03
     3119     4.263379907E-02     1.643380019E-02     1.250000000E-03
     3120     4.186517391E-02     2.015444287E-02     0.000000000E+00
     3121     4.226616153E-02     1.746240843E-02     0.000000000E+00
     3122     4.300332935E-02     2.227795879E-02     0.000000000E+00
     3123     4.450000000E-02     2.717277214E-02     1.250000000E-03
     3124     4.314817188E-02     2.495202873E-02     1.250000000E-03
     3125     4.500000000E-02     2.717277214E-02     1.250000000E-03
     3126     4.416506351E-02     2.592277214E-02     1.250000000E-03
     3127     4.300332935E-02     2.565073093E-02     0.000000000E+00
     3128    -4.275000000E-02     3.500000000E-02     1.500000000E-03
     3129    -4.000000000E-02     3.182384968E-02     1.500000000E-03
     3130    -4.000000000E-02     3.500000000E-02     7.500000000E-04
     3131    -4.000000000E-02     3.181818182E-02     7.500000000E-04
     3132    -4.000000000E-02     3.400000000E-02     2.000000000E-03
     3133    -3.819429179E-02     3.400000000E-02     2.000000000E-03
     3134    -3.688461538E-02     3.500000000E-02     7.500000000E-04
     3135    -4.100000000E-02     3.500000000E-02     4.000000000E-03
     3136    -4.150000000E-02     3.500000000E-02     3.500000000E-03
     3137    -3.895833337E-02     3.500000000E-02     3.500000000E-03
     3138    -4.137500000E-02     3.340909091E-02     1.500000000E-03
     3139    -3.844230769E-02     3.340909091E-02     7.500000000E-04
     3140    -4.825000000E-02     3.500000000E-02     1.500000000E-03
     3141    -5.382842712E-02     3.382842712E-02     1.500000000E-03
     3142    -5.000000000E-02     3.325000000E-02     3.500000000E-03
     3143    -5.100000000E-02     3.500000000E-02     3.500000000E-03
     3144    -5.130864939E-02     3.441866426E-02     3.500000000E-03
     3145    -5.152853882E-02     3.496492708E-02     3.500000000E-03
     3146    -5.031699614E-02     3.251396080E-02     1.500000000E-03
     3147    -5.183467895E-02     3.343851564E-02     2.477130397E-03
     3148    -4.903125000E-02     3.500000000E-02     2.500000000E-03
     3149    -5.040625000E-02     3.500000000E-02     2.500000000E-03
     3150    -4.725000000E-02     3.325000000E-02     3.500000000E-03
     3151    -4.275000000E-02     3.400000000E-02     2.000000000E-03
     3152    -4.587500000E-02     3.438156986E-02     3.500000000E-03
     3153    -4.425000000E-02     3.500000000E-02     3.500000000E-03
     3154    -4.587500000E-02     3.500000000E-02     3.500000000E-03
     3155    -4.571656796E-02     3.092792144E-02     1.500000000E-03
     3156    -4.756699614E-02     3.251396080E-02     1.500000000E-03
     3157    -4.608268697E-02     3.285769594E-02     2.819902935E-03
     3158    -4.628125000E-02     3.500000000E-02     2.500000000E-03
     3159    -4.412500000E-02     3.340909091E-02     1.500000000E-03
     3160    -4.000000000E-02    -3.190200423E-02     1.500000000E-03
     3161    -4.275000000E-02    -3.500000000E-02     1.500000000E-03
     3162    -4.000000000E-02    -3.500000000E-02     7.500000000E-04
     3163    -4.000000000E-02    -3.400000000E-02     2.000000000E-03
     3164    -3.688461538E-02    -3.500000000E-02     7.500000000E-04
     3165    -4.150000000E-02    -3.500000000E-02     3.500000000E-03
     3166    -4.100000000E-02    -3.500000000E-02     4.000000000E-03
     3167    -3.831341694E-02    -3.254570270E-02     7.500000000E-04
     3168    -3.895833397E-02    -3.500000000E-02     3.500000000E-03
     3169    -4.000000000E-02     2.546021331E-02     1.500000000E-03
     3170    -4.000000000E-02     2.864203149E-02     7.500000000E-04
     3171    -4.000000000E-02     2.546021331E-02     7.500000000E-04
     3172    -4.000000000E-02     3.082384968E-02     2.000000000E-03
     3173    -4.000000000E-02     2.785060603E-02     2.000000000E-03
     3174    -3.819429179E-02     3.082384968E-02     2.000000000E-03
     3175    -4.175503663E-02     2.865748826E-02     3.500000000E-03
     3176    -3.718551395E-02     2.762008756E-02     7.500000000E-04
     3177    -4.296656796E-02     2.775177112E-02     1.500000000E-03
     3178    -4.333268697E-02     2.968154562E-02     2.819902935E-03
     3179    -4.137500000E-02     3.023294059E-02     1.500000000E-03
     3180    -4.000000000E-02     1.909090909E-02     1.500000000E-03
     3181    -4.000000000E-02     2.227272727E-02     7.500000000E-04
     3182    -4.000000000E-02     1.909090909E-02     7.500000000E-04
     3183    -4.000000000E-02     2.466311999E-02     2.000000000E-03
     3184    -4.000000000E-02     2.095660064E-02     2.000000000E-03
     3185    -4.150000000E-02     2.227272727E-02     3.500000000E-03
     3186    -3.672393108E-02     2.094146605E-02     7.500000000E-04
     3187    -3.718551395E-02     2.443260152E-02     7.500000000E-04
     3188    -4.296656796E-02     2.456428508E-02     1.500000000E-03
     3189    -4.369652667E-02     2.232765496E-02     1.500000000E-03
     3190    -4.181150770E-02     1.989278457E-02     1.500000000E-03
     3191    -3.783497510E-02     2.022876076E-02     2.000000000E-03
     3192    -3.792523189E-02     2.308560767E-02     2.000000000E-03
     3193    -4.238213628E-02     2.416978395E-02     2.442696635E-03
     3194    -4.000000000E-02     1.269055171E-02     1.500000000E-03
     3195    -4.000000000E-02     1.590909091E-02     7.500000000E-04
     3196    -4.000000000E-02     1.311020738E-02     7.500000000E-04
     3197    -4.000000000E-02     1.777478246E-02     2.000000000E-03
     3198    -4.000000000E-02     1.494081724E-02     2.000000000E-03
     3199    -3.789237781E-02     1.482224700E-02     7.500000000E-04
     3200    -4.162949069E-02     1.424563139E-02     1.500000000E-03
     3201    -4.181150770E-02     1.671096639E-02     1.500000000E-03
     3202    -3.783497510E-02     1.704694258E-02     2.000000000E-03
     3203    -4.000000000E-02     1.625260964E-02     2.000000000E-03
     3204    -3.787616305E-02     1.545183210E-02     2.000000000E-03
     3205    -4.000000000E-02     6.259507350E-03     1.500000000E-03
     3206    -4.000000000E-02     9.891668181E-03     7.500000000E-04
     3207    -4.000000000E-02     6.326915345E-03     7.500000000E-04
     3208    -4.000000000E-02     1.172227804E-02     2.000000000E-03
     3209    -4.000000000E-02     8.873444495E-03     2.000000000E-03
     3210    -3.789237781E-02     1.160370780E-02     7.500000000E-04
     3211    -3.728444524E-02     8.827156921E-03     7.500000000E-04
     3212    -4.148718518E-02     7.892947200E-03     1.500000000E-03
     3213    -4.162949069E-02     1.102709219E-02     1.500000000E-03
     3214    -3.789220013E-02     8.123316860E-03     2.000000000E-03
     3215    -3.793494124E-02     1.040038883E-02     2.000000000E-03
     3216    -4.161178678E-02     9.445551059E-03     1.500000000E-03
     3217    -4.000000000E-02    -1.684744764E-04     1.500000000E-03
     3218    -4.000000000E-02     3.114410186E-03     7.500000000E-04
     3219    -4.000000000E-02    -6.740799545E-05     7.500000000E-04
     3220    -4.000000000E-02     5.660939337E-03     2.000000000E-03
     3221    -4.000000000E-02     2.657170382E-03     2.000000000E-03
     3222    -4.148718518E-02     4.680442042E-03     1.500000000E-03
     3223    -4.160724925E-02     1.793714818E-03     1.500000000E-03
     3224    -3.798270202E-02     1.731934477E-03     2.000000000E-03
     3225    -3.789220013E-02     4.910811702E-03     2.000000000E-03
     3226    -4.000000000E-02    -6.574363138E-03     1.500000000E-03
     3227    -4.000000000E-02    -3.282884663E-03     7.500000000E-04
     3228    -4.000000000E-02    -5.874475252E-03     7.500000000E-04
     3229    -4.000000000E-02    -5.583062849E-04     2.000000000E-03
     3230    -4.000000000E-02    -3.389948624E-03     2.000000000E-03
     3231    -4.000000000E-02    -6.191975572E-03     2.000000000E-03
     3232    -4.160724925E-02    -1.421761849E-03     1.500000000E-03
     3233    -4.145620202E-02    -4.568507591E-03     1.500000000E-03
     3234    -3.798270202E-02    -1.483542191E-03     2.000000000E-03
     3235    -3.741428997E-02    -4.830417732E-03     2.000000000E-03
     3236    -4.000000000E-02    -1.294164435E-02     1.500000000E-03
     3237    -4.000000000E-02    -9.064887247E-03     7.500000000E-04
     3238    -4.000000000E-02    -1.283693302E-02     7.500000000E-04
     3239    -4.000000000E-02    -9.382387566E-03     2.000000000E-03
     3240    -4.000000000E-02    -1.199581764E-02     2.000000000E-03
     3241    -3.686008210E-02    -8.753487984E-03     7.500000000E-04
     3242    -3.743711145E-02    -1.144467837E-02     7.500000000E-04
     3243    -4.145620202E-02    -7.758919586E-03     1.500000000E-03
     3244    -4.179377380E-02    -1.100587366E-02     1.500000000E-03
     3245    -3.741428997E-02    -8.020829726E-03     2.000000000E-03
     3246    -4.187500000E-02    -9.226706433E-03     1.500000000E-03
     3247    -3.849939002E-02    -1.132505352E-02     2.000000000E-03
     3248    -3.849939002E-02    -1.001833848E-02     2.000000000E-03
     3249    -4.000000000E-02    -1.919562042E-02     1.500000000E-03
     3250    -4.000000000E-02    -1.601380224E-02     7.500000000E-04
     3251    -4.000000000E-02    -1.919562042E-02     7.500000000E-04
     3252    -4.000000000E-02    -1.517268685E-02     2.000000000E-03
     3253    -4.000000000E-02    -1.855925678E-02     2.000000000E-03
     3254    -3.774687520E-02    -1.802758388E-02     7.500000000E-04
     3255    -3.743711145E-02    -1.462154758E-02     7.500000000E-04
     3256    -4.179377380E-02    -1.418274288E-02     1.500000000E-03
     3257    -4.184918106E-02    -1.686486700E-02     1.500000000E-03
     3258    -3.741788283E-02    -1.672357549E-02     2.000000000E-03
     3259    -4.000000000E-02    -2.553836787E-02     1.500000000E-03
     3260    -4.000000000E-02    -2.227272727E-02     7.500000000E-04
     3261    -4.000000000E-02    -2.545454545E-02     7.500000000E-04
     3262    -4.000000000E-02    -2.163636364E-02     2.000000000E-03
     3263    -4.000000000E-02    -2.434324531E-02     2.000000000E-03
     3264    -4.150000000E-02    -2.227272727E-02     3.500000000E-03
     3265    -3.774687520E-02    -2.110469074E-02     7.500000000E-04
     3266    -4.405317251E-02    -2.155163280E-02     1.500000000E-03
     3267    -4.184918106E-02    -1.994197385E-02     1.500000000E-03
     3268    -3.741788283E-02    -1.980068234E-02     2.000000000E-03
     3269    -3.799055782E-02    -2.407635598E-02     2.000000000E-03
     3270    -4.160941532E-02    -2.344219243E-02     1.500000000E-03
     3271    -4.275000000E-02    -3.190200423E-02     1.500000000E-03
     3272    -4.000000000E-02    -3.190200423E-02     7.500000000E-04
     3273    -4.000000000E-02    -2.872018605E-02     7.500000000E-04
     3274    -4.000000000E-02    -3.090200423E-02     2.000000000E-03
     3275    -4.000000000E-02    -2.760888590E-02     2.000000000E-03
     3276    -3.831341694E-02    -2.944770694E-02     7.500000000E-04
     3277    -4.321883065E-02    -2.787729818E-02     1.500000000E-03
     3278    -3.799055782E-02    -2.734199657E-02     2.000000000E-03
     3279    -4.223641114E-02    -2.960574049E-02     2.390711806E-03
     3280    -4.160941532E-02    -2.670783302E-02     1.500000000E-03
     3281    -4.825000000E-02    -3.500000000E-02     1.500000000E-03
     3282    -5.382842712E-02    -3.382842712E-02     1.500000000E-03
     3283    -5.000000000E-02    -3.325000000E-02     3.500000000E-03
     3284    -5.100000000E-02    -3.500000000E-02     3.500000000E-03
     3285    -4.862500000E-02    -3.438156986E-02     3.500000000E-03
     3286    -5.177798197E-02    -3.409792281E-02     3.500000000E-03
     3287    -4.862500000E-02    -3.500000000E-02     3.500000000E-03
     3288    -5.208909287E-02    -3.484887993E-02     3.500000000E-03
     3289    -5.054886907E-02    -3.283163061E-02     1.500000000E-03
     3290    -5.277206465E-02    -3.458605450E-02     2.500000000E-03
     3291    -4.725000000E-02    -3.325000000E-02     3.500000000E-03
     3292    -4.275000000E-02    -3.400000000E-02     2.000000000E-03
     3293    -4.587500000E-02    -3.438156986E-02     3.500000000E-03
     3294    -4.425000000E-02    -3.500000000E-02     3.500000000E-03
     3295    -4.587500000E-02    -3.500000000E-02     3.500000000E-03
     3296    -4.596883065E-02    -3.097529395E-02     1.500000000E-03
     3297    -4.779886907E-02    -3.283163061E-02     1.500000000E-03
     3298    -4.498641114E-02    -3.270373626E-02     2.390711806E-03
     3299    -5.500000000E-02    -2.814132064E-02     1.500000000E-03
     3300    -5.325000000E-02    -3.000000000E-02     3.500000000E-03
     3301    -5.500000000E-02    -3.100000000E-02     3.500000000E-03
     3302    -5.377798197E-02    -3.209792281E-02     3.500000000E-03
     3303    -5.254886907E-02    -3.083163061E-02     1.500000000E-03
     3304    -5.500000000E-02    -2.899623330E-02     2.532392492E-03
     3305    -5.500000000E-02    -3.035311822E-02     2.824954191E-03
     3306    -5.478876239E-02    -3.228268452E-02     2.500000000E-03
     3307    -5.500000000E-02     2.859043335E-02     1.500000000E-03
     3308    -5.500000000E-02     3.100000000E-02     3.500000000E-03
     3309    -5.417736021E-02     3.342989344E-02     3.500000000E-03
     3310    -5.478876239E-02     3.228268452E-02     3.500000000E-03
     3311    -5.231699614E-02     3.051396080E-02     1.500000000E-03
     3312    -5.383467895E-02     3.143851564E-02     2.477130397E-03
     3313    -5.500000000E-02     2.895000000E-02     2.500000000E-03
     3314    -5.500000000E-02     3.050000000E-02     2.500000000E-03
     3315    -5.500000000E-02     2.323911028E-02     1.500000000E-03
     3316    -5.325000000E-02     2.759043335E-02     3.500000000E-03
     3317    -5.200000000E-02     2.634043335E-02     3.500000000E-03
     3318    -5.500000000E-02     2.549043335E-02     3.500000000E-03
     3319    -5.337500000E-02     2.520886348E-02     3.500000000E-03
     3320    -5.046656796E-02     2.651835479E-02     1.500000000E-03
     3321    -5.119652667E-02     2.428172467E-02     1.500000000E-03
     3322    -5.231699614E-02     2.810439414E-02     1.500000000E-03
     3323    -5.383467895E-02     2.902894898E-02     2.477130397E-03
     3324    -5.500000000E-02     2.654043335E-02     2.500000000E-03
     3325    -5.500000000E-02     1.634867693E-02     1.500000000E-03
     3326    -5.500000000E-02     1.944867693E-02     3.500000000E-03
     3327    -5.500000000E-02     2.254867693E-02     3.500000000E-03
     3328    -5.337500000E-02     2.226710707E-02     3.500000000E-03
     3329    -5.180085332E-02     1.969239078E-02     3.500000000E-03
     3330    -5.201214571E-02     1.773403821E-02     1.500000000E-03
     3331    -5.119652667E-02     2.133996826E-02     1.500000000E-03
     3332    -5.500000000E-02     9.300000000E-03     1.500000000E-03
     3333    -5.500000000E-02     1.240000000E-02     3.500000000E-03
     3334    -5.500000000E-02     1.550000000E-02     3.500000000E-03
     3335    -5.201214571E-02     1.378536128E-02     1.500000000E-03
     3336    -5.203861321E-02     1.098788764E-02     1.500000000E-03
     3337    -5.500000000E-02     3.100000000E-03     1.500000000E-03
     3338    -5.500000000E-02     6.200000000E-03     3.500000000E-03
     3339    -5.500000000E-02     9.300000000E-03     3.500000000E-03
     3340    -5.234136132E-02     6.559482226E-03     3.500000000E-03
     3341    -5.125000000E-02     5.445454693E-03     1.500000000E-03
     3342    -5.203861321E-02     7.887887641E-03     1.500000000E-03
     3343    -5.312500000E-02     3.884205051E-03     1.500000000E-03
     3344    -5.500000000E-02    -3.100000000E-03     1.500000000E-03
     3345    -5.500000000E-02     0.000000000E+00     3.500000000E-03
     3346    -5.500000000E-02     3.100000000E-03     3.500000000E-03
     3347    -5.312500000E-02     7.842050505E-04     1.500000000E-03
     3348    -5.312500000E-02    -1.947727680E-03     1.500000000E-03
     3349    -5.500000000E-02    -9.300000000E-03     1.500000000E-03
     3350    -5.500000000E-02    -6.200000000E-03     3.500000000E-03
     3351    -5.500000000E-02    -3.100000000E-03     3.500000000E-03
     3352    -5.312500000E-02    -5.047727680E-03     1.500000000E-03
     3353    -5.318331970E-02    -7.792246368E-03     1.500000000E-03
     3354    -5.500000000E-02    -1.550000000E-02     1.500000000E-03
     3355    -5.500000000E-02    -1.240000000E-02     3.500000000E-03
     3356    -5.500000000E-02    -9.300000000E-03     3.500000000E-03
     3357    -5.200000000E-02    -1.327727242E-02     3.500000000E-03
     3358    -5.172520440E-02    -1.329359335E-02     1.500000000E-03
     3359    -5.318331970E-02    -1.089224637E-02     1.500000000E-03
     3360    -5.500000000E-02    -2.194132064E-02     1.500000000E-03
     3361    -5.500000000E-02    -1.860000000E-02     3.500000000E-03
     3362    -5.500000000E-02    -1.550000000E-02     3.500000000E-03
     3363    -5.328391810E-02    -2.136811713E-02     3.500000000E-03
     3364    -5.200000000E-02    -1.637727242E-02     3.500000000E-03
     3365    -5.223586915E-02    -1.903210031E-02     3.500000000E-03
     3366    -5.172520440E-02    -1.639359335E-02     1.500000000E-03
     3367    -5.155317251E-02    -1.971526916E-02     1.500000000E-03
     3368    -5.325000000E-02    -2.714132064E-02     3.500000000E-03
     3369    -5.200000000E-02    -2.589132064E-02     3.500000000E-03
     3370    -5.500000000E-02    -2.569053953E-02     3.500000000E-03
     3371    -5.500000000E-02    -2.194132064E-02     3.500000000E-03
     3372    -5.328391810E-02    -2.470943776E-02     3.500000000E-03
     3373    -5.071883065E-02    -2.611661459E-02     1.500000000E-03
     3374    -5.155317251E-02    -2.305658980E-02     1.500000000E-03
     3375    -5.254886907E-02    -2.797295125E-02     1.500000000E-03
     3376    -5.500000000E-02    -2.613755394E-02     2.532392492E-03
     3377    -4.000000000E-02     3.181818182E-02     0.000000000E+00
     3378    -3.688461538E-02     3.500000000E-02     0.000000000E+00
     3379    -3.844230769E-02     3.340909091E-02     0.000000000E+00
     3380    -4.000000000E-02    -3.181818182E-02     0.000000000E+00
     3381    -3.688461538E-02    -3.500000000E-02     0.000000000E+00
     3382    -3.831341694E-02    -3.254570270E-02     0.000000000E+00
     3383    -4.000000000E-02     2.545454545E-02     0.000000000E+00
     3384    -3.819429179E-02     3.081818182E-02     1.250000000E-03
     3385    -3.718551395E-02     2.761441970E-02     0.000000000E+00
     3386    -3.844230769E-02     3.022727273E-02     0.000000000E+00
     3387    -4.000000000E-02     1.909090909E-02     0.000000000E+00
     3388    -3.672393108E-02     2.094146605E-02     0.000000000E+00
     3389    -3.718551395E-02     2.443260152E-02     0.000000000E+00
     3390    -4.000000000E-02     1.311020738E-02     0.000000000E+00
     3391    -3.672393108E-02     1.775964787E-02     0.000000000E+00
     3392    -3.789237781E-02     1.482224700E-02     0.000000000E+00
     3393    -3.783497510E-02     1.704694258E-02     1.250000000E-03
     3394    -4.000000000E-02     6.746571018E-03     0.000000000E+00
     3395    -3.789237781E-02     1.202336348E-02     0.000000000E+00
     3396    -3.728444524E-02     9.246812594E-03     0.000000000E+00
     3397    -4.000000000E-02    -3.552713679E-18     0.000000000E+00
     3398    -3.623178911E-02     2.132629911E-03     0.000000000E+00
     3399    -3.728444524E-02     5.682059758E-03     0.000000000E+00
     3400    -3.798270202E-02     1.799342472E-03     1.250000000E-03
     3401    -3.789220013E-02     4.978219697E-03     1.250000000E-03
     3402    -4.000000000E-02    -5.773408771E-03     0.000000000E+00
     3403    -3.623178911E-02    -1.049188271E-03     0.000000000E+00
     3404    -3.686008210E-02    -5.462009509E-03     0.000000000E+00
     3405    -3.798270202E-02    -1.382475710E-03     1.250000000E-03
     3406    -3.741428997E-02    -4.729351251E-03     1.250000000E-03
     3407    -4.000000000E-02    -1.213704513E-02     0.000000000E+00
     3408    -3.686008210E-02    -8.053600098E-03     0.000000000E+00
     3409    -3.743711145E-02    -1.074479048E-02     0.000000000E+00
     3410    -3.741428997E-02    -7.320941840E-03     1.250000000E-03
     3411    -4.000000000E-02    -1.909090909E-02     0.000000000E+00
     3412    -3.774687520E-02    -1.792287255E-02     0.000000000E+00
     3413    -3.743711145E-02    -1.451683626E-02     0.000000000E+00
     3414    -4.000000000E-02    -2.545454545E-02     0.000000000E+00
     3415    -3.634757157E-02    -2.363492699E-02     0.000000000E+00
     3416    -3.774687520E-02    -2.110469074E-02     0.000000000E+00
     3417    -3.831341694E-02    -2.618206634E-02     0.000000000E+00
     3418    -3.799055782E-02    -2.407635598E-02     1.250000000E-03
     3419    -3.831341694E-02    -2.936388452E-02     0.000000000E+00
     3420    -3.799055782E-02    -2.725817416E-02     1.250000000E-03
     3421    -4.900000000E-02    -2.900000000E-02     5.500000000E-03
     3422    -4.723223305E-02    -2.723223305E-02     5.500000000E-03
     3423    -4.736167479E-02    -3.063832521E-02     5.500000000E-03
     3424    -4.650000000E-02    -2.900000000E-02     8.880964303E-03
     3425    -4.550000000E-02    -2.900000000E-02     6.000000000E-03
     3426    -4.637500000E-02    -2.661843014E-02     5.500000000E-03
     3427    -4.637500000E-02    -3.138156986E-02     5.500000000E-03
     3428    -4.500503663E-02    -2.883363858E-02     5.500000000E-03
     3429    -4.599786758E-02    -3.041157075E-02     6.000000000E-03
     3430    -4.615900974E-02    -2.740900974E-02     6.000000000E-03
     3431    -4.706878026E-02    -3.058757372E-02     8.582588583E-03
     3432    -4.646883065E-02    -2.797529395E-02     3.500000000E-03
     3433    -4.829886907E-02    -2.983163061E-02     3.500000000E-03
     3434    -4.548641114E-02    -2.970373626E-02     4.390711806E-03
     3435    -5.076776695E-02    -2.723223305E-02     5.500000000E-03
     3436    -5.076776695E-02    -3.076776695E-02     5.500000000E-03
     3437    -5.150000000E-02    -2.900000000E-02     8.750000000E-03
     3438    -5.250000000E-02    -2.900000000E-02     6.000000000E-03
     3439    -5.300000000E-02    -2.900000000E-02     5.500000000E-03
     3440    -5.153391810E-02    -2.656811713E-02     5.500000000E-03
     3441    -5.202798197E-02    -3.109792281E-02     5.500000000E-03
     3442    -5.184099026E-02    -3.059099026E-02     6.000000000E-03
     3443    -5.184099026E-02    -2.740900974E-02     6.000000000E-03
     3444    -5.136215866E-02    -2.818133863E-02     8.473231960E-03
     3445    -5.079886907E-02    -2.983163061E-02     3.500000000E-03
     3446    -5.325000000E-02    -2.799623330E-02     4.532392492E-03
     3447    -5.325000000E-02    -2.935311822E-02     4.824954191E-03
     3448    -4.900000000E-02    -2.650000000E-02     1.200000000E-02
     3449    -4.723223305E-02    -2.723223305E-02     8.880964303E-03
     3450    -4.938072962E-02    -2.553244618E-02     6.000000000E-03
     3451    -5.028391810E-02    -2.531811713E-02     5.500000000E-03
     3452    -4.762500000E-02    -2.536843014E-02     5.500000000E-03
     3453    -5.059099026E-02    -2.615900974E-02     6.000000000E-03
     3454    -4.740900974E-02    -2.615900974E-02     6.000000000E-03
     3455    -4.780847933E-02    -2.584139357E-02     8.811259907E-03
     3456    -5.009141740E-02    -2.675082058E-02     8.473231960E-03
     3457    -4.771883065E-02    -2.672529395E-02     3.500000000E-03
     3458    -4.954886907E-02    -2.858163061E-02     3.500000000E-03
     3459    -5.076776695E-02    -3.076776695E-02     8.750000000E-03
     3460    -4.900000000E-02    -3.250000000E-02     6.000000000E-03
     3461    -4.762500000E-02    -3.263156986E-02     5.500000000E-03
     3462    -5.077798197E-02    -3.234792281E-02     5.500000000E-03
     3463    -4.724786758E-02    -3.166157075E-02     6.000000000E-03
     3464    -5.059099026E-02    -3.184099026E-02     6.000000000E-03
     3465    -4.875700559E-02    -3.148816272E-02     8.582588583E-03
     3466    -4.954886907E-02    -3.108163061E-02     3.500000000E-03
     3467    -4.673641114E-02    -3.095373626E-02     4.390711806E-03
     3468    -4.900000000E-02     2.900000000E-02     5.500000000E-03
     3469    -4.723223305E-02     3.076776695E-02     5.500000000E-03
     3470    -4.723223305E-02     2.723223305E-02     5.500000000E-03
     3471    -4.650000000E-02     2.900000000E-02     8.054721654E-03
     3472    -4.550000000E-02     2.900000000E-02     6.000000000E-03
     3473    -4.637500000E-02     2.661843014E-02     5.500000000E-03
     3474    -4.500503663E-02     2.883363858E-02     5.500000000E-03
     3475    -4.615900974E-02     3.059099026E-02     6.000000000E-03
     3476    -4.615900974E-02     2.740900974E-02     6.000000000E-03
     3477    -4.706878026E-02     2.741242628E-02     8.582588583E-03
     3478    -4.621656796E-02     2.792792144E-02     3.500000000E-03
     3479    -4.806699614E-02     2.951396080E-02     3.500000000E-03
     3480    -4.563213628E-02     2.753342032E-02     4.442696635E-03
     3481    -4.658268697E-02     2.985769594E-02     4.819902935E-03
     3482    -5.076776695E-02     3.076776695E-02     5.500000000E-03
     3483    -5.076776695E-02     2.723223305E-02     5.500000000E-03
     3484    -5.150000000E-02     2.900000000E-02     8.750000000E-03
     3485    -5.250000000E-02     2.900000000E-02     6.000000000E-03
     3486    -5.300000000E-02     2.900000000E-02     5.500000000E-03
     3487    -5.162500000E-02     2.661843014E-02     5.500000000E-03
     3488    -5.184099026E-02     3.059099026E-02     6.000000000E-03
     3489    -5.184099026E-02     2.740900974E-02     6.000000000E-03
     3490    -5.263156986E-02     3.037500000E-02     5.500000000E-03
     3491    -5.056699614E-02     2.951396080E-02     3.500000000E-03
     3492    -4.908268697E-02     2.985769594E-02     4.819902935E-03
     3493    -5.208467895E-02     3.043851564E-02     4.477130397E-03
     3494    -5.325000000E-02     2.795000000E-02     4.500000000E-03
     3495    -4.900000000E-02     3.150000000E-02     1.200000000E-02
     3496    -5.076776695E-02     3.076776695E-02     8.750000000E-03
     3497    -4.723223305E-02     3.076776695E-02     8.054721654E-03
     3498    -4.900000000E-02     3.250000000E-02     6.000000000E-03
     3499    -5.030864939E-02     3.266866426E-02     5.500000000E-03
     3500    -4.762500000E-02     3.263156986E-02     5.500000000E-03
     3501    -4.740900974E-02     3.184099026E-02     6.000000000E-03
     3502    -5.059099026E-02     3.184099026E-02     6.000000000E-03
     3503    -4.774518953E-02     3.211760560E-02     8.714228368E-03
     3504    -5.018279560E-02     3.216402575E-02     8.646919521E-03
     3505    -4.900000000E-02     3.300000000E-02     5.500000000E-03
     3506    -5.138156986E-02     3.162500000E-02     5.500000000E-03
     3507    -4.931699614E-02     3.076396080E-02     3.500000000E-03
     3508    -4.783268697E-02     3.110769594E-02     4.819902935E-03
     3509    -5.083467895E-02     3.168851564E-02     4.477130397E-03
     3510    -4.803125000E-02     3.325000000E-02     4.500000000E-03
     3511    -4.940625000E-02     3.325000000E-02     4.500000000E-03
     3512    -5.076776695E-02     2.723223305E-02     8.750000000E-03
     3513    -4.900000000E-02     2.550000000E-02     6.000000000E-03
     3514    -4.762500000E-02     2.536843014E-02     5.500000000E-03
     3515    -5.037500000E-02     2.536843014E-02     5.500000000E-03
     3516    -4.740900974E-02     2.615900974E-02     6.000000000E-03
     3517    -5.059099026E-02     2.615900974E-02     6.000000000E-03
     3518    -4.875700559E-02     2.651183728E-02     8.582588583E-03
     3519    -4.746656796E-02     2.667792144E-02     3.500000000E-03
     3520    -4.931699614E-02     2.826396080E-02     3.500000000E-03
     3521    -4.688213628E-02     2.628342032E-02     4.442696635E-03
     3522    -4.775000000E-02    -2.775000000E-02     1.850000000E-02
     3523    -4.650000000E-02    -2.900000000E-02     1.538096430E-02
     3524    -4.775000000E-02    -3.025000000E-02     1.850000000E-02
     3525    -4.550000000E-02    -2.900000000E-02     1.850000000E-02
     3526    -4.775000000E-02    -2.675000000E-02     1.850000000E-02
     3527    -4.550000000E-02    -2.900000000E-02     1.608754275E-02
     3528    -4.615900974E-02    -2.740900974E-02     1.716688651E-02
     3529    -5.025000000E-02    -2.775000000E-02     1.850000000E-02
     3530    -5.150000000E-02    -2.900000000E-02     1.525000000E-02
     3531    -5.025000000E-02    -3.025000000E-02     1.850000000E-02
     3532    -5.250000000E-02    -2.900000000E-02     1.850000000E-02
     3533    -5.025000000E-02    -2.675000000E-02     1.850000000E-02
     3534    -5.250000000E-02    -2.900000000E-02     1.632074333E-02
     3535    -5.004166128E-02    -3.027261038E-02     1.508258858E-02
     3536    -5.050888349E-02    -2.749111654E-02     1.525000000E-02
     3537    -4.749111652E-02    -2.749111652E-02     1.538096430E-02
     3538    -4.900000000E-02    -2.550000000E-02     1.850000000E-02
     3539    -4.675000000E-02    -2.775000000E-02     1.608754275E-02
     3540    -5.125000000E-02    -2.775000000E-02     1.632074333E-02
     3541    -4.938072962E-02    -2.553244618E-02     1.250000000E-02
     3542    -5.019368559E-02    -2.584274681E-02     1.540371118E-02
     3543    -4.780847933E-02    -2.584139357E-02     1.531125991E-02
     3544    -5.009141740E-02    -2.675082058E-02     1.497323196E-02
     3545    -4.740900974E-02    -2.615900974E-02     1.716688651E-02
     3546    -5.250000000E-02    -2.900000000E-02     9.250000000E-03
     3547    -5.250000000E-02    -2.900000000E-02     1.307074333E-02
     3548    -5.184099026E-02    -3.059099026E-02     9.250000000E-03
     3549    -5.115522438E-02    -3.105987107E-02     1.181637546E-02
     3550    -5.013080184E-02    -3.042002241E-02     1.182303062E-02
     3551    -5.136215866E-02    -2.818133863E-02     1.172323196E-02
     3552    -4.749111652E-02    -3.050888348E-02     1.538096430E-02
     3553    -4.550000000E-02    -2.900000000E-02     9.380964303E-03
     3554    -4.550000000E-02    -2.900000000E-02     1.296850705E-02
     3555    -4.599786758E-02    -3.041157075E-02     9.380964303E-03
     3556    -4.615900974E-02    -2.740900974E-02     9.380964303E-03
     3557    -4.655847933E-02    -2.709139357E-02     1.219222421E-02
     3558    -4.672300273E-02    -3.100194321E-02     1.212679199E-02
     3559    -4.717862424E-02    -3.049727567E-02     1.196355289E-02
     3560    -4.675000000E-02    -3.025000000E-02     1.850000000E-02
     3561    -5.125000000E-02    -3.025000000E-02     1.850000000E-02
     3562    -4.900000000E-02    -3.250000000E-02     1.850000000E-02
     3563    -4.675000000E-02    -3.025000000E-02     1.608754275E-02
     3564    -5.125000000E-02    -3.025000000E-02     1.632074333E-02
     3565    -4.797300273E-02    -3.225194321E-02     1.524582769E-02
     3566    -4.990522438E-02    -3.230987107E-02     1.506637546E-02
     3567    -4.875786851E-02    -3.147932679E-02     1.508258858E-02
     3568    -4.775000000E-02     3.025000000E-02     1.850000000E-02
     3569    -4.650000000E-02     2.900000000E-02     1.455472165E-02
     3570    -4.775000000E-02     2.775000000E-02     1.850000000E-02
     3571    -4.550000000E-02     2.900000000E-02     1.850000000E-02
     3572    -4.775000000E-02     3.125000000E-02     1.850000000E-02
     3573    -4.550000000E-02     2.900000000E-02     1.600064837E-02
     3574    -4.615900974E-02     3.059099026E-02     1.716363272E-02
     3575    -5.025000000E-02     3.025000000E-02     1.850000000E-02
     3576    -5.150000000E-02     2.900000000E-02     1.525000000E-02
     3577    -5.025000000E-02     2.775000000E-02     1.850000000E-02
     3578    -5.250000000E-02     2.900000000E-02     1.850000000E-02
     3579    -5.025000000E-02     3.125000000E-02     1.850000000E-02
     3580    -5.250000000E-02     2.900000000E-02     1.677957936E-02
     3581    -5.063832523E-02     3.063832520E-02     1.525000000E-02
     3582    -4.749111652E-02     3.050888348E-02     1.455472165E-02
     3583    -4.900000000E-02     3.250000000E-02     1.850000000E-02
     3584    -4.675000000E-02     3.025000000E-02     1.600064837E-02
     3585    -5.125000000E-02     3.025000000E-02     1.677957936E-02
     3586    -4.900000000E-02     3.250000000E-02     1.250000000E-02
     3587    -4.774518953E-02     3.211760560E-02     1.521422837E-02
     3588    -5.018279560E-02     3.216402575E-02     1.514691952E-02
     3589    -4.740900974E-02     3.184099026E-02     1.716363272E-02
     3590    -5.063832521E-02     2.736167479E-02     1.525000000E-02
     3591    -5.250000000E-02     2.900000000E-02     9.250000000E-03
     3592    -5.250000000E-02     2.900000000E-02     1.352957936E-02
     3593    -5.184099026E-02     3.059099026E-02     9.250000000E-03
     3594    -5.184099026E-02     2.740900974E-02     9.250000000E-03
     3595    -5.143279560E-02     3.091402575E-02     1.189691952E-02
     3596    -5.109924110E-02     2.691642385E-02     1.221485447E-02
     3597    -5.037609322E-02     2.719269573E-02     1.180391470E-02
     3598    -4.745875609E-02     2.745875609E-02     1.455472165E-02
     3599    -4.550000000E-02     2.900000000E-02     8.554721654E-03
     3600    -4.550000000E-02     2.900000000E-02     1.205537002E-02
     3601    -4.615900974E-02     3.059099026E-02     8.554721654E-03
     3602    -4.615900974E-02     2.740900974E-02     8.554721654E-03
     3603    -4.649518953E-02     3.086760560E-02     1.126895002E-02
     3604    -4.685060602E-02     2.693757656E-02     1.113620672E-02
     3605    -4.717862424E-02     2.750272433E-02     1.113731024E-02
     3606    -4.675000000E-02     2.775000000E-02     1.850000000E-02
     3607    -5.125000000E-02     2.775000000E-02     1.850000000E-02
     3608    -4.900000000E-02     2.550000000E-02     1.850000000E-02
     3609    -4.675000000E-02     2.775000000E-02     1.600064837E-02
     3610    -5.125000000E-02     2.775000000E-02     1.677957936E-02
     3611    -4.810060602E-02     2.568757656E-02     1.508148507E-02
     3612    -4.984924110E-02     2.566642385E-02     1.546485447E-02
     3613    -4.875729323E-02     2.651478259E-02     1.508258858E-02
     3614     4.063832521E-02     3.063832521E-02     2.500000000E-03
     3615     4.076776695E-02     2.723223305E-02     2.500000000E-03
     3616     4.150000000E-02     2.900000000E-02     3.783323738E-03
     3617     4.250000000E-02     2.900000000E-02     2.750000000E-03
     3618     4.275000000E-02     2.900000000E-02     2.500000000E-03
     3619     4.232872895E-02     2.986103772E-02     2.750000000E-03
     3620     4.184099026E-02     2.740900974E-02     2.750000000E-03
     3621     4.232872895E-02     2.813896228E-02     2.750000000E-03
     3622     4.241506351E-02     2.775000000E-02     2.500000000E-03
     3623     3.929232234E-02     2.969397740E-02     1.250000000E-03
     3624     4.125332935E-02     2.747795879E-02     1.250000000E-03
     3625     4.157316838E-02     2.999594726E-02     2.288927936E-03
     3626     3.723223305E-02     3.076776695E-02     2.500000000E-03
     3627     3.723223305E-02     2.723223305E-02     2.500000000E-03
     3628     3.650000000E-02     2.900000000E-02     5.271167250E-03
     3629     3.550000000E-02     2.900000000E-02     2.750000000E-03
     3630     3.525000000E-02     2.900000000E-02     2.500000000E-03
     3631     3.615900974E-02     3.059099026E-02     2.750000000E-03
     3632     3.564313977E-02     2.978970880E-02     2.750000000E-03
     3633     3.563188352E-02     3.032799947E-02     2.500000000E-03
     3634     3.615900974E-02     2.740900974E-02     2.750000000E-03
     3635     3.567127105E-02     2.813896228E-02     2.750000000E-03
     3636     3.558234524E-02     2.775449895E-02     2.500000000E-03
     3637     3.637519758E-02     2.721887162E-02     4.452173102E-03
     3638     3.670828331E-02     2.999901682E-02     4.974192693E-03
     3639     3.679232234E-02     2.969397740E-02     1.250000000E-03
     3640     3.667901399E-02     2.745176072E-02     2.096034562E-03
     3641     3.900000000E-02     2.900000000E-02     2.500000000E-03
     3642     4.063832521E-02     3.063832521E-02     3.783323738E-03
     3643     4.000000000E-02     3.325000000E-02     1.250000000E-03
     3644     3.900000000E-02     3.250000000E-02     2.750000000E-03
     3645     3.775000000E-02     3.241506351E-02     2.500000000E-03
     3646     4.017590312E-02     3.245618491E-02     2.500000000E-03
     3647     3.900000000E-02     3.275000000E-02     2.500000000E-03
     3648     3.740900974E-02     3.184099026E-02     2.750000000E-03
     3649     4.049082608E-02     3.193521144E-02     2.750000000E-03
     3650     3.792172755E-02     3.222479835E-02     4.954654459E-03
     3651     4.019862653E-02     3.215415189E-02     5.290915852E-03
     3652     3.808592316E-02     3.132689998E-02     4.974192693E-03
     3653     3.936621960E-02     3.147303118E-02     6.474064942E-03
     3654     3.804232234E-02     3.094397740E-02     1.250000000E-03
     3655     4.032316838E-02     3.124594726E-02     2.288927936E-03
     3656     3.723223305E-02     2.723223305E-02     5.271167250E-03
     3657     4.076776695E-02     2.723223305E-02     3.783323738E-03
     3658     3.900000000E-02     2.550000000E-02     2.750000000E-03
     3659     4.014817188E-02     2.552925658E-02     2.500000000E-03
     3660     3.787312438E-02     2.551837473E-02     2.500000000E-03
     3661     4.059099026E-02     2.615900974E-02     2.750000000E-03
     3662     3.740900974E-02     2.615900974E-02     2.750000000E-03
     3663     4.007869196E-02     2.577543077E-02     5.584821938E-03
     3664     3.762519758E-02     2.596887162E-02     4.452173102E-03
     3665     3.845874312E-02     2.655929498E-02     6.500000000E-03
     3666     3.804232234E-02     2.844397740E-02     1.250000000E-03
     3667     4.000332935E-02     2.622795879E-02     1.250000000E-03
     3668     3.792901399E-02     2.620176072E-02     2.096034562E-03
     3669     4.050888348E-02    -2.749111652E-02     2.500000000E-03
     3670     4.076776695E-02    -3.076776695E-02     2.500000000E-03
     3671     4.150000000E-02    -2.900000000E-02     5.166666667E-03
     3672     4.250000000E-02    -2.900000000E-02     2.750000000E-03
     3673     4.275000000E-02    -2.900000000E-02     2.500000000E-03
     3674     4.194073622E-02    -2.715842159E-02     2.500000000E-03
     3675     4.184099026E-02    -2.740900974E-02     2.750000000E-03
     3676     4.232872895E-02    -2.813896228E-02     2.750000000E-03
     3677     4.241506351E-02    -2.775000000E-02     2.500000000E-03
     3678     4.184099026E-02    -3.059099026E-02     2.750000000E-03
     3679     4.240867342E-02    -2.963453059E-02     2.750000000E-03
     3680     4.245905283E-02    -3.017050656E-02     2.500000000E-03
     3681     3.952980046E-02    -2.780873978E-02     1.250000000E-03
     3682     4.003429705E-02    -3.017884364E-02     1.250000000E-03
     3683     3.723223305E-02    -2.723223305E-02     2.500000000E-03
     3684     3.723223305E-02    -3.076776695E-02     2.500000000E-03
     3685     3.650000000E-02    -2.900000000E-02     5.220287170E-03
     3686     3.550000000E-02    -2.900000000E-02     2.750000000E-03
     3687     3.525000000E-02    -2.900000000E-02     2.500000000E-03
     3688     3.625984996E-02    -2.731419074E-02     2.750000000E-03
     3689     3.566325317E-02    -2.815857997E-02     2.750000000E-03
     3690     3.556949833E-02    -2.777712942E-02     2.500000000E-03
     3691     3.618827362E-02    -3.061972551E-02     2.750000000E-03
     3692     3.562667055E-02    -2.974429297E-02     2.750000000E-03
     3693     3.555016545E-02    -3.018774069E-02     2.500000000E-03
     3694     3.637924459E-02    -3.078424483E-02     4.462632752E-03
     3695     3.670828331E-02    -2.800098318E-02     4.974192693E-03
     3696     3.702980046E-02    -2.780873978E-02     1.250000000E-03
     3697     3.753429705E-02    -3.017884364E-02     1.250000000E-03
     3698     3.900000000E-02    -2.900000000E-02     2.500000000E-03
     3699     4.076776695E-02    -2.723223305E-02     5.166666667E-03
     3700     3.900000000E-02    -2.550000000E-02     2.750000000E-03
     3701     3.775000000E-02    -2.558493649E-02     2.500000000E-03
     3702     4.069073622E-02    -2.590842159E-02     2.500000000E-03
     3703     3.900000000E-02    -2.525000000E-02     2.500000000E-03
     3704     3.750984996E-02    -2.606419074E-02     2.750000000E-03
     3705     4.059099026E-02    -2.615900974E-02     2.750000000E-03
     3706     3.796628239E-02    -2.575151860E-02     4.636252588E-03
     3707     4.019909481E-02    -2.584614296E-02     5.314242004E-03
     3708     3.808592316E-02    -2.667310002E-02     4.974192693E-03
     3709     3.943396122E-02    -2.653795255E-02     6.500000000E-03
     3710     3.827980046E-02    -2.655873978E-02     1.250000000E-03
     3711     3.878429705E-02    -2.892884364E-02     1.250000000E-03
     3712     3.723223305E-02    -3.076776695E-02     5.220287170E-03
     3713     4.076776695E-02    -3.076776695E-02     5.166666667E-03
     3714     3.900000000E-02    -3.250000000E-02     2.750000000E-03
     3715     4.044311461E-02    -3.229142602E-02     2.500000000E-03
     3716     3.831240455E-02    -3.265358326E-02     2.500000000E-03
     3717     4.059099026E-02    -3.184099026E-02     2.750000000E-03
     3718     3.743827362E-02    -3.186972551E-02     2.750000000E-03
     3719     4.008353396E-02    -3.222191637E-02     5.597192137E-03
     3720     3.762924459E-02    -3.203424483E-02     4.462632752E-03
     3721     3.872264860E-02    -3.148456761E-02     6.525638164E-03
     3722     3.878429705E-02    -3.142884364E-02     1.250000000E-03
     3723    -4.581801948E-02    -2.581801948E-02     1.850000000E-02
     3724    -4.581801948E-02    -3.218198052E-02     1.850000000E-02
     3725    -4.450000000E-02    -2.900000000E-02     1.608754275E-02
     3726    -4.484254210E-02    -2.727792455E-02     1.716688651E-02
     3727    -5.218198052E-02    -2.581801948E-02     1.850000000E-02
     3728    -5.218198052E-02    -3.218198052E-02     1.850000000E-02
     3729    -5.350000000E-02    -2.900000000E-02     1.632074333E-02
     3730    -5.218198052E-02    -2.581801948E-02     1.632074333E-02
     3731    -4.938210967E-02    -2.451625244E-02     1.250000000E-02
     3732    -5.024191814E-02    -2.467476713E-02     1.540371118E-02
     3733    -4.776053597E-02    -2.467406323E-02     1.531125991E-02
     3734    -4.727792455E-02    -2.484254210E-02     1.716688651E-02
     3735    -4.581801948E-02    -3.218198052E-02     1.608754275E-02
     3736    -5.218198052E-02    -3.218198052E-02     1.632074333E-02
     3737    -4.794347004E-02    -3.337421358E-02     1.524582769E-02
     3738    -4.992497577E-02    -3.340390961E-02     1.506637546E-02
     3739    -4.875815615E-02    -3.247638149E-02     1.508258858E-02
     3740    -4.581801948E-02     3.218198052E-02     1.850000000E-02
     3741    -4.581801948E-02     2.581801948E-02     1.850000000E-02
     3742    -4.450000000E-02     2.900000000E-02     1.600064837E-02
     3743    -4.484254210E-02     3.072207545E-02     1.716363272E-02
     3744    -5.218198052E-02     3.218198052E-02     1.850000000E-02
     3745    -5.218198052E-02     2.581801948E-02     1.850000000E-02
     3746    -5.350000000E-02     2.900000000E-02     1.677957936E-02
     3747    -5.218198052E-02     3.218198052E-02     1.677957936E-02
     3748    -4.900000002E-02     3.350000000E-02     1.250000000E-02
     3749    -4.768821694E-02     3.330455865E-02     1.521422837E-02
     3750    -5.022958697E-02     3.332875454E-02     1.514691952E-02
     3751    -4.727792455E-02     3.315745790E-02     1.716363272E-02
     3752    -4.581801948E-02     2.581801948E-02     1.600064837E-02
     3753    -5.218198052E-02     2.581801948E-02     1.677957936E-02
     3754    -4.808125384E-02     2.459478656E-02     1.508148507E-02
     3755    -4.986539433E-02     2.458399585E-02     1.546485447E-02
     3756    -4.000000000E-02     3.002675635E-02     2.500000000E-03
     3757    -3.819429179E-02     3.300000000E-02     2.500000000E-03
     3758    -4.000000000E-02     3.300000000E-02     6.000000000E-03
     3759    -4.000000000E-02     3.000000000E-02     6.000000000E-03
     3760    -4.100000000E-02     3.400000000E-02     4.500000000E-03
     3761    -4.150000000E-02     3.400000000E-02     4.000000000E-03
     3762    -4.100000000E-02     3.081818182E-02     4.500000000E-03
     3763    -4.175503663E-02     3.083363858E-02     4.000000000E-03
     3764    -3.895833337E-02     3.400000000E-02     4.000000000E-03
     3765    -4.333268697E-02     3.185769594E-02     3.319902935E-03
     3766    -4.137500000E-02     3.240909091E-02     2.000000000E-03
     3767    -4.000000000E-02    -2.970688167E-02     2.500000000E-03
     3768    -3.708333333E-02    -3.300000000E-02     2.500000000E-03
     3769    -4.000000000E-02    -3.300000000E-02     6.000000000E-03
     3770    -3.688461538E-02    -3.400000000E-02     1.250000000E-03
     3771    -4.150000000E-02    -3.400000000E-02     4.000000000E-03
     3772    -4.100000000E-02    -3.400000000E-02     4.500000000E-03
     3773    -4.100000000E-02    -3.081818182E-02     4.500000000E-03
     3774    -4.175503663E-02    -3.083363858E-02     4.000000000E-03
     3775    -3.831341694E-02    -3.154570270E-02     1.250000000E-03
     3776    -3.895833397E-02    -3.400000000E-02     4.000000000E-03
     3777    -3.799055782E-02    -2.943999234E-02     2.500000000E-03
     3778    -4.223641114E-02    -3.170373626E-02     2.890711806E-03
     3779    -4.000000000E-02     2.334699336E-02     2.500000000E-03
     3780    -3.819429179E-02     3.002675635E-02     2.500000000E-03
     3781    -4.000000000E-02     2.702675635E-02     6.000000000E-03
     3782    -4.000000000E-02     2.402675635E-02     6.000000000E-03
     3783    -4.100000000E-02     2.784493817E-02     4.500000000E-03
     3784    -4.100000000E-02     2.466311999E-02     4.500000000E-03
     3785    -4.150000000E-02     2.466311999E-02     4.000000000E-03
     3786    -4.175503663E-02     2.786039494E-02     4.000000000E-03
     3787    -3.718551395E-02     2.682299423E-02     1.250000000E-03
     3788    -4.296656796E-02     2.695467779E-02     2.000000000E-03
     3789    -3.792523189E-02     2.547600039E-02     2.500000000E-03
     3790    -4.238213628E-02     2.656017667E-02     2.942696635E-03
     3791    -4.000000000E-02     2.032023701E-02     6.000000000E-03
     3792    -4.000000000E-02     1.732023701E-02     6.000000000E-03
     3793    -4.100000000E-02     2.095660064E-02     4.500000000E-03
     3794    -4.100000000E-02     1.788387688E-02     4.500000000E-03
     3795    -4.150000000E-02     2.095660064E-02     4.000000000E-03
     3796    -4.181150770E-02     1.857665794E-02     2.000000000E-03
     3797    -3.783497510E-02     1.891263413E-02     2.500000000E-03
     3798    -3.792523189E-02     2.176948104E-02     2.500000000E-03
     3799    -4.150000000E-02     1.852607705E-02     4.000000000E-03
     3800    -4.000000000E-02     1.811830119E-02     2.500000000E-03
     3801    -4.000000000E-02     1.112371003E-02     2.500000000E-03
     3802    -4.000000000E-02     1.448627179E-02     6.000000000E-03
     3803    -4.000000000E-02     1.148627179E-02     6.000000000E-03
     3804    -4.100000000E-02     1.504991167E-02     4.500000000E-03
     3805    -4.100000000E-02     1.116505666E-02     4.500000000E-03
     3806    -4.150000000E-02     1.465069302E-02     4.000000000E-03
     3807    -4.150000000E-02     1.150018842E-02     4.000000000E-03
     3808    -3.789237781E-02     1.385397334E-02     1.250000000E-03
     3809    -4.162949069E-02     1.327735772E-02     2.000000000E-03
     3810    -4.181150770E-02     1.574269272E-02     2.000000000E-03
     3811    -3.783497510E-02     1.607866891E-02     2.500000000E-03
     3812    -3.793494124E-02     1.265065437E-02     2.500000000E-03
     3813    -4.000000000E-02     1.528433597E-02     2.500000000E-03
     3814    -3.787616305E-02     1.448355843E-02     2.500000000E-03
     3815    -4.000000000E-02     5.271107528E-03     2.500000000E-03
     3816    -4.000000000E-02     8.637438241E-03     6.000000000E-03
     3817    -4.100000000E-02     8.316223109E-03     4.500000000E-03
     3818    -4.150000000E-02     8.651354877E-03     4.000000000E-03
     3819    -4.148718518E-02     7.294379188E-03     2.000000000E-03
     3820    -4.162949069E-02     1.042852417E-02     2.000000000E-03
     3821    -3.789220013E-02     7.524748848E-03     2.500000000E-03
     3822    -3.793494124E-02     9.801820821E-03     2.500000000E-03
     3823    -4.069787450E-02     6.394488646E-03     4.050178460E-03
     3824    -4.000000000E-02     7.024593526E-03     4.250000000E-03
     3825    -4.161178678E-02     8.846983047E-03     2.000000000E-03
     3826    -4.000000000E-02    -5.643037651E-04     2.500000000E-03
     3827    -4.000000000E-02     2.837443646E-03     6.000000000E-03
     3828    -4.000000000E-02     3.731299848E-05     6.000000000E-03
     3829    -4.100000000E-02     2.280667575E-03     4.500000000E-03
     3830    -4.150000000E-02     2.831415070E-03     4.000000000E-03
     3831    -4.148718518E-02     4.290610233E-03     2.000000000E-03
     3832    -4.160724925E-02     1.403883009E-03     2.000000000E-03
     3833    -3.798270202E-02     1.342102668E-03     2.500000000E-03
     3834    -3.789220013E-02     4.520979893E-03     2.500000000E-03
     3835    -4.075349954E-02     4.178667112E-04     3.889553485E-03
     3836    -4.069787450E-02     3.390719691E-03     4.050178460E-03
     3837    -4.000000000E-02     4.020824572E-03     4.250000000E-03
     3838    -4.000000000E-02    -6.197973052E-03     2.500000000E-03
     3839    -4.000000000E-02    -2.794329340E-03     6.000000000E-03
     3840    -4.000000000E-02    -5.565795820E-03     6.000000000E-03
     3841    -4.100000000E-02    -3.288882143E-03     4.500000000E-03
     3842    -4.150000000E-02    -3.607274124E-03     4.000000000E-03
     3843    -4.160724925E-02    -1.427759329E-03     2.000000000E-03
     3844    -4.145620202E-02    -4.574505071E-03     2.000000000E-03
     3845    -3.798270202E-02    -1.489539671E-03     2.500000000E-03
     3846    -3.741428997E-02    -4.836415212E-03     2.500000000E-03
     3847    -4.075349954E-02    -2.413775628E-03     3.889553485E-03
     3848    -4.000000000E-02    -1.161343007E-02     2.500000000E-03
     3849    -4.000000000E-02    -8.367822768E-03     6.000000000E-03
     3850    -4.000000000E-02    -1.200000000E-02     6.000000000E-03
     3851    -4.100000000E-02    -6.090909091E-03     4.500000000E-03
     3852    -4.100000000E-02    -9.583777786E-03     4.500000000E-03
     3853    -4.150000000E-02    -6.409301072E-03     4.000000000E-03
     3854    -4.150000000E-02    -9.272727273E-03     4.000000000E-03
     3855    -4.145620202E-02    -7.376532019E-03     2.000000000E-03
     3856    -4.179377380E-02    -1.062348610E-02     2.000000000E-03
     3857    -3.741428997E-02    -7.638442160E-03     2.500000000E-03
     3858    -4.187500000E-02    -8.844318867E-03     2.000000000E-03
     3859    -3.849939002E-02    -1.094266595E-02     2.500000000E-03
     3860    -3.849939002E-02    -9.635950916E-03     2.500000000E-03
     3861    -4.000000000E-02    -1.761343007E-02     2.500000000E-03
     3862    -4.000000000E-02    -1.461343007E-02     6.000000000E-03
     3863    -4.000000000E-02    -1.712042181E-02     6.000000000E-03
     3864    -4.100000000E-02    -1.219720786E-02     4.500000000E-03
     3865    -4.100000000E-02    -1.568083079E-02     4.500000000E-03
     3866    -4.150000000E-02    -1.188615734E-02     4.000000000E-03
     3867    -4.150000000E-02    -1.523152811E-02     4.000000000E-03
     3868    -3.743711145E-02    -1.367572087E-02     1.250000000E-03
     3869    -4.179377380E-02    -1.323691617E-02     2.000000000E-03
     3870    -4.184918106E-02    -1.591904029E-02     2.000000000E-03
     3871    -3.741788283E-02    -1.577774878E-02     2.500000000E-03
     3872    -3.849939002E-02    -1.355609602E-02     2.500000000E-03
     3873    -4.000000000E-02    -2.370688167E-02     2.500000000E-03
     3874    -4.000000000E-02    -2.050699174E-02     6.000000000E-03
     3875    -4.000000000E-02    -2.400000000E-02     6.000000000E-03
     3876    -4.100000000E-02    -1.906740072E-02     4.500000000E-03
     3877    -4.100000000E-02    -2.208862471E-02     4.500000000E-03
     3878    -4.150000000E-02    -1.861809804E-02     4.000000000E-03
     3879    -4.150000000E-02    -2.163636364E-02     4.000000000E-03
     3880    -4.184918106E-02    -1.930561022E-02     2.000000000E-03
     3881    -3.741788283E-02    -1.916431871E-02     2.500000000E-03
     3882    -3.799055782E-02    -2.343999234E-02     2.500000000E-03
     3883    -4.000000000E-02    -2.970688167E-02     6.000000000E-03
     3884    -4.000000000E-02    -2.670688167E-02     6.000000000E-03
     3885    -4.100000000E-02    -2.479550638E-02     4.500000000E-03
     3886    -4.100000000E-02    -2.752506349E-02     4.500000000E-03
     3887    -4.150000000E-02    -2.434324531E-02     4.000000000E-03
     3888    -4.175503663E-02    -2.754052026E-02     4.000000000E-03
     3889    -3.799055782E-02    -2.614687402E-02     2.500000000E-03
     3890    -4.223641114E-02    -2.841061793E-02     2.890711806E-03
     3891    -4.160941532E-02    -2.551271047E-02     2.000000000E-03
     3892    -7.209509016E-03    -3.300000000E-02     2.500000000E-03
     3893    -5.000000000E-03    -3.021364687E-02     2.500000000E-03
     3894    -5.000000000E-03    -3.300000000E-02     6.000000000E-03
     3895    -5.000000000E-03    -3.400000000E-02     6.000000000E-03
     3896    -5.000000000E-03    -3.400000000E-02     2.500000000E-03
     3897    -4.000000000E-03    -3.300000000E-02     2.500000000E-03
     3898    -4.000000000E-03    -3.054558529E-02     2.500000000E-03
     3899    -6.923076923E-03    -3.400000000E-02     1.250000000E-03
     3900    -3.807692308E-03    -3.400000000E-02     1.250000000E-03
     3901    -4.292893219E-03    -3.370710678E-02     3.600915316E-03
     3902    -5.645351437E-03    -3.117702945E-02     1.250000000E-03
     3903    -3.125000000E-02    -3.300000000E-02     2.500000000E-03
     3904    -3.708333333E-02    -3.300000000E-02     6.000000000E-03
     3905    -3.416666667E-02    -3.300000000E-02     6.000000000E-03
     3906    -3.396794872E-02    -3.400000000E-02     1.250000000E-03
     3907    -3.224331504E-02    -3.124141158E-02     1.250000000E-03
     3908    -3.539675028E-02    -3.154570270E-02     1.250000000E-03
     3909    -3.294230779E-02    -3.400000000E-02     3.625000000E-03
     3910    -3.604166730E-02    -3.400000000E-02     4.000000000E-03
     3911    -3.234747460E-02    -3.300000000E-02     4.250000000E-03
     3912    -3.507389115E-02    -2.943999234E-02     2.500000000E-03
     3913    -2.541666667E-02    -3.300000000E-02     2.500000000E-03
     3914    -3.105128205E-02    -3.400000000E-02     1.250000000E-03
     3915    -2.793589744E-02    -3.400000000E-02     1.250000000E-03
     3916    -2.656812717E-02    -3.086065464E-02     1.250000000E-03
     3917    -2.932664837E-02    -3.124141158E-02     1.250000000E-03
     3918    -3.002564112E-02    -3.400000000E-02     3.625000000E-03
     3919    -2.692628161E-02    -3.400000000E-02     3.625000000E-03
     3920    -2.687500016E-02    -3.300000000E-02     4.250000000E-03
     3921    -2.943080793E-02    -3.300000000E-02     4.250000000E-03
     3922    -2.862514758E-02    -2.979154670E-02     2.500000000E-03
     3923    -3.215722448E-02    -2.943999234E-02     2.500000000E-03
     3924    -2.538502701E-02    -3.098210881E-02     2.500000000E-03
     3925    -1.958333333E-02    -3.300000000E-02     2.500000000E-03
     3926    -2.501923077E-02    -3.400000000E-02     1.250000000E-03
     3927    -2.190384615E-02    -3.400000000E-02     1.250000000E-03
     3928    -2.365146051E-02    -3.086065464E-02     1.250000000E-03
     3929    -2.400961494E-02    -3.400000000E-02     3.625000000E-03
     3930    -2.091025639E-02    -3.400000000E-02     3.625000000E-03
     3931    -2.104166675E-02    -3.300000000E-02     4.250000000E-03
     3932    -2.395833349E-02    -3.300000000E-02     4.250000000E-03
     3933    -2.246836035E-02    -3.098210881E-02     2.500000000E-03
     3934    -1.304284235E-02    -3.300000000E-02     2.500000000E-03
     3935    -1.898717949E-02    -3.400000000E-02     1.250000000E-03
     3936    -1.587179487E-02    -3.400000000E-02     1.250000000E-03
     3937    -1.781451563E-02    -2.991617979E-02     1.250000000E-03
     3938    -1.402174120E-02    -3.188662591E-02     1.250000000E-03
     3939    -1.595680530E-02    -3.134757391E-02     1.250000000E-03
     3940    -1.799358972E-02    -3.400000000E-02     3.625000000E-03
     3941    -1.489423116E-02    -3.400000000E-02     3.625000000E-03
     3942    -1.556919219E-02    -3.300000000E-02     4.250000000E-03
     3943    -1.812500008E-02    -3.300000000E-02     4.250000000E-03
     3944    -1.726755396E-02    -2.930952381E-02     2.500000000E-03
     3945    -1.457098763E-02    -3.060208333E-02     2.500000000E-03
     3946    -1.955169368E-02    -3.098210881E-02     2.500000000E-03
     3947    -7.209509016E-03    -3.021364687E-02     2.500000000E-03
     3948    -7.209509016E-03    -3.300000000E-02     6.000000000E-03
     3949    -9.218284107E-03    -3.300000000E-02     6.000000000E-03
     3950    -7.209509016E-03    -3.400000000E-02     6.000000000E-03
     3951    -1.029284235E-02    -3.400000000E-02     6.000000000E-03
     3952    -7.209509016E-03    -3.400000000E-02     2.500000000E-03
     3953    -1.224797055E-02    -3.400000000E-02     1.250000000E-03
     3954    -9.132585940E-03    -3.400000000E-02     1.250000000E-03
     3955    -7.854860454E-03    -3.117702945E-02     1.250000000E-03
     3956    -1.039791689E-02    -3.188662591E-02     1.250000000E-03
     3957    -1.127040684E-02    -3.400000000E-02     3.625000000E-03
     3958    -1.194536787E-02    -3.300000000E-02     4.250000000E-03
     3959    -1.094716331E-02    -3.060208333E-02     2.500000000E-03
     3960    -5.000000000E-03     3.000000000E-02     2.500000000E-03
     3961    -7.287818022E-03     3.300000000E-02     2.500000000E-03
     3962    -5.000000000E-03     3.300000000E-02     6.000000000E-03
     3963    -5.000000000E-03     3.085295170E-02     6.000000000E-03
     3964    -5.000000000E-03     3.400000000E-02     6.000000000E-03
     3965    -4.000000000E-03     3.134959016E-02     6.000000000E-03
     3966    -4.000000000E-03     3.300000000E-02     2.500000000E-03
     3967    -4.000000000E-03     3.000000000E-02     2.500000000E-03
     3968    -5.000000000E-03     3.400000000E-02     2.500000000E-03
     3969    -3.807692308E-03     3.400000000E-02     1.250000000E-03
     3970    -6.923076923E-03     3.400000000E-02     1.250000000E-03
     3971    -4.292893219E-03     3.370710678E-02     3.600915316E-03
     3972    -5.186064174E-03     3.184190425E-02     1.250000000E-03
     3973    -7.430555463E-03     3.062500000E-02     2.500000000E-03
     3974    -4.000000000E-03     3.300000000E-02     4.346019240E-03
     3975    -5.000000000E-03    -2.421364687E-02     2.500000000E-03
     3976    -5.000000000E-03    -3.021364687E-02     6.000000000E-03
     3977    -5.000000000E-03    -2.721364687E-02     6.000000000E-03
     3978    -4.000000000E-03    -3.021364687E-02     6.000000000E-03
     3979    -4.000000000E-03    -2.721364687E-02     6.000000000E-03
     3980    -4.000000000E-03    -2.775923216E-02     2.500000000E-03
     3981    -4.000000000E-03    -2.421364687E-02     2.500000000E-03
     3982    -4.292893219E-03    -3.092075365E-02     3.600915316E-03
     3983    -4.699920114E-03    -2.537145307E-02     1.250000000E-03
     3984    -5.645351437E-03    -2.839067632E-02     1.250000000E-03
     3985    -7.681068942E-03    -2.504895100E-02     1.250000000E-03
     3986    -8.504050839E-03    -2.491453973E-02     2.500000000E-03
     3987    -8.737654293E-03    -2.781573021E-02     2.500000000E-03
     3988    -5.000000000E-03    -1.800000000E-02     2.500000000E-03
     3989    -5.000000000E-03    -2.400000000E-02     6.000000000E-03
     3990    -5.000000000E-03    -2.100000000E-02     6.000000000E-03
     3991    -4.000000000E-03    -2.400000000E-02     6.000000000E-03
     3992    -4.000000000E-03    -2.100000000E-02     6.000000000E-03
     3993    -4.000000000E-03    -1.800000000E-02     6.000000000E-03
     3994    -4.000000000E-03    -2.100000000E-02     2.500000000E-03
     3995    -4.000000000E-03    -1.800000000E-02     2.500000000E-03
     3996    -7.271515606E-03    -1.915250046E-02     1.250000000E-03
     3997    -4.059975859E-03    -1.831845087E-02     1.250000000E-03
     3998    -4.699920114E-03    -2.215780619E-02     1.250000000E-03
     3999    -7.681068942E-03    -2.183530413E-02     1.250000000E-03
     4000    -8.504050839E-03    -2.170089286E-02     2.500000000E-03
     4001    -7.174081013E-03    -1.908209109E-02     2.500000000E-03
     4002    -5.000000000E-03    -1.200000000E-02     2.500000000E-03
     4003    -5.000000000E-03    -1.800000000E-02     6.000000000E-03
     4004    -5.000000000E-03    -1.500000000E-02     6.000000000E-03
     4005    -4.000000000E-03    -1.500000000E-02     6.000000000E-03
     4006    -4.000000000E-03    -1.500000000E-02     2.500000000E-03
     4007    -4.000000000E-03    -1.260577185E-02     2.500000000E-03
     4008    -7.271515606E-03    -1.615250046E-02     1.250000000E-03
     4009    -4.059975859E-03    -1.531845087E-02     1.250000000E-03
     4010    -6.641858223E-03    -1.281815225E-02     1.250000000E-03
     4011    -7.174081013E-03    -1.608209109E-02     2.500000000E-03
     4012    -7.613701142E-03    -1.357910659E-02     2.500000000E-03
     4013    -5.000000000E-03    -5.846781192E-03     2.500000000E-03
     4014    -5.000000000E-03    -1.200000000E-02     6.000000000E-03
     4015    -5.000000000E-03    -9.000000000E-03     6.000000000E-03
     4016    -4.000000000E-03    -1.200000000E-02     6.000000000E-03
     4017    -4.000000000E-03    -9.000000000E-03     6.000000000E-03
     4018    -4.000000000E-03    -6.000000000E-03     6.000000000E-03
     4019    -4.000000000E-03    -9.605771855E-03     2.500000000E-03
     4020    -4.000000000E-03    -6.000000000E-03     2.500000000E-03
     4021    -4.059975859E-03    -1.231845087E-02     1.250000000E-03
     4022    -5.759932052E-03    -5.891332561E-03     1.250000000E-03
     4023    -6.641858223E-03    -9.818152252E-03     1.250000000E-03
     4024    -3.172723222E-03    -8.755687855E-03     1.250000000E-03
     4025    -7.916666667E-03    -7.500000000E-03     2.500000000E-03
     4026    -7.613701142E-03    -1.057910659E-02     2.500000000E-03
     4027    -5.000000000E-03     1.532188084E-04     2.500000000E-03
     4028    -5.000000000E-03    -5.846781192E-03     6.000000000E-03
     4029    -5.000000000E-03    -2.846781192E-03     6.000000000E-03
     4030    -4.000000000E-03    -2.846781192E-03     6.000000000E-03
     4031    -4.000000000E-03    -2.846781192E-03     2.500000000E-03
     4032    -4.000000000E-03    -1.161879497E-04     2.500000000E-03
     4033    -5.759932052E-03    -2.738113753E-03     1.250000000E-03
     4034    -7.916666667E-03    -4.346781192E-03     2.500000000E-03
     4035    -7.974509251E-03    -1.090080355E-03     2.500000000E-03
     4036    -5.000000000E-03     6.000000000E-03     2.500000000E-03
     4037    -5.000000000E-03     5.329070518E-18     6.000000000E-03
     4038    -5.000000000E-03     3.000000000E-03     6.000000000E-03
     4039    -4.000000000E-03     5.329070518E-18     6.000000000E-03
     4040    -4.000000000E-03     3.000000000E-03     6.000000000E-03
     4041    -4.000000000E-03     6.000000000E-03     6.000000000E-03
     4042    -4.000000000E-03     2.730593242E-03     2.500000000E-03
     4043    -4.000000000E-03     5.758187751E-03     2.500000000E-03
     4044    -5.561206122E-03     3.558592521E-03     1.250000000E-03
     4045    -5.759932052E-03     1.086674388E-04     1.250000000E-03
     4046    -7.974509251E-03     1.756700837E-03     2.500000000E-03
     4047    -7.222722826E-03     4.597268984E-03     2.500000000E-03
     4048    -5.000000000E-03     1.200000000E-02     2.500000000E-03
     4049    -5.000000000E-03     6.000000000E-03     6.000000000E-03
     4050    -5.000000000E-03     9.000000000E-03     6.000000000E-03
     4051    -4.000000000E-03     9.000000000E-03     6.000000000E-03
     4052    -4.000000000E-03     8.758187751E-03     2.500000000E-03
     4053    -4.000000000E-03     1.200000000E-02     2.500000000E-03
     4054    -5.561206122E-03     6.558592521E-03     1.250000000E-03
     4055    -5.477935173E-03     9.440890755E-03     1.250000000E-03
     4056    -4.356437817E-03     1.111790058E-02     1.250000000E-03
     4057    -6.938340345E-03     1.019348794E-02     2.500000000E-03
     4058    -7.222722826E-03     7.597268984E-03     2.500000000E-03
     4059    -5.000000000E-03     1.800000000E-02     2.500000000E-03
     4060    -5.000000000E-03     1.200000000E-02     6.000000000E-03
     4061    -5.000000000E-03     1.500000000E-02     6.000000000E-03
     4062    -4.000000000E-03     1.200000000E-02     6.000000000E-03
     4063    -4.000000000E-03     1.500000000E-02     6.000000000E-03
     4064    -4.000000000E-03     1.800000000E-02     6.000000000E-03
     4065    -4.000000000E-03     1.500000000E-02     2.500000000E-03
     4066    -4.000000000E-03     1.800000000E-02     2.500000000E-03
     4067    -6.263563905E-03     1.471216131E-02     1.250000000E-03
     4068    -4.075610611E-03     1.705262341E-02     1.250000000E-03
     4069    -7.283548981E-03     1.745734362E-02     1.250000000E-03
     4070    -5.477935173E-03     1.244089075E-02     1.250000000E-03
     4071    -4.356437817E-03     1.411790058E-02     1.250000000E-03
     4072    -8.402464880E-03     1.595277325E-02     2.500000000E-03
     4073    -6.938340345E-03     1.319348794E-02     2.500000000E-03
     4074    -5.000000000E-03     2.400000000E-02     2.500000000E-03
     4075    -5.000000000E-03     1.800000000E-02     6.000000000E-03
     4076    -5.000000000E-03     2.100000000E-02     6.000000000E-03
     4077    -4.000000000E-03     2.100000000E-02     6.000000000E-03
     4078    -4.000000000E-03     2.100000000E-02     2.500000000E-03
     4079    -5.390082890E-03     2.333607415E-02     1.250000000E-03
     4080    -4.075610611E-03     2.005262341E-02     1.250000000E-03
     4081    -7.283548981E-03     2.045734362E-02     1.250000000E-03
     4082    -8.888888836E-03     2.200000000E-02     2.500000000E-03
     4083    -8.402464880E-03     1.895277325E-02     2.500000000E-03
     4084    -7.430555463E-03     2.462500000E-02     2.500000000E-03
     4085    -5.000000000E-03     2.400000000E-02     6.000000000E-03
     4086    -5.000000000E-03     2.785295170E-02     6.000000000E-03
     4087    -4.000000000E-03     2.400000000E-02     6.000000000E-03
     4088    -4.000000000E-03     2.834959016E-02     6.000000000E-03
     4089    -4.000000000E-03     2.400000000E-02     2.500000000E-03
     4090    -4.000000000E-03     2.700000000E-02     2.500000000E-03
     4091    -5.390082890E-03     2.633607415E-02     1.250000000E-03
     4092    -5.186064174E-03     2.884190425E-02     1.250000000E-03
     4093    -7.430555463E-03     2.762500000E-02     2.500000000E-03
     4094    -1.312115135E-02     3.300000000E-02     2.500000000E-03
     4095    -7.287818022E-03     3.300000000E-02     6.000000000E-03
     4096    -9.300777386E-03     3.300000000E-02     6.000000000E-03
     4097    -7.287818022E-03     3.400000000E-02     6.000000000E-03
     4098    -1.037115135E-02     3.400000000E-02     6.000000000E-03
     4099    -7.287818022E-03     3.400000000E-02     2.500000000E-03
     4100    -9.210894945E-03     3.400000000E-02     1.250000000E-03
     4101    -1.232627956E-02     3.400000000E-02     1.250000000E-03
     4102    -1.030190069E-02     3.143091966E-02     1.250000000E-03
     4103    -7.473882195E-03     3.184190425E-02     1.250000000E-03
     4104    -1.134871537E-02     3.400000000E-02     3.625000000E-03
     4105    -1.202367676E-02     3.300000000E-02     4.250000000E-03
     4106    -1.182825864E-02     3.103919647E-02     2.500000000E-03
     4107    -9.718373484E-03     3.062500000E-02     2.500000000E-03
     4108    -1.958333333E-02     3.300000000E-02     2.500000000E-03
     4109    -1.587179487E-02     3.400000000E-02     1.250000000E-03
     4110    -1.898717949E-02     3.400000000E-02     1.250000000E-03
     4111    -1.730803604E-02     3.077551984E-02     1.250000000E-03
     4112    -1.799358972E-02     3.400000000E-02     3.625000000E-03
     4113    -1.489423068E-02     3.400000000E-02     3.625000000E-03
     4114    -1.812499984E-02     3.300000000E-02     4.250000000E-03
     4115    -1.556919207E-02     3.300000000E-02     4.250000000E-03
     4116    -1.758713128E-02     2.999316751E-02     2.500000000E-03
     4117    -1.537377396E-02     3.103919647E-02     2.500000000E-03
     4118    -2.541666667E-02     3.300000000E-02     2.500000000E-03
     4119    -2.190384615E-02     3.400000000E-02     1.250000000E-03
     4120    -2.501923077E-02     3.400000000E-02     1.250000000E-03
     4121    -2.022470271E-02     3.077551984E-02     1.250000000E-03
     4122    -2.359161748E-02     3.116138720E-02     1.250000000E-03
     4123    -2.400961542E-02     3.400000000E-02     3.625000000E-03
     4124    -2.091025639E-02     3.400000000E-02     3.625000000E-03
     4125    -2.395833325E-02     3.300000000E-02     4.250000000E-03
     4126    -2.104166651E-02     3.300000000E-02     4.250000000E-03
     4127    -2.050379794E-02     2.999316751E-02     2.500000000E-03
     4128    -2.355324078E-02     2.933333333E-02     2.500000000E-03
     4129    -3.236095846E-02     3.300000000E-02     2.500000000E-03
     4130    -2.793589744E-02     3.400000000E-02     1.250000000E-03
     4131    -3.105128205E-02     3.400000000E-02     1.250000000E-03
     4132    -2.650828415E-02     3.116138720E-02     1.250000000E-03
     4133    -2.927300966E-02     3.168462455E-02     1.250000000E-03
     4134    -3.002564112E-02     3.400000000E-02     3.625000000E-03
     4135    -2.692628209E-02     3.400000000E-02     3.625000000E-03
     4136    -2.943080781E-02     3.300000000E-02     4.250000000E-03
     4137    -2.687499992E-02     3.300000000E-02     4.250000000E-03
     4138    -2.941358026E-02     2.940277778E-02     2.500000000E-03
     4139    -2.646990744E-02     2.933333333E-02     2.500000000E-03
     4140    -3.819429179E-02     3.300000000E-02     6.000000000E-03
     4141    -3.527762512E-02     3.300000000E-02     6.000000000E-03
     4142    -3.507890717E-02     3.400000000E-02     1.250000000E-03
     4143    -3.537980574E-02     2.979623788E-02     1.250000000E-03
     4144    -3.330063478E-02     3.168462455E-02     1.250000000E-03
     4145    -3.405326625E-02     3.400000000E-02     3.625000000E-03
     4146    -3.715262516E-02     3.400000000E-02     4.000000000E-03
     4147    -3.345843293E-02     3.300000000E-02     4.250000000E-03
     4148    -3.344120538E-02     2.940277778E-02     2.500000000E-03
     4149    -3.611952368E-02     2.844924403E-02     2.500000000E-03
     4150    -3.663659948E-02     3.240909091E-02     1.250000000E-03
     4151     4.025000000E-02     3.025000000E-02     1.850000000E-02
     4152     4.150000000E-02     2.900000000E-02     1.583333333E-02
     4153     4.025000000E-02     2.775000000E-02     1.850000000E-02
     4154     4.250000000E-02     2.900000000E-02     1.850000000E-02
     4155     4.025000000E-02     3.125000000E-02     1.850000000E-02
     4156     4.250000000E-02     2.900000000E-02     1.591666667E-02
     4157     4.169782767E-02     3.072229354E-02     1.671800469E-02
     4158     4.174688562E-02     2.732016862E-02     1.700222909E-02
     4159     3.775000000E-02     3.025000000E-02     1.850000000E-02
     4160     3.650000000E-02     2.900000000E-02     1.576709271E-02
     4161     3.775000000E-02     2.775000000E-02     1.850000000E-02
     4162     3.550000000E-02     2.900000000E-02     1.850000000E-02
     4163     3.775000000E-02     3.125000000E-02     1.850000000E-02
     4164     3.550000000E-02     2.900000000E-02     1.627484849E-02
     4165     3.684958853E-02     3.106197943E-02     1.667722290E-02
     4166     3.707630924E-02     2.685322550E-02     1.580115004E-02
     4167     3.669030117E-02     2.995670858E-02     1.582027130E-02
     4168     3.593639803E-02     2.766832891E-02     1.715057502E-02
     4169     4.076776695E-02     3.076776695E-02     1.583333333E-02
     4170     3.900000000E-02     3.250000000E-02     1.850000000E-02
     4171     4.044782767E-02     3.197229354E-02     1.671800469E-02
     4172     3.809958853E-02     3.231197943E-02     1.667722290E-02
     4173     3.804329142E-02     3.130969883E-02     1.582027130E-02
     4174     3.936621960E-02     3.147303118E-02     1.447406494E-02
     4175     3.650000000E-02     2.900000000E-02     1.053825996E-02
     4176     3.550000000E-02     2.900000000E-02     5.521167250E-03
     4177     3.550000000E-02     2.900000000E-02     8.707845717E-03
     4178     3.567127105E-02     2.813896228E-02     5.521167250E-03
     4179     3.637519758E-02     2.721887162E-02     7.223340352E-03
     4180     3.697397105E-02     2.770946140E-02     9.271167250E-03
     4181     3.670828331E-02     2.999901682E-02     7.745359943E-03
     4182     3.669030117E-02     2.995670858E-02     1.059143855E-02
     4183     3.755583739E-02     2.755583739E-02     1.576709271E-02
     4184     3.550000000E-02     2.900000000E-02     1.120377117E-02
     4185     3.550000000E-02     2.900000000E-02     1.354194120E-02
     4186     3.707630924E-02     2.685322550E-02     1.306824275E-02
     4187     3.703587345E-02     2.774889195E-02     1.176709271E-02
     4188     3.669030117E-02     2.995670858E-02     1.308736401E-02
     4189     4.150000000E-02     2.900000000E-02     9.116657071E-03
     4190     4.250000000E-02     2.900000000E-02     4.033323738E-03
     4191     4.250000000E-02     2.900000000E-02     6.659466729E-03
     4192     4.174082608E-02     3.068521144E-02     4.033323738E-03
     4193     4.232872895E-02     2.986103772E-02     4.033323738E-03
     4194     4.184099026E-02     2.740900974E-02     4.033323738E-03
     4195     4.232872895E-02     2.813896228E-02     4.033323738E-03
     4196     4.144862653E-02     3.090415189E-02     6.574239590E-03
     4197     4.132869196E-02     2.702543077E-02     6.868145676E-03
     4198     4.034311266E-02     2.689143452E-02     7.783323738E-03
     4199     4.080996124E-02     3.034304702E-02     7.757388679E-03
     4200     4.157316838E-02     2.999594726E-02     3.572251673E-03
     4201     4.063832521E-02     2.736167479E-02     1.583333333E-02
     4202     4.250000000E-02     2.900000000E-02     1.070947632E-02
     4203     4.250000000E-02     2.900000000E-02     1.325000000E-02
     4204     4.169782767E-02     3.072229354E-02     1.405133802E-02
     4205     4.132869196E-02     2.702543077E-02     1.091815527E-02
     4206     4.174688562E-02     2.732016862E-02     1.433556243E-02
     4207     4.018772966E-02     2.713537179E-02     1.183333333E-02
     4208     4.080996124E-02     3.034304702E-02     1.180739827E-02
     4209     4.125000000E-02     2.775000000E-02     1.850000000E-02
     4210     3.675000000E-02     2.775000000E-02     1.850000000E-02
     4211     3.900000000E-02     2.550000000E-02     1.850000000E-02
     4212     4.049688562E-02     2.607016862E-02     1.700222909E-02
     4213     3.832630924E-02     2.560322550E-02     1.580115004E-02
     4214     3.846435954E-02     2.658462125E-02     1.450000000E-02
     4215     3.718639803E-02     2.641832891E-02     1.715057502E-02
     4216     4.025000000E-02    -2.775000000E-02     1.850000000E-02
     4217     4.150000000E-02    -2.900000000E-02     1.583333333E-02
     4218     4.025000000E-02    -3.025000000E-02     1.850000000E-02
     4219     4.250000000E-02    -2.900000000E-02     1.850000000E-02
     4220     4.025000000E-02    -2.675000000E-02     1.850000000E-02
     4221     4.250000000E-02    -2.900000000E-02     1.621070267E-02
     4222     4.170055810E-02    -2.728000546E-02     1.672635470E-02
     4223     3.775000000E-02    -2.775000000E-02     1.850000000E-02
     4224     3.650000000E-02    -2.900000000E-02     1.583333333E-02
     4225     3.775000000E-02    -3.025000000E-02     1.850000000E-02
     4226     3.550000000E-02    -2.900000000E-02     1.850000000E-02
     4227     3.775000000E-02    -2.675000000E-02     1.850000000E-02
     4228     3.550000000E-02    -2.900000000E-02     1.627484849E-02
     4229     3.684671207E-02    -2.693927903E-02     1.668156521E-02
     4230     3.707630924E-02    -3.114677450E-02     1.580115004E-02
     4231     3.669030117E-02    -2.804329142E-02     1.582027130E-02
     4232     3.593639803E-02    -3.033167109E-02     1.715057502E-02
     4233     4.076776695E-02    -2.723223305E-02     1.583333333E-02
     4234     3.900000000E-02    -2.550000000E-02     1.850000000E-02
     4235     4.045055810E-02    -2.603000546E-02     1.672635470E-02
     4236     3.809671207E-02    -2.568927903E-02     1.668156521E-02
     4237     3.804329142E-02    -2.669030117E-02     1.582027130E-02
     4238     3.943396122E-02    -2.653795255E-02     1.450000000E-02
     4239     3.650000000E-02    -2.900000000E-02     1.055362050E-02
     4240     3.550000000E-02    -2.900000000E-02     5.470287170E-03
     4241     3.550000000E-02    -2.900000000E-02     8.528939793E-03
     4242     3.562667055E-02    -2.974429297E-02     5.470287170E-03
     4243     3.637924459E-02    -3.078424483E-02     7.182919922E-03
     4244     3.731411105E-02    -3.034729563E-02     9.245925334E-03
     4245     3.670828331E-02    -2.800098318E-02     7.694479863E-03
     4246     3.669030117E-02    -2.804329142E-02     1.054055847E-02
     4247     3.755583739E-02    -3.044416261E-02     1.583333333E-02
     4248     3.550000000E-02    -2.900000000E-02     1.114198596E-02
     4249     3.550000000E-02    -2.900000000E-02     1.360818182E-02
     4250     3.707630924E-02    -3.114677450E-02     1.313448338E-02
     4251     3.731411105E-02    -3.034729563E-02     1.185897150E-02
     4252     3.669030117E-02    -2.804329142E-02     1.315360464E-02
     4253     4.150000000E-02    -2.900000000E-02     1.050000000E-02
     4254     4.250000000E-02    -2.900000000E-02     5.416666667E-03
     4255     4.250000000E-02    -2.900000000E-02     8.501771699E-03
     4256     4.184099026E-02    -2.740900974E-02     5.416666667E-03
     4257     4.232872895E-02    -2.813896228E-02     5.416666667E-03
     4258     4.184099026E-02    -3.059099026E-02     5.416666667E-03
     4259     4.240867342E-02    -2.963453059E-02     5.416666667E-03
     4260     4.144909481E-02    -2.709614296E-02     7.980908671E-03
     4261     4.133353396E-02    -3.097191637E-02     8.263858803E-03
     4262     4.056073755E-02    -3.095297166E-02     9.192304830E-03
     4263     4.086258031E-02    -2.769562771E-02     9.166666667E-03
     4264     4.050888348E-02    -3.050888348E-02     1.583333333E-02
     4265     4.250000000E-02    -2.900000000E-02     1.116843837E-02
     4266     4.250000000E-02    -2.900000000E-02     1.354403600E-02
     4267     4.170055810E-02    -2.728000546E-02     1.405968803E-02
     4268     4.133353396E-02    -3.097191637E-02     1.093052547E-02
     4269     4.165821794E-02    -3.075482827E-02     1.424101194E-02
     4270     4.056073755E-02    -3.095297166E-02     1.185897150E-02
     4271     4.086258031E-02    -2.769562771E-02     1.183333333E-02
     4272     4.125000000E-02    -3.025000000E-02     1.850000000E-02
     4273     3.675000000E-02    -3.025000000E-02     1.850000000E-02
     4274     3.900000000E-02    -3.250000000E-02     1.850000000E-02
     4275     4.125000000E-02    -3.025000000E-02     1.621070267E-02
     4276     4.040821794E-02    -3.200482827E-02     1.690767861E-02
     4277     3.832630924E-02    -3.239677450E-02     1.580115004E-02
     4278     3.872307662E-02    -3.148073333E-02     1.452563816E-02
     4279     3.718639803E-02    -3.158167109E-02     1.715057502E-02
     4280    -4.000000000E-02     3.000000000E-02     9.500000000E-03
     4281    -3.708333333E-02     3.300000000E-02     9.500000000E-03
     4282    -4.100000000E-02     3.400000000E-02     9.500000000E-03
     4283    -3.791666667E-02     3.400000000E-02     9.500000000E-03
     4284    -4.100000000E-02     3.081818182E-02     9.500000000E-03
     4285    -4.100000000E-02     3.400000000E-02     8.000000000E-03
     4286    -4.100000000E-02     3.081818182E-02     8.000000000E-03
     4287    -3.895833337E-02     3.400000000E-02     7.500000000E-03
     4288    -4.000000000E-02    -3.000000000E-02     9.500000000E-03
     4289    -3.708333333E-02    -3.300000000E-02     9.500000000E-03
     4290    -4.100000000E-02    -3.400000000E-02     9.500000000E-03
     4291    -4.100000000E-02    -3.081818182E-02     9.500000000E-03
     4292    -3.791666667E-02    -3.400000000E-02     9.500000000E-03
     4293    -4.100000000E-02    -3.400000000E-02     8.000000000E-03
     4294    -4.100000000E-02    -3.081818182E-02     8.000000000E-03
     4295    -3.895833397E-02    -3.400000000E-02     7.500000000E-03
     4296    -4.000000000E-02     2.400000000E-02     9.500000000E-03
     4297    -4.100000000E-02     2.781818182E-02     9.500000000E-03
     4298    -4.100000000E-02     2.528945707E-02     9.500000000E-03
     4299    -4.100000000E-02     2.781818182E-02     8.000000000E-03
     4300    -4.100000000E-02     2.463636364E-02     8.000000000E-03
     4301    -4.000000000E-02     1.800000000E-02     9.500000000E-03
     4302    -4.100000000E-02     2.228945707E-02     9.500000000E-03
     4303    -4.100000000E-02     1.892803030E-02     9.500000000E-03
     4304    -4.100000000E-02     2.163636364E-02     8.000000000E-03
     4305    -4.100000000E-02     1.856363988E-02     8.000000000E-03
     4306    -4.000000000E-02     1.200000000E-02     9.500000000E-03
     4307    -4.100000000E-02     1.592803030E-02     9.500000000E-03
     4308    -4.100000000E-02     1.227272727E-02     9.500000000E-03
     4309    -4.100000000E-02     1.556363988E-02     8.000000000E-03
     4310    -4.100000000E-02     1.167878487E-02     8.000000000E-03
     4311    -4.000000000E-02     1.579806419E-02     6.000000000E-03
     4312    -4.000000000E-02     6.203774359E-03     9.500000000E-03
     4313    -4.100000000E-02     9.272727273E-03     9.500000000E-03
     4314    -4.100000000E-02     6.524974086E-03     9.500000000E-03
     4315    -4.100000000E-02     8.678784868E-03     8.000000000E-03
     4316    -4.000000000E-02     7.387155285E-03     7.750000000E-03
     4317    -4.000000000E-02     6.074180707E-04     9.500000000E-03
     4318    -4.100000000E-02     3.728748445E-03     9.500000000E-03
     4319    -4.100000000E-02     6.075859382E-04     9.500000000E-03
     4320    -4.100000000E-02     5.882559227E-03     8.000000000E-03
     4321    -4.100000000E-02     2.850772648E-03     8.000000000E-03
     4322    -4.069787450E-02     3.960824763E-03     7.550178460E-03
     4323    -4.000000000E-02     4.590929644E-03     7.750000000E-03
     4324    -4.000000000E-02    -4.964179056E-03     9.500000000E-03
     4325    -4.100000000E-02    -2.192544709E-03     9.500000000E-03
     4326    -4.100000000E-02     5.064199997E-05     8.000000000E-03
     4327    -4.100000000E-02    -2.687265379E-03     8.000000000E-03
     4328    -4.075349954E-02    -1.812158864E-03     7.389553485E-03
     4329    -4.000000000E-02    -1.136782277E-02     9.500000000E-03
     4330    -4.100000000E-02    -4.964011188E-03     9.500000000E-03
     4331    -4.100000000E-02    -8.640550040E-03     9.500000000E-03
     4332    -4.100000000E-02    -5.458731858E-03     8.000000000E-03
     4333    -4.100000000E-02    -8.951600553E-03     8.000000000E-03
     4334    -4.000000000E-02    -1.750699174E-02     9.500000000E-03
     4335    -4.100000000E-02    -1.227272727E-02     9.500000000E-03
     4336    -4.100000000E-02    -1.545454545E-02     9.500000000E-03
     4337    -4.100000000E-02    -1.258377779E-02     8.000000000E-03
     4338    -4.100000000E-02    -1.606740072E-02     8.000000000E-03
     4339    -4.000000000E-02    -2.350699174E-02     9.500000000E-03
     4340    -4.100000000E-02    -1.796153720E-02     9.500000000E-03
     4341    -4.100000000E-02    -2.114335538E-02     9.500000000E-03
     4342    -4.100000000E-02    -1.857439246E-02     8.000000000E-03
     4343    -4.100000000E-02    -2.159561645E-02     8.000000000E-03
     4344    -4.100000000E-02    -2.463636364E-02     9.500000000E-03
     4345    -4.100000000E-02    -2.781818182E-02     9.500000000E-03
     4346    -4.100000000E-02    -2.508862471E-02     8.000000000E-03
     4347    -4.100000000E-02    -2.781818182E-02     8.000000000E-03
     4348    -7.008775090E-03    -3.300000000E-02     9.500000000E-03
     4349    -5.000000000E-03    -3.000000000E-02     9.500000000E-03
     4350    -5.000000000E-03    -3.400000000E-02     9.500000000E-03
     4351    -4.000000000E-03    -3.300000000E-02     9.500000000E-03
     4352    -4.000000000E-03    -3.000000000E-02     9.500000000E-03
     4353    -4.292893219E-03    -3.370710678E-02     7.100915316E-03
     4354    -3.125000000E-02    -3.300000000E-02     9.500000000E-03
     4355    -3.500000000E-02    -3.400000000E-02     9.500000000E-03
     4356    -3.191666667E-02    -3.400000000E-02     9.500000000E-03
     4357    -3.294230779E-02    -3.400000000E-02     7.125000000E-03
     4358    -3.604166730E-02    -3.400000000E-02     7.500000000E-03
     4359    -3.234747460E-02    -3.300000000E-02     7.750000000E-03
     4360    -2.541666667E-02    -3.300000000E-02     9.500000000E-03
     4361    -2.900000000E-02    -3.400000000E-02     9.500000000E-03
     4362    -2.591666667E-02    -3.400000000E-02     9.500000000E-03
     4363    -2.687500016E-02    -3.300000000E-02     7.750000000E-03
     4364    -2.943080793E-02    -3.300000000E-02     7.750000000E-03
     4365    -1.958333333E-02    -3.300000000E-02     9.500000000E-03
     4366    -2.300000000E-02    -3.400000000E-02     9.500000000E-03
     4367    -1.991666667E-02    -3.400000000E-02     9.500000000E-03
     4368    -2.104166675E-02    -3.300000000E-02     7.750000000E-03
     4369    -2.395833349E-02    -3.300000000E-02     7.750000000E-03
     4370    -1.284210842E-02    -3.300000000E-02     9.500000000E-03
     4371    -1.700000000E-02    -3.400000000E-02     9.500000000E-03
     4372    -1.391666667E-02    -3.400000000E-02     9.500000000E-03
     4373    -1.556919219E-02    -3.300000000E-02     7.750000000E-03
     4374    -1.812500008E-02    -3.300000000E-02     7.750000000E-03
     4375    -7.008775090E-03    -3.400000000E-02     9.500000000E-03
     4376    -1.009210842E-02    -3.400000000E-02     9.500000000E-03
     4377    -1.174463395E-02    -3.300000000E-02     7.750000000E-03
     4378    -5.000000000E-03     3.085295170E-02     9.500000000E-03
     4379    -7.012959365E-03     3.300000000E-02     9.500000000E-03
     4380    -5.000000000E-03     3.400000000E-02     9.500000000E-03
     4381    -4.000000000E-03     3.300000000E-02     9.500000000E-03
     4382    -4.000000000E-03     3.134959016E-02     9.500000000E-03
     4383    -4.292893219E-03     3.370710678E-02     7.100915316E-03
     4384    -4.000000000E-03     3.300000000E-02     7.846019240E-03
     4385    -5.000000000E-03    -2.400000000E-02     9.500000000E-03
     4386    -4.000000000E-03    -2.700000000E-02     9.500000000E-03
     4387    -5.000000000E-03    -1.800000000E-02     9.500000000E-03
     4388    -4.000000000E-03    -2.400000000E-02     9.500000000E-03
     4389    -4.000000000E-03    -2.100000000E-02     9.500000000E-03
     4390    -4.000000000E-03    -1.800000000E-02     9.500000000E-03
     4391    -5.000000000E-03    -1.200000000E-02     9.500000000E-03
     4392    -4.000000000E-03    -1.500000000E-02     9.500000000E-03
     4393    -5.000000000E-03    -6.000000000E-03     9.500000000E-03
     4394    -4.000000000E-03    -1.200000000E-02     9.500000000E-03
     4395    -4.000000000E-03    -9.000000000E-03     9.500000000E-03
     4396    -4.000000000E-03    -6.000000000E-03     9.500000000E-03
     4397    -5.000000000E-03     5.329070518E-18     9.500000000E-03
     4398    -4.000000000E-03    -3.000000000E-03     9.500000000E-03
     4399    -5.000000000E-03     6.000000000E-03     9.500000000E-03
     4400    -4.000000000E-03     5.329070518E-18     9.500000000E-03
     4401    -4.000000000E-03     3.000000000E-03     9.500000000E-03
     4402    -4.000000000E-03     6.000000000E-03     9.500000000E-03
     4403    -5.000000000E-03     1.200000000E-02     9.500000000E-03
     4404    -4.000000000E-03     9.000000000E-03     9.500000000E-03
     4405    -5.000000000E-03     1.800000000E-02     9.500000000E-03
     4406    -4.000000000E-03     1.200000000E-02     9.500000000E-03
     4407    -4.000000000E-03     1.500000000E-02     9.500000000E-03
     4408    -4.000000000E-03     1.800000000E-02     9.500000000E-03
     4409    -5.000000000E-03     2.485295170E-02     9.500000000E-03
     4410    -4.000000000E-03     2.100000000E-02     9.500000000E-03
     4411    -4.000000000E-03     2.485295170E-02     9.500000000E-03
     4412    -4.000000000E-03     2.920254186E-02     9.500000000E-03
     4413    -1.284629270E-02     3.300000000E-02     9.500000000E-03
     4414    -7.012959365E-03     3.400000000E-02     9.500000000E-03
     4415    -1.009629270E-02     3.400000000E-02     9.500000000E-03
     4416    -1.174881810E-02     3.300000000E-02     7.750000000E-03
     4417    -1.958333333E-02     3.300000000E-02     9.500000000E-03
     4418    -1.391666667E-02     3.400000000E-02     9.500000000E-03
     4419    -1.700000000E-02     3.400000000E-02     9.500000000E-03
     4420    -1.812499984E-02     3.300000000E-02     7.750000000E-03
     4421    -1.556919207E-02     3.300000000E-02     7.750000000E-03
     4422    -2.541666667E-02     3.300000000E-02     9.500000000E-03
     4423    -1.991666667E-02     3.400000000E-02     9.500000000E-03
     4424    -2.300000000E-02     3.400000000E-02     9.500000000E-03
     4425    -2.395833325E-02     3.300000000E-02     7.750000000E-03
     4426    -2.104166651E-02     3.300000000E-02     7.750000000E-03
     4427    -3.125000000E-02     3.300000000E-02     9.500000000E-03
     4428    -2.591666667E-02     3.400000000E-02     9.500000000E-03
     4429    -2.900000000E-02     3.400000000E-02     9.500000000E-03
     4430    -2.692628209E-02     3.400000000E-02     7.125000000E-03
     4431    -2.943080781E-02     3.300000000E-02     7.750000000E-03
     4432    -2.687499992E-02     3.300000000E-02     7.750000000E-03
     4433    -3.191666667E-02     3.400000000E-02     9.500000000E-03
     4434    -3.500000000E-02     3.400000000E-02     9.500000000E-03
     4435    -3.294230779E-02     3.400000000E-02     7.125000000E-03
     4436    -3.604166671E-02     3.400000000E-02     7.500000000E-03
     4437    -3.234747448E-02     3.300000000E-02     7.750000000E-03
     4438     4.218198052E-02     3.218198052E-02     1.850000000E-02
     4439     4.218198052E-02     2.581801948E-02     1.850000000E-02
     4440     4.350000000E-02     2.900000000E-02     1.591666667E-02
     4441     4.307924313E-02     3.089994092E-02     1.671800469E-02
     4442     4.310621301E-02     2.715907232E-02     1.700222909E-02
     4443     3.581801948E-02     3.218198052E-02     1.850000000E-02
     4444     3.581801948E-02     2.581801948E-02     1.850000000E-02
     4445     3.450000000E-02     2.900000000E-02     1.627484849E-02
     4446     3.523478399E-02     3.146437586E-02     1.667722290E-02
     4447     3.472376230E-02     2.759864668E-02     1.715057502E-02
     4448     4.054099937E-02     3.322792158E-02     1.671800469E-02
     4449     3.808016711E-02     3.340498666E-02     1.667722290E-02
     4450     4.060179862E-02     2.479473649E-02     1.700222909E-02
     4451     3.831844681E-02     2.455191218E-02     1.580115004E-02
     4452     3.696714976E-02     2.498533689E-02     1.715057502E-02
     4453     4.218198052E-02    -2.581801948E-02     1.850000000E-02
     4454     4.218198052E-02    -3.218198052E-02     1.850000000E-02
     4455     4.350000000E-02    -2.900000000E-02     1.621070267E-02
     4456     4.308074888E-02    -2.710329534E-02     1.672635470E-02
     4457     4.305733665E-02    -3.094628345E-02     1.690767861E-02
     4458     3.581801948E-02    -2.581801948E-02     1.850000000E-02
     4459     3.581801948E-02    -3.218198052E-02     1.850000000E-02
     4460     3.450000000E-02    -2.900000000E-02     1.627484849E-02
     4461     3.523306548E-02    -2.653825178E-02     1.668156521E-02
     4462     3.472376230E-02    -3.040135332E-02     1.715057502E-02
     4463     4.054435248E-02    -2.477330207E-02     1.672635470E-02
     4464     3.807709392E-02    -2.459565619E-02     1.668156521E-02
     4465     4.049274003E-02    -3.324520049E-02     1.690767861E-02
     4466     3.831844681E-02    -3.344808782E-02     1.580115004E-02
     4467     3.696714976E-02    -3.301466311E-02     1.715057502E-02
     4468    -5.475000000E-02    -3.000000000E-02     5.500000000E-03
     4469    -5.377798197E-02    -3.209792281E-02     5.500000000E-03
     4470    -5.449167405E-02    -3.295146415E-02     5.500000000E-03
     4471    -5.500000000E-02    -3.000000000E-02     5.500000000E-03
     4472    -5.500000000E-02    -3.035311822E-02     4.824954191E-03
     4473    -5.478876239E-02    -3.228268452E-02     4.500000000E-03
     4474    -5.475000000E-02     3.000000000E-02     5.500000000E-03
     4475    -5.500000000E-02     3.000000000E-02     5.500000000E-03
     4476    -5.438156986E-02     3.137500000E-02     5.500000000E-03
     4477    -5.478876239E-02     3.228268452E-02     5.500000000E-03
     4478    -5.383467895E-02     3.143851564E-02     4.477130397E-03
     4479    -5.500000000E-02     3.050000000E-02     4.500000000E-03
     4480    -5.500000000E-02    -2.234921890E-02     5.500000000E-03
     4481    -5.475000000E-02    -2.754921890E-02     5.500000000E-03
     4482    -5.328391810E-02    -2.511733602E-02     5.500000000E-03
     4483    -5.500000000E-02    -2.754921890E-02     5.500000000E-03
     4484    -5.500000000E-02    -2.654545219E-02     4.532392492E-03
     4485    -5.500000000E-02    -1.550000000E-02     5.500000000E-03
     4486    -5.328391810E-02    -2.136811713E-02     5.500000000E-03
     4487    -5.200000000E-02    -1.637727242E-02     5.500000000E-03
     4488    -5.223586915E-02    -1.903210031E-02     5.500000000E-03
     4489    -5.500000000E-02    -9.300000000E-03     5.500000000E-03
     4490    -5.200000000E-02    -1.327727242E-02     5.500000000E-03
     4491    -5.200000000E-02    -1.013636370E-02     5.500000000E-03
     4492    -5.318331970E-02    -1.089224637E-02     3.500000000E-03
     4493    -5.500000000E-02    -3.100000000E-03     5.500000000E-03
     4494    -5.200000000E-02    -7.036363697E-03     5.500000000E-03
     4495    -5.243455501E-02    -4.667491565E-03     5.500000000E-03
     4496    -5.312500000E-02    -5.047727680E-03     3.500000000E-03
     4497    -5.318331970E-02    -7.792246368E-03     3.500000000E-03
     4498    -5.500000000E-02     3.100000000E-03     5.500000000E-03
     4499    -5.200000000E-02     7.954549789E-04     5.500000000E-03
     4500    -5.243455501E-02    -1.567491565E-03     5.500000000E-03
     4501    -5.312500000E-02     7.842050505E-04     3.500000000E-03
     4502    -5.312500000E-02    -1.947727680E-03     3.500000000E-03
     4503    -5.500000000E-02     9.300000000E-03     5.500000000E-03
     4504    -5.234136132E-02     6.559482226E-03     5.500000000E-03
     4505    -5.200000000E-02     3.895454979E-03     5.500000000E-03
     4506    -5.312500000E-02     3.884205051E-03     3.500000000E-03
     4507    -5.500000000E-02     1.550000000E-02     5.500000000E-03
     4508    -5.148167110E-02     1.309571626E-02     5.500000000E-03
     4509    -5.234136132E-02     9.659482226E-03     5.500000000E-03
     4510    -5.201214571E-02     1.378536128E-02     3.500000000E-03
     4511    -5.203861321E-02     1.098788764E-02     3.500000000E-03
     4512    -5.500000000E-02     2.170000000E-02     5.500000000E-03
     4513    -5.337500000E-02     2.141843014E-02     5.500000000E-03
     4514    -5.148167110E-02     1.619571626E-02     5.500000000E-03
     4515    -5.180085332E-02     1.884371384E-02     5.500000000E-03
     4516    -5.201214571E-02     1.688536128E-02     3.500000000E-03
     4517    -5.475000000E-02     2.690000000E-02     5.500000000E-03
     4518    -5.337500000E-02     2.451843014E-02     5.500000000E-03
     4519    -5.500000000E-02     2.690000000E-02     5.500000000E-03
     4520    -5.500000000E-02     2.585000000E-02     4.500000000E-03
     4521    -4.862500000E-02    -3.438156986E-02     5.500000000E-03
     4522    -5.177798197E-02    -3.409792281E-02     5.500000000E-03
     4523    -4.862500000E-02    -3.500000000E-02     5.500000000E-03
     4524    -5.208909287E-02    -3.484887993E-02     5.500000000E-03
     4525    -5.130864939E-02     3.441866426E-02     5.500000000E-03
     4526    -5.152853882E-02     3.496492708E-02     5.500000000E-03
     4527    -5.000000000E-02     3.475000000E-02     5.500000000E-03
     4528    -4.981250000E-02     3.500000000E-02     5.500000000E-03
     4529    -5.040625000E-02     3.500000000E-02     4.500000000E-03
     4530    -8.083333333E-03     3.500000000E-02     9.500000000E-03
     4531    -3.585786438E-03     3.441421356E-02     9.500000000E-03
     4532    -5.000000000E-03     3.500000000E-02     6.000000000E-03
     4533    -4.234633135E-03     3.484775907E-02     7.100915316E-03
     4534    -3.891666667E-02     3.500000000E-02     9.500000000E-03
     4535    -4.200000000E-02     3.181818182E-02     9.500000000E-03
     4536    -4.200000000E-02     3.500000000E-02     8.000000000E-03
     4537    -3.995833337E-02     3.500000000E-02     7.500000000E-03
     4538    -1.425000000E-02     3.500000000E-02     9.500000000E-03
     4539    -8.083333333E-03     3.500000000E-02     6.000000000E-03
     4540    -1.214423068E-02     3.500000000E-02     7.125000000E-03
     4541    -1.281919207E-02     3.400000000E-02     7.750000000E-03
     4542    -2.041666667E-02     3.500000000E-02     9.500000000E-03
     4543    -1.832692305E-02     3.500000000E-02     7.125000000E-03
     4544    -1.522756402E-02     3.500000000E-02     7.125000000E-03
     4545    -1.845833317E-02     3.400000000E-02     7.750000000E-03
     4546    -1.590252540E-02     3.400000000E-02     7.750000000E-03
     4547    -2.658333333E-02     3.500000000E-02     9.500000000E-03
     4548    -2.450961542E-02     3.500000000E-02     7.125000000E-03
     4549    -2.141025639E-02     3.500000000E-02     7.125000000E-03
     4550    -2.445833325E-02     3.400000000E-02     7.750000000E-03
     4551    -2.154166651E-02     3.400000000E-02     7.750000000E-03
     4552    -3.275000000E-02     3.500000000E-02     9.500000000E-03
     4553    -3.069230779E-02     3.500000000E-02     7.125000000E-03
     4554    -2.759294875E-02     3.500000000E-02     7.125000000E-03
     4555    -3.009747448E-02     3.400000000E-02     7.750000000E-03
     4556    -3.377564112E-02     3.500000000E-02     7.125000000E-03
     4557    -3.687500004E-02     3.500000000E-02     7.500000000E-03
     4558    -4.200000000E-02    -3.181818182E-02     9.500000000E-03
     4559    -3.891666667E-02    -3.500000000E-02     9.500000000E-03
     4560    -4.200000000E-02    -3.500000000E-02     8.000000000E-03
     4561    -4.200000000E-02    -3.181818182E-02     8.000000000E-03
     4562    -3.995833397E-02    -3.500000000E-02     7.500000000E-03
     4563    -4.200000000E-02     2.610763889E-02     9.500000000E-03
     4564    -4.200000000E-02     3.181818182E-02     8.000000000E-03
     4565    -4.200000000E-02     2.863636364E-02     8.000000000E-03
     4566    -4.200000000E-02     2.021748737E-02     9.500000000E-03
     4567    -4.200000000E-02     2.610763889E-02     8.000000000E-03
     4568    -4.200000000E-02     2.292582071E-02     8.000000000E-03
     4569    -4.200000000E-02     1.320075758E-02     9.500000000E-03
     4570    -4.200000000E-02     1.956439394E-02     8.000000000E-03
     4571    -4.200000000E-02     1.649167018E-02     8.000000000E-03
     4572    -4.200000000E-02     6.797701359E-03     9.500000000E-03
     4573    -4.200000000E-02     1.283636715E-02     8.000000000E-03
     4574    -4.200000000E-02     8.951512140E-03     8.000000000E-03
     4575    -4.200000000E-02     9.287856653E-04     9.500000000E-03
     4576    -4.200000000E-02     6.203758954E-03     8.000000000E-03
     4577    -4.200000000E-02     3.171972375E-03     8.000000000E-03
     4578    -4.200000000E-02    -5.868915694E-03     9.500000000E-03
     4579    -4.200000000E-02     5.080986747E-05     8.000000000E-03
     4580    -4.200000000E-02    -2.687097512E-03     8.000000000E-03
     4581    -4.200000000E-02    -1.272727273E-02     9.500000000E-03
     4582    -4.200000000E-02    -6.363636364E-03     8.000000000E-03
     4583    -4.200000000E-02    -9.856505058E-03     8.000000000E-03
     4584    -4.200000000E-02    -1.909090909E-02     9.500000000E-03
     4585    -4.200000000E-02    -1.303832324E-02     8.000000000E-03
     4586    -4.200000000E-02    -1.652194617E-02     8.000000000E-03
     4587    -4.200000000E-02    -2.545454545E-02     9.500000000E-03
     4588    -4.200000000E-02    -1.970376435E-02     8.000000000E-03
     4589    -4.200000000E-02    -2.272498835E-02     8.000000000E-03
     4590    -4.200000000E-02    -2.590680653E-02     8.000000000E-03
     4591    -4.200000000E-02    -2.863636364E-02     8.000000000E-03
     4592    -8.083333333E-03    -3.500000000E-02     9.500000000E-03
     4593    -3.585786438E-03    -3.441421356E-02     9.500000000E-03
     4594    -5.000000000E-03    -3.500000000E-02     6.000000000E-03
     4595    -4.234633135E-03    -3.484775907E-02     7.100915316E-03
     4596    -3.275000000E-02    -3.500000000E-02     9.500000000E-03
     4597    -3.377564112E-02    -3.500000000E-02     7.125000000E-03
     4598    -3.687500064E-02    -3.500000000E-02     7.500000000E-03
     4599    -2.658333333E-02    -3.500000000E-02     9.500000000E-03
     4600    -3.069230779E-02    -3.500000000E-02     7.125000000E-03
     4601    -2.759294828E-02    -3.500000000E-02     7.125000000E-03
     4602    -2.754166683E-02    -3.400000000E-02     7.750000000E-03
     4603    -3.009747460E-02    -3.400000000E-02     7.750000000E-03
     4604    -2.041666667E-02    -3.500000000E-02     9.500000000E-03
     4605    -2.450961494E-02    -3.500000000E-02     7.125000000E-03
     4606    -2.141025639E-02    -3.500000000E-02     7.125000000E-03
     4607    -2.154166675E-02    -3.400000000E-02     7.750000000E-03
     4608    -2.445833349E-02    -3.400000000E-02     7.750000000E-03
     4609    -1.425000000E-02    -3.500000000E-02     9.500000000E-03
     4610    -1.832692305E-02    -3.500000000E-02     7.125000000E-03
     4611    -1.522756449E-02    -3.500000000E-02     7.125000000E-03
     4612    -1.590252552E-02    -3.400000000E-02     7.750000000E-03
     4613    -1.845833341E-02    -3.400000000E-02     7.750000000E-03
     4614    -8.083333333E-03    -3.500000000E-02     6.000000000E-03
     4615    -1.214423116E-02    -3.500000000E-02     7.125000000E-03
     4616    -1.281919219E-02    -3.400000000E-02     7.750000000E-03
     4617    -3.000000000E-03    -3.000000000E-02     9.500000000E-03
     4618    -3.000000000E-03    -3.054558529E-02     6.000000000E-03
     4619    -3.152240935E-03    -3.376536686E-02     7.100915316E-03
     4620    -3.000000000E-03     3.134959016E-02     9.500000000E-03
     4621    -3.152240935E-03     3.376536686E-02     7.100915316E-03
     4622    -3.000000000E-03     3.300000000E-02     7.846019240E-03
     4623    -3.000000000E-03    -2.400000000E-02     9.500000000E-03
     4624    -3.000000000E-03    -2.754558529E-02     6.000000000E-03
     4625    -3.000000000E-03    -2.400000000E-02     6.000000000E-03
     4626    -3.000000000E-03    -1.800000000E-02     9.500000000E-03
     4627    -3.000000000E-03    -2.100000000E-02     6.000000000E-03
     4628    -3.000000000E-03    -1.800000000E-02     6.000000000E-03
     4629    -3.000000000E-03    -1.200000000E-02     9.500000000E-03
     4630    -3.000000000E-03    -1.500000000E-02     6.000000000E-03
     4631    -3.000000000E-03    -1.260577185E-02     6.000000000E-03
     4632    -3.000000000E-03    -6.000000000E-03     9.500000000E-03
     4633    -3.000000000E-03    -9.605771855E-03     6.000000000E-03
     4634    -3.000000000E-03    -6.000000000E-03     6.000000000E-03
     4635    -3.000000000E-03     5.329070518E-18     9.500000000E-03
     4636    -3.000000000E-03    -3.000000000E-03     6.000000000E-03
     4637    -3.000000000E-03    -2.694067581E-04     6.000000000E-03
     4638    -3.000000000E-03     6.000000000E-03     9.500000000E-03
     4639    -3.000000000E-03     2.730593242E-03     6.000000000E-03
     4640    -3.000000000E-03     5.758187751E-03     6.000000000E-03
     4641    -3.000000000E-03     1.200000000E-02     9.500000000E-03
     4642    -3.000000000E-03     8.758187751E-03     6.000000000E-03
     4643    -3.000000000E-03     1.200000000E-02     6.000000000E-03
     4644    -3.000000000E-03     1.800000000E-02     9.500000000E-03
     4645    -3.000000000E-03     1.500000000E-02     6.000000000E-03
     4646    -3.000000000E-03     1.800000000E-02     6.000000000E-03
     4647    -3.000000000E-03     2.534959016E-02     9.500000000E-03
     4648    -3.000000000E-03     2.100000000E-02     6.000000000E-03
     4649    -3.000000000E-03     2.400000000E-02     6.000000000E-03
     4650    -3.000000000E-03     3.134959016E-02     6.000000000E-03
     4651    -3.000000000E-03     2.834959016E-02     6.000000000E-03
     4652    -3.000000000E-03     3.134959016E-02     7.846019240E-03
     4653     2.824483488E-02    -2.779114892E-02     1.250000000E-03
     4654     2.943692094E-02    -2.683090074E-02     3.140184917E-19
     4655     2.946990535E-02    -2.694331897E-02     1.250000000E-03
     4656     2.808090074E-02    -2.931307906E-02    -3.140184917E-19
     4657     2.613331284E-02    -2.630992029E-02     1.250000000E-03
     4658     2.668076493E-02    -2.886041200E-02     1.250000000E-03
     4659     2.821848680E-02    -2.601308855E-02     1.250000000E-03
     4660     2.879094178E-02    -2.457860690E-02    -2.220446049E-19
     4661     2.529109079E-02    -2.798392851E-02    -2.220446049E-19
     4662     2.643901106E-02    -2.557986470E-02    -2.220446049E-19
     4663     2.943692094E-02    -2.683090074E-02     2.500000000E-03
     4664     2.858678278E-02    -2.916464921E-02     1.249999995E-03
     4665     2.808090074E-02    -2.931307906E-02     2.500000000E-03
     4666     2.613331284E-02    -2.630992029E-02     2.500000000E-03
     4667     2.668076493E-02    -2.886041200E-02     2.500000000E-03
     4668     2.821848680E-02    -2.601308855E-02     2.500000000E-03
     4669     3.191909926E-02    -2.818692094E-02    -3.140184917E-19
     4670     3.175516512E-02    -2.970885108E-02     1.250000000E-03
     4671     3.056307906E-02    -3.066909926E-02     3.140184917E-19
     4672     3.041464922E-02    -3.016321722E-02     1.249999995E-03
     4673     3.326219795E-02    -3.235442554E-02    -2.220446049E-19
     4674     3.287758256E-02    -2.935442554E-02     1.250000000E-03
     4675     3.319708089E-02    -2.813155496E-02     1.250000000E-03
     4676     3.317774801E-02    -3.054216623E-02     1.250000000E-03
     4677     3.465738302E-02    -2.816316532E-02    -2.220446049E-19
     4678     3.516187961E-02    -3.053326918E-02    -2.220446049E-19
     4679     3.141321722E-02    -2.833535077E-02     1.249999995E-03
     4680     3.095885108E-02    -2.699483488E-02     1.250000000E-03
     4681     3.279892387E-02    -2.677454686E-02     1.250000000E-03
     4682     3.179023631E-02    -2.473110098E-02     1.250000000E-03
     4683     2.957549490E-02    -2.561493152E-02     1.250000000E-03
     4684     3.014794988E-02    -2.418044988E-02    -1.359631073E-35
     4685     3.425922600E-02    -2.680615722E-02    -1.359631073E-35
     4686     3.261245728E-02    -2.469973025E-02    -1.359631073E-35
     4687     3.191909926E-02    -2.818692094E-02     2.500000000E-03
     4688     3.056307906E-02    -3.066909926E-02     2.500000000E-03
     4689     3.326219795E-02    -3.235442554E-02     1.250000000E-03
     4690     3.287758256E-02    -2.935442554E-02     2.500000000E-03
     4691     3.276006280E-02    -3.235442554E-02     2.500000000E-03
     4692     3.319708089E-02    -2.813155496E-02     2.500000000E-03
     4693     3.317774801E-02    -3.054216623E-02     2.500000000E-03
     4694     3.279892387E-02    -2.677454686E-02     2.500000000E-03
     4695     3.179023631E-02    -2.473110098E-02     2.500000000E-03
     4696     2.957549490E-02    -2.561493152E-02     2.500000000E-03
     4697     2.904114892E-02    -3.050516512E-02     1.250000000E-03
     4698     2.567442062E-02    -3.275258256E-02    -1.359631073E-35
     4699     2.878980523E-02    -3.275258256E-02    -1.359631073E-35
     4700     3.190518985E-02    -3.275258256E-02    -1.359631073E-35
     4701     2.707892195E-02    -3.021742010E-02     1.250000000E-03
     4702     2.568924781E-02    -2.934093661E-02    -1.359631073E-35
     4703     2.878980523E-02    -3.275258256E-02     1.250000000E-03
     4704     3.190518985E-02    -3.275258256E-02     1.250000000E-03
     4705     2.844914589E-02    -3.275258256E-02     2.500000000E-03
     4706     3.140305470E-02    -3.275258256E-02     2.500000000E-03
     4707     2.707892195E-02    -3.021742010E-02     2.500000000E-03
     4708     2.448348762E-04    -2.754114892E-02     1.250000000E-03
     4709     1.436920938E-03    -2.658090074E-02     3.140184917E-19
     4710     8.090074003E-05    -2.906307906E-02    -3.140184917E-19
     4711    -1.377582562E-03    -2.781615975E-02     1.250000000E-03
     4712    -2.077502676E-03    -2.542838066E-02    -2.220446049E-19
     4713    -3.022933999E-03    -2.844760391E-02    -2.220446049E-19
     4714     2.370663464E-04    -2.479094737E-02    -2.220446049E-19
     4715     1.469905346E-03    -2.669331897E-02     1.250000000E-03
     4716     1.436920938E-03    -2.658090074E-02     2.500000000E-03
     4717     5.867827799E-04    -2.891464921E-02     1.249999995E-03
     4718     8.090074003E-05    -2.906307906E-02     2.500000000E-03
     4719    -1.377582562E-03    -3.027057446E-02     2.500000000E-03
     4720    -1.377582562E-03    -2.781615975E-02     2.500000000E-03
     4721    -1.377582562E-03    -2.427057446E-02     2.500000000E-03
     4722     1.420772503E-03    -2.469536146E-02     2.500000000E-03
     4723     2.370663464E-04    -2.479094737E-02     1.250000000E-03
     4724     3.919099260E-03    -2.793692094E-02    -3.140184917E-19
     4725     3.755165124E-03    -2.945885108E-02     1.250000000E-03
     4726     2.563079062E-03    -3.041909926E-02     3.140184917E-19
     4727     3.685274870E-03    -3.222942554E-02    -2.220446049E-19
     4728     6.800659485E-03    -3.222942554E-02    -2.220446049E-19
     4729     5.949011133E-03    -3.222942554E-02     1.250000000E-03
     4730     6.067961774E-03    -2.817166906E-02     1.250000000E-03
     4731     6.960925299E-03    -3.013079609E-02     1.250000000E-03
     4732     6.248139468E-03    -2.866456184E-02    -2.220446049E-19
     4733     3.413217215E-03    -2.808535077E-02     1.249999995E-03
     4734     2.958851077E-03    -2.674483488E-02     1.250000000E-03
     4735     5.669804751E-03    -2.681466095E-02     1.250000000E-03
     4736     2.777780604E-03    -2.429720444E-02     1.250000000E-03
     4737     4.534718013E-03    -2.388624449E-02     2.661045924E-32
     4738     5.849982444E-03    -2.730755373E-02     2.661045924E-32
     4739     1.594074447E-03    -2.439279035E-02     2.661045924E-32
     4740     3.919099260E-03    -2.793692094E-02     2.500000000E-03
     4741     2.414649223E-03    -2.991321722E-02     1.249999995E-03
     4742     2.563079062E-03    -3.041909926E-02     2.500000000E-03
     4743     3.685274870E-03    -3.222942554E-02     1.250000000E-03
     4744     2.472003469E-03    -3.222942554E-02     2.500000000E-03
     4745     5.949011133E-03    -3.222942554E-02     2.500000000E-03
     4746     6.067961774E-03    -2.817166906E-02     2.500000000E-03
     4747     6.960925299E-03    -3.013079609E-02     2.500000000E-03
     4748     5.669804751E-03    -2.681466095E-02     2.500000000E-03
     4749     2.777780604E-03    -2.429720444E-02     2.500000000E-03
     4750     1.041148923E-03    -3.025516512E-02     1.250000000E-03
     4751    -9.794255386E-04    -3.162758256E-02     1.250000000E-03
     4752    -9.794255386E-04    -2.917316785E-02     1.250000000E-03
     4753    -7.871178463E-04    -3.262758256E-02    -2.663765186E-32
     4754     2.328266769E-03    -3.262758256E-02    -2.663765186E-32
     4755     1.114995369E-03    -3.262758256E-02     1.250000000E-03
     4756    -2.624776976E-03    -2.980461201E-02    -2.663765186E-32
     4757    -9.794255386E-04    -3.162758256E-02     2.500000000E-03
     4758     1.114995369E-03    -3.262758256E-02     2.500000000E-03
     4759     2.824483488E-02     2.970885108E-02     1.250000000E-03
     4760     2.943692094E-02     3.066909926E-02     3.140184917E-19
     4761     2.946990535E-02     3.055668103E-02     1.250000000E-03
     4762     2.808090074E-02     2.818692094E-02    -3.140184917E-19
     4763     2.839164821E-02     3.235442554E-02    -2.220446049E-19
     4764     2.527626359E-02     3.235442554E-02    -2.220446049E-19
     4765     2.805098887E-02     3.235442554E-02     1.250000000E-03
     4766     2.529081512E-02     3.022719812E-02     1.250000000E-03
     4767     2.469803201E-02     2.942175484E-02    -2.220446049E-19
     4768     2.670184837E-02     2.763806334E-02    -2.220446049E-19
     4769     2.943692094E-02     3.066909926E-02     2.500000000E-03
     4770     2.858678278E-02     2.833535079E-02     1.249999995E-03
     4771     2.808090074E-02     2.818692094E-02     2.500000000E-03
     4772     2.805098887E-02     3.235442554E-02     2.500000000E-03
     4773     2.523170764E-02     2.773721728E-02     2.500000000E-03
     4774     2.529081512E-02     3.022719812E-02     2.500000000E-03
     4775     2.670184837E-02     2.763806334E-02     1.250000000E-03
     4776     3.191909926E-02     2.931307906E-02    -3.140184917E-19
     4777     3.175516512E-02     2.779114892E-02     1.250000000E-03
     4778     3.056307906E-02     2.683090074E-02     3.140184917E-19
     4779     3.041464922E-02     2.733678278E-02     1.249999995E-03
     4780     3.287758256E-02     2.839557446E-02     1.250000000E-03
     4781     3.320992781E-02     2.715007341E-02     1.250000000E-03
     4782     3.205945408E-02     2.543464662E-02     1.250000000E-03
     4783     3.441990491E-02     2.908955186E-02    -2.220446049E-19
     4784     3.272956487E-02     2.538911591E-02    -2.220446049E-19
     4785     3.141321722E-02     2.916464923E-02     1.249999995E-03
     4786     3.095885108E-02     3.050516512E-02     1.250000000E-03
     4787     3.303058981E-02     3.275258256E-02    -1.359631073E-35
     4788     2.974865631E-02     3.275258256E-02    -1.359631073E-35
     4789     3.219617062E-02     3.275258256E-02     1.250000000E-03
     4790     3.247942554E-02     2.975258256E-02     1.250000000E-03
     4791     3.286130906E-02     3.108058203E-02     1.250000000E-03
     4792     3.402174788E-02     3.044655996E-02    -1.359631073E-35
     4793     3.191909926E-02     2.931307906E-02     2.500000000E-03
     4794     3.056307906E-02     2.683090074E-02     2.500000000E-03
     4795     3.287758256E-02     2.839557446E-02     2.500000000E-03
     4796     3.320992781E-02     2.715007341E-02     2.500000000E-03
     4797     3.205945408E-02     2.543464662E-02     2.500000000E-03
     4798     2.974865631E-02     3.275258256E-02     1.250000000E-03
     4799     3.219617062E-02     3.275258256E-02     2.500000000E-03
     4800     2.940799697E-02     3.275258256E-02     2.500000000E-03
     4801     3.247942554E-02     2.975258256E-02     2.500000000E-03
     4802     3.286130906E-02     3.108058203E-02     2.500000000E-03
     4803     2.904114892E-02     2.699483488E-02     1.250000000E-03
     4804     3.070244598E-02     2.503648959E-02     1.250000000E-03
     4805     2.846398160E-02     2.418694440E-02    -1.359631073E-35
     4806     3.137255677E-02     2.499095889E-02    -1.359631073E-35
     4807     2.710000539E-02     2.628105524E-02    -1.359631073E-35
     4808     2.562986466E-02     2.638020918E-02     2.500000000E-03
     4809     2.755051646E-02     2.360350799E-02     2.500000000E-03
     4810     3.070244598E-02     2.503648959E-02     2.500000000E-03
     4811     2.846398160E-02     2.418694440E-02     1.250000000E-03
     4812     2.710000539E-02     2.628105524E-02     1.250000000E-03
     4813     4.100000000E-02     3.500000000E-02     1.250000000E-03
     4814     4.117590312E-02     3.420618491E-02     2.500000000E-03
     4815     4.000000000E-02     3.450000000E-02     2.500000000E-03
     4816     3.951602999E-02     3.500000000E-02     2.500000000E-03
     4817     4.253073373E-02     3.469551813E-02     1.875000000E-03
     4818     4.253073373E-02     3.469551813E-02     2.500000000E-03
     4819     3.805116428E-02     3.500000000E-02     0.000000000E+00
     4820     3.875000000E-02     3.416506351E-02     1.250000000E-03
     4821     4.117590312E-02     3.420618491E-02     1.250000000E-03
     4822     4.000000000E-02     3.450000000E-02     1.250000000E-03
     4823     3.951602999E-02     3.500000000E-02     1.250000000E-03
     4824     4.225203735E-02     3.308550808E-02     1.250000000E-03
     4825     3.904232234E-02     3.269397740E-02     0.000000000E+00
     4826     4.132316838E-02     3.299594726E-02     1.038927936E-03
     4827     4.253073373E-02     3.469551813E-02     6.250000000E-04
     4828     4.100000000E-02    -3.500000000E-02     1.250000000E-03
     4829     4.144311461E-02    -3.404142602E-02     2.500000000E-03
     4830     4.000000000E-02    -3.450000000E-02     2.500000000E-03
     4831     3.972276720E-02    -3.500000000E-02     2.500000000E-03
     4832     3.978429705E-02    -3.317884364E-02     1.250000000E-03
     4833     3.788461538E-02    -3.500000000E-02     0.000000000E+00
     4834     3.931240455E-02    -3.440358326E-02     1.250000000E-03
     4835     4.000000000E-02    -3.450000000E-02     1.250000000E-03
     4836     3.972276720E-02    -3.500000000E-02     1.250000000E-03
     4837     3.978429705E-02    -3.317884364E-02     0.000000000E+00
     4838    -3.585786438E-03    -3.441421356E-02     2.500000000E-03
     4839    -6.923076923E-03    -3.500000000E-02     1.250000000E-03
     4840    -3.807692308E-03    -3.500000000E-02     1.250000000E-03
     4841    -1.905579093E-03    -3.500000000E-02     2.500000000E-03
     4842    -4.234633135E-03    -3.484775907E-02     3.600915316E-03
     4843    -9.060897827E-03    -3.500000000E-02     3.625000000E-03
     4844    -3.000000000E-03    -3.054558529E-02     2.500000000E-03
     4845    -2.807692308E-03    -3.400000000E-02     1.250000000E-03
     4846    -9.055790927E-04    -3.400000000E-02     2.500000000E-03
     4847    -3.152240935E-03    -3.376536686E-02     3.600915316E-03
     4848    -4.645351437E-03    -3.117702945E-02     1.250000000E-03
     4849    -3.000000000E-03     3.000000000E-02     2.500000000E-03
     4850    -3.585786438E-03     3.441421356E-02     2.500000000E-03
     4851    -2.807692308E-03     3.400000000E-02     1.250000000E-03
     4852    -8.957245832E-04     3.400000000E-02     2.500000000E-03
     4853    -3.152240935E-03     3.376536686E-02     3.600915316E-03
     4854    -4.186064174E-03     3.184190425E-02     1.250000000E-03
     4855    -3.000000000E-03     3.300000000E-02     4.346019240E-03
     4856    -3.000000000E-03    -2.454558529E-02     2.500000000E-03
     4857    -3.000000000E-03    -3.125269207E-02     3.600915316E-03
     4858    -3.699920114E-03    -2.570339149E-02     1.250000000E-03
     4859    -4.645351437E-03    -2.872261474E-02     1.250000000E-03
     4860    -1.385351092E-03    -2.506595820E-02     1.250000000E-03
     4861    -3.000000000E-03    -1.800000000E-02     2.500000000E-03
     4862    -3.827154189E-04    -1.897715655E-02     2.500000000E-03
     4863    -2.016449347E-04    -2.142478700E-02     2.500000000E-03
     4864    -3.059975859E-03    -1.831845087E-02     1.250000000E-03
     4865    -3.699920114E-03    -2.215780619E-02     1.250000000E-03
     4866    -1.385351092E-03    -2.152037291E-02     1.250000000E-03
     4867    -3.000000000E-03    -1.260577185E-02     2.500000000E-03
     4868    -3.827154189E-04    -1.597715655E-02     2.500000000E-03
     4869    -8.044396756E-04    -1.339230710E-02     2.500000000E-03
     4870    -3.059975859E-03    -1.531845087E-02     1.250000000E-03
     4871    -3.000000000E-03    -6.605771855E-03     2.500000000E-03
     4872     2.703557295E-04    -8.499075262E-03     2.500000000E-03
     4873    -8.044396756E-04    -1.099807896E-02     2.500000000E-03
     4874    -3.059975859E-03    -1.292422273E-02     1.250000000E-03
     4875    -2.172723222E-03    -9.361459709E-03     1.250000000E-03
     4876    -3.000000000E-03    -2.694067581E-04     2.500000000E-03
     4877     2.703557295E-04    -4.893303408E-03     2.500000000E-03
     4878    -1.271161560E-04    -1.564928567E-03     2.500000000E-03
     4879    -1.178504057E-03    -1.699078560E-03     1.250000000E-03
     4880    -4.759932052E-03    -2.891332561E-03     1.250000000E-03
     4881    -2.172723222E-03    -5.755687855E-03     1.250000000E-03
     4882    -3.000000000E-03     5.488780993E-03     2.500000000E-03
     4883    -1.271161560E-04     1.165664675E-03     2.500000000E-03
     4884    -6.446356605E-04     4.083889877E-03     2.500000000E-03
     4885    -1.178504057E-03     1.031514682E-03     1.250000000E-03
     4886    -4.561206122E-03     3.289185763E-03     1.250000000E-03
     4887    -4.759932052E-03    -1.607393193E-04     1.250000000E-03
     4888    -1.999872395E-03     4.964358435E-03     1.250000000E-03
     4889    -3.000000000E-03     1.175818775E-02     2.500000000E-03
     4890     5.784876723E-04     9.499238927E-03     2.500000000E-03
     4891    -6.446356605E-04     7.111484386E-03     2.500000000E-03
     4892    -1.077967035E-03     1.112568694E-02     1.250000000E-03
     4893    -4.561206122E-03     6.316780271E-03     1.250000000E-03
     4894    -1.999872395E-03     7.991952944E-03     1.250000000E-03
     4895    -4.477935173E-03     9.199078506E-03     1.250000000E-03
     4896    -3.356437817E-03     1.087608833E-02     1.250000000E-03
     4897    -3.000000000E-03     1.800000000E-02     2.500000000E-03
     4898     9.882326499E-04     1.617695760E-02     2.500000000E-03
     4899     5.784876723E-04     1.274105118E-02     2.500000000E-03
     4900    -1.077967035E-03     1.436749919E-02     1.250000000E-03
     4901    -3.075610611E-03     1.705262341E-02     1.250000000E-03
     4902    -1.573683529E-04     1.762158475E-02     1.250000000E-03
     4903    -3.356437817E-03     1.411790058E-02     1.250000000E-03
     4904    -3.000000000E-03     2.400000000E-02     2.500000000E-03
     4905     9.882326499E-04     1.917695760E-02     2.500000000E-03
     4906     2.207358114E-04     2.209108621E-02     2.500000000E-03
     4907    -4.390082890E-03     2.333607415E-02     1.250000000E-03
     4908    -3.075610611E-03     2.005262341E-02     1.250000000E-03
     4909    -1.573683529E-04     2.062158475E-02     1.250000000E-03
     4910    -4.390082890E-03     2.633607415E-02     1.250000000E-03
     4911    -4.186064174E-03     2.884190425E-02     1.250000000E-03
     4912    -3.807692308E-03     3.500000000E-02     1.250000000E-03
     4913    -6.923076923E-03     3.500000000E-02     1.250000000E-03
     4914    -1.895724583E-03     3.500000000E-02     2.500000000E-03
     4915    -4.234633135E-03     3.484775907E-02     3.600915316E-03
     4916    -9.060897350E-03     3.500000000E-02     3.625000000E-03
     4917    -3.065384615E-02    -3.500000000E-02     0.000000000E+00
     4918    -3.204459709E-02    -3.224141158E-02     0.000000000E+00
     4919    -3.519803233E-02    -3.254570270E-02     0.000000000E+00
     4920    -3.274358984E-02    -3.500000000E-02     2.375000000E-03
     4921    -3.584294935E-02    -3.500000000E-02     2.750000000E-03
     4922    -2.442307692E-02    -3.500000000E-02     0.000000000E+00
     4923    -2.617069127E-02    -3.186065464E-02     0.000000000E+00
     4924    -2.892921247E-02    -3.224141158E-02     0.000000000E+00
     4925    -2.962820523E-02    -3.500000000E-02     2.375000000E-03
     4926    -2.652884571E-02    -3.500000000E-02     2.375000000E-03
     4927    -1.819230769E-02    -3.500000000E-02     0.000000000E+00
     4928    -2.305530666E-02    -3.186065464E-02     0.000000000E+00
     4929    -2.013502845E-02    -3.091617979E-02     0.000000000E+00
     4930    -1.827731812E-02    -3.234757391E-02     0.000000000E+00
     4931    -2.341346110E-02    -3.500000000E-02     2.375000000E-03
     4932    -2.031410254E-02    -3.500000000E-02     2.375000000E-03
     4933    -2.187220650E-02    -3.198210881E-02     1.250000000E-03
     4934    -1.196153846E-02    -3.500000000E-02     0.000000000E+00
     4935    -1.322686941E-02    -3.288662591E-02     0.000000000E+00
     4936    -1.516193351E-02    -3.234757391E-02     0.000000000E+00
     4937    -1.719871792E-02    -3.500000000E-02     2.375000000E-03
     4938    -1.409935937E-02    -3.500000000E-02     2.375000000E-03
     4939    -5.730769231E-03    -3.500000000E-02     0.000000000E+00
     4940    -7.568428361E-03    -3.217702945E-02     0.000000000E+00
     4941    -1.011148479E-02    -3.288662591E-02     0.000000000E+00
     4942    -1.098397475E-02    -3.500000000E-02     2.375000000E-03
     4943     5.000000000E-04    -3.500000000E-02     0.000000000E+00
     4944    -7.132714003E-04    -3.500000000E-02     1.250000000E-03
     4945    -4.453043745E-03    -3.217702945E-02     0.000000000E+00
     4946     6.730769231E-03    -3.500000000E-02     0.000000000E+00
     4947     2.402113215E-03    -3.500000000E-02     1.250000000E-03
     4948     5.879120879E-03    -3.500000000E-02     1.250000000E-03
     4949     1.296153846E-02    -3.500000000E-02     0.000000000E+00
     4950     8.994505495E-03    -3.500000000E-02     1.250000000E-03
     4951     1.228021978E-02    -3.500000000E-02     1.250000000E-03
     4952     1.000641966E-02    -3.290137055E-02     1.250000000E-03
     4953     9.293633829E-03    -3.143513630E-02     0.000000000E+00
     4954     1.151234736E-02    -3.312487822E-02     0.000000000E+00
     4955     1.919230769E-02    -3.500000000E-02     0.000000000E+00
     4956     1.539560440E-02    -3.500000000E-02     1.250000000E-03
     4957     1.868131868E-02    -3.500000000E-02     1.250000000E-03
     4958     1.707050383E-02    -3.315442736E-02     0.000000000E+00
     4959     1.462773198E-02    -3.312487822E-02     0.000000000E+00
     4960     2.542307692E-02    -3.500000000E-02     0.000000000E+00
     4961     2.179670330E-02    -3.500000000E-02     1.250000000E-03
     4962     2.508241758E-02    -3.500000000E-02     1.250000000E-03
     4963     2.371219364E-02    -3.246483754E-02     1.250000000E-03
     4964     2.232251950E-02    -3.158835405E-02     0.000000000E+00
     4965     2.018588844E-02    -3.315442736E-02     0.000000000E+00
     4966     3.165384615E-02    -3.500000000E-02     0.000000000E+00
     4967     2.819780220E-02    -3.500000000E-02     1.250000000E-03
     4968     3.115171101E-02    -3.500000000E-02     1.250000000E-03
     4969     2.682757826E-02    -3.246483754E-02     1.250000000E-03
     4970     3.619701994E-02    -3.440358326E-02     1.250000000E-03
     4971     3.426709563E-02    -3.500000000E-02     1.250000000E-03
     4972     3.660738258E-02    -3.500000000E-02     1.250000000E-03
     4973     3.468478083E-02    -3.318774069E-02     1.250000000E-03
     4974     3.666891243E-02    -3.317884364E-02     0.000000000E+00
     4975     3.524887249E-02    -3.389059387E-02     1.250000000E-03
     4976     3.182039504E-02     3.500000000E-02     0.000000000E+00
     4977     3.426790936E-02     3.500000000E-02     1.250000000E-03
     4978     3.580116428E-02     3.416506351E-02     1.250000000E-03
     4979     3.656719427E-02     3.500000000E-02     1.250000000E-03
     4980     3.493304780E-02     3.332799947E-02     1.250000000E-03
     4981     3.609348662E-02     3.269397740E-02     0.000000000E+00
     4982     2.542307692E-02     3.500000000E-02     0.000000000E+00
     4983     3.098597585E-02     3.500000000E-02     1.250000000E-03
     4984     2.819780220E-02     3.500000000E-02     1.250000000E-03
     4985     1.919230769E-02     3.500000000E-02     0.000000000E+00
     4986     2.508241758E-02     3.500000000E-02     1.250000000E-03
     4987     2.179670330E-02     3.500000000E-02     1.250000000E-03
     4988     2.006740561E-02     3.243286289E-02     1.250000000E-03
     4989     2.232224384E-02     3.287277258E-02     1.250000000E-03
     4990     2.172946073E-02     3.206732931E-02     0.000000000E+00
     4991     1.296153846E-02     3.500000000E-02     0.000000000E+00
     4992     1.868131868E-02     3.500000000E-02     1.250000000E-03
     4993     1.539560440E-02     3.500000000E-02     1.250000000E-03
     4994     1.403019664E-02     3.225101349E-02     1.250000000E-03
     4995     1.695202100E-02     3.243286289E-02     1.250000000E-03
     4996     1.561215775E-02     3.170350587E-02     0.000000000E+00
     4997     1.861407611E-02     3.206732931E-02     0.000000000E+00
     4998     6.730769231E-03     3.500000000E-02     0.000000000E+00
     4999     1.228021978E-02     3.500000000E-02     1.250000000E-03
     5000     8.994505495E-03     3.500000000E-02     1.250000000E-03
     5001     1.091481202E-02     3.225101349E-02     1.250000000E-03
     5002     8.428796281E-03     3.209110804E-02     1.250000000E-03
     5003     1.249677313E-02     3.170350587E-02     0.000000000E+00
     5004     9.648716303E-03     3.148704022E-02     0.000000000E+00
     5005     5.000000000E-04     3.500000000E-02     0.000000000E+00
     5006     5.879120879E-03     3.500000000E-02     1.250000000E-03
     5007     2.411967724E-03     3.500000000E-02     1.250000000E-03
     5008     5.313411666E-03     3.209110804E-02     1.250000000E-03
     5009    -5.730769231E-03     3.500000000E-02     0.000000000E+00
     5010    -7.034168909E-04     3.500000000E-02     1.250000000E-03
     5011    -3.993756482E-03     3.284190425E-02     0.000000000E+00
     5012    -1.196153846E-02     3.500000000E-02     0.000000000E+00
     5013    -9.937159595E-03     3.243091966E-02     0.000000000E+00
     5014    -7.109141097E-03     3.284190425E-02     0.000000000E+00
     5015    -1.098397427E-02     3.500000000E-02     2.375000000E-03
     5016    -1.819230769E-02     3.500000000E-02     0.000000000E+00
     5017    -1.651316425E-02     3.177551984E-02     0.000000000E+00
     5018    -1.305254421E-02     3.243091966E-02     0.000000000E+00
     5019    -1.719871792E-02     3.500000000E-02     2.375000000E-03
     5020    -1.409935889E-02     3.500000000E-02     2.375000000E-03
     5021    -1.457890216E-02     3.203919647E-02     1.250000000E-03
     5022    -2.442307692E-02     3.500000000E-02     0.000000000E+00
     5023    -1.962854886E-02     3.177551984E-02     0.000000000E+00
     5024    -2.299546363E-02     3.216138720E-02     0.000000000E+00
     5025    -2.341346158E-02     3.500000000E-02     2.375000000E-03
     5026    -2.031410254E-02     3.500000000E-02     2.375000000E-03
     5027    -3.065384615E-02     3.500000000E-02     0.000000000E+00
     5028    -2.611084825E-02     3.216138720E-02     0.000000000E+00
     5029    -2.887557376E-02     3.268462455E-02     0.000000000E+00
     5030    -2.962820523E-02     3.500000000E-02     2.375000000E-03
     5031    -2.652884619E-02     3.500000000E-02     2.375000000E-03
     5032    -3.407012933E-02     3.079623788E-02     0.000000000E+00
     5033    -3.199095837E-02     3.268462455E-02     0.000000000E+00
     5034    -3.274358984E-02     3.500000000E-02     2.375000000E-03
     5035    -3.584294876E-02     3.500000000E-02     2.750000000E-03
     5036    -3.532692308E-02     3.340909091E-02     0.000000000E+00
     5037     4.350000000E-02    -2.900000000E-02     6.085105033E-03
     5038     4.364644661E-02    -2.900000000E-02     2.646446609E-03
     5039     4.341353376E-02    -2.812209355E-02     3.000000000E-03
     5040     4.345410265E-02    -2.964106911E-02     3.000000000E-03
     5041     4.350000000E-02    -2.900000000E-02     1.154580770E-02
     5042     4.315745790E-02    -2.727792455E-02     6.085105033E-03
     5043     4.341353376E-02    -2.812209355E-02     6.085105033E-03
     5044     4.315745790E-02    -3.072207545E-02     6.085105033E-03
     5045     4.345410265E-02    -2.964106911E-02     6.085105033E-03
     5046     4.293966073E-02    -2.682535673E-02     8.649347036E-03
     5047     4.287309990E-02    -3.129109083E-02     8.932297169E-03
     5048     4.167737325E-02    -2.782532894E-02     9.835105033E-03
     5049     4.293966073E-02    -2.682535673E-02     1.102494467E-02
     5050     4.308074888E-02    -2.710329534E-02     1.443705737E-02
     5051     4.287309990E-02    -3.129109083E-02     1.130789481E-02
     5052     4.305733665E-02    -3.094628345E-02     1.461838128E-02
     5053     4.167737325E-02    -2.782532894E-02     1.221070267E-02
     5054     3.450000000E-02    -2.900000000E-02     6.058652623E-03
     5055     3.435355339E-02    -2.900000000E-02     2.646446609E-03
     5056     3.458238065E-02    -2.814288900E-02     3.000000000E-03
     5057     3.456378736E-02    -2.975499500E-02     3.000000000E-03
     5058     3.589921385E-02    -2.808421459E-02     5.224192693E-03
     5059     3.450000000E-02    -2.900000000E-02     1.158350111E-02
     5060     3.458238065E-02    -2.814288900E-02     6.058652623E-03
     5061     3.456378736E-02    -2.975499500E-02     6.058652623E-03
     5062     3.515594885E-02    -2.666049776E-02     7.944905211E-03
     5063     3.523306548E-02    -2.653825178E-02     1.199021783E-02
     5064     3.506742992E-02    -3.093790164E-02     7.771285374E-03
     5065     3.607630924E-02    -3.114677450E-02     1.110980267E-02
     5066     3.647436068E-02    -3.021923048E-02     9.834290786E-03
     5067     3.589921385E-02    -2.808421459E-02     8.282845316E-03
     5068     3.586611652E-02    -2.811611652E-02     1.112892393E-02
     5069     3.523306548E-02    -2.653825178E-02     1.445641370E-02
     5070     3.537279606E-02    -3.166334218E-02     1.357599853E-02
     5071     3.586611652E-02    -2.811611652E-02     1.359511980E-02
     5072     3.472376230E-02    -3.040135332E-02     1.492542351E-02
     5073     4.045283333E-02    -3.332032681E-02     2.766135364E-03
     5074     3.832498040E-02    -3.356847105E-02     2.677307898E-03
     5075     3.900000000E-02    -3.364644661E-02     2.646446609E-03
     5076     4.072207545E-02    -3.315745790E-02     3.000000000E-03
     5077     3.731588741E-02    -3.317298032E-02     3.000000000E-03
     5078     4.011864934E-02    -3.335874106E-02     5.847192137E-03
     5079     3.755227825E-02    -3.326076305E-02     4.712632752E-03
     5080     3.878429705E-02    -3.242884364E-02     1.500000000E-03
     5081     3.775432989E-02    -2.460022987E-02     2.740341114E-03
     5082     4.073450000E-02    -2.480251333E-02     2.800010021E-03
     5083     3.900000000E-02    -2.435355339E-02     2.646446609E-03
     5084     3.740662047E-02    -2.479153928E-02     3.000000000E-03
     5085     4.072207545E-02    -2.484254210E-02     3.000000000E-03
     5086     3.793612326E-02    -2.462756746E-02     4.886252588E-03
     5087     4.024805581E-02    -2.467653418E-02     5.564242004E-03
     5088     3.447692291E-02    -2.817025993E-02     2.701938325E-03
     5089     3.416238609E-02    -2.773608084E-02     2.500000000E-03
     5090     3.445123509E-02    -2.973228910E-02     2.690464926E-03
     5091     3.415240547E-02    -3.022508255E-02     2.500000000E-03
     5092     3.577980046E-02    -2.780873978E-02     1.250000000E-03
     5093     3.628429705E-02    -3.017884364E-02     1.250000000E-03
     5094     4.450000000E-02    -2.860104225E-02     2.500000000E-03
     5095     4.351756945E-02    -2.815046342E-02     2.704377682E-03
     5096     4.382962913E-02    -2.770590477E-02     2.500000000E-03
     5097     4.357454192E-02    -2.962307153E-02     2.678842779E-03
     5098     4.385234625E-02    -3.020612432E-02     2.500000000E-03
     5099     4.051422253E-02    -3.376519990E-02     2.500000000E-03
     5100     4.197131761E-02    -3.255724767E-02     2.658332397E-03
     5101     4.275457424E-02    -3.230199520E-02     2.500000000E-03
     5102     4.022741166E-02    -3.222026966E-02     1.250000000E-03
     5103     3.569488480E-02    -3.440358326E-02     2.500000000E-03
     5104     3.830567754E-02    -3.395155696E-02     2.500000000E-03
     5105     3.803517175E-02    -3.440358326E-02     2.500000000E-03
     5106     3.676557152E-02    -3.299666940E-02     2.730466555E-03
     5107     3.809670160E-02    -3.258242690E-02     1.250000000E-03
     5108     3.662070196E-02    -3.339760626E-02     2.500000000E-03
     5109     3.770590477E-02    -2.417037087E-02     2.500000000E-03
     5110     3.631519746E-02    -2.522690990E-02     2.662810833E-03
     5111     3.544246304E-02    -2.548660694E-02     2.500000000E-03
     5112     3.456081077E-02    -2.356862003E-02     2.500000000E-03
     5113     3.762024978E-02    -2.237349630E-02     2.500000000E-03
     5114     3.702980046E-02    -2.564367627E-02     1.250000000E-03
     5115     3.538303174E-02    -2.353724930E-02     1.250000000E-03
     5116     3.776334068E-02    -2.274186727E-02     1.250000000E-03
     5117     4.081441670E-02    -2.434082711E-02     2.500000000E-03
     5118     4.221038623E-02    -2.564205069E-02     2.647208332E-03
     5119     4.290091740E-02    -2.587224626E-02     2.500000000E-03
     5120     4.056098600E-02    -2.269698140E-02     2.500000000E-03
     5121     3.997053668E-02    -2.596716138E-02     1.250000000E-03
     5122     4.070407690E-02    -2.306535237E-02     1.250000000E-03
     5123     4.350000000E-02     2.900000000E-02     5.626142991E-03
     5124     4.364644661E-02     2.900000000E-02     2.646446609E-03
     5125     4.341353376E-02     2.987790645E-02     3.000000000E-03
     5126     4.341353376E-02     2.812209355E-02     3.000000000E-03
     5127     4.350000000E-02     2.900000000E-02     1.079280966E-02
     5128     4.310289134E-02     3.084831886E-02     5.626142991E-03
     5129     4.341353376E-02     2.987790645E-02     5.626142991E-03
     5130     4.315745790E-02     2.727792455E-02     5.626142991E-03
     5131     4.341353376E-02     2.812209355E-02     5.626142991E-03
     5132     4.293939328E-02     3.117512772E-02     8.167058843E-03
     5133     4.287028602E-02     2.670415894E-02     8.460964929E-03
     5134     4.161226900E-02     3.019635328E-02     9.350207933E-03
     5135     4.293939328E-02     3.117512772E-02     1.070758252E-02
     5136     4.307924313E-02     3.089994092E-02     1.413467136E-02
     5137     4.287028602E-02     2.670415894E-02     1.100148860E-02
     5138     4.310621301E-02     2.715907232E-02     1.441889576E-02
     5139     4.161226900E-02     3.019635328E-02     1.189073161E-02
     5140     3.450000000E-02     2.900000000E-02     6.186678467E-03
     5141     3.435355339E-02     2.900000000E-02     2.646446609E-03
     5142     3.457214826E-02     2.980257646E-02     3.000000000E-03
     5143     3.458646624E-02     2.812209355E-02     3.000000000E-03
     5144     3.589921385E-02     2.991578541E-02     5.224192693E-03
     5145     3.450000000E-02     2.900000000E-02     1.171152696E-02
     5146     3.457214826E-02     2.980257646E-02     6.186678467E-03
     5147     3.458646624E-02     2.812209355E-02     6.186678467E-03
     5148     3.512995788E-02     3.129625216E-02     8.391332927E-03
     5149     3.523478399E-02     3.146437586E-02     1.211390136E-02
     5150     3.496123647E-02     2.701546249E-02     7.888851569E-03
     5151     3.607630924E-02     2.685322550E-02     1.123782851E-02
     5152     3.622158065E-02     2.786718360E-02     9.936678467E-03
     5153     3.589921385E-02     2.991578541E-02     8.410871160E-03
     5154     3.586611652E-02     2.988388348E-02     1.125694977E-02
     5155     3.523478399E-02     3.146437586E-02     1.445207139E-02
     5156     3.537279606E-02     2.633665782E-02     1.357599853E-02
     5157     3.586611652E-02     2.988388348E-02     1.359511980E-02
     5158     3.472376230E-02     2.759864668E-02     1.492542351E-02
     5159     4.013948952E-02     2.456306391E-02     2.727286082E-03
     5160     3.788250299E-02     2.455567378E-02     2.724622060E-03
     5161     3.900000000E-02     2.435355339E-02     2.646446609E-03
     5162     4.072207545E-02     2.484254210E-02     3.000000000E-03
     5163     3.727792455E-02     2.484254210E-02     3.000000000E-03
     5164     4.011330071E-02     2.463988973E-02     5.834821938E-03
     5165     3.754744285E-02     2.474088299E-02     4.702173102E-03
     5166     4.000332935E-02     2.522795879E-02     1.500000000E-03
     5167     3.775432989E-02     3.339977013E-02     2.740341114E-03
     5168     4.016823265E-02     3.342711700E-02     2.730791768E-03
     5169     3.900000000E-02     3.364644661E-02     2.646446609E-03
     5170     3.727792455E-02     3.315745790E-02     3.000000000E-03
     5171     4.059422349E-02     3.320814109E-02     3.000000000E-03
     5172     3.788716245E-02     3.336022850E-02     5.204654459E-03
     5173     4.024752414E-02     3.332361926E-02     5.540915852E-03
     5174     3.064531651E-02     3.500000000E-02     2.500000000E-03
     5175     3.496674508E-02     3.416506351E-02     2.500000000E-03
     5176     3.573277508E-02     3.500000000E-02     2.500000000E-03
     5177     3.409862861E-02     3.332799947E-02     2.500000000E-03
     5178     2.457142857E-02     3.500000000E-02     2.500000000E-03
     5179     2.509696912E-02     3.287277258E-02     2.500000000E-03
     5180     1.800000000E-02     3.500000000E-02     2.500000000E-03
     5181     1.955641660E-02     3.243286289E-02     2.500000000E-03
     5182     2.181125483E-02     3.287277258E-02     2.500000000E-03
     5183     1.142857143E-02     3.500000000E-02     2.500000000E-03
     5184     1.334887795E-02     3.225101349E-02     2.500000000E-03
     5185     1.627070232E-02     3.243286289E-02     2.500000000E-03
     5186     4.675703988E-03     3.500000000E-02     2.500000000E-03
     5187     1.006316367E-02     3.225101349E-02     2.500000000E-03
     5188     7.577147929E-03     3.209110804E-02     2.500000000E-03
     5189     4.665849479E-03    -3.500000000E-02     2.500000000E-03
     5190     1.142857143E-02    -3.500000000E-02     2.500000000E-03
     5191     9.154771308E-03    -3.290137055E-02     2.500000000E-03
     5192     1.800000000E-02    -3.500000000E-02     2.500000000E-03
     5193     1.464720919E-02    -3.117155048E-02     2.500000000E-03
     5194     1.719607724E-02    -3.184998292E-02     2.500000000E-03
     5195     1.244048559E-02    -3.290137055E-02     2.500000000E-03
     5196     1.638918514E-02    -3.315442736E-02     1.250000000E-03
     5197     1.394641330E-02    -3.312487822E-02     1.250000000E-03
     5198     2.457142857E-02    -3.500000000E-02     2.500000000E-03
     5199     2.048179153E-02    -3.184998292E-02     2.500000000E-03
     5200     2.320120463E-02    -3.246483754E-02     2.500000000E-03
     5201     2.181153049E-02    -3.158835405E-02     1.250000000E-03
     5202     1.967489943E-02    -3.315442736E-02     1.250000000E-03
     5203     3.081105167E-02    -3.500000000E-02     2.500000000E-03
     5204     2.648691892E-02    -3.246483754E-02     2.500000000E-03
     5205     3.610524744E-02    -3.500000000E-02     2.500000000E-03
     5206     3.418264569E-02    -3.318774069E-02     2.500000000E-03
     5207     3.474673735E-02    -3.389059387E-02     2.500000000E-03
     5208     3.446291685E-02     2.977774760E-02     2.695700112E-03
     5209     3.419473389E-02     3.038181678E-02     2.500000000E-03
     5210     3.448243055E-02     2.815046342E-02     2.704377682E-03
     5211     3.416902973E-02     2.771092040E-02     2.500000000E-03
     5212     3.554232234E-02     2.969397740E-02     1.250000000E-03
     5213     4.450000000E-02     2.900000000E-02     2.500000000E-03
     5214     4.351756945E-02     2.984953658E-02     2.704377682E-03
     5215     4.387444220E-02     3.011346902E-02     2.500000000E-03
     5216     4.351756945E-02     2.815046342E-02     2.704377682E-03
     5217     4.382962913E-02     2.770590477E-02     2.500000000E-03
     5218     4.250332935E-02     2.747795879E-02     1.250000000E-03
     5219     4.282316838E-02     2.999594726E-02     2.288927936E-03
     5220     3.770590477E-02     3.382962913E-02     2.500000000E-03
     5221     3.726602999E-02     3.416506351E-02     2.500000000E-03
     5222     3.621238065E-02     3.268549246E-02     2.673868282E-03
     5223     3.552942587E-02     3.259932149E-02     2.500000000E-03
     5224     3.679232234E-02     3.185904091E-02     1.250000000E-03
     5225     4.021205423E-02     3.385086843E-02     2.500000000E-03
     5226     4.161476922E-02     3.281557429E-02     2.668669181E-03
     5227     4.260647923E-02     3.246313551E-02     2.500000000E-03
     5228     4.149907150E-02     3.220213217E-02     2.288927936E-03
     5229     4.259011669E-02     3.362039847E-02     1.875000000E-03
     5230     4.259011669E-02     3.362039847E-02     2.500000000E-03
     5231     4.018164416E-02     2.414163432E-02     2.500000000E-03
     5232     4.169181477E-02     2.525415347E-02     2.683743516E-03
     5233     4.245251670E-02     2.538335398E-02     2.500000000E-03
     5234     3.916912387E-02     2.155443495E-02     2.500000000E-03
     5235     4.001334579E-02     2.313369946E-02     1.250000000E-03
     5236     4.115150124E-02     2.525721537E-02     1.250000000E-03
     5237     3.784160730E-02     2.413603800E-02     2.500000000E-03
     5238     3.632812744E-02     2.524207301E-02     2.685921958E-03
     5239     3.556105083E-02     2.537045063E-02     2.500000000E-03
     5240     3.689407637E-02     2.154355310E-02     2.500000000E-03
     5241     3.455499590E-02     2.380744689E-02     2.500000000E-03
     5242     3.773829829E-02     2.312281760E-02     1.250000000E-03
     5243     3.522510669E-02     2.376191618E-02     1.250000000E-03
     5244     3.887645373E-02     2.524633352E-02     1.250000000E-03
     5245     3.680213837E-02     2.522013545E-02     2.096034562E-03
     5246    -4.450000000E-02     2.900000000E-02     1.000064837E-02
     5247    -4.408925960E-02     2.890178022E-02     5.916631445E-03
     5248    -4.484254210E-02     3.072207545E-02     6.500000000E-03
     5249    -4.484254210E-02     2.727792455E-02     6.500000000E-03
     5250    -4.484254210E-02     3.072207545E-02     1.000064837E-02
     5251    -4.484254210E-02     2.727792455E-02     1.000064837E-02
     5252    -4.502864669E-02     3.111621192E-02     1.271487674E-02
     5253    -4.538919555E-02     2.663541564E-02     1.258213343E-02
     5254    -4.484254210E-02     3.072207545E-02     1.466428109E-02
     5255    -5.350000000E-02     2.900000000E-02     1.077957936E-02
     5256    -5.379289322E-02     2.900000000E-02     5.792893219E-03
     5257    -5.315745790E-02     3.072207545E-02     6.500000000E-03
     5258    -5.315745790E-02     2.727792455E-02     6.500000000E-03
     5259    -5.315745790E-02     3.072207545E-02     1.077957936E-02
     5260    -5.315745790E-02     2.727792455E-02     1.077957936E-02
     5261    -5.293034098E-02     3.119144241E-02     1.342649888E-02
     5262    -5.273451268E-02     2.648933972E-02     1.374443384E-02
     5263    -4.766262724E-02     2.449517429E-02     5.901133611E-03
     5264    -5.033737276E-02     2.449517429E-02     5.901133611E-03
     5265    -4.727792455E-02     2.484254210E-02     6.500000000E-03
     5266    -5.072207545E-02     2.484254210E-02     6.500000000E-03
     5267    -4.808125384E-02     2.459478656E-02     9.081485065E-03
     5268    -4.986539433E-02     2.458399585E-02     9.464854474E-03
     5269    -4.875815615E-02     2.552361851E-02     9.082588583E-03
     5270    -5.027036076E-02     3.353206789E-02     5.891109414E-03
     5271    -4.766262724E-02     3.350482571E-02     5.901133611E-03
     5272    -4.727792455E-02     3.315745790E-02     6.500000000E-03
     5273    -5.072207545E-02     3.315745790E-02     6.500000000E-03
     5274    -4.768821694E-02     3.330455865E-02     9.214228368E-03
     5275    -5.022958697E-02     3.332875454E-02     9.146919521E-03
     5276    -4.899999997E-02     3.397928932E-02     5.979289320E-03
     5277    -5.376313972E-02     2.625000000E-02     5.500000000E-03
     5278    -5.475000000E-02     2.900000000E-02     5.500000000E-03
     5279    -5.334849983E-02     3.059374255E-02     6.004561760E-03
     5280    -5.334849983E-02     2.740625745E-02     6.004561760E-03
     5281    -5.431259204E-02     3.042350475E-02     5.500000000E-03
     5282    -5.358467895E-02     3.043851564E-02     4.477130397E-03
     5283    -5.475000000E-02     2.795000000E-02     4.500000000E-03
     5284    -5.475000000E-02     2.950000000E-02     4.500000000E-03
     5285    -4.900000000E-02     2.350000000E-02     5.500000000E-03
     5286    -4.462500000E-02     2.325479378E-02     5.500000000E-03
     5287    -4.432226053E-02     2.610712022E-02     5.500000000E-03
     5288    -4.615131302E-02     2.517552376E-02     5.817816335E-03
     5289    -4.742585332E-02     2.166214398E-02     5.500000000E-03
     5290    -4.609156796E-02     2.554635158E-02     3.500000000E-03
     5291    -4.682152667E-02     2.330972147E-02     3.500000000E-03
     5292    -4.550713628E-02     2.515185045E-02     4.442696635E-03
     5293    -5.184868698E-02     2.517552376E-02     5.817816335E-03
     5294    -5.017585332E-02     2.166214398E-02     5.500000000E-03
     5295    -4.884156796E-02     2.554635158E-02     3.500000000E-03
     5296    -4.957152667E-02     2.330972147E-02     3.500000000E-03
     5297    -5.337500000E-02     2.556843014E-02     4.500000000E-03
     5298    -5.183255386E-02     3.434882593E-02     5.500000000E-03
     5299    -5.178873765E-02     3.285629798E-02     5.828493717E-03
     5300    -5.034994318E-02     3.433175894E-02     5.500000000E-03
     5301    -5.283496456E-02     3.294246710E-02     5.500000000E-03
     5302    -5.289732949E-02     3.363361097E-02     5.500000000E-03
     5303    -5.214332833E-02     3.285717989E-02     4.477130397E-03
     5304    -5.071489939E-02     3.441866426E-02     4.500000000E-03
     5305    -4.462500000E-02     3.438156986E-02     5.500000000E-03
     5306    -4.415582288E-02     3.160460133E-02     5.500000000E-03
     5307    -4.625000000E-02     3.438156986E-02     5.500000000E-03
     5308    -4.615131302E-02     3.282447624E-02     5.817816335E-03
     5309    -4.758862144E-02     3.426733650E-02     5.500000000E-03
     5310    -4.743750000E-02     3.438156986E-02     5.500000000E-03
     5311    -4.645768697E-02     3.223926581E-02     4.819902935E-03
     5312    -4.665625000E-02     3.438156986E-02     4.500000000E-03
     5313    -4.450000000E-02    -2.900000000E-02     1.008754275E-02
     5314    -4.408925960E-02    -2.890178022E-02     5.916631445E-03
     5315    -4.475622858E-02    -3.049679795E-02     6.500000000E-03
     5316    -4.484254210E-02    -2.727792455E-02     6.500000000E-03
     5317    -4.475622858E-02    -3.049679795E-02     1.008754275E-02
     5318    -4.484254210E-02    -2.727792455E-02     1.008754275E-02
     5319    -4.531157334E-02    -2.695446388E-02     1.289880266E-02
     5320    -4.515988442E-02    -3.134595659E-02     1.283337044E-02
     5321    -4.484254210E-02    -2.727792455E-02     1.475442926E-02
     5322    -5.350000000E-02    -2.900000000E-02     1.032074333E-02
     5323    -5.379289322E-02    -2.900000000E-02     5.792893219E-03
     5324    -5.315745790E-02    -3.072207545E-02     6.500000000E-03
     5325    -5.315745790E-02    -2.727792455E-02     6.500000000E-03
     5326    -5.223191742E-02    -2.822647678E-02     8.973231960E-03
     5327    -5.315745790E-02    -3.072207545E-02     1.032074333E-02
     5328    -5.315745790E-02    -2.727792455E-02     1.032074333E-02
     5329    -5.293657023E-02    -2.681976725E-02     1.322445450E-02
     5330    -5.276809099E-02    -3.145997770E-02     1.288711879E-02
     5331    -5.100815615E-02    -3.022638149E-02     1.290333191E-02
     5332    -5.223191742E-02    -2.822647678E-02     1.279397528E-02
     5333    -4.766262724E-02    -3.350482571E-02     5.901133611E-03
     5334    -5.076050416E-02    -3.330518212E-02     5.971233044E-03
     5335    -4.705759643E-02    -3.305919553E-02     6.500000000E-03
     5336    -5.072207545E-02    -3.315745790E-02     6.500000000E-03
     5337    -4.794347004E-02    -3.337421358E-02     9.245827689E-03
     5338    -4.992497577E-02    -3.340390961E-02     9.066375461E-03
     5339    -4.875815615E-02    -3.247638149E-02     9.082588583E-03
     5340    -5.060218620E-02    -2.452502118E-02     5.835007324E-03
     5341    -4.801666640E-02    -2.445146575E-02     5.967432536E-03
     5342    -5.106887921E-02    -2.500378444E-02     6.500000000E-03
     5343    -4.763716740E-02    -2.471133036E-02     6.500000000E-03
     5344    -5.060470238E-02    -2.479584369E-02     9.403711178E-03
     5345    -4.813234188E-02    -2.458444008E-02     9.311259907E-03
     5346    -5.036264704E-02    -2.600892295E-02     8.973231960E-03
     5347    -5.354117455E-02    -2.626231313E-02     5.500000000E-03
     5348    -5.387478111E-02    -3.125860318E-02     5.500000000E-03
     5349    -5.475000000E-02    -2.900000000E-02     5.500000000E-03
     5350    -5.334849983E-02    -3.059374255E-02     6.004561760E-03
     5351    -5.334849983E-02    -2.740625745E-02     6.004561760E-03
     5352    -5.475000000E-02    -2.799623330E-02     4.532392492E-03
     5353    -5.475000000E-02    -2.935311822E-02     4.824954191E-03
     5354    -4.889594563E-02    -2.350098439E-02     5.500000000E-03
     5355    -5.176572627E-02    -2.512990590E-02     5.830962915E-03
     5356    -5.051978725E-02    -2.180021744E-02     5.500000000E-03
     5357    -4.900274875E-02    -2.554341108E-02     3.500000000E-03
     5358    -4.983709061E-02    -2.248338629E-02     3.500000000E-03
     5359    -5.328391810E-02    -2.556435043E-02     4.532392492E-03
     5360    -4.462500000E-02    -2.325479378E-02     5.500000000E-03
     5361    -4.432226053E-02    -2.610712022E-02     5.500000000E-03
     5362    -4.615131302E-02    -2.517552376E-02     5.817816335E-03
     5363    -4.786086915E-02    -2.185053045E-02     5.500000000E-03
     5364    -4.634383065E-02    -2.559372409E-02     3.500000000E-03
     5365    -4.717817251E-02    -2.253369930E-02     3.500000000E-03
     5366    -4.940298197E-02    -3.347949267E-02     5.500000000E-03
     5367    -4.462500000E-02    -3.438156986E-02     5.500000000E-03
     5368    -4.415582288E-02    -3.160460133E-02     5.500000000E-03
     5369    -4.625000000E-02    -3.438156986E-02     5.500000000E-03
     5370    -4.598457925E-02    -3.265763689E-02     5.849649174E-03
     5371    -4.536141114E-02    -3.208530612E-02     4.390711806E-03
     5372    -5.282592889E-02    -3.380139199E-02     5.500000000E-03
     5373    -5.223014901E-02    -3.253690624E-02     5.795854279E-03
     5374    -5.132685104E-02    -3.192955342E-02     3.500000000E-03
     5375    -5.377798197E-02    -3.145104103E-02     4.824954191E-03
     5376    -5.336666207E-02    -3.331286953E-02     4.500000000E-03
     5377    -4.229289322E-02     3.500000000E-02     5.792893219E-03
     5378    -4.200000000E-02     3.181818182E-02     6.500000000E-03
     5379    -3.995833337E-02     3.500000000E-02     6.000000000E-03
     5380    -4.229289322E-02     3.181818182E-02     5.792893219E-03
     5381    -4.325503663E-02     3.183363858E-02     5.500000000E-03
     5382    -4.462500000E-02     3.500000000E-02     5.500000000E-03
     5383    -4.483268697E-02     3.285769594E-02     4.819902935E-03
     5384    -4.229289322E-02    -3.500000000E-02     5.792893219E-03
     5385    -4.229289322E-02    -3.181818182E-02     5.792893219E-03
     5386    -4.325503663E-02    -3.183363858E-02     5.500000000E-03
     5387    -4.462500000E-02    -3.500000000E-02     5.500000000E-03
     5388    -4.373641114E-02    -3.270373626E-02     4.390711806E-03
     5389    -4.200000000E-02    -3.181818182E-02     6.500000000E-03
     5390    -3.995833397E-02    -3.500000000E-02     6.000000000E-03
     5391    -4.200000000E-02     2.545454545E-02     6.500000000E-03
     5392    -4.229289322E-02     2.545454545E-02     5.792893219E-03
     5393    -4.263335971E-02     2.865136340E-02     5.813666897E-03
     5394    -4.200000000E-02     1.920000351E-02     6.500000000E-03
     5395    -4.229289322E-02     2.227272727E-02     5.792893219E-03
     5396    -4.229289322E-02     1.984220368E-02     5.792893214E-03
     5397    -4.200000000E-02     1.224242475E-02     6.500000000E-03
     5398    -4.229289322E-02     1.572806111E-02     5.792893219E-03
     5399    -4.229289322E-02     1.257755651E-02     5.792893219E-03
     5400    -4.229289322E-02     1.676947992E-02     5.792893219E-03
     5401    -4.100000000E-02     1.636170406E-02     4.500000000E-03
     5402    -4.200000000E-02     5.325783156E-03     6.500000000E-03
     5403    -4.229289322E-02     8.692701503E-03     5.792893219E-03
     5404    -4.229289322E-02     5.876530651E-03     5.792893219E-03
     5405    -4.169787450E-02     6.435835272E-03     6.050178460E-03
     5406    -4.100000000E-02     7.065940153E-03     6.250000000E-03
     5407    -4.200000000E-02    -4.439108025E-04     6.500000000E-03
     5408    -4.229289322E-02     2.844744071E-03     5.792893219E-03
     5409    -4.229289322E-02    -7.623027836E-04     5.792893219E-03
     5410    -4.175349954E-02     4.311957127E-04     5.889553485E-03
     5411    -4.169787450E-02     3.404048693E-03     6.050178460E-03
     5412    -4.200000000E-02    -6.674686877E-03     6.500000000E-03
     5413    -4.229289322E-02    -3.500210163E-03     5.792893219E-03
     5414    -4.175349954E-02    -2.306711667E-03     5.889553485E-03
     5415    -4.200000000E-02    -1.365117850E-02     6.500000000E-03
     5416    -4.229289322E-02    -6.993078858E-03     5.792893219E-03
     5417    -4.229289322E-02    -9.856505058E-03     5.792893219E-03
     5418    -4.200000000E-02    -2.015602543E-02     6.500000000E-03
     5419    -4.229289322E-02    -1.334012799E-02     5.792893219E-03
     5420    -4.229289322E-02    -1.668549875E-02     5.792893219E-03
     5421    -4.229289322E-02    -1.970376435E-02     5.792893219E-03
     5422    -4.200000000E-02    -2.590680653E-02     6.500000000E-03
     5423    -4.229289322E-02    -2.272498835E-02     5.792893219E-03
     5424    -4.229289322E-02    -2.545454545E-02     5.792893219E-03
     5425    -4.263335971E-02    -2.865136340E-02     5.813666897E-03
     5426    -4.325503663E-02     2.547000222E-02     5.500000000E-03
     5427    -4.580085332E-02     2.068007748E-02     5.500000000E-03
     5428    -4.519652667E-02     2.232765496E-02     3.500000000E-03
     5429    -4.331150770E-02     1.989278457E-02     3.500000000E-03
     5430    -4.388213628E-02     2.416978395E-02     4.442696635E-03
     5431    -4.300000000E-02     1.984220368E-02     5.500000000E-03
     5432    -4.300000000E-02     1.217833787E-02     5.500000000E-03
     5433    -4.548167110E-02     1.456013749E-02     5.500000000E-03
     5434    -4.580085332E-02     1.720813508E-02     5.500000000E-03
     5435    -4.312949069E-02     1.395550717E-02     3.500000000E-03
     5436    -4.331150770E-02     1.642084217E-02     3.500000000E-03
     5437    -4.300000000E-02     1.637026128E-02     5.500000000E-03
     5438    -4.150000000E-02     1.596248542E-02     4.000000000E-03
     5439    -4.300000000E-02     6.211662419E-03     5.500000000E-03
     5440    -4.548167110E-02     1.140963290E-02     5.500000000E-03
     5441    -4.634136132E-02     7.973398862E-03     5.500000000E-03
     5442    -4.525000000E-02     6.859371329E-03     3.500000000E-03
     5443    -4.603861321E-02     9.301804276E-03     3.500000000E-03
     5444    -4.298718518E-02     7.670857582E-03     3.500000000E-03
     5445    -4.312949069E-02     1.080500257E-02     3.500000000E-03
     5446    -4.219787450E-02     6.770967040E-03     5.550178460E-03
     5447    -4.311178678E-02     9.223461441E-03     3.500000000E-03
     5448    -4.300000000E-02    -2.115552890E-04     5.500000000E-03
     5449    -4.634136132E-02     5.157228009E-03     5.500000000E-03
     5450    -4.600000000E-02     2.493200762E-03     5.500000000E-03
     5451    -4.525000000E-02     4.043200476E-03     3.500000000E-03
     5452    -4.298718518E-02     4.854686729E-03     3.500000000E-03
     5453    -4.310724925E-02     1.967959506E-03     3.500000000E-03
     5454    -4.225349954E-02     9.819432073E-04     5.389553485E-03
     5455    -4.219787450E-02     3.954796187E-03     5.550178460E-03
     5456    -4.300000000E-02    -6.682028345E-03     5.500000000E-03
     5457    -4.600000000E-02    -5.845664769E-03     5.500000000E-03
     5458    -4.600000000E-02    -1.113846093E-03     5.500000000E-03
     5459    -4.643455501E-02    -3.476792637E-03     5.500000000E-03
     5460    -4.525000000E-02    -2.704756051E-03     3.500000000E-03
     5461    -4.525000000E-02    -5.845665246E-03     3.500000000E-03
     5462    -4.310724925E-02    -1.639087349E-03     3.500000000E-03
     5463    -4.295620202E-02    -4.785833091E-03     3.500000000E-03
     5464    -4.225349954E-02    -2.625103648E-03     5.389553485E-03
     5465    -4.300000000E-02    -1.289082531E-02     5.500000000E-03
     5466    -4.600000000E-02    -1.184999969E-02     5.500000000E-03
     5467    -4.600000000E-02    -8.709090970E-03     5.500000000E-03
     5468    -4.525000000E-02    -8.709091447E-03     3.500000000E-03
     5469    -4.295620202E-02    -7.649259292E-03     3.500000000E-03
     5470    -4.329377380E-02    -1.089621337E-02     3.500000000E-03
     5471    -4.337500000E-02    -9.117046139E-03     3.500000000E-03
     5472    -4.300000000E-02    -1.925446167E-02     5.500000000E-03
     5473    -4.600000000E-02    -1.519537045E-02     5.500000000E-03
     5474    -4.623586915E-02    -1.785019835E-02     5.500000000E-03
     5475    -4.329377380E-02    -1.424158413E-02     3.500000000E-03
     5476    -4.334918106E-02    -1.692370826E-02     3.500000000E-03
     5477    -4.325503663E-02    -2.547000222E-02     5.500000000E-03
     5478    -4.623586915E-02    -2.086846395E-02     5.500000000E-03
     5479    -4.471883065E-02    -2.461165759E-02     3.500000000E-03
     5480    -4.555317251E-02    -2.155163280E-02     3.500000000E-03
     5481    -4.334918106E-02    -1.994197385E-02     3.500000000E-03
     5482    -4.310941532E-02    -2.344219243E-02     3.500000000E-03
     5483     3.872276720E-02    -3.450000000E-02     2.500000000E-03
     5484     3.878429705E-02    -3.267884364E-02     1.250000000E-03
     5485     3.851602999E-02     3.450000000E-02     2.500000000E-03
     5486     3.887024978E-02    -2.203855980E-02     2.500000000E-03
     5487     3.827980046E-02    -2.530873978E-02     1.250000000E-03
     5488     3.901334068E-02    -2.240693078E-02     1.250000000E-03
     5489     3.802095198E-02     2.127517837E-02     2.500000000E-03
     5490     3.886517391E-02     2.285444287E-02     1.250000000E-03
     5491     4.000332935E-02     2.497795879E-02     1.250000000E-03
     5492    -4.452593515E-02    -3.023883225E-02     5.985667684E-03
     5493    -4.469439881E-02    -2.725495010E-02     5.980065485E-03
     5494    -4.497386728E-02    -2.780893254E-02     3.500000000E-03
     5495    -4.399144778E-02    -2.953737484E-02     4.390711806E-03
     5496    -4.336445196E-02    -2.663946738E-02     3.500000000E-03
     5497    -4.461277938E-02     3.044147322E-02     6.028826433E-03
     5498    -4.469439881E-02     2.725495010E-02     5.980065485E-03
     5499    -4.472160459E-02     2.776156002E-02     3.500000000E-03
     5500    -4.413717291E-02     2.736705890E-02     4.442696635E-03
     5501    -4.508772361E-02     2.969133453E-02     4.819902935E-03
     5502    -5.368150261E-02    -3.396808756E-02     4.500000000E-03
     5503    -5.500000000E-02    -2.799623330E-02     4.532392492E-03
     5504    -5.500000000E-02    -2.935311822E-02     4.824954191E-03
     5505    -5.500000000E-02     2.795000000E-02     4.500000000E-03
     5506    -5.500000000E-02     2.950000000E-02     4.500000000E-03
     5507    -5.323036904E-02     3.432045990E-02     5.500000000E-03
     5508    -5.235858342E-02     3.336867732E-02     4.477130397E-03
     5509    -4.743750000E-02     3.500000000E-02     5.500000000E-03
     5510    -4.665625000E-02     3.500000000E-02     4.500000000E-03
     5511     4.416506351E-02    -2.735104225E-02     2.500000000E-03
     5512    -4.617435928E-02    -3.247064193E-02     9.245827689E-03
     5513    -4.700602373E-02    -3.163795224E-02     9.082588583E-03
     5514    -5.153986943E-02    -3.271470904E-02     9.066375461E-03
     5515    -5.034914640E-02    -3.181737174E-02     9.082588583E-03
     5516    -5.180257771E-02    -2.547926738E-02     9.403711178E-03
     5517    -5.157290768E-02    -2.663548652E-02     8.973231960E-03
     5518    -4.619942022E-02    -2.547767791E-02     9.311259907E-03
     5519    -4.614078720E-02     3.247489599E-02     9.214228368E-03
     5520    -4.624169671E-02     3.144868620E-02     5.319902935E-03
     5521    -5.179253288E-02     3.252870516E-02     9.146919521E-03
     5522    -5.282447624E-02     3.184868698E-02     5.817816335E-03
     5523    -4.647644421E-02     2.529792337E-02     9.081485065E-03
     5524    -4.716716589E-02     2.618262826E-02     9.082588583E-03
     5525    -5.148945173E-02     2.525131622E-02     9.464854474E-03
     5526    -5.034914640E-02     2.618262826E-02     9.082588583E-03
     5527     3.521633112E-02     3.143594947E-02     3.000000000E-03
     5528     3.536393693E-02     3.186150589E-02     2.667021992E-03
     5529     3.630328495E-02     3.260246137E-02     5.204654459E-03
     5530     3.655822359E-02     3.150677567E-02     5.224192693E-03
     5531     3.645133209E-02     3.128496765E-02     1.500000000E-03
     5532     3.486027470E-02     3.107497724E-02     2.662990320E-03
     5533     3.560154338E-02     3.194965974E-02     5.204654459E-03
     5534     3.604235362E-02     3.070549421E-02     5.224192693E-03
     5535     3.592420587E-02     3.102197687E-02     1.250000000E-03
     5536     4.266346631E-02     3.161323833E-02     3.000000000E-03
     5537     4.269387397E-02     3.173445422E-02     2.705598512E-03
     5538     4.169834955E-02     3.260123725E-02     5.540915852E-03
     5539     4.181399446E-02     3.168115870E-02     2.538927936E-03
     5540     4.323682595E-02     3.090432251E-02     2.647778378E-03
     5541     4.240189732E-02     3.085698498E-02     2.538927936E-03
     5542     4.257520572E-02     3.108145533E-02     2.288927936E-03
     5543     4.366625091E-02     3.249972164E-02     1.875000000E-03
     5544     4.366625091E-02     3.249972164E-02     2.500000000E-03
     5545     4.274161326E-02     2.649993395E-02     3.000000000E-03
     5546     4.268549246E-02     2.621238065E-02     2.673868282E-03
     5547     4.169709770E-02     2.539782510E-02     5.834821938E-03
     5548     4.159431961E-02     2.588696853E-02     1.500000000E-03
     5549     4.315427870E-02     2.693201264E-02     2.652454513E-03
     5550     4.216839286E-02     2.622795879E-02     1.250000000E-03
     5551     3.525838674E-02     2.649993395E-02     3.000000000E-03
     5552     3.531174516E-02     2.621662920E-02     2.674283645E-03
     5553     3.602811866E-02     2.562095852E-02     4.702173102E-03
     5554     3.633802373E-02     2.586077047E-02     2.346034562E-03
     5555     3.484362522E-02     2.693811270E-02     2.653322875E-03
     5556     3.542600424E-02     2.626567115E-02     4.702173102E-03
     5557     3.351421676E-02     2.479357111E-02     2.500000000E-03
     5558     3.587466759E-02     2.844847635E-02     1.250000000E-03
     5559     3.418432755E-02     2.474804040E-02     1.250000000E-03
     5560     3.576135924E-02     2.620625968E-02     2.096034562E-03
     5561     3.532478784E-02    -2.640330680E-02     3.000000000E-03
     5562     3.538875905E-02    -2.613839814E-02     2.690146240E-03
     5563     3.645683823E-02    -2.528754418E-02     4.886252588E-03
     5564     3.665906381E-02    -2.639840533E-02     5.224192693E-03
     5565     3.678965042E-02    -2.612293052E-02     1.500000000E-03
     5566     3.482324489E-02    -2.697948577E-02     2.653218692E-03
     5567     3.567192408E-02    -2.597115358E-02     4.886252588E-03
     5568     3.606246702E-02    -2.724279456E-02     5.224192693E-03
     5569     3.363030910E-02    -2.451081296E-02     2.500000000E-03
     5570     3.609929879E-02    -2.658586920E-02     1.250000000E-03
     5571     3.445253007E-02    -2.447944223E-02     1.250000000E-03
     5572     4.274161326E-02    -2.649993395E-02     3.000000000E-03
     5573     4.268549246E-02    -2.621238065E-02     2.673868282E-03
     5574     4.180757196E-02    -2.548324870E-02     5.564242004E-03
     5575     4.315427870E-02    -2.693201264E-02     2.652454513E-03
     5576     4.286972774E-02    -3.129678192E-02     3.000000000E-03
     5577     4.273298330E-02    -3.171276438E-02     2.681497887E-03
     5578     4.170151522E-02    -3.259886309E-02     5.847192137E-03
     5579     4.037528730E-02    -3.176983390E-02     1.500000000E-03
     5580     4.327959174E-02    -3.076861406E-02     2.662984979E-03
     5581     4.099334987E-02    -3.134935020E-02     1.250000000E-03
     5582     3.521238616E-02    -3.142981097E-02     3.000000000E-03
     5583     3.530341355E-02    -3.175897206E-02     2.683817166E-03
     5584     3.606290687E-02    -3.240932309E-02     4.712632752E-03
     5585     3.722257066E-02    -3.179856914E-02     1.500000000E-03
     5586     3.587191941E-02    -3.243414148E-02     2.647661556E-03
     5587     3.476702141E-02    -3.089172956E-02     2.656725095E-03
     5588     3.535443709E-02    -3.163815676E-02     4.712632752E-03
     5589     3.658446249E-02    -3.136658433E-02     1.250000000E-03
     5590     3.510055684E-02    -3.212959152E-02     2.500000000E-03
     5591     2.384755985E-02     1.126541599E-03     2.500000000E-03
     5592     2.510398745E-02     3.642395053E-03     2.500000000E-03
     5593     1.803134291E-02     3.091384862E-03     2.500000000E-03
     5594     1.951101453E-02     6.852762129E-03     2.500000000E-03
     5595     2.322677220E-02     6.369580390E-03     2.500000000E-03
     5596     2.143562116E-02    -1.137282837E-04     2.500000000E-03
     5597     2.222793010E-02     3.290802827E-03     1.250000000E-03
     5598     1.956860691E-02     6.158465684E-03     1.250000000E-03
     5599     1.847434860E-02     2.565708485E-03     1.250000000E-03
     5600     2.300538674E-02     6.302542021E-03     1.250000000E-03
     5601     1.377839071E-02    -8.244730114E-03     2.500000000E-03
     5602     1.660238485E-02    -1.093319426E-02     2.500000000E-03
     5603     1.434453147E-02    -1.362166211E-02     2.500000000E-03
     5604     9.904012242E-03    -1.197208757E-02     2.500000000E-03
     5605     1.130232698E-02    -9.456432990E-03     2.500000000E-03
     5606     1.197518842E-02    -1.361505274E-02     2.500000000E-03
     5607     1.309758093E-02    -1.065547621E-02     1.250000000E-03
     5608     1.621748019E-02    -1.077349606E-02     1.250000000E-03
     5609     1.441782109E-02    -1.352556736E-02     1.250000000E-03
     5610     1.121064602E-02    -1.304308223E-02     1.250000000E-03
     5611     2.416435137E-02    -9.231927746E-03     2.500000000E-03
     5612     3.139615819E-02    -7.392694944E-03     2.500000000E-03
     5613     2.708458047E-02    -4.666130690E-03     2.500000000E-03
     5614     3.004001927E-02    -5.035937489E-03     2.500000000E-03
     5615     2.754929724E-02    -1.086443312E-02     2.500000000E-03
     5616     3.091048491E-02    -9.753361267E-03     2.500000000E-03
     5617     2.467264178E-02    -5.906400572E-03     2.500000000E-03
     5618     2.698145194E-02    -9.094564969E-03     1.250000000E-03
     5619     3.053156451E-02    -9.507623877E-03     1.250000000E-03
     5620     2.799127229E-02    -5.751592578E-03     1.250000000E-03
     5621     2.874422731E-02    -1.167692635E-02     1.250000000E-03
     5622     1.449664022E-02     2.066495177E-02     2.500000000E-03
     5623     1.734683152E-02     1.602594305E-02     2.500000000E-03
     5624     9.333947727E-03     1.727635718E-02     2.500000000E-03
     5625     1.553954748E-02     1.361181955E-02     2.500000000E-03
     5626     1.095414010E-02     2.040576927E-02     2.500000000E-03
     5627     1.198637958E-02     1.405864096E-02     2.500000000E-03
     5628     1.652973876E-02     1.868806618E-02     2.500000000E-03
     5629     1.348988034E-02     1.620991720E-02     1.250000000E-03
     5630     1.110658898E-02     1.928994568E-02     1.250000000E-03
     5631     1.665062834E-02     1.614162792E-02     1.250000000E-03
     5632     1.037831531E-02     1.569799311E-02     1.250000000E-03
     5633     1.411099140E-02     1.936403386E-02     1.250000000E-03
     5634     2.462909264E-02     1.444517333E-02     2.500000000E-03
     5635     3.056547620E-02     1.106069721E-02     2.500000000E-03
     5636     2.715791820E-02     1.712472042E-02     2.500000000E-03
     5637     2.653756628E-02     1.154786810E-02     2.500000000E-03
     5638     2.989417663E-02     1.590334218E-02     2.500000000E-03
     5639     3.160869165E-02     1.363380535E-02     2.500000000E-03
     5640     2.709363747E-02     1.449256893E-02     1.250000000E-03
     5641     3.067564381E-02     1.526719508E-02     1.250000000E-03
     5642     2.975344595E-02     1.206009646E-02     1.250000000E-03
     5643     3.209120461E-02     3.406286015E-03     2.500000000E-03
     5644     3.424189928E-02     5.646300464E-03     2.500000000E-03
     5645     3.379021581E-02     5.206257608E-04     2.500000000E-03
     5646     3.759531207E-02     6.171122603E-03     2.500000000E-03
     5647     3.741656562E-02     2.376157467E-04     2.500000000E-03
     5648     3.824589496E-02     3.185134162E-03     2.500000000E-03
     5649     3.291156459E-02     3.604540199E-03     1.250000000E-03
     5650     3.538847312E-02     1.435664355E-03     1.250000000E-03
     5651     3.629575304E-02     4.305979286E-03     1.250000000E-03
     5652     3.819580312E-02     2.450377633E-03     1.250000000E-03
     5653     1.688996071E-02    -2.461491687E-02     2.500000000E-03
     5654     1.712900072E-02    -2.802153340E-02     2.500000000E-03
     5655     1.365895718E-02    -2.419477676E-02     2.500000000E-03
     5656     1.148044554E-02    -2.711379399E-02     2.500000000E-03
     5657     1.237340907E-02    -2.907292103E-02     2.500000000E-03
     5658     1.503075520E-02    -2.726909722E-02     1.250000000E-03
     5659     1.677665304E-02    -2.478181625E-02     1.250000000E-03
     5660     1.166062324E-02    -2.760668677E-02     1.250000000E-03
     5661     1.341360794E-02    -2.414768521E-02     1.250000000E-03
     5662     1.632210862E-02    -2.932597783E-02     1.250000000E-03
     5663     1.387933677E-02    -2.929642870E-02     1.250000000E-03
     5664     1.070911744E-02     3.442512776E-03     2.500000000E-03
     5665     5.573444326E-03     7.432521244E-03     2.500000000E-03
     5666     7.942852961E-03     9.904993518E-04     2.500000000E-03
     5667     8.635621157E-03     7.650711447E-03     2.500000000E-03
     5668     4.867840498E-03     2.126541501E-03     2.500000000E-03
     5669     4.350320993E-03     5.044766703E-03     2.500000000E-03
     5670     7.512869939E-03     2.542237919E-03     1.250000000E-03
     5671     8.825995927E-03     6.172112804E-03     1.250000000E-03
     5672     5.714430895E-03     5.660188716E-03     1.250000000E-03
     5673     2.276492200E-02    -2.053800129E-02     2.500000000E-03
     5674     1.943882876E-02    -2.529334932E-02     2.500000000E-03
     5675     1.745218962E-02    -1.891143186E-02     2.500000000E-03
     5676     2.161078977E-02    -2.335771222E-02     2.500000000E-03
     5677     1.596878523E-02    -2.146659268E-02     2.500000000E-03
     5678     2.027304519E-02    -1.902512527E-02     2.500000000E-03
     5679     1.908648108E-02    -2.205363217E-02     1.250000000E-03
     5680     2.076856773E-02    -2.503172044E-02     1.250000000E-03
     5681     2.191648800E-02    -2.262765664E-02     1.250000000E-03
     5682     1.876021534E-02     2.494834392E-02     2.500000000E-03
     5683     1.364266024E-02     2.681656568E-02     2.500000000E-03
     5684     1.175935016E-02     2.387192188E-02     2.500000000E-03
     5685     1.656448460E-02     2.699841508E-02     2.500000000E-03
     5686     1.733494883E-02     2.215421878E-02     2.500000000E-03
     5687     1.522462135E-02     2.626905806E-02     1.250000000E-03
     5688     1.792060388E-02     2.290427465E-02     1.250000000E-03
     5689     1.491620147E-02     2.283018647E-02     1.250000000E-03
     5690     1.237656452E-02     2.605259241E-02     1.250000000E-03
     5691     1.739630312E-02    -7.870731077E-03     2.500000000E-03
     5692     1.450031527E-02    -1.340090756E-03     2.500000000E-03
     5693     1.173405079E-02    -3.792104181E-03     2.500000000E-03
     5694     1.209624524E-02    -6.393969806E-03     2.500000000E-03
     5695     1.790459353E-02    -4.545203903E-03     2.500000000E-03
     5696     1.389149919E-02    -7.593013023E-03     1.250000000E-03
     5697     1.555216099E-02    -5.291338168E-03     1.250000000E-03
     5698     1.494332096E-02    -1.865767134E-03     1.250000000E-03
     5699     1.701139846E-02    -7.711032874E-03     1.250000000E-03
     5700     1.330290084E-02    -4.804109205E-03     1.250000000E-03
     5701     7.146345181E-03    -1.577280402E-02     2.500000000E-03
     5702     4.851853743E-03    -1.793146965E-02     2.500000000E-03
     5703     1.010346001E-02    -1.997753939E-02     2.500000000E-03
     5704     7.924948374E-03    -2.289655662E-02     2.500000000E-03
     5705     5.032924227E-03    -2.037910010E-02     2.500000000E-03
     5706     9.217521363E-03    -1.741576919E-02     2.500000000E-03
     5707     6.789861637E-03    -1.996814015E-02     1.250000000E-03
     5708     5.179968699E-03    -1.670983183E-02     1.250000000E-03
     5709     9.858110766E-03    -1.993044783E-02     1.250000000E-03
     5710     8.452978956E-03    -1.684379868E-02     1.250000000E-03
     5711     2.985821582E-02    -1.813114266E-02     2.500000000E-03
     5712     3.641193819E-02    -1.589087469E-02     2.500000000E-03
     5713     3.300399896E-02    -1.977019130E-02     2.500000000E-03
     5714     3.018828269E-02    -1.544861074E-02     2.500000000E-03
     5715     3.354947037E-02    -1.433753889E-02     2.500000000E-03
     5716     3.606343797E-02    -1.857506757E-02     2.500000000E-03
     5717     3.616688862E-02    -1.622686947E-02     1.250000000E-03
     5718     3.136171253E-02    -1.921954020E-02     1.250000000E-03
     5719     3.382621993E-02    -1.973882057E-02     1.250000000E-03
     5720     3.355717710E-02    -1.733377338E-02     1.250000000E-03
     5721     3.138321276E-02    -1.626110397E-02     1.250000000E-03
     5722     6.218252037E-03    -4.594274123E-03     2.500000000E-03
     5723     5.182131749E-03    -9.711794328E-03     2.500000000E-03
     5724     3.143239574E-03    -3.458231975E-03     2.500000000E-03
     5725     6.580446487E-03    -7.196139749E-03     2.500000000E-03
     5726     2.465916054E-03    -9.285610512E-03     2.500000000E-03
     5727     2.091851672E-03    -3.592381968E-03     1.250000000E-03
     5728     4.988709337E-03    -7.014078086E-03     1.250000000E-03
     5729     1.097632508E-03    -7.648991262E-03     1.250000000E-03
     5730     1.796244387E-02    -1.324766308E-02     2.500000000E-03
     5731     2.078329944E-02    -1.336135649E-02     2.500000000E-03
     5732     2.360524313E-02    -1.219170060E-02     2.500000000E-03
     5733     2.072858767E-02    -7.233668050E-03     2.500000000E-03
     5734     2.303739784E-02    -1.042183245E-02     1.250000000E-03
     5735     1.983539260E-02    -1.039949702E-02     1.250000000E-03
     5736     3.428715242E-02     1.815989069E-02     2.500000000E-03
     5737     3.600166744E-02     1.589035385E-02     2.500000000E-03
     5738     3.865475105E-02     1.640897856E-02     2.500000000E-03
     5739     3.470282350E-02     2.081425053E-02     2.500000000E-03
     5740     3.506861959E-02     1.752374359E-02     1.250000000E-03
     5741     3.788612589E-02     2.012962124E-02     1.250000000E-03
     5742     3.537293429E-02     2.076871982E-02     1.250000000E-03
     5743     3.828711352E-02     1.743758680E-02     1.250000000E-03
     5744     3.332777199E-02    -4.523972164E-03     2.500000000E-03
     5745     3.695412179E-02    -4.806982179E-03     2.500000000E-03
     5746     3.419823763E-02    -9.241395943E-03     2.500000000E-03
     5747     3.717645762E-02    -8.050878991E-03     2.500000000E-03
     5748     3.381931723E-02    -8.995658552E-03     1.250000000E-03
     5749     3.127902501E-02    -5.239627254E-03     1.250000000E-03
     5750     3.705348216E-02    -7.915869824E-03     1.250000000E-03
     5751     3.490525735E-02    -6.171024598E-03     1.250000000E-03
     5752     2.731718306E-02     1.088252344E-03     2.500000000E-03
     5753     2.901619426E-02    -1.797407910E-03     2.500000000E-03
     5754     2.364881677E-02    -2.667870993E-03     2.500000000E-03
     5755     2.444112570E-02     7.366601168E-04     1.250000000E-03
     5756     2.813754304E-02     1.286506528E-03     1.250000000E-03
     5757     2.696744728E-02    -2.513063000E-03     1.250000000E-03
     5758     1.919494884E-02     1.243896344E-02     2.500000000E-03
     5759     2.353105844E-02     1.753263402E-02     2.500000000E-03
     5760     2.291070652E-02     1.195578170E-02     2.500000000E-03
     5761     2.018514013E-02     1.751521006E-02     2.500000000E-03
     5762     2.346677771E-02     1.490048253E-02     1.250000000E-03
     5763     2.077079518E-02     1.826526594E-02     1.250000000E-03
     5764     2.030602971E-02     1.496877181E-02     1.250000000E-03
     5765     2.268932106E-02     1.188874334E-02     1.250000000E-03
     5766     3.072430533E-02     5.844120248E-03     2.500000000E-03
     5767     3.027262186E-02     7.184455445E-04     2.500000000E-03
     5768     2.669639541E-02     6.331291135E-03     2.500000000E-03
     5769     2.569755330E-02     3.252513572E-03     1.250000000E-03
     5770     2.939397065E-02     3.802359982E-03     1.250000000E-03
     5771     4.566720322E-03     1.391800877E-02     2.500000000E-03
     5772     6.596657671E-03     2.048332729E-02     2.500000000E-03
     5773     7.628897154E-03     1.413619898E-02     2.500000000E-03
     5774     4.208968461E-03     2.026804381E-02     2.500000000E-03
     5775     2.910265615E-03     1.554445679E-02     1.250000000E-03
     5776     6.749106555E-03     1.936750369E-02     1.250000000E-03
     5777     6.020832879E-03     1.577555113E-02     1.250000000E-03
     5778     3.830864297E-03     1.879854235E-02     1.250000000E-03
     5779     1.166205709E-02     5.007199240E-05     2.500000000E-03
     5780     1.590799319E-02     6.263462683E-03     2.500000000E-03
     5781     1.235482529E-02     6.710284088E-03     2.500000000E-03
     5782     1.783259983E-02    -7.030277297E-04     2.500000000E-03
     5783     1.123207407E-02     1.601810559E-03     1.250000000E-03
     5784     1.596558557E-02     5.569166238E-03     1.250000000E-03
     5785     1.254520006E-02     5.231685444E-03     1.250000000E-03
     5786     1.487132727E-02     1.976409039E-03     1.250000000E-03
     5787     2.517592302E-02    -2.200898073E-02     2.500000000E-03
     5788     2.383817844E-02    -1.767639378E-02     2.500000000E-03
     5789     2.947583839E-02    -2.082831844E-02     2.500000000E-03
     5790     2.666012212E-02    -1.650673788E-02     2.500000000E-03
     5791     2.726109698E-02    -2.171214899E-02     2.500000000E-03
     5792     2.783355196E-02    -2.027766734E-02     1.250000000E-03
     5793     2.494176418E-02    -1.807471617E-02     1.250000000E-03
     5794     2.548162124E-02    -2.127892514E-02     1.250000000E-03
     5795     2.785505219E-02    -1.731923111E-02     1.250000000E-03
     5796     3.622841279E-02     8.608956837E-03     2.500000000E-03
     5797     2.884709008E-02     8.571305584E-03     2.500000000E-03
     5798     3.391821546E-02     1.065724283E-02     2.500000000E-03
     5799     3.154466531E-02     6.042374432E-03     1.250000000E-03
     5800     3.559905367E-02     9.444676458E-03     1.250000000E-03
     5801     3.492885376E-02     6.743813519E-03     1.250000000E-03
     5802     3.206296975E-02     9.083533943E-03     1.250000000E-03
     5803     7.219152176E-03     1.070029256E-02     2.500000000E-03
     5804     2.933852012E-03     8.094347812E-03     2.500000000E-03
     5805     2.500520638E-03     1.210855036E-02     1.250000000E-03
     5806     7.409526946E-03     9.221693913E-03     1.250000000E-03
     5807     4.297961913E-03     8.709769825E-03     1.250000000E-03
     5808     5.611087901E-03     1.233964471E-02     1.250000000E-03
     5809     1.578615277E-03     8.974816370E-03     1.250000000E-03
     5810     2.413923220E-02     2.298888229E-02     2.500000000E-03
     5811     2.002284966E-02     2.781565463E-02     2.500000000E-03
     5812     2.227768789E-02     2.825556432E-02     2.500000000E-03
     5813     2.079331389E-02     2.297145833E-02     2.500000000E-03
     5814     1.868298641E-02     2.708629761E-02     1.250000000E-03
     5815     2.137896894E-02     2.372151420E-02     1.250000000E-03
     5816     2.168490478E-02     2.745012104E-02     1.250000000E-03
     5817     2.368872113E-02     2.566642954E-02     1.250000000E-03
     5818     1.010016012E-02     2.655738318E-02     2.500000000E-03
     5819     1.490529456E-02     2.968387638E-02     2.500000000E-03
     5820     9.497454455E-03     2.934212153E-02     2.500000000E-03
     5821     1.356543131E-02     2.895451937E-02     1.250000000E-03
     5822     1.071737448E-02     2.873805371E-02     1.250000000E-03
     5823     5.820780151E-03    -1.265899283E-03     2.500000000E-03
     5824     9.257987065E-03    -5.003807057E-03     2.500000000E-03
     5825     8.465809593E-03    -8.502028650E-04     1.250000000E-03
     5826     7.666249915E-03    -4.821745394E-03     1.250000000E-03
     5827     1.210506278E-02    -4.756043851E-04     1.250000000E-03
     5828     1.046464266E-02    -3.413946456E-03     1.250000000E-03
     5829     2.184982978E-02    -2.676432875E-02     2.500000000E-03
     5830     2.239728187E-02    -2.931482046E-02     2.500000000E-03
     5831     1.757962325E-02    -2.794752966E-02     1.250000000E-03
     5832     1.932552109E-02    -2.546024870E-02     1.250000000E-03
     5833     2.100760773E-02    -2.843833698E-02     1.250000000E-03
     5834     1.887097667E-02    -3.000441028E-02     1.250000000E-03
     5835     3.559798287E-02    -2.450224723E-03     2.500000000E-03
     5836     3.109298185E-02     9.166997284E-04     1.250000000E-03
     5837     2.992288609E-02    -2.882869799E-03     1.250000000E-03
     5838     3.356989038E-02    -1.252176115E-03     1.250000000E-03
     5839     3.354911843E-02    -3.814267143E-03     1.250000000E-03
     5840     2.110342248E-02     9.541658210E-03     2.500000000E-03
     5841     1.383449691E-02     1.047166135E-02     2.500000000E-03
     5842     1.533799766E-02     1.262293760E-02     1.250000000E-03
     5843     1.744525719E-02     9.330543504E-03     1.250000000E-03
     5844     1.849874567E-02     1.255464832E-02     1.250000000E-03
     5845     2.088203702E-02     9.474619841E-03     1.250000000E-03
     5846     2.879614243E-02     1.899080287E-02     2.500000000E-03
     5847     2.921181351E-02     2.164516271E-02     2.500000000E-03
     5848     2.271396569E-02     2.019475715E-02     2.500000000E-03
     5849     2.599560327E-02     1.758002961E-02     1.250000000E-03
     5850     2.329962074E-02     2.094481302E-02     1.250000000E-03
     5851     2.697334913E-02     2.079561752E-02     1.250000000E-03
     5852     2.560937293E-02     2.288972836E-02     1.250000000E-03
     5853     3.727162825E-02     1.118206497E-02     2.500000000E-03
     5854     4.023240847E-02     6.147790535E-03     2.500000000E-03
     5855     3.992471186E-02     1.170068968E-02     2.500000000E-03
     5856     3.895246646E-02     9.969498597E-03     1.250000000E-03
     5857     3.828226655E-02     7.268635658E-03     1.250000000E-03
     5858     2.382033805E-02     5.979698908E-03     1.250000000E-03
     5859     2.537525135E-02     1.200317730E-02     1.250000000E-03
     5860     2.751675539E-02     6.529545319E-03     1.250000000E-03
     5861     2.459779470E-02     8.991438102E-03     1.250000000E-03
     5862     2.803505982E-02     9.570704829E-03     1.250000000E-03
     5863     5.829160833E-03     2.339745590E-02     2.500000000E-03
     5864     7.614144379E-03     2.639747773E-02     2.500000000E-03
     5865     8.369298927E-03     2.249691579E-02     1.250000000E-03
     5866     1.137370134E-02     2.257100397E-02     1.250000000E-03
     5867     8.834064401E-03     2.579340991E-02     1.250000000E-03
     5868     1.422118609E-02    -1.849129175E-02     2.500000000E-03
     5869     1.852544605E-02    -1.604982434E-02     2.500000000E-03
     5870     1.333524744E-02    -1.592952156E-02     2.500000000E-03
     5871     1.733888195E-02    -1.907833124E-02     1.250000000E-03
     5872     1.757753921E-02    -1.308796488E-02     1.250000000E-03
     5873     1.577788011E-02    -1.584003618E-02     1.250000000E-03
     5874     1.397583685E-02    -1.844420020E-02     1.250000000E-03
     5875     4.529060600E-03    -1.479564747E-02     2.500000000E-03
     5876     8.221866777E-03    -1.012132726E-02     2.500000000E-03
     5877     4.107336344E-03    -1.221079802E-02     2.500000000E-03
     5878     8.894728220E-03    -1.427994701E-02     2.500000000E-03
     5879     1.001712072E-02    -1.132037048E-02     1.250000000E-03
     5880     6.630129627E-03    -9.939265599E-03     1.250000000E-03
     5881     4.857175556E-03    -1.357400965E-02     1.250000000E-03
     5882     8.130185813E-03    -1.370797650E-02     1.250000000E-03
     5883     3.324691589E-02     1.549988780E-02     2.500000000E-03
     5884     3.194807195E-02     2.042378447E-02     2.500000000E-03
     5885     2.873186170E-02     1.635865138E-02     1.250000000E-03
     5886     3.231386804E-02     1.713327754E-02     1.250000000E-03
     5887     2.970960757E-02     1.957423928E-02     1.250000000E-03
     5888     3.261818274E-02     2.037825377E-02     1.250000000E-03
     5889     3.657503218E-02    -1.315539806E-02     2.500000000E-03
     5890     3.908899978E-02    -1.739292673E-02     2.500000000E-03
     5891     3.955325217E-02    -1.196488111E-02     2.500000000E-03
     5892     3.919245043E-02    -1.504472864E-02     1.250000000E-03
     5893     3.943027670E-02    -1.182987194E-02     1.250000000E-03
     5894     1.178482976E-02     1.306975900E-02     1.250000000E-03
     5895     1.389208929E-02     9.777364909E-03     1.250000000E-03
     5896     1.047170378E-02     9.439884116E-03     1.250000000E-03
     5897     8.673264732E-03     1.255783491E-02     1.250000000E-03
     5898     2.008195715E-02     3.030563547E-02     2.500000000E-03
     5899     1.648725567E-02     2.913636876E-02     1.250000000E-03
     5900     1.948917404E-02     2.950019220E-02     1.250000000E-03
     5901     1.812844905E-03    -1.436946365E-02     2.500000000E-03
     5902     2.415639646E-03    -1.940194355E-02     2.500000000E-03
     5903    -4.426912778E-04    -1.629560742E-02     1.250000000E-03
     5904     4.172577056E-03    -1.899098361E-02     1.250000000E-03
     5905     2.562684118E-03    -1.573267528E-02     1.250000000E-03
     5906     1.231933489E-03    -1.949752946E-02     1.250000000E-03
     5907     4.005366202E-02     2.142836781E-04     2.500000000E-03
     5908     3.944666851E-02    -5.977131550E-03     2.500000000E-03
     5909     3.719624019E-02    -1.535186129E-03     1.250000000E-03
     5910     3.932369304E-02    -5.842122383E-03     1.250000000E-03
     5911     3.971864392E-02    -3.021286349E-03     1.250000000E-03
     5912     3.717546823E-02    -4.097277157E-03     1.250000000E-03
     5913     4.000357018E-02    -5.204728509E-04     1.250000000E-03
     5914     2.456924289E-02    -2.737918336E-02     2.500000000E-03
     5915     2.610696475E-02    -2.453185991E-02     2.500000000E-03
     5916     2.317956874E-02    -2.650269988E-02     1.250000000E-03
     5917     2.432748902E-02    -2.409863607E-02     1.250000000E-03
     5918     1.055927006E-02    -2.396546980E-02     2.500000000E-03
     5919     1.185184305E-02    -1.848468238E-02     2.500000000E-03
     5920     1.585547756E-02    -2.163349206E-02     1.250000000E-03
     5921     1.249243245E-02    -2.099936102E-02     1.250000000E-03
     5922     2.416824531E-02    -1.499386186E-02     2.500000000E-03
     5923     2.360040002E-02    -1.322399371E-02     1.250000000E-03
     5924     2.015973752E-02    -1.919202465E-02     1.250000000E-03
     5925     2.039839478E-02    -1.320165829E-02     1.250000000E-03
     5926     1.859873568E-02    -1.595372959E-02     1.250000000E-03
     5927     2.244988737E-02    -1.656184015E-02     1.250000000E-03
     5928     2.298974443E-02    -1.976604912E-02     1.250000000E-03
     5929     5.488734278E-03    -2.436703052E-02     2.500000000E-03
     5930     9.273721949E-03    -2.884361407E-02     2.500000000E-03
     5931     7.245671687E-03    -2.395607057E-02     1.250000000E-03
     5932     8.560936118E-03    -2.737737981E-02     1.250000000E-03
     5933     1.031392082E-02    -2.391837825E-02     1.250000000E-03
     5934     2.228248183E-03     2.788368068E-03     2.500000000E-03
     5935     1.694379787E-03    -2.640071270E-04     1.250000000E-03
     5936     5.390797130E-03     2.858392838E-04     1.250000000E-03
     5937     4.591237452E-03    -3.685703246E-03     1.250000000E-03
     5938     3.592358085E-03     3.403790081E-03     1.250000000E-03
     5939     3.568106055E-02    -2.127224335E-02     2.500000000E-03
     5940     3.040688013E-02    -2.335119763E-02     2.500000000E-03
     5941     3.097933511E-02    -2.191671598E-02     1.250000000E-03
     5942     3.344384251E-02    -2.243599635E-02     1.250000000E-03
     5943     1.141543546E-02    -8.804715900E-03     1.250000000E-03
     5944     8.028444366E-03    -7.423611020E-03     1.250000000E-03
     5945     1.082683711E-02    -6.015812082E-03     1.250000000E-03
     5946    -8.644155345E-04    -1.371075798E-02     1.250000000E-03
     5947     3.913913932E-03    -9.513081782E-03     1.250000000E-03
     5948     2.283710282E-05    -1.014799496E-02     1.250000000E-03
     5949     2.140959861E-03    -1.314782584E-02     1.250000000E-03
     5950     4.353647540E-03    -2.143861406E-02     1.250000000E-03
     5951     1.413003974E-03    -2.194515991E-02     1.250000000E-03
     5952     9.453899643E-03    -2.933650685E-02     1.250000000E-03
     5953     1.167261318E-02    -3.102624877E-02     1.250000000E-03
     5954     1.176860282E-03     2.654218075E-03     1.250000000E-03
     5955     3.074838581E-03     6.322015283E-03     1.250000000E-03
     5956     3.554919444E-04     6.587061829E-03     1.250000000E-03
     5957     3.035137667E-02    -1.271313412E-02     2.500000000E-03
     5958     2.642234370E-02    -1.205433782E-02     1.250000000E-03
     5959     2.527183106E-02    -1.539218426E-02     1.250000000E-03
     5960     2.818511907E-02    -1.463669919E-02     1.250000000E-03
     5961     3.761451452E-02     1.374897567E-02     2.500000000E-03
     5962     3.402838306E-02     1.486374070E-02     1.250000000E-03
     5963     3.664226913E-02     1.201778459E-02     1.250000000E-03
     5964     3.310618520E-02     1.165664208E-02     1.250000000E-03
     5965     3.724687699E-02     1.477758391E-02     1.250000000E-03
     5966     3.669078435E-02    -1.041154531E-02     2.500000000E-03
     5967     3.632998260E-02    -1.349139284E-02     1.250000000E-03
     5968     3.333364395E-02    -1.135632488E-02     1.250000000E-03
     5969     3.656780888E-02    -1.027653615E-02     1.250000000E-03
     5970     3.372027109E-02    -1.459829676E-02     1.250000000E-03
     5971     3.154630674E-02    -1.352562734E-02     1.250000000E-03
     5972     3.884395020E-02    -1.772892151E-02     1.250000000E-03
     5973     3.650328152E-02    -2.124087262E-02     1.250000000E-03
     5974     3.623423869E-02    -1.883582543E-02     1.250000000E-03
     5975     3.888359046E-02    -2.044549059E-02     1.250000000E-03
     5976     2.372702084E-02    -2.905319159E-02     1.250000000E-03
     5977     3.893284944E-02     4.282647217E-03     1.250000000E-03
     5978     4.083289952E-02     2.427045565E-03     1.250000000E-03
     5979     3.954602887E-02    -9.086019195E-03     1.250000000E-03
     5980     3.994097975E-02    -6.265183161E-03     1.250000000E-03
     5981     3.929535274E-02     1.253640930E-02     1.250000000E-03
     5982     3.989996060E-02     1.529620862E-02     1.250000000E-03
     5983     5.981609717E-03     2.228163231E-02     1.250000000E-03
     5984     3.063367459E-03     2.171267096E-02     1.250000000E-03
     5985     2.202918701E-02    -5.036097655E-04     1.250000000E-03
     5986     2.354568824E-02    -7.096305273E-03     1.250000000E-03
     5987     1.888444555E-02    -4.654275142E-03     1.250000000E-03
     5988     2.455550859E-02    -3.753332882E-03     1.250000000E-03
     5989     1.827560552E-02    -1.228704107E-03     1.250000000E-03
     5990     2.034368301E-02    -7.073969848E-03     1.250000000E-03
     5991     2.126442298E-02    -3.608011484E-03     1.250000000E-03
     5992     1.340853707E-02    -1.583342681E-02     1.250000000E-03
     5993     1.160649380E-02    -1.843759082E-02     1.250000000E-03
     5994     1.020136200E-02    -1.535094167E-02     1.250000000E-03
     5995     2.174401226E-02     2.994010189E-02     1.250000000E-03
     5996     2.374782862E-02     2.815641038E-02     1.250000000E-03
     5997     2.876459369E-02    -2.280054652E-02     1.250000000E-03
     5998     2.641266298E-02    -2.380180433E-02     1.250000000E-03
     5999     3.012527865E-02     2.222859912E-02     1.250000000E-03
     6000     3.303385382E-02     2.303261361E-02     1.250000000E-03
     6001     1.995370243E-02     2.092738906E-02     1.250000000E-03
     6002     1.948893695E-02     1.763089494E-02     1.250000000E-03
     6003     1.694930001E-02     2.085330088E-02     1.250000000E-03
     6004     8.231358738E-03     2.857814826E-02     1.250000000E-03
     6005    -5.117560301E-02    -2.631922359E-02     1.187694314E-02
     6006    -4.619942022E-02    -2.547767791E-02     1.397814642E-02
     6007    -4.886515092E-02    -3.349797907E-02     1.181220315E-02
     6008    -4.773115888E-02    -3.222832470E-02     1.182841627E-02
     6009    -4.966338052E-02    -3.228625256E-02     1.164896404E-02
     6010    -4.614078720E-02     3.247489599E-02     1.387786109E-02
     6011    -4.894556886E-02     2.450032921E-02     1.204633954E-02
     6012    -4.785876216E-02     2.571119507E-02     1.166407365E-02
     6013    -4.960739725E-02     2.569004237E-02     1.204744306E-02
     6014     3.913955654E-02     3.349783548E-02     7.745570311E-03
     6015     3.701939641E-02     3.304069417E-02     1.113187736E-02
     6016     3.707094140E-02     3.189058376E-02     7.428847153E-03
     6017     3.703784408E-02     3.185868183E-02     1.027492576E-02
     6018     3.828399655E-02     3.217115163E-02     8.928719401E-03
     6019     4.165269529E-02     3.263499762E-02     1.150892054E-02
     6020     3.933740444E-02     3.348733309E-02     1.146813875E-02
     6021     4.056089553E-02     3.210050517E-02     9.264980793E-03
     6022     3.964424452E-02     3.345364446E-02     1.489522759E-02
     6023     4.081009667E-02     3.191864682E-02     1.269206963E-02
     6024     3.721570505E-02     3.194586291E-02     1.399749420E-02
     6025     3.846185753E-02     3.225833271E-02     1.265128784E-02
     6026     3.864630414E-02     2.451392162E-02     7.536995040E-03
     6027     4.159238698E-02     2.532174909E-02     1.208705103E-02
     6028     3.944009161E-02     2.452157177E-02     1.088597198E-02
     6029     3.955027261E-02     2.589261437E-02     9.584821938E-03
     6030     3.691912965E-02     2.501001521E-02     9.753323145E-03
     6031     3.709677823E-02     2.608605522E-02     8.452173102E-03
     6032     3.994640670E-02     2.460064614E-02     1.430337914E-02
     6033     3.996846626E-02     2.618735223E-02     1.300222909E-02
     6034     3.779788989E-02     2.572040910E-02     1.180115004E-02
     6035     3.638255493E-02     2.533953810E-02     1.445172507E-02
     6036     3.919053447E-02    -2.450403552E-02     7.450494592E-03
     6037     3.706199478E-02    -2.493870270E-02     1.081781779E-02
     6038     3.711549623E-02    -2.608573319E-02     7.110445281E-03
     6039     3.839365564E-02    -2.582684754E-02     8.636252588E-03
     6040     4.165602446E-02    -2.536743423E-02     1.154059670E-02
     6041     3.933482533E-02    -2.451247373E-02     1.149580721E-02
     6042     4.062646806E-02    -2.592147190E-02     9.314242004E-03
     6043     3.964466979E-02    -2.454641708E-02     1.490791990E-02
     6044     4.087793135E-02    -2.610533440E-02     1.272635470E-02
     6045     3.724592592E-02    -2.602349362E-02     1.115575790E-02
     6046     3.721282859E-02    -2.605539555E-02     1.400183651E-02
     6047     3.852408532E-02    -2.576460797E-02     1.268156521E-02
     6048     3.865690122E-02    -3.348690129E-02     7.559824888E-03
     6049     4.150119066E-02    -3.274086157E-02     1.200487074E-02
     6050     3.944558592E-02    -3.347788490E-02     1.089834218E-02
     6051     3.980789463E-02    -3.219114685E-02     9.622830300E-03
     6052     3.692365997E-02    -3.299234419E-02     9.763782795E-03
     6053     3.735360527E-02    -3.200347531E-02     8.488270915E-03
     6054     3.983255752E-02    -3.342231251E-02     1.420882865E-02
     6055     4.013257861E-02    -3.197405875E-02     1.293331677E-02
     6056     3.805066991E-02    -3.236600498E-02     1.182678821E-02
     6057     3.638255493E-02    -3.266046190E-02     1.445172507E-02
     6058    -3.292893219E-03     3.370710678E-02     5.446934556E-03
     6059     3.726503704E-02    -2.720002679E-02     1.029446400E-02
     6060     3.850371352E-02    -2.654975517E-02     8.974192693E-03
     6061     3.845874312E-02    -2.655929498E-02     1.182027130E-02
     6062     3.726503704E-02     3.079997321E-02     1.029446400E-02
     6063     3.843664634E-02     3.143569962E-02     8.948257635E-03
     6064     3.839195474E-02     3.142492906E-02     1.179433625E-02
     6065    -2.739710179E-03     1.859513961E-03     0.000000000E+00
     6066     4.339409228E-03     1.516892910E-04     0.000000000E+00
     6067    -2.938436109E-03    -1.590411121E-03     0.000000000E+00
     6068     3.539849551E-03    -3.819853238E-03     0.000000000E+00
     6069    -3.512272788E-04    -4.454766414E-03     0.000000000E+00
     6070     2.540970184E-03     3.269640088E-03     0.000000000E+00
     6071    -1.783764522E-04     3.534686634E-03     0.000000000E+00
     6072     2.651791329E-02     3.450767756E-03     0.000000000E+00
     6073     2.534781752E-02    -3.488017718E-04     0.000000000E+00
     6074     2.016217276E-02     5.768584202E-03     0.000000000E+00
     6075     1.906791445E-02     2.175827003E-03     0.000000000E+00
     6076     2.359895259E-02     5.912660539E-03     0.000000000E+00
     6077     2.205673191E-02    -2.034803736E-04     0.000000000E+00
     6078    -1.980145907E-02    -4.722044903E-03     0.000000000E+00
     6079    -2.311378949E-02    -9.215813124E-03     0.000000000E+00
     6080    -2.066099876E-02    -1.150942105E-02     0.000000000E+00
     6081    -1.718808669E-02    -1.057706469E-02     0.000000000E+00
     6082    -1.675500884E-02    -7.068532407E-03     0.000000000E+00
     6083    -2.192735048E-02    -6.648861014E-03     0.000000000E+00
     6084    -2.111339713E-02    -7.375502590E-03     1.250000000E-03
     6085    -1.811182147E-02    -5.858062029E-03     1.250000000E-03
     6086    -2.083703158E-02    -1.064059286E-02     1.250000000E-03
     6087    -1.782138236E-02    -8.892632647E-03     1.250000000E-03
     6088    -1.660533914E-02     1.655282370E-02     0.000000000E+00
     6089    -1.432378491E-02     1.084433816E-02     0.000000000E+00
     6090    -1.785289901E-02     9.419808307E-03     0.000000000E+00
     6091    -2.034805669E-02     1.147449001E-02     0.000000000E+00
     6092    -1.480595057E-02     1.406237471E-02     0.000000000E+00
     6093    -1.993338397E-02     1.478653258E-02     0.000000000E+00
     6094    -1.959506373E-02     1.308194569E-02     1.250000000E-03
     6095    -1.818569619E-02     1.633542546E-02     1.250000000E-03
     6096    -1.521063060E-02     1.176236727E-02     1.250000000E-03
     6097    -1.763863262E-02     1.055014351E-02     1.250000000E-03
     6098    -1.703417340E-02     1.332379137E-02     1.250000000E-03
     6099     1.487135121E-02    -7.702084262E-03     0.000000000E+00
     6100     9.823698311E-03    -8.622654237E-03     0.000000000E+00
     6101     1.633058867E-02    -1.012177897E-02     0.000000000E+00
     6102     1.453092957E-02    -1.287385027E-02     0.000000000E+00
     6103     1.262209105E-02    -7.214855299E-03     0.000000000E+00
     6104     1.132375450E-02    -1.239136513E-02     0.000000000E+00
     6105     1.539559005E-02     1.192864115E-02     0.000000000E+00
     6106     1.090503917E-02     1.830106372E-02     0.000000000E+00
     6107     1.197520453E-02     1.159116036E-02     0.000000000E+00
     6108     1.644907853E-02     1.515274596E-02     0.000000000E+00
     6109     1.017676549E-02     1.470911115E-02     0.000000000E+00
     6110     1.390944158E-02     1.837515190E-02     0.000000000E+00
     6111     2.940461098E-02    -1.069752858E-02     0.000000000E+00
     6112     2.686431876E-02    -6.941497279E-03     0.000000000E+00
     6113     2.265249318E-02    -1.026213424E-02     0.000000000E+00
     6114     2.470398576E-02    -1.362231611E-02     0.000000000E+00
     6115     2.357323315E-02    -6.796175881E-03     0.000000000E+00
     6116     2.761727377E-02    -1.286683105E-02     0.000000000E+00
     6117    -2.564161547E-02    -1.960717224E-02     0.000000000E+00
     6118    -1.957698236E-02    -2.114898887E-02     0.000000000E+00
     6119    -2.392928945E-02    -2.532831764E-02     0.000000000E+00
     6120    -2.234957568E-02    -1.840027202E-02     0.000000000E+00
     6121    -2.100901124E-02    -2.438384279E-02     0.000000000E+00
     6122    -2.582747313E-02    -2.274336241E-02     0.000000000E+00
     6123    -2.142076866E-02    -2.093641300E-02     1.250000000E-03
     6124    -2.472227328E-02    -1.996766300E-02     1.250000000E-03
     6125    -2.046204957E-02    -2.377718681E-02     1.250000000E-03
     6126    -2.354842766E-02    -2.270201114E-02     1.250000000E-03
     6127    -6.331491465E-03    -1.647095133E-02     0.000000000E+00
     6128    -8.913373829E-03    -1.397065271E-02     0.000000000E+00
     6129    -1.282066902E-02    -1.883382633E-02     0.000000000E+00
     6130    -1.212035027E-02    -1.515275312E-02     0.000000000E+00
     6131    -6.971435720E-03    -2.031030665E-02     0.000000000E+00
     6132    -9.952584548E-03    -1.998780459E-02     0.000000000E+00
     6133    -1.077556644E-02    -1.985339331E-02     1.250000000E-03
     6134    -9.445596619E-03    -1.723459154E-02     1.250000000E-03
     6135    -9.885216748E-03    -1.473160705E-02     1.250000000E-03
     6136    -1.238084445E-02    -1.672922831E-02     1.250000000E-03
     6137     2.641507206E-03     1.033621784E-02     0.000000000E+00
     6138    -1.153577646E-03     1.642012260E-02     0.000000000E+00
     6139     3.954633194E-03     1.396609272E-02     0.000000000E+00
     6140     1.764664612E-03     1.698908394E-02     0.000000000E+00
     6141    -7.783942969E-05     1.060126438E-02     0.000000000E+00
     6142    -1.434404851E-03     1.348539977E-02     0.000000000E+00
     6143     2.951332888E-02     1.572250428E-02     0.000000000E+00
     6144     2.323534001E-02     1.831266153E-02     0.000000000E+00
     6145     2.277057454E-02     1.501616740E-02     0.000000000E+00
     6146     2.515386589E-02     1.193613893E-02     0.000000000E+00
     6147     2.690906841E-02     1.816346602E-02     0.000000000E+00
     6148     2.859113102E-02     1.251540565E-02     0.000000000E+00
     6149    -3.094490910E-02     4.395097348E-03     0.000000000E+00
     6150    -2.642279770E-02     8.891564856E-03     0.000000000E+00
     6151    -2.958250451E-02     1.077384527E-02     0.000000000E+00
     6152    -3.199756523E-02     7.944527196E-03     0.000000000E+00
     6153    -2.760975028E-02     5.768783843E-03     0.000000000E+00
     6154    -3.044852173E-02     8.720741911E-03     1.250000000E-03
     6155    -2.833562531E-02     7.018460844E-03     1.250000000E-03
     6156    -3.049787641E-02     6.212906711E-03     1.250000000E-03
     6157    -2.822333144E-02     9.731970624E-03     1.250000000E-03
     6158    -3.109495897E-02     2.207939618E-02     0.000000000E+00
     6159    -3.461630888E-02     1.667280396E-02     0.000000000E+00
     6160    -3.390944503E-02     2.310134030E-02     0.000000000E+00
     6161    -3.159331559E-02     1.672557116E-02     0.000000000E+00
     6162    -3.042234696E-02     1.972872102E-02     0.000000000E+00
     6163    -3.034321420E-02     1.928336230E-02     1.250000000E-03
     6164    -3.197084467E-02     2.270788019E-02     1.250000000E-03
     6165    -3.455890618E-02     1.889749954E-02     1.250000000E-03
     6166    -3.464916296E-02     2.175434645E-02     1.250000000E-03
     6167    -3.276742043E-02     1.715790523E-02     1.250000000E-03
     6168    -5.701834082E-03    -1.313660312E-02     0.000000000E+00
     6169    -2.232699080E-03    -1.207413873E-02     0.000000000E+00
     6170    -1.145763223E-04    -1.507396961E-02     0.000000000E+00
     6171    -3.759895973E-03    -1.947625707E-02     0.000000000E+00
     6172    -1.445326951E-03    -1.883882378E-02     0.000000000E+00
     6173     1.722727558E-02    -2.470781251E-02     0.000000000E+00
     6174     1.890936222E-02    -2.768590079E-02     0.000000000E+00
     6175     1.211124577E-02    -2.753268304E-02     0.000000000E+00
     6176     1.386423047E-02    -2.407368147E-02     0.000000000E+00
     6177     1.677273116E-02    -2.925197410E-02     0.000000000E+00
     6178     1.432995931E-02    -2.922242496E-02     0.000000000E+00
     6179    -1.694166287E-02     2.439204186E-02     0.000000000E+00
     6180    -1.919991713E-02     2.172853823E-02     0.000000000E+00
     6181    -1.275050914E-02     2.007386563E-02     0.000000000E+00
     6182    -1.404762725E-02     2.258353577E-02     0.000000000E+00
     6183    -1.413453175E-02     1.774259504E-02     0.000000000E+00
     6184    -1.926196514E-02     1.846675291E-02     0.000000000E+00
     6185    -1.751427736E-02     2.001564580E-02     1.250000000E-03
     6186    -1.435584899E-02     2.161652202E-02     1.250000000E-03
     6187    -1.386942504E-02     1.856929527E-02     1.250000000E-03
     6188    -1.722075810E-02     2.360968952E-02     1.250000000E-03
     6189    -1.636275458E-02     1.700401171E-02     1.250000000E-03
     6190    -6.321138174E-03     6.672599595E-04     0.000000000E+00
     6191    -8.746612045E-03     6.466628991E-03     0.000000000E+00
     6192    -9.383783727E-03     2.689273575E-03     0.000000000E+00
     6193    -3.561078517E-03     5.792357714E-03     0.000000000E+00
     6194    -6.039141294E-03     6.999483276E-03     0.000000000E+00
     6195    -8.535715373E-03     2.315293358E-03     1.250000000E-03
     6196    -7.783928948E-03     5.155861505E-03     1.250000000E-03
     6197     2.904423487E-02     2.010446390E-04     0.000000000E+00
     6198     3.269123916E-02     1.831738322E-03     0.000000000E+00
     6199     3.359851907E-02     4.702053253E-03     0.000000000E+00
     6200     2.729536994E-02     6.462506950E-03     0.000000000E+00
     6201     3.073263506E-02     7.041773677E-03     0.000000000E+00
     6202     7.236266893E-03    -3.270006828E-03     0.000000000E+00
     6203     9.348952559E-03     4.331410587E-03     0.000000000E+00
     6204     1.167507976E-02     1.076134182E-03     0.000000000E+00
     6205     6.237387527E-03     3.819486499E-03     0.000000000E+00
     6206     1.003465964E-02    -1.862207890E-03     0.000000000E+00
     6207    -7.401790275E-03    -6.709484813E-03     0.000000000E+00
     6208    -3.932655274E-03    -5.647020416E-03     0.000000000E+00
     6209    -9.582509657E-03    -7.606515067E-04     0.000000000E+00
     6210    -1.017568887E-02    -4.383052939E-03     0.000000000E+00
     6211    -8.676598719E-03    -4.391332561E-03     1.250000000E-03
     6212    -8.734441303E-03    -1.134631724E-03     1.250000000E-03
     6213    -2.313785838E-02    -1.261279760E-03     0.000000000E+00
     6214    -1.628478465E-02    -1.455181912E-05     0.000000000E+00
     6215    -1.917672707E-02     2.338273748E-03     0.000000000E+00
     6216    -2.285883733E-02     1.270174441E-03     0.000000000E+00
     6217    -1.687796386E-02    -3.636953252E-03     0.000000000E+00
     6218    -2.205030550E-02    -3.217281858E-03     0.000000000E+00
     6219    -2.123635214E-02    -3.943923435E-03     1.250000000E-03
     6220    -1.823477648E-02    -2.426482874E-03     1.250000000E-03
     6221    -2.111808718E-02     1.290407638E-03     1.250000000E-03
     6222    -1.840549056E-02     4.328556519E-04     1.250000000E-03
     6223    -2.113756143E-02    -1.096241957E-03     1.250000000E-03
     6224    -2.940744045E-02    -7.432606603E-05     0.000000000E+00
     6225    -2.607228163E-02     1.299360429E-03     0.000000000E+00
     6226    -2.736449575E-02    -2.999198926E-03     0.000000000E+00
     6227    -2.526374979E-02    -3.188095871E-03     0.000000000E+00
     6228    -2.743302378E-02    -2.284757916E-03     1.250000000E-03
     6229    -2.734231800E-02     1.339531139E-04     1.250000000E-03
     6230    -2.435100573E-02    -1.067055969E-03     1.250000000E-03
     6231    -2.738832399E-02    -1.377851034E-02     0.000000000E+00
     6232    -2.409628419E-02    -1.257161012E-02     0.000000000E+00
     6233    -3.013461956E-02    -9.010101514E-03     0.000000000E+00
     6234    -3.071164891E-02    -1.170129190E-02     0.000000000E+00
     6235    -2.746338187E-02    -7.522153135E-03     0.000000000E+00
     6236    -2.536263592E-02    -7.711050080E-03     0.000000000E+00
     6237    -2.454868256E-02    -8.437691656E-03     1.250000000E-03
     6238    -2.791513115E-02    -9.486850844E-03     1.250000000E-03
     6239    -2.427231701E-02    -1.170278193E-02     1.250000000E-03
     6240    -2.774280151E-02    -1.196704177E-02     1.250000000E-03
     6241     1.784337495E-02     2.504222834E-02     0.000000000E+00
     6242     1.814931079E-02     2.877083518E-02     0.000000000E+00
     6243     1.483897253E-02     2.496814016E-02     0.000000000E+00
     6244     1.229933559E-02     2.819054610E-02     0.000000000E+00
     6245     3.570922128E-02     1.365117433E-02     0.000000000E+00
     6246     3.591284151E-02     1.910300809E-02     0.000000000E+00
     6247     3.049107474E-02     1.893809218E-02     0.000000000E+00
     6248     3.217313735E-02     1.329003181E-02     0.000000000E+00
     6249     3.339964991E-02     1.974210667E-02     0.000000000E+00
     6250     3.631382914E-02     1.641097364E-02     0.000000000E+00
     6251     2.065526005E-02    -2.519861982E-02     0.000000000E+00
     6252     1.741217157E-02    -1.898223649E-02     0.000000000E+00
     6253     2.126332327E-02    -1.959034704E-02     0.000000000E+00
     6254     1.561012831E-02    -2.158640050E-02     0.000000000E+00
     6255     2.180318033E-02    -2.279455601E-02     0.000000000E+00
     6256     3.595106220E-02    -1.324565545E-02     0.000000000E+00
     6257     3.918522713E-02    -1.216586672E-02     0.000000000E+00
     6258     3.633768934E-02    -1.648762733E-02     0.000000000E+00
     6259     3.898704110E-02    -1.809729249E-02     0.000000000E+00
     6260    -2.560398487E-02     2.388630998E-02     0.000000000E+00
     6261    -2.671264538E-02     2.693568097E-02     0.000000000E+00
     6262    -3.155654185E-02     2.557053165E-02     0.000000000E+00
     6263    -2.947737089E-02     2.745891832E-02     0.000000000E+00
     6264    -2.806944378E-02     2.219791237E-02     0.000000000E+00
     6265    -2.799031102E-02     2.175255365E-02     1.250000000E-03
     6266    -2.961794149E-02     2.517707154E-02     1.250000000E-03
     6267    -2.667426867E-02     2.510762710E-02     1.250000000E-03
     6268     3.041443133E-02    -7.354556186E-03     0.000000000E+00
     6269     3.618888848E-02    -1.003079876E-02     0.000000000E+00
     6270     3.334135069E-02    -1.435255936E-02     0.000000000E+00
     6271     3.404066367E-02    -8.285953531E-03     0.000000000E+00
     6272     3.116738634E-02    -1.327988995E-02     0.000000000E+00
     6273    -9.448969828E-03     1.162019778E-02     0.000000000E+00
     6274    -5.339174516E-03     1.676478472E-02     0.000000000E+00
     6275    -8.547112886E-03     1.716950493E-02     0.000000000E+00
     6276    -9.931135495E-03     1.483823433E-02     0.000000000E+00
     6277    -6.741499078E-03     1.215305207E-02     0.000000000E+00
     6278    -5.620001722E-03     1.383006189E-02     0.000000000E+00
     6279    -9.666028785E-03     1.566493457E-02     1.250000000E-03
     6280    -8.201904250E-03     1.290564925E-02     1.250000000E-03
     6281    -1.462587265E-02    -2.333104401E-02     0.000000000E+00
     6282    -1.605790154E-02    -2.656589793E-02     0.000000000E+00
     6283    -9.722070679E-03    -2.782674759E-02     0.000000000E+00
     6284    -1.226512711E-02    -2.853634404E-02     0.000000000E+00
     6285    -1.420019121E-02    -2.799729205E-02     0.000000000E+00
     6286    -1.175778818E-02    -2.448502227E-02     0.000000000E+00
     6287    -1.258077008E-02    -2.435061100E-02     1.250000000E-03
     6288    -1.551093987E-02    -2.595924195E-02     1.250000000E-03
     6289    -1.281437354E-02    -2.725180147E-02     1.250000000E-03
     6290    -3.409444677E-02    -2.246689045E-02     0.000000000E+00
     6291    -3.150755327E-02    -2.723997493E-02     0.000000000E+00
     6292    -3.466098851E-02    -2.754426606E-02     0.000000000E+00
     6293    -3.064721576E-02    -2.427426276E-02     0.000000000E+00
     6294    -3.080605248E-02    -2.579011005E-02     1.250000000E-03
     6295    -3.433812939E-02    -2.543855570E-02     1.250000000E-03
     6296    -3.122501354E-02    -2.346078875E-02     1.250000000E-03
     6297     1.592317299E-02    -1.974838373E-03     0.000000000E+00
     6298     1.799125048E-02    -7.820104113E-03     0.000000000E+00
     6299     1.428275286E-02    -4.913180444E-03     0.000000000E+00
     6300     1.891199045E-02    -4.354145750E-03     0.000000000E+00
     6301     4.500692011E-03    -1.776934579E-02     0.000000000E+00
     6302     7.425849380E-03    -2.444896335E-02     0.000000000E+00
     6303     3.169941383E-03    -2.153419997E-02     0.000000000E+00
     6304     9.178834078E-03    -2.098996179E-02     0.000000000E+00
     6305     7.773702269E-03    -1.790331263E-02     0.000000000E+00
     6306    -2.493553326E-02    -1.607211826E-02     0.000000000E+00
     6307    -3.186066172E-02    -1.860783634E-02     0.000000000E+00
     6308    -3.155089798E-02    -1.520180004E-02     0.000000000E+00
     6309    -2.841343071E-02    -2.041520865E-02     0.000000000E+00
     6310    -2.730823086E-02    -1.763950924E-02     1.250000000E-03
     6311    -3.153166936E-02    -1.730382795E-02     1.250000000E-03
     6312    -2.858205057E-02    -1.546754992E-02     1.250000000E-03
     6313    -2.899122849E-02    -1.960173464E-02     1.250000000E-03
     6314     2.084529332E-02     2.540605177E-02     0.000000000E+00
     6315     2.007459201E-02     1.838095081E-02     0.000000000E+00
     6316     2.421308588E-02     2.152824943E-02     0.000000000E+00
     6317     1.753495506E-02     2.160335675E-02     0.000000000E+00
     6318     2.284910967E-02     2.362236027E-02     0.000000000E+00
     6319    -4.465693502E-03     2.238869756E-02     0.000000000E+00
     6320    -8.404165562E-03     2.776699381E-02     0.000000000E+00
     6321    -7.673631872E-03     2.279341777E-02     0.000000000E+00
     6322    -5.576147064E-03     2.817797840E-02     0.000000000E+00
     6323    -8.970749982E-03     2.530308791E-02     0.000000000E+00
     6324    -9.278971726E-03     2.433607415E-02     1.250000000E-03
     6325    -7.820638353E-03     2.696107415E-02     1.250000000E-03
     6326     2.545630386E-03    -7.876462533E-03     0.000000000E+00
     6327     4.663753144E-03    -1.087629341E-02     0.000000000E+00
     6328     9.235099960E-03    -5.833750419E-03     0.000000000E+00
     6329     7.936763402E-03    -1.101026025E-02     0.000000000E+00
     6330     3.152114340E-02    -1.967831205E-03     0.000000000E+00
     6331     3.150037144E-02    -4.529922232E-03     0.000000000E+00
     6332     2.458305349E-02    -3.453203490E-03     0.000000000E+00
     6333     3.607542760E-02     2.533177410E-03     0.000000000E+00
     6334     3.769055143E-02    -1.823237741E-03     0.000000000E+00
     6335     3.514737574E-02    -2.899228549E-03     0.000000000E+00
     6336     3.797547769E-02     6.775757572E-04     0.000000000E+00
     6337     3.765290743E-02     8.104355279E-03     0.000000000E+00
     6338     3.478702342E-02     1.044407570E-02     0.000000000E+00
     6339     3.892771521E-02     1.356501754E-02     0.000000000E+00
     6340    -2.020765968E-02     2.588753605E-02     0.000000000E+00
     6341    -2.131632019E-02     2.893690704E-02     0.000000000E+00
     6342    -1.448878538E-02     2.920643950E-02     0.000000000E+00
     6343    -1.505536980E-02     2.674253359E-02     0.000000000E+00
     6344    -1.822850065E-02     2.776868735E-02     1.250000000E-03
     6345    -1.601514333E-02     2.881471631E-02     1.250000000E-03
     6346     3.180155608E-02    -2.188534525E-02     0.000000000E+00
     6347     3.153251325E-02    -1.948029806E-02     0.000000000E+00
     6348     2.644526090E-02    -1.916311371E-02     0.000000000E+00
     6349     2.698511796E-02    -2.236732268E-02     0.000000000E+00
     6350     2.935854891E-02    -1.840762865E-02     0.000000000E+00
     6351     1.408246406E-02     8.298766265E-03     0.000000000E+00
     6352     1.640859126E-02     5.043489860E-03     0.000000000E+00
     6353     1.855633805E-02     1.186035187E-02     0.000000000E+00
     6354     2.093962941E-02     8.780323396E-03     0.000000000E+00
     6355     7.793474134E-03     1.778913963E-02     0.000000000E+00
     6356     1.152615023E-02     2.145518038E-02     0.000000000E+00
     6357     5.603505552E-03     2.081213085E-02     0.000000000E+00
     6358     8.986513286E-03     2.467758632E-02     0.000000000E+00
     6359     1.298820575E-02     4.706009067E-03     0.000000000E+00
     6360     7.550513514E-03     7.449361384E-03     0.000000000E+00
     6361     8.863639502E-03     1.107923627E-02     0.000000000E+00
     6362     3.790749625E-02     2.604842027E-02     0.000000000E+00
     6363     3.621715621E-02     2.234798433E-02     0.000000000E+00
     6364     3.913133544E-02     1.901685130E-02     0.000000000E+00
     6365     3.986850326E-02     2.383240166E-02     0.000000000E+00
     6366     3.779418790E-02     2.380620360E-02     8.460345617E-04
     6367    -4.814581444E-03    -9.573840106E-03     0.000000000E+00
     6368    -1.149069289E-02    -1.181840492E-02     0.000000000E+00
     6369    -1.105761504E-02    -8.309872630E-03     0.000000000E+00
     6370    -9.558524889E-03    -8.318152252E-03     1.250000000E-03
     6371    -9.255559364E-03    -1.139725885E-02     1.250000000E-03
     6372     7.726763150E-04    -1.151120659E-02     0.000000000E+00
     6373    -1.200798353E-02     5.038717525E-03     0.000000000E+00
     6374    -1.489992595E-02     7.391543092E-03     0.000000000E+00
     6375    -1.185297751E-02     1.203410949E-02     0.000000000E+00
     6376    -8.663341096E-03     9.348927225E-03     0.000000000E+00
     6377    -1.252801009E-02     7.182429621E-03     1.250000000E-03
     6378    -1.012374627E-02     1.010152441E-02     1.250000000E-03
     6379    -1.225765754E-02     9.734102052E-03     1.250000000E-03
     6380    -1.468565956E-02     8.521878295E-03     1.250000000E-03
     6381    -1.040812875E-02     7.505305455E-03     1.250000000E-03
     6382    -3.309187121E-02    -3.329379598E-03     0.000000000E+00
     6383    -3.351623435E-02     4.632871487E-03     0.000000000E+00
     6384    -2.912841940E-02     2.457128135E-03     0.000000000E+00
     6385    -3.042063352E-02    -1.841431220E-03     0.000000000E+00
     6386    -3.421449113E-02     7.501542013E-04     1.250000000E-03
     6387    -3.048916155E-02    -1.126990210E-03     1.250000000E-03
     6388    -3.039845578E-02     1.291720820E-03     1.250000000E-03
     6389    -3.412398924E-02     3.929031426E-03     1.250000000E-03
     6390    -3.364607908E-02    -2.596721340E-03     1.250000000E-03
     6391    -3.201654553E-02     2.901251002E-03     1.250000000E-03
     6392    -1.553709763E-02     3.614187676E-03     0.000000000E+00
     6393    -1.323833442E-02    -2.361039324E-03     0.000000000E+00
     6394    -1.459514704E-02    -1.150568945E-03     1.250000000E-03
     6395    -1.316518177E-02     3.405074205E-03     1.250000000E-03
     6396    -1.179708686E-02     8.873818914E-04     1.250000000E-03
     6397    -1.476586112E-02     1.708769580E-03     1.250000000E-03
     6398    -1.104530043E-02     3.727950039E-03     1.250000000E-03
     6399    -2.092419773E-02     8.021694949E-03     0.000000000E+00
     6400    -2.211115032E-02     4.898913936E-03     0.000000000E+00
     6401    -2.037040016E-02     4.919147133E-03     1.250000000E-03
     6402    -1.605712419E-02     5.757899772E-03     1.250000000E-03
     6403    -1.821477366E-02     7.097348446E-03     1.250000000E-03
     6404    -1.765780354E-02     4.061595147E-03     1.250000000E-03
     6405     1.367391283E-02    -1.487609410E-03     0.000000000E+00
     6406     1.830315042E-02    -9.285747152E-04     0.000000000E+00
     6407     5.752074470E-03     1.056731218E-02     0.000000000E+00
     6408     1.719601846E-03     7.202483842E-03     0.000000000E+00
     6409    -1.887090014E-02    -1.761393489E-02     0.000000000E+00
     6410    -1.539798808E-02    -1.668157854E-02     0.000000000E+00
     6411    -1.753033571E-02    -2.359750566E-02     0.000000000E+00
     6412    -1.323022235E-02    -2.151663000E-02     0.000000000E+00
     6413    -1.794209313E-02    -2.015007587E-02     1.250000000E-03
     6414    -1.405320425E-02    -2.138221873E-02     1.250000000E-03
     6415    -1.698337404E-02    -2.299084968E-02     1.250000000E-03
     6416    -1.565848225E-02    -1.825805373E-02     1.250000000E-03
     6417    -2.329789642E-04     1.967420816E-02     0.000000000E+00
     6418    -6.359159593E-03     1.950996703E-02     0.000000000E+00
     6419    -3.432048428E-03     1.617052399E-02     0.000000000E+00
     6420     3.591283220E-02    -2.451105260E-02     0.000000000E+00
     6421     3.806409751E-02    -2.898758342E-02     0.000000000E+00
     6422     3.829314114E-02    -2.371567057E-02     0.000000000E+00
     6423     1.765082884E-02    -1.299187012E-02     0.000000000E+00
     6424     2.150198053E-02    -1.359998068E-02     0.000000000E+00
     6425     2.037122791E-02    -6.773840456E-03     0.000000000E+00
     6426    -2.188264281E-02    -2.777683443E-02     0.000000000E+00
     6427    -2.756144221E-02    -2.910206622E-02     0.000000000E+00
     6428    -2.670110469E-02    -2.613635405E-02     0.000000000E+00
     6429    -2.685994142E-02    -2.765220134E-02     1.250000000E-03
     6430    -2.442205923E-02    -2.609500278E-02     1.250000000E-03
     6431    -2.361982085E-02    -2.884276345E-02     1.250000000E-03
     6432    -1.817058139E-02    -1.393286169E-02     0.000000000E+00
     6433    -2.071468645E-02    -1.740135902E-02     1.250000000E-03
     6434    -2.401619107E-02    -1.643260902E-02     1.250000000E-03
     6435    -2.181952628E-02    -1.399638985E-02     1.250000000E-03
     6436    -2.529001078E-02    -1.426064970E-02     1.250000000E-03
     6437    -1.843107557E-02    -1.550933688E-02     1.250000000E-03
     6438     1.560048445E-03    -1.827589165E-02     0.000000000E+00
     6439     6.163809331E-03    -1.464500431E-02     0.000000000E+00
     6440    -1.426459148E-02    -9.491973042E-03     0.000000000E+00
     6441    -1.834661421E-02    -1.306403349E-02     1.250000000E-03
     6442    -1.533096499E-02    -1.131607328E-02     1.250000000E-03
     6443    -1.246253580E-02    -1.257935926E-02     1.250000000E-03
     6444    -1.495816350E-02    -1.457698052E-02     1.250000000E-03
     6445    -5.345271552E-03    -2.633483564E-02     0.000000000E+00
     6446    -2.085271206E-03    -2.267817911E-02     0.000000000E+00
     6447    -7.380989056E-03    -2.299311032E-02     0.000000000E+00
     6448     3.539430465E-02     2.668751885E-02     0.000000000E+00
     6449     3.904565170E-02     2.817193619E-02     0.000000000E+00
     6450     3.936549072E-02     3.068992465E-02     1.038927936E-03
     6451     3.697133634E-02     2.814573812E-02     8.460345617E-04
     6452    -3.429719355E-02    -1.043339122E-02     0.000000000E+00
     6453    -3.104892651E-02    -6.254252458E-03     0.000000000E+00
     6454    -3.150067578E-02    -8.218950167E-03     1.250000000E-03
     6455    -3.427437206E-02    -7.009542578E-03     1.250000000E-03
     6456    -3.385886214E-02    -9.643002251E-03     1.250000000E-03
     6457    -3.535947212E-02    -9.007051335E-03     1.250000000E-03
     6458    -2.357457446E-02     2.627340341E-02     0.000000000E+00
     6459    -2.252796196E-02     1.996224711E-02     0.000000000E+00
     6460    -2.493137286E-02     2.153563481E-02     0.000000000E+00
     6461    -2.078027418E-02     2.151113999E-02     1.250000000E-03
     6462    -2.485224010E-02     2.109027609E-02     1.250000000E-03
     6463    -2.048675492E-02     2.510518372E-02     1.250000000E-03
     6464    -2.353619775E-02     2.444534954E-02     1.250000000E-03
     6465    -1.710465427E-02    -2.826375370E-02     0.000000000E+00
     6466    -1.841540293E-02    -2.622570360E-02     1.250000000E-03
     6467    -2.150178102E-02    -2.515052793E-02     1.250000000E-03
     6468    -2.069954265E-02    -2.789828860E-02     1.250000000E-03
     6469     2.348526697E-02    -2.577264429E-02     0.000000000E+00
     6470     2.020071564E-02    -2.974278141E-02     0.000000000E+00
     6471     3.411682351E-02     7.743212764E-03     0.000000000E+00
     6472     3.888275760E-02     3.547890688E-03     0.000000000E+00
     6473     2.315504551E-02     2.735096711E-02     0.000000000E+00
     6474    -8.833759307E-03    -3.006365535E-02     0.000000000E+00
     6475    -8.326420380E-03    -2.601233358E-02     0.000000000E+00
     6476    -9.383005731E-03    -2.877911278E-02     1.250000000E-03
     6477    -2.744796047E-02     2.984601176E-02     0.000000000E+00
     6478    -2.758853107E-02     2.756416498E-02     1.250000000E-03
     6479    -2.159541542E-02     2.815455471E-02     1.250000000E-03
     6480    -2.464485826E-02     2.749472054E-02     1.250000000E-03
     6481     3.981800429E-02    -6.130173994E-03     0.000000000E+00
     6482     3.727482860E-02    -7.206164803E-03     0.000000000E+00
     6483     2.199311789E-02     1.200442821E-02     0.000000000E+00
     6484     1.707018959E-02     1.830686262E-02     0.000000000E+00
     6485     4.875231876E-03     1.722017829E-02     0.000000000E+00
     6486     2.781367437E-02     9.503666461E-03     0.000000000E+00
     6487     3.079538944E-02     2.218306842E-02     0.000000000E+00
     6488     2.652283807E-02     2.347316476E-02     0.000000000E+00
     6489    -2.657906222E-02     1.195865707E-02     0.000000000E+00
     6490    -2.460630800E-02     6.953595643E-03     0.000000000E+00
     6491    -2.300468269E-02     1.338841922E-02     0.000000000E+00
     6492    -2.266636246E-02     1.168383233E-02     1.250000000E-03
     6493    -2.286555784E-02     6.973828839E-03     1.250000000E-03
     6494    -2.533218302E-02     8.203272643E-03     1.250000000E-03
     6495    -2.070993134E-02     9.152030153E-03     1.250000000E-03
     6496    -2.334424247E-02     9.335230459E-03     1.250000000E-03
     6497    -2.521988915E-02     1.091678242E-02     1.250000000E-03
     6498    -3.276176232E-02     1.378817029E-02     0.000000000E+00
     6499    -3.517682304E-02     1.095885222E-02     0.000000000E+00
     6500    -3.362777955E-02     1.173506693E-02     1.250000000E-03
     6501    -3.572735291E-02     1.596009867E-02     1.250000000E-03
     6502    -3.582731904E-02     1.253208413E-02     1.250000000E-03
     6503    -3.393586716E-02     1.422050436E-02     1.250000000E-03
     6504    -3.576854085E-02     1.436498819E-02     1.250000000E-03
     6505    -3.518398665E-02    -1.653061790E-02     0.000000000E+00
     6506    -3.204651938E-02    -2.174402651E-02     0.000000000E+00
     6507    -3.516475803E-02    -1.863264581E-02     1.250000000E-03
     6508    -3.573743301E-02    -2.290831944E-02     1.250000000E-03
     6509    -3.262431717E-02    -2.093055250E-02     1.250000000E-03
     6510     1.049409851E-02    -2.441127103E-02     0.000000000E+00
     6511     1.095982734E-02    -2.956001452E-02     0.000000000E+00
     6512     1.199091570E-02     2.475167450E-02     0.000000000E+00
     6513     3.399702065E-02    -1.999957843E-02     0.000000000E+00
     6514     3.664637242E-02    -2.160924359E-02     0.000000000E+00
     6515    -3.229185694E-02     2.848086243E-02     0.000000000E+00
     6516    -3.243242754E-02     2.619901566E-02     1.250000000E-03
     6517    -3.511074584E-02     2.524548191E-02     1.250000000E-03
     6518    -3.562782164E-02     2.920532879E-02     0.000000000E+00
     6519     1.970232143E-02    -1.635205199E-02     0.000000000E+00
     6520     1.404912647E-02    -1.834810545E-02     0.000000000E+00
     6521     1.264399466E-02    -1.526145629E-02     0.000000000E+00
     6522     3.637732959E-02    -1.920419640E-02     0.000000000E+00
     6523     3.155401348E-02    -1.652186183E-02     0.000000000E+00
     6524    -3.215382975E-02     1.101161941E-02     0.000000000E+00
     6525    -2.616438950E-02     1.527069964E-02     0.000000000E+00
     6526    -2.856780040E-02     1.684408735E-02     0.000000000E+00
     6527    -2.848866764E-02     1.639872863E-02     1.250000000E-03
     6528    -3.060478626E-02     1.178783413E-02     1.250000000E-03
     6529    -3.091287387E-02     1.427327156E-02     1.250000000E-03
     6530    -2.837959596E-02     1.279906284E-02     1.250000000E-03
     6531    -8.200146846E-03     3.027282391E-02     0.000000000E+00
     6532    -1.159474976E-02     2.739793342E-02     0.000000000E+00
     6533    -1.255452329E-02     2.947011613E-02     1.250000000E-03
     6534    -1.044463813E-02     2.905591966E-02     1.250000000E-03
     6535    -1.086421607E-02     2.242435737E-02     0.000000000E+00
     6536    -1.095112057E-02     1.758341664E-02     0.000000000E+00
     6537    -1.117243782E-02     2.145734362E-02     1.250000000E-03
     6538    -1.068601386E-02     1.841011687E-02     1.250000000E-03
     6539    -3.301984698E-02     8.958516050E-03     1.250000000E-03
     6540    -3.517664536E-02     7.478461273E-03     1.250000000E-03
     6541    -3.521938648E-02     9.755533247E-03     1.250000000E-03
     6542    -3.306920166E-02     6.450680850E-03     1.250000000E-03
     6543     3.528099630E-02     2.444530218E-02     8.460345617E-04
     6544     2.409333018E-02    -2.016437151E-02     0.000000000E+00
     6545     2.646676113E-02    -1.620467748E-02     0.000000000E+00
     6546    -7.616619637E-03     2.946690425E-02     1.250000000E-03
     6547    -3.477807568E-03     8.674655949E-03     0.000000000E+00
     6548    -2.356310212E-03     1.035166577E-02     0.000000000E+00
     6549    -1.246955593E-02     2.396701376E-02     1.250000000E-03
     6550    -1.533446504E-02     2.596018126E-02     1.250000000E-03
     6551    -1.312110771E-02     2.700621022E-02     1.250000000E-03
     6552    -1.101122255E-02     2.659201376E-02     1.250000000E-03
     6553    -3.035325658E-02     2.808740233E-02     1.250000000E-03
     6554    -3.347339865E-02    -2.978711429E-02     0.000000000E+00
     6555    -2.945962589E-02    -2.651711099E-02     0.000000000E+00
     6556    -2.961846262E-02    -2.803295828E-02     1.250000000E-03
     6557    -3.315053952E-02    -2.768140392E-02     1.250000000E-03
     6558     1.084195140E-02    -1.786562031E-02     0.000000000E+00
     6559    -3.207770513E-02    -1.091014055E-02     1.250000000E-03
     6560    -3.485499428E-02    -1.522660951E-02     1.250000000E-03
     6561    -3.190537550E-02    -1.339033148E-02     1.250000000E-03
     6562    -3.443589149E-02    -1.233419263E-02     1.250000000E-03
     6563    -3.593650147E-02    -1.300495675E-02     1.250000000E-03
     6564    -3.593650147E-02    -1.169824172E-02     1.250000000E-03
     6565    -3.630397476E-02    -2.798569505E-02     1.250000000E-03
     6566    -2.405251043E-02     3.851047826E-03     1.250000000E-03
     6567    -2.706329696E-02     2.665407315E-03     1.250000000E-03
     6568    -2.651913560E-02     5.080491631E-03     1.250000000E-03
     6569    -2.407198468E-02     1.464398232E-03     1.250000000E-03
     6570    -2.868138671E-02     4.274937497E-03     1.250000000E-03
     6571    -2.627694287E-02    -4.955201025E-03     0.000000000E+00
     6572    -2.882943809E-02    -6.731001789E-03     1.250000000E-03
     6573    -2.844621685E-02    -4.051863070E-03     1.250000000E-03
     6574    -3.160313438E-02    -5.521594200E-03     1.250000000E-03
     6575    -1.518832625E-02    -4.772970378E-03     1.250000000E-03
     6576    -1.233242348E-02    -5.991720378E-03     1.250000000E-03
     6577    -1.239026607E-02    -2.735019541E-03     1.250000000E-03
     6578    -1.489788715E-02    -7.807540997E-03     1.250000000E-03
     6579    -1.202945796E-02    -9.070826972E-03     1.250000000E-03
     6580     3.714855415E-02    -3.206943751E-02     1.250000000E-03
     6581    -1.207003647E-02     1.607884627E-02     1.250000000E-03
     6582    -1.060591194E-02     1.331956096E-02     1.250000000E-03
     6583    -1.273982321E-02     1.295213860E-02     1.250000000E-03
     6584    -1.456336601E-02     1.451356271E-02     1.250000000E-03
     6585     3.766977947E-02    -4.385328768E-03     0.000000000E+00
     6586     4.049788142E-02    -8.085244622E-04     0.000000000E+00
     6587    -2.499342087E-02     1.827384950E-02     0.000000000E+00
     6588    -2.225168973E-02     1.499587490E-02     1.250000000E-03
     6589    -2.084232219E-02     1.824935467E-02     1.250000000E-03
     6590    -2.491428811E-02     1.782849078E-02     1.250000000E-03
     6591    -2.480521642E-02     1.422882499E-02     1.250000000E-03
     6592     1.562131273E-02    -3.127930558E-02     0.000000000E+00
     6593     3.893234334E-02     2.592971951E-02     8.460345617E-04
     6594    -1.331187984E-02    -3.023419982E-02     0.000000000E+00
     6595    -1.192606216E-02    -2.948870924E-02     1.250000000E-03
     6596    -4.834372990E-03     1.155879134E-02     0.000000000E+00
     6597    -7.416275518E-03     1.063437870E-02     1.250000000E-03
     6598    -7.700657999E-03     8.038159739E-03     1.250000000E-03
     6599    -2.731769901E-02     1.940187849E-02     1.250000000E-03
     6600    -1.655769260E-02    -2.765709772E-02     1.250000000E-03
     6601    -1.386112626E-02    -2.894965725E-02     1.250000000E-03
     6602    -2.336224355E-02    -5.870739546E-03     1.250000000E-03
     6603    -2.672869214E-02    -6.919898733E-03     1.250000000E-03
     6604    -2.634547090E-02    -4.240760015E-03     1.250000000E-03
     6605    -2.326345285E-02    -3.023058068E-03     1.250000000E-03
     6606    -1.118511978E-02    -2.253619699E-02     1.250000000E-03
     6607    -1.141872324E-02    -2.543738746E-02     1.250000000E-03
     6608    -2.749408852E-02    -2.077569941E-02     1.250000000E-03
     6609    -2.875812510E-02    -2.506724611E-02     1.250000000E-03
     6610    -2.632024291E-02    -2.351004755E-02     1.250000000E-03
     6611    -2.917708615E-02    -2.273792481E-02     1.250000000E-03
     6612    -4.900000000E-02    -1.101363611E-02     5.500000000E-03
     6613    -4.923586915E-02    -1.680937273E-02     5.500000000E-03
     6614    -4.872520440E-02    -1.417086577E-02     3.500000000E-03
     6615    -4.825000000E-02    -1.101363659E-02     3.500000000E-03
     6616    -4.629377380E-02    -1.320075851E-02     3.500000000E-03
     6617    -4.634918106E-02    -1.588288263E-02     3.500000000E-03
     6618    -5.018331970E-02    -1.176951878E-02     3.500000000E-03
     6619    -4.882303242E-02     1.035519849E-02     5.500000000E-03
     6620    -4.828252442E-02     1.643943010E-02     5.500000000E-03
     6621    -4.849381681E-02     1.448107754E-02     3.500000000E-03
     6622    -4.852028430E-02     1.168360390E-02     3.500000000E-03
     6623    -4.561116179E-02     1.318680219E-02     3.500000000E-03
     6624    -4.579317880E-02     1.565213719E-02     3.500000000E-03
     6625    -4.943455501E-02    -5.503855262E-03     5.500000000E-03
     6626    -4.825000000E-02    -7.872727871E-03     3.500000000E-03
     6627    -5.012500000E-02    -5.884091377E-03     3.500000000E-03
     6628    -5.018331970E-02    -8.628610065E-03     3.500000000E-03
     6629    -4.934136132E-02     4.254937205E-03     5.500000000E-03
     6630    -4.859136132E-02     5.804936919E-03     3.500000000E-03
     6631    -4.937997453E-02     8.247369867E-03     3.500000000E-03
     6632    -5.046636132E-02     4.243687277E-03     3.500000000E-03
     6633    -4.943455501E-02    -7.720365860E-04     5.500000000E-03
     6634    -4.825000000E-02     0.000000000E+00     3.500000000E-03
     6635    -4.825000000E-02     3.140909672E-03     3.500000000E-03
     6636    -4.610724925E-02     1.065668701E-03     3.500000000E-03
     6637    -5.012500000E-02     1.579660029E-03     3.500000000E-03
     6638    -4.881299903E-02     1.712907512E-02     3.500000000E-03
     6639    -4.799738000E-02     2.073500517E-02     3.500000000E-03
     6640    -4.611236102E-02     1.830013478E-02     3.500000000E-03
     6641    -4.580085332E-02     1.824955389E-02     5.500000000E-03
     6642    -4.896107355E-02    -1.682569367E-02     3.500000000E-03
     6643    -4.878904165E-02    -2.014736948E-02     3.500000000E-03
     6644    -4.658505021E-02    -1.853771053E-02     3.500000000E-03
     6645    -4.868455501E-02    -2.362946544E-03     3.500000000E-03
     6646    -4.868455501E-02    -5.503855739E-03     3.500000000E-03
     6647    -5.055955501E-02    -7.832865144E-04     3.500000000E-03
     6648    -5.055955501E-02    -3.515219245E-03     3.500000000E-03
     6649    -4.881250000E-02     3.475000000E-02     5.500000000E-03
     6650    -4.803125000E-02     3.475000000E-02     4.500000000E-03
     6651    -4.940625000E-02     3.475000000E-02     4.500000000E-03
     6652    -4.784375000E-02     3.500000000E-02     4.500000000E-03
     6653    -4.921875000E-02     3.500000000E-02     4.500000000E-03
     6654    -5.397024996E-02     3.258994672E-02     5.500000000E-03
     6655    -5.321624881E-02     3.181351564E-02     4.477130397E-03
     6656    -5.342335905E-02     3.265346236E-02     4.477130397E-03
     6657    -2.861858940E-02    -3.500000000E-02     4.750000000E-03
     6658    -3.481730843E-02    -3.500000000E-02     5.125000000E-03
     6659    -3.112311572E-02    -3.400000000E-02     5.375000000E-03
     6660    -2.241987133E-02    -3.500000000E-02     4.750000000E-03
     6661    -2.255128169E-02    -3.400000000E-02     5.375000000E-03
     6662    -2.546794844E-02    -3.400000000E-02     5.375000000E-03
     6663    -2.802375621E-02    -3.400000000E-02     5.375000000E-03
     6664    -1.622115421E-02    -3.500000000E-02     4.750000000E-03
     6665    -1.689611524E-02    -3.400000000E-02     5.375000000E-03
     6666    -1.945192313E-02    -3.400000000E-02     5.375000000E-03
     6667    -1.379675668E-02    -3.400000000E-02     5.375000000E-03
     6668    -2.861858988E-02     3.500000000E-02     4.750000000E-03
     6669    -3.481730783E-02     3.500000000E-02     5.125000000E-03
     6670    -3.112311560E-02     3.400000000E-02     5.375000000E-03
     6671    -2.241987181E-02     3.500000000E-02     4.750000000E-03
     6672    -2.802375656E-02     3.400000000E-02     5.375000000E-03
     6673    -2.546794868E-02     3.400000000E-02     5.375000000E-03
     6674    -2.255128193E-02     3.400000000E-02     5.375000000E-03
     6675    -1.622115374E-02     3.500000000E-02     4.750000000E-03
     6676    -1.945192289E-02     3.400000000E-02     5.375000000E-03
     6677    -1.689611512E-02     3.400000000E-02     5.375000000E-03
     6678    -1.379675608E-02     3.400000000E-02     5.375000000E-03
     6679    -4.666309464E-02     2.461921277E-02     1.500000000E-03
     6680    -4.778356410E-02     2.844188224E-02     1.500000000E-03
     6681    -4.534870424E-02     2.646134176E-02     2.442696635E-03
     6682    -4.629925493E-02     2.878561739E-02     2.819902935E-03
     6683    -4.434156796E-02     2.933701235E-02     1.500000000E-03
     6684    -4.727200316E-02    -2.389056311E-02     1.500000000E-03
     6685    -4.826769972E-02    -2.880692456E-02     1.500000000E-03
     6686    -4.545524179E-02    -2.867903021E-02     2.390711806E-03
     6687    -4.482824597E-02    -2.578112275E-02     1.500000000E-03
     6688    -4.820867239E-02     1.877665261E-02     1.500000000E-03
     6689    -4.905075892E-02     1.237324892E-02     1.500000000E-03
     6690    -4.614163641E-02     1.387644721E-02     1.500000000E-03
     6691    -4.632365341E-02     1.634178221E-02     1.500000000E-03
     6692    -4.797520440E-02    -1.102995753E-02     1.500000000E-03
     6693    -4.827837691E-02    -1.750886252E-02     1.500000000E-03
     6694    -4.601897820E-02    -1.321707945E-02     1.500000000E-03
     6695    -4.607438546E-02    -1.589920357E-02     1.500000000E-03
     6696    -4.990852410E-02    -1.178583972E-02     1.500000000E-03
     6697    -4.750000000E-02     1.549999714E-03     1.500000000E-03
     6698    -4.750000000E-02    -4.731819153E-03     1.500000000E-03
     6699    -4.535724925E-02    -5.252412564E-04     1.500000000E-03
     6700    -4.520620202E-02    -3.671986998E-03     1.500000000E-03
     6701    -4.937500000E-02    -1.124992843E-05     1.500000000E-03
     6702    -4.937500000E-02    -2.743182659E-03     1.500000000E-03
     6703    -4.828861321E-02     7.133342333E-03     1.500000000E-03
     6704    -4.523718518E-02     5.502395639E-03     1.500000000E-03
     6705    -4.535724925E-02     2.615668415E-03     1.500000000E-03
     6706    -4.937500000E-02     3.129659743E-03     1.500000000E-03
     6707    -4.520620202E-02    -6.812896193E-03     1.500000000E-03
     6708    -4.937500000E-02    -5.884091854E-03     1.500000000E-03
     6709    -4.554377380E-02    -1.005985027E-02     1.500000000E-03
     6710    -4.943331970E-02    -8.628610542E-03     1.500000000E-03
     6711    -4.562500000E-02    -8.280683041E-03     1.500000000E-03
     6712    -4.590235357E-02    -1.922087938E-02     1.500000000E-03
     6713    -4.566258783E-02    -2.272109796E-02     1.500000000E-03
     6714    -4.550803438E-02     1.994771226E-02     1.500000000E-03
     6715    -4.607866295E-02     2.422471164E-02     2.442696635E-03
     6716    -4.602579839E-02     7.944828587E-03     1.500000000E-03
     6717    -4.616810390E-02     1.107897357E-02     1.500000000E-03
     6718    -4.615039999E-02     9.497432446E-03     1.500000000E-03
     6719    -4.728528022E-02    -3.053536687E-02     2.390711806E-03
     6720    -4.814968311E-02     3.037165674E-02     2.819902935E-03
     6721    -5.115167509E-02     3.095247644E-02     2.477130397E-03
     6722    -4.309443443E-02     3.427154669E-03     1.500000000E-03
     6723    -4.218505968E-02     5.413991351E-03     3.550178460E-03
     6724    -4.309897196E-02     7.866485751E-03     1.500000000E-03
     6725    -4.306345127E-02    -2.606318297E-03     1.500000000E-03
     6726    -4.236074879E-02    -4.455888532E-04     3.389553485E-03
     6727    -4.333120202E-02    -7.220850886E-03     1.500000000E-03
     6728    -5.125000000E-02    -1.163522630E-03     1.500000000E-03
     6729    -5.130831970E-02    -6.639974048E-03     1.500000000E-03
     6730    -4.364295486E-02    -1.492909631E-02     1.500000000E-03
     6731    -4.366877380E-02    -1.046780496E-02     1.500000000E-03
     6732    -4.344099839E-02     1.504750687E-02     1.500000000E-03
     6733    -4.324127747E-02     1.100063074E-02     1.500000000E-03
     6734    -4.331150770E-02     1.746226098E-02     3.500000000E-03
     6735    -4.181150770E-02     1.705448512E-02     2.000000000E-03
     6736    -2.797247440E-02     3.300000000E-02     6.000000000E-03
     6737    -2.249999976E-02     3.300000000E-02     6.000000000E-03
     6738    -1.702752524E-02     3.300000000E-02     6.000000000E-03
     6739    -1.702752560E-02    -3.300000000E-02     6.000000000E-03
     6740    -2.250000024E-02    -3.300000000E-02     6.000000000E-03
     6741    -2.797247476E-02    -3.300000000E-02     6.000000000E-03
     6742    -2.050400195E-02     1.654476778E-02     2.500000000E-03
     6743    -2.457596788E-02     1.612390389E-02     2.500000000E-03
     6744    -1.995693839E-02     1.075948583E-02     2.500000000E-03
     6745    -1.935247917E-02     1.353313369E-02     2.500000000E-03
     6746    -2.259124952E-02     1.094268614E-02     2.500000000E-03
     6747    -2.446689619E-02     1.252423810E-02     2.500000000E-03
     6748    -1.954671454E-02    -5.079940561E-03     2.500000000E-03
     6749    -2.591473878E-02    -7.646540310E-03     2.500000000E-03
     6750    -2.227192465E-02    -9.862471392E-03     2.500000000E-03
     6751    -2.553151754E-02    -4.967401591E-03     2.500000000E-03
     6752    -1.925627543E-02    -8.114511179E-03     2.500000000E-03
     6753    -2.244949949E-02    -3.749699644E-03     2.500000000E-03
     6754    -2.308738406E-02    -1.896875000E-02     2.500000000E-03
     6755    -1.589699056E-02    -2.116964286E-02     2.500000000E-03
     6756    -1.882716035E-02    -2.277827381E-02     2.500000000E-03
     6757    -2.089071927E-02    -1.653253083E-02     2.500000000E-03
     6758    -2.191353844E-02    -2.170309814E-02     2.500000000E-03
     6759    -1.750226856E-02    -1.804547786E-02     2.500000000E-03
     6760    -2.316660033E-02     1.937738366E-02     2.500000000E-03
     6761    -1.593620604E-02     2.139912378E-02     2.500000000E-03
     6762    -1.544978209E-02     1.835189703E-02     2.500000000E-03
     6763    -1.880111515E-02     2.339229129E-02     2.500000000E-03
     6764    -2.185055798E-02     2.273245711E-02     2.500000000E-03
     6765    -1.794311162E-02     1.678661347E-02     2.500000000E-03
     6766    -3.061232717E-02    -1.766431871E-02     2.500000000E-03
     6767    -2.419222389E-02    -1.556378083E-02     2.500000000E-03
     6768    -2.521504306E-02    -2.073434814E-02     2.500000000E-03
     6769    -2.766270839E-02    -1.582804068E-02     2.500000000E-03
     6770    -2.807188631E-02    -1.996222540E-02     2.500000000E-03
     6771    -2.886619672E-02     2.238103766E-02     2.500000000E-03
     6772    -3.145425823E-02     1.857065701E-02     2.500000000E-03
     6773    -2.592252390E-02     2.231159322E-02     2.500000000E-03
     6774    -2.966277248E-02     1.683106270E-02     2.500000000E-03
     6775    -2.712949457E-02     1.535685398E-02     2.500000000E-03
     6776    -1.368923610E-02    -4.781250000E-03     2.500000000E-03
     6777    -1.374707869E-02    -1.524549163E-03     2.500000000E-03
     6778    -1.625469977E-02    -6.597070618E-03     2.500000000E-03
     6779    -1.671585295E-02    -7.031614745E-04     2.500000000E-03
     6780    -1.944792383E-02    -2.232259083E-03     2.500000000E-03
     6781    -3.224007446E-02    -1.460277649E-03     2.500000000E-03
     6782    -3.214936869E-02     9.584333812E-04     2.500000000E-03
     6783    -3.587490215E-02     3.595743987E-03     2.500000000E-03
     6784    -3.539699199E-02    -2.930008779E-03     2.500000000E-03
     6785    -3.376745844E-02     2.567963564E-03     2.500000000E-03
     6786    -2.532254680E-02     2.685640511E-03     2.500000000E-03
     6787    -2.477838545E-02     5.100724827E-03     2.500000000E-03
     6788    -2.015613377E-02     6.049482336E-03     2.500000000E-03
     6789    -1.959916365E-02     3.013729037E-03     2.500000000E-03
     6790    -2.233123453E-02     1.484631428E-03     2.500000000E-03
     6791    -2.279044490E-02     6.232682642E-03     2.500000000E-03
     6792    -1.231711342E-02     3.031093987E-03     2.500000000E-03
     6793    -1.341485579E-02     8.100458732E-03     2.500000000E-03
     6794    -1.584285781E-02     6.888234975E-03     2.500000000E-03
     6795    -1.528588769E-02     3.852481676E-03     2.500000000E-03
     6796    -1.156532700E-02     5.871662135E-03     2.500000000E-03
     6797    -2.563837323E-02    -1.091163058E-02     2.500000000E-03
     6798    -2.889796612E-02    -6.016560779E-03     2.500000000E-03
     6799    -2.910885773E-02    -1.117589043E-02     2.500000000E-03
     6800    -3.205488365E-02    -7.486291909E-03     2.500000000E-03
     6801    -3.163937372E-02    -1.011975158E-02     2.500000000E-03
     6802    -3.362760187E-02     8.254675989E-03     2.500000000E-03
     6803    -2.935790706E-02     8.032449698E-03     2.500000000E-03
     6804    -3.367034298E-02     1.053174796E-02     2.500000000E-03
     6805    -3.177889110E-02     1.222016820E-02     2.500000000E-03
     6806    -3.152015816E-02     7.226895565E-03     2.500000000E-03
     6807    -2.924561319E-02     1.074595948E-02     2.500000000E-03
     6808    -1.229135372E-02     1.995277325E-02     2.500000000E-03
     6809    -1.564268678E-02     2.499316751E-02     2.500000000E-03
     6810    -1.342932946E-02     2.603919647E-02     2.500000000E-03
     6811    -1.131944430E-02     2.562500000E-02     2.500000000E-03
     6812    -3.308188869E-02     2.199517490E-02     2.500000000E-03
     6813    -2.755015437E-02     2.573611111E-02     2.500000000E-03
     6814    -3.317214548E-02     2.485202181E-02     2.500000000E-03
     6815    -2.647907964E-02    -2.502589484E-02     2.500000000E-03
     6816    -3.244903873E-02    -2.623153904E-02     2.500000000E-03
     6817    -2.933592288E-02    -2.425377210E-02     2.500000000E-03
     6818    -2.567684126E-02    -2.777365551E-02     2.500000000E-03
     6819    -1.493827147E-02    -2.401041667E-02     2.500000000E-03
     6820    -1.067813185E-02    -1.978298394E-02     2.500000000E-03
     6821    -1.224170513E-02    -2.530297619E-02     2.500000000E-03
     6822    -1.361337968E-02    -1.927762071E-02     2.500000000E-03
     6823    -1.034080523E-02     1.414626119E-02     2.500000000E-03
     6824    -1.247471650E-02     1.377883883E-02     2.500000000E-03
     6825    -1.429825930E-02     1.534026294E-02     2.500000000E-03
     6826    -2.155703872E-02     2.632650084E-02     2.500000000E-03
     6827    -1.629423857E-02     2.803236397E-02     2.500000000E-03
     6828    -3.188614688E-02    -1.549235938E-02     2.500000000E-03
     6829    -3.540844065E-02    -2.160431105E-02     2.500000000E-03
     6830    -3.229532480E-02    -1.962654411E-02     2.500000000E-03
     6831    -3.441666287E-02    -1.443622054E-02     2.500000000E-03
     6832    -3.591727285E-02    -1.510698466E-02     2.500000000E-03
     6833    -2.095481935E-02    -2.454387195E-02     2.500000000E-03
     6834    -1.517187492E-02    -2.691160714E-02     2.500000000E-03
     6835    -2.015258098E-02    -2.729163262E-02     2.500000000E-03
     6836    -1.897990988E-02    -1.137960145E-02     2.500000000E-03
     6837    -2.546604360E-02    -1.339182151E-02     2.500000000E-03
     6838    -1.860710839E-02    -1.464050869E-02     2.500000000E-03
     6839    -3.576020699E-02     2.104164116E-02     2.500000000E-03
     6840    -3.387846446E-02     1.644519994E-02     2.500000000E-03
     6841    -3.783497510E-02     1.739046131E-02     2.500000000E-03
     6842    -3.571113815E-02     1.658968377E-02     2.500000000E-03
     6843    -2.842403911E-02    -9.187110299E-04     2.500000000E-03
     6844    -3.167166241E-02    -4.807153190E-03     2.500000000E-03
     6845    -2.543272683E-02    -2.119720113E-03     2.500000000E-03
     6846    -1.089117592E-02    -2.743299163E-03     2.500000000E-03
     6847    -1.339879700E-02    -7.815820618E-03     2.500000000E-03
     6848    -1.053036781E-02    -9.079106594E-03     2.500000000E-03
     6849    -1.391779277E-02     1.334789362E-03     2.500000000E-03
     6850    -1.019723208E-02     3.353969821E-03     2.500000000E-03
     6851    -2.689804069E-02    -2.269657354E-02     2.500000000E-03
     6852    -2.323895907E-02    -2.621645695E-02     2.500000000E-03
     6853    -1.309583147E-02    -1.089492721E-02     2.500000000E-03
     6854    -1.559145917E-02    -1.289254848E-02     2.500000000E-03
     6855    -2.778917198E-02     3.915084316E-03     2.500000000E-03
     6856    -2.534202106E-02     2.989909170E-04     2.500000000E-03
     6857    -2.995142309E-02     3.109530182E-03     2.500000000E-03
     6858    -3.146704409E-02    -1.259994251E-02     2.500000000E-03
     6859    -3.582714137E-02     9.051693185E-03     2.500000000E-03
     6860    -3.367695655E-02     5.746840788E-03     2.500000000E-03
     6861    -2.525707008E-02     7.462126447E-03     2.500000000E-03
     6862    -2.940726173E-02     5.524614498E-03     2.500000000E-03
     6863    -2.713271676E-02     9.043678412E-03     2.500000000E-03
     6864    -1.101059196E-02     1.101955352E-02     2.500000000E-03
     6865    -9.161063172E-03     8.790756924E-03     2.500000000E-03
     6866    -1.557250526E-02     9.439907406E-03     2.500000000E-03
     6867    -1.496804604E-02     1.221355527E-02     2.500000000E-03
     6868    -1.129497445E-02     8.423334566E-03     2.500000000E-03
     6869    -3.286799978E-02    -2.390221774E-02     2.500000000E-03
     6870    -1.739604806E-02     1.100133151E-02     2.500000000E-03
     6871    -1.744353715E-02     5.191930350E-03     2.500000000E-03
     6872    -2.063481840E-02     8.410883956E-03     2.500000000E-03
     6873    -1.197099609E-02     2.866419647E-02     2.500000000E-03
     6874    -9.787782155E-03    -1.466119768E-02     2.500000000E-03
     6875    -1.228340985E-02    -1.665881894E-02     2.500000000E-03
     6876    -3.397843060E-02     1.301718539E-02     2.500000000E-03
     6877    -3.581110429E-02     1.316166922E-02     2.500000000E-03
     6878    -3.441307001E-02    -8.910343993E-03     2.500000000E-03
     6879    -3.591367999E-02    -8.274393077E-03     2.500000000E-03
     6880    -1.961863790E-02     6.270794426E-04     2.500000000E-03
     6881    -3.549817006E-02    -1.221456778E-02     2.500000000E-03
     6882    -3.549817006E-02    -1.090785275E-02     2.500000000E-03
     6883    -2.955370080E-02     1.323139691E-02     2.500000000E-03
     6884    -3.391965241E-02     1.485008946E-02     2.500000000E-03
     6885    -2.514477621E-02     1.017563623E-02     2.500000000E-03
     6886    -1.272302998E-02    -1.415583445E-02     2.500000000E-03
     6887    -4.384582647E-02    -2.750956505E-02     2.390711806E-03
     6888    -4.470768697E-02     3.126678685E-02     2.819902935E-03
     6889    -5.383467895E-02     2.938851564E-02     3.477130397E-03
     6890    -5.383467895E-02     3.093851564E-02     3.477130397E-03
     6891    -4.069787450E-02     5.144205689E-03     5.800178460E-03
     6892    -4.843750000E-02     3.500000000E-02     3.500000000E-03
     6893    -5.500000000E-02    -2.834935152E-02     3.857346682E-03
     6894    -5.500000000E-02     2.845000000E-02     3.500000000E-03
     6895    -4.150000000E-02     1.700390423E-02     4.000000000E-03
     6896    -3.699878004E-02    -1.157861687E-02     2.500000000E-03
     6897     4.382842712E-02     3.382842712E-02     1.875000000E-03
-1
/wb,elem,start            !  set before creation of elements
/com,*********** Elements for Body 1 'Part2|PartBody' ***********
et,1,187
MAT,1 $ TYPE,1 $ REAL,1 $ SECNUM,1 $ ESYS,0    ! ELEMNODES = 10
eblock,21,COMPACT,,925
(21i9)
        1        6        8      398        7      423      432      427      422      428      430
        2        6       19      398        8      425      493      427      423      431      432
        3        6       19       17      398      425      467      424      427      493      475
        4        6       17       20      398      424      468      426      427      475      501
        5       17       19       20      398      467      486      468      475      493      501
        6        5      398        8        7      421      432      417      416      430      428
        7        5      398       19        8      421      493      419      417      432      431
        8        6      398       20        7      427      501      426      422      430      429
        9       18      398       20       19      485      501      477      476      493      486
       10        5      398       18       19      421      485      418      419      493      476
       11        5       20       18      398      420      477      418      421      501      485
       12        5       20      398        7      420      501      421      416      429      430
       13       10       12      397       11      440      449      444      439      445      447
       14       10       27      397       12      442      560      444      440      448      449
       15       10       27       25      397      442      536      441      444      560      544
       16       10       25       28      397      441      537      443      444      544      568
       17       25       27       28      397      536      552      537      544      560      568
       18        9      397       12       11      438      449      434      433      447      445
       19        9      397       27       12      438      560      436      434      449      448
       20       10      397       28       11      444      568      443      439      447      446
       21       26      397       28       27      551      568      546      545      560      552
       22        9      397       26       27      438      551      435      436      560      545
       23        9       28       26      397      437      546      435      438      568      551
       24        9       28      397       11      437      568      438      433      446      447
       25       14      396       22       23      461      518      458      459      526      511
       26       22      396       24       23      518      535      512      511      526      519
       27       14      396       24       22      461      535      460      458      518      512
       28       14       24      396       16      460      535      461      457      465      466
       29       14      396       15       16      461      464      456      457      466      462
       30       21       24      396       23      503      535      510      502      519      526
       31       13       21      396       23      452      510      455      453      502      526
       32       13       21       24      396      452      503      454      455      510      535
       33       14       15      396       23      456      464      461      459      463      526
       34       13      396       24       16      455      535      454      451      466      465
       35       13       15      396       16      450      464      455      451      462      466
       36       13      396       15       23      455      464      450      453      526      463
       37        1        3      395        4      399      413      404      400      411      415
       38        1       32      395        3      403      602      404      399      412      413
       39        1       32       30      395      403      580      401      404      602      588
       40        1       30       31      395      401      579      402      404      588      595
       41       30       32       31      395      580      589      579      588      602      595
       42        2      395        3        4      410      413      405      406      415      411
       43        2      395       32        3      410      602      409      405      413      412
       44        1      395       31        4      404      595      402      400      415      414
       45       29       32      395       31      570      602      578      569      589      595
       46        2       29      395       31      407      578      410      408      569      595
       47        2       29       32      395      407      570      409      410      578      602
       48        2       31      395        4      408      595      410      406      414      415
       49      222      318      339      378     1541     2007     1542     1543     2010     2069
       50      244      328      308      339     1701     1964     1700     1702     2042     1966
       51       81       91      239      384      826      875      827      829      876     1671
       52       23       86       76      283      521      802      520      522      851      803
       53      186      202      203      379     1323     1401     1324     1325     1404     1409
       54      103      381      209      244      927     1445      925      926     1703     1439
       55       74       75      364       96      792      800      796      794      799      894
       56      237      377      339      318     1659     2068     1658     1657     2009     2007
       57       17       20      363       39      468      500      473      469      495      643
       58      142      157      374      233     1111     1178     1114     1112     1176     1632
       59      223      249      299      335     1545     1726     1549     1550     1727     1923
       60       28      130      367      129      562     1047      566      561     1042     1044
       61       21      144      372      275      504     1126      509      505     1125     1832
       62       28      129      131      130      561     1043      563      562     1042     1045
       63      112      121      253      122      970     1014      972      971     1013     1017
       64      209      328      270      244     1444     1813     1442     1439     1701     1699
       65      188      218      204      205     1335     1412     1333     1334     1416     1411
       66       22       86       76       23      516      802      515      511      521      520
       67       20       43       37       57      497      634      494      498      655      635
       68      219      242      232      313     1514     1620     1513     1518     1690     1622
       69      214      335      347      389     1482     2059     1483     1484     2062     2088
       70      230      328      296      334     1611     1906     1609     1612     2041     1907
       71      252      376      330      342     1748     2050     1746     1747     2076     2048
       72       87      316      356      283      857     1999      858      856     1863     1864
       73      281      314      293      329     1854     1895     1853     1855     1989     1896
       74      273      317      355      369     1823     2003     1824     1825     2005     2095
       75      234      332      310      336     1637     1973     1636     1638     2053     1974
       76       27      367      394      314      558     2109      559      557     1991     1993
       77       18       44       43       58      479      654      478      480      660      656
       78       48      341      238      323      690     1664      687      689     2028     1663
       79      211      286      234      332     1457     1635     1454     1459     1875     1637
       80      183      358      289      305     1309     1883     1307     1308     1954     1882
       81      211      336      234      259     1460     1638     1454     1455     1775     1633
       82      249      374      299      335     1728     1927     1726     1727     2061     1923
       83      213      298      263      224     1473     1789     1470     1468     1558     1555
       84       20       43      363       37      497      658      500      494      634      636
       85      102      261      106      107      922      940      919      920      947      938
       86      134      148      149      320     1061     1137     1062     1065     1140     1144
       87      291      346      393      315     1888     2086     1890     1887     1995     1998
       88      223      299      370      347     1549     1925     1552     1551     1924     2087
       89      223      370      228      264     1552     1596     1544     1546     1793     1588
       90      235      366      269      267     1644     1811     1641     1640     1804     1800
       91       33      303      385      212      607     1944      608      606     1465     1466
       92      222      241      318      378     1537     1684     1541     1543     1686     2010
       93      294      316      370      299     1900     2001     1901     1899     1922     1925
       94      116      126      125      343      995     1029      994      996     1037     1032
       95       53      321       54      236      721      727      717      720     1650      726
       96       98      106      102      261      900      919      898      901      940      922
       97      225      369      229      292     1570     1604     1562     1566     1893     1600
       98      210      345      330      229     1451     2049     1450     1446     1603     1602
       99      210      330      388      277     1450     2051     1452     1449     1838     1841
      100      268      354      352      307     1809     2094     1808     1807     1963     1962
      101      243      319      245      380     1695     1707     1693     1697     2016     1709
      102      251      284      386      303     1736     1870     1742     1737     1866     1945
      103      104      237      339      244      929     1658      931      930     1655     1702
      104      225      273      355      369     1565     1824     1569     1570     1825     2095
      105      246      324      305      285     1715     1951     1714     1712     1873     1872
      106      223      299      275      294     1549     1831     1547     1548     1899     1830
      107      142      249      374      143     1113     1728     1114     1109     1118     1121
      108       35      183      358      289      619     1309      625      623     1307     1883
      109      139      340      361      154     1095     2072     1096     1092     1165     1166
      110       21      316      372      364      507     2002      509      508     2000     2105
      111      222      244      339      237     1538     1702     1542     1536     1655     1658
      112      159      299      372      275     1185     1926     1186     1184     1831     1832
      113      223      275      299      249     1547     1831     1549     1545     1725     1726
      114      197      210      388      277     1380     1452     1384     1382     1449     1841
      115       25      118      128      108      539     1004      541      538      950      951
      116      276      344      290      320     1836     1885     1833     1835     2020     1884
      117      241      318      365      386     1684     2008     1685     1687     2012     2107
      118      111      279      112      121      966      973      963      965     1015      970
      119       18       44      317       43      479      663      483      478      654      657
      120      144      159      275      158     1124     1184     1125     1123     1179     1180
      121      156      357      157      233     1174     1177     1171     1172     1631     1176
      122      125      251      365      343     1031     1740     1033     1032     1739     2078
      123       21      364      372       24      508     2105      509      503      533      534
      124       21      372      294      275      509     1902      506      505     1832     1830
      125      201      324      246      287     1399     1715     1397     1398     1876     1713
      126       20       40       57       37      496      644      498      494      633      635
      127       21      372      316      294      509     2002      507      506     1902     1900
      128      284      318      386      385     1867     2012     1870     1869     2011     2114
      129       89      310      234      332      867     1636      865      868     1973     1637
      130       51       65      257       66      705      765      707      706      763      769
      131      135      295      276      150     1070     1834     1069     1068     1148     1147
      132       99      381      244      339      909     1703      907      908     2070     1702
      133      137      152      245      288     1080     1157     1081     1082     1158     1705
      134       45       59      355      254      666      745      670      668      743     1757
      135      246      305      271      285     1714     1817     1710     1712     1872     1815
      136      255      368      359      337     1761     2098     1760     1759     2065     2064
      137      218      350      247      266     1512     1720     1509     1511     1799     1717
      138       89      234      286      332      865     1635      866      868     1637     1875
      139      239      260      384      360     1666     1780     1671     1669     1779     2099
      140      259      310      338      336     1774     1975     1776     1775     1974     2063
      141       44      273      317      355      662     1823      663      664     1824     2003
      142       18       20      363       19      477      500      484      476      486      491
      143      219      326      313      311     1519     1986     1518     1517     1979     1978
      144       34       35      263       36      610      622      615      611      618      629
      145       17      363       20       19      473      500      468      467      491      486
      146       80       90      234       89      821      870      822      820      864      865
      147      161      345      179      262     1195     1283     1192     1193     1786     1282
      148       98      296      106      261      902      941      900      901     1781      940
      149      172      216      351      267     1252     1499     1254     1253     1495     1803
      150      180      388      197      210     1289     1384     1286     1287     1452     1380
      151      291      375      346      315     1889     2085     1888     1887     1997     1995
      152       18      363      317       19      484     2004      483      476      491      490
      153      145      372      159      160     1129     1186     1127     1128     1188     1183
      154      209      381      328      244     1445     2043     1444     1439     1703     1701
      155      223      299      347      335     1549     1924     1551     1550     1923     2059
      156      277      388      309      330     1841     1972     1837     1838     2051     1968
      157       44       59       58      273      661      740      660      662      744      741
      158      209      253      328      230     1440     1751     1444     1438     1605     1611
      159      217      324      246      285     1506     1715     1500     1502     1873     1712
      160      100      105      101      377      912      915      910      914      936      916
      161      213      298      224      250     1473     1558     1468     1469     1732     1554
      162      194      211      301      264     1367     1458     1369     1368     1456     1791
      163      197      388      309      277     1384     1972     1383     1382     1841     1837
      164      148      327      320      250     1141     2019     1140     1138     1734     1733
      165       27      281      314      293      555     1854      557      556     1853     1895
      166       25      108      129      367      538      952      542      543      953     1044
      167      223      347      370      264     1551     2087     1552     1546     1792     1793
      168       37      363       39       38      636      643      632      631      639      637
      169      230      334      296      393     1612     1907     1609     1613     2058     1910
      170       26      394      274      293      550     1829      548      549     1898     1826
      171      212      303      251      227     1465     1737     1462     1461     1584     1580
      172       17       95       85       39      472      848      471      469      642      641
      173      183      200      184      271     1305     1311     1303     1306     1395     1314
      174      221      360      309      338     1535     1971     1533     1534     2067     1969
      175      284      303      385      386     1866     1944     1869     1870     1945     2114
      176       30      272      375      291      583     1821      587      584     1818     1889
      177       28      394      367      146      567     2109      566      565     1132     1131
      178      111      120      279      121      964     1011      966      965     1010     1015
      179      237      241      284      318     1654     1683     1656     1657     1684     1867
      180      240      331      295      285     1679     1903     1677     1674     1874     1871
      181      139      340      140      258     1095     1102     1090     1094     1769     1101
      182      144      159      372      275     1124     1186     1126     1125     1184     1832
      183      108      109      129      367      949      955      952      953      957     1044
      184       79      234       89       80      817      865      816      814      822      820
      185       86      316       87      283      852      857      850      851     1863      856
      186      272      315      337      375     1819     1994     1820     1821     1997     2066
      187       99      100      339      104      904      913      908      906      911      931
      188      109      367      130      129      957     1047      956      955     1044     1042
      189      224      274      327      362     1556     1827     1559     1560     1828     2039
      190       25       28       27      367      537      552      536      543      566      558
      191      272      375      291      315     1821     1889     1818     1819     1997     1887
      192       25       28      367      129      537      566      543      542      561     1044
      193       35      263      213      298      622     1470      621      624     1789     1473
      194       28      131      146      130      563     1049      565      562     1045     1046
      195      188      350      218      189     1337     1512     1335     1332     1346     1343
      196      279      393      291      346     1848     1890     1846     1847     2086     1888
      197      102      209      103      381      921      925      918      923     1445      927
      198       29       73      119       72      573      791      575      572      787      789
      199       77       87       78      278      806      810      804      807      855      812
      200      211      332      234      336     1459     1637     1454     1460     2053     1638
      201      207      268      236      302     1426     1648     1423     1427     1806     1649
      202      188      391      204      231     1339     1414     1333     1336     1619     1413
      203      161      179      170      262     1192     1242     1190     1193     1282     1245
      204      170      262      179      180     1245     1282     1242     1243     1288     1280
      205      185      202      392      201     1319     1405     1321     1318     1396     1400
      206       30       31       32      371      579      589      580      586      594      601
      207      245      348      312      380     1708     1984     1706     1709     2090     1985
      208      214      223      347      335     1476     1551     1483     1482     1550     2059
      209      226      230      296      315     1571     1609     1576     1577     1610     1905
      210       28      130      146      367      562     1046      565      566     1047     1131
      211      106      107      302      169      938      948      942      939      944     1239
      212      158      275      299      159     1180     1831     1181     1179     1184     1185
      213       98      381      102      103      903      923      898      899      927      918
      214      164      173      311      351     1210     1258     1212     1213     1259     1981
      215       35      298      387      263      624     1921      626      622     1789     1790
      216      224      293      274      362     1557     1826     1556     1560     1897     1828
      217      223      370      299      294     1552     1925     1549     1548     1901     1899
      218       19      363      317      373      491     2004      490      492     2104     2006
      219       98      381      261      102      903     1784      901      898      923      922
      220      220      348      319      379     1526     2013     1525     1527     2089     2015
      221       30       31      371       56      579      594      586      581      591      737
      222      221      360      260      239     1535     1779     1531     1529     1669     1666
      223       98      261      381      296      901     1784      903      902     1781     1909
      224      221      239      277      360     1529     1667     1532     1535     1669     1840
      225       88      278      356      332      860     1845      863      862     1844     2054
      226      241      284      318      386     1683     1867     1684     1687     1870     2012
      227       35      213      358      298      621     1475      625      624     1473     1919
      228      239      360      342      277     1669     2075     1668     1667     1840     1839
      229      111      279      120      346      966     1011      964      967     1847     1012
      230      111      279      346      393      966     1847      967      968     1848     2086
      231      166      232      349      313     1222     1623     1224     1223     1622     1987
      232      207      255      368      359     1424     1761     1429     1428     1760     2098
      233       24      364      372      160      533     2105      534      532     1187     1188
      234       24      160      372      145      532     1188      534      531     1128     1129
      235       24      364      160       96      533     1187      532      528      894      893
      236       24      160      145       97      532     1128      531      529      896      895
      237       24      160       97       96      532      896      529      528      893      892
      238       77       86       87      283      805      850      806      808      851      856
      239       21      316       23      294      507      524      502      506     1900      523
      240       21      316      364       23      507     2000      508      502      524      525
      241       23      294      316      283      523     1900      524      522     1862     1863
      242       29      371       31       41      577      594      569      571      650      590
      243       29      371       32       31      577      601      570      569      594      589
      244      181      195      191      336     1293     1352     1291     1297     1374     1354
      245      136      288      151      137     1075     1153     1073     1071     1082     1079
      246      209      381      261      296     1445     1784     1441     1443     1909     1781
      247       69       70      272      337      778      784      780      781      785     1820
      248      102      209      381      261      921     1445      923      922     1441     1784
      249       23      316       86      283      524      852      521      522     1863      851
      250      181      264      198      194     1295     1387     1294     1292     1368     1366
      251       31       56       71       41      591      735      593      590      646      647
      252      246      282      287      324     1711     1857     1713     1715     1860     1876
      253       41       72      371       42      648      790      650      645      652      653
      254      166      176      232      175     1221     1271     1222     1220     1265     1267
      255      142      156      157      233     1110     1171     1111     1112     1172     1176
      256       46      366       47       61      677      683      671      673      752      679
      257       28      132      146      131      564     1051      565      563     1048     1049
      258      225      300      345      369     1567     1929     1568     1570     1931     2082
      259       89      234      310       90      865     1636      867      864      870      872
      260       90      260      234      310      871     1634      870      872     1777     1636
      261      105      284      212      385      935     1464      933      937     1869     1466
      262      294      316      299      372     1900     1922     1899     1902     2002     1926
      263      217      331      324      285     1507     2031     1506     1502     1874     1873
      264      214      249      223      335     1478     1545     1476     1482     1727     1550
      265       88       89      286      332      859      866      861      862      868     1875
      266      213      358      290      289     1475     1886     1472     1471     1883     1881
      267      161      262      300      345     1193     1785     1194     1195     1786     1929
      268      234      259      310      260     1633     1774     1636     1634     1773     1777
      269      166      232      176      167     1222     1271     1221     1219     1229     1226
      270       79      234      286       89      817     1635      818      816      865      866
      271      252      280      297      376     1744     1850     1745     1748     1852     1916
      272      226      255      272      337     1572     1758     1574     1578     1759     1820
      273      250      276      290      320     1730     1833     1731     1733     1835     1884
      274       35       36      213      263      618      628      621      622      629     1470
      275       35      289       36      199      623      630      618      620     1392      627
      276      112      334      113      253      974      982      969      972     1752      979
      277      230      253      334      393     1605     1752     1612     1613     1753     2058
      278      244      308      328      270     1700     1964     1701     1699     1812     1813
      279      195      211      259      336     1372     1455     1373     1374     1460     1775
      280       32      346      279      291      600     1847      598      599     1888     1846
      281      230      291      279      393     1608     1846     1607     1613     1890     1848
      282      186      392      202      379     1326     1405     1323     1325     2113     1404
      283      185      392      324      201     1321     2033     1320     1318     1400     1399
      284      212      284      303      385     1464     1866     1465     1466     1869     1944
      285       77       87      278      283      806      855      807      808      856     1842
      286      226      315      368      337     1577     1996     1579     1578     1994     2065
      287      224      327      298      362     1559     1918     1558     1560     2039     1920
      288      212      263      387      227     1463     1790     1467     1461     1581     1587
      289      113      123      270      308      978     1021      980      981     1022     1812
      290      147      148      274      327     1133     1139     1134     1135     1141     1827
      291      241      365      318      378     1685     2008     1684     1686     2106     2010
      292      241      251      284      386     1682     1736     1683     1687     1742     1870
      293       18      317      292       19      483     1892      482      476      490      489
      294      240      358      290      344     1681     1886     1676     1680     2081     1885
      295       30      375      371      346      587     2110      586      585     2085     2084
      296       54      359       69       68      728      782      725      724      777      774
      297      209      296      261      230     1443     1781     1441     1438     1609     1606
      298      243      390      319      361     1698     2017     1695     1696     2101     2014
      299      264      347      370      301     1792     2087     1793     1791     1935     1937
      300       83       93      280      376      838      883      840      841      885     1852
      301      251      303      386      343     1737     1945     1742     1739     1943     2080
      302      138      361      380      153     1088     2100     1089     1085     1162     1163
      303      227      281      293      329     1582     1853     1583     1585     1855     1896
      304       35      199      183      289      620     1304      619      623     1392     1307
      305      275      299      372      294     1831     1926     1832     1830     1899     1902
      306      223      228      370      294     1544     1596     1552     1548     1592     1901
      307      211      228      301      264     1453     1593     1458     1456     1588     1791
      308      214      264      347      223     1479     1792     1483     1476     1546     1551
      309      187      204      391      203     1329     1414     1331     1328     1406     1410
      310      287      392      348      379     1879     2091     1877     1878     2113     2089
      311      203      391      379      220     1410     2112     1409     1407     1528     1527
      312      257      349      353      325     1767     2092     1768     1766     2034     2035
      313       82       83      252      376      830      839      834      835      841     1748
      314      220      319      391      379     1525     2018     1528     1527     2015     2112
      315      242      353      313      326     1692     1988     1690     1691     2038     1986
      316      239      342      252      277     1668     1747     1665     1667     1839     1743
      317      104      377      237      105      932     1659      929      928      936      934
      318      183      305      289      271     1308     1882     1307     1306     1817     1816
      319      144      372      159      145     1126     1186     1124     1122     1129     1127
      320      212      284      251      303     1464     1736     1462     1465     1866     1737
      321      282      312      348      324     1859     1984     1861     1860     1982     2032
      322      220      287      348      379     1524     1877     1526     1527     1878     2089
      323      151      331      312      217     1155     1983     1154     1152     1507     1505
      324      222      318      241      237     1541     1684     1537     1536     1657     1654
      325      212      387      303      227     1467     1946     1465     1461     1587     1584
      326      281      329      383      314     1855     2046     1856     1854     1989     1992
      327      134      276      250      320     1064     1730     1063     1065     1835     1733
      328      237      284      377      318     1656     1868     1659     1657     1867     2009
      329      194      336      301      211     1370     1934     1369     1367     1460     1458
      330      188      205      189      218     1334     1341     1332     1335     1416     1343
      331      113      123      308      114      978     1022      981      976      984      986
      332       29       72      110      371      572      788      574      577      790      962
      333       29      119      110       72      575      959      574      572      789      788
      334      110      120      346      111      960     1012      961      958      964      967
      335       32      346      120      279      600     1012      597      598     1847     1011
      336       30       32      346      371      580      600      585      586      601     2084
      337       30      346       32      291      585      600      580      584     1888      599
      338       54       68      236      359      724      775      726      728      777     1653
      339      226      368      255      337     1579     1761     1572     1578     2065     1759
      340       49       50      256      326      691      701      694      695      702     1764
      341      287      392      324      348     1879     2033     1876     1877     2091     2032
      342      163      351      173      164     1208     1259     1205     1203     1213     1210
      343      207      236      255      359     1423     1647     1424     1428     1653     1760
      344       45       46      254      333      665      675      668      669      676     1756
      345      215      232      257      349     1485     1621     1487     1491     1623     1767
      346      188      204      218      231     1333     1412     1335     1336     1413     1508
      347      189      266      350      218     1344     1799     1346     1343     1511     1512
      348       90      384      260      310      873     1780      871      872     1977     1777
      349      157      357      374      233     1177     2097     1178     1176     1631     1632
      350      217      312      282      324     1505     1859     1501     1506     1982     1860
      351      137      151      152      288     1079     1151     1080     1082     1153     1158
      352      140      155      141      247     1099     1104     1097     1100     1168     1107
      353      179      180      388      193     1280     1289     1284     1281     1285     1364
      354       79       89      286       88      816      866      818      815      859      861
      355      234      259      336      310     1633     1775     1638     1636     1774     1974
      356      195      338      336      259     1375     2063     1374     1373     1776     1775
      357      221      260      360      338     1531     1779     1535     1534     1778     2067
      358       68      255      236      359      776     1647      775      777     1760     1653
      359       87      356      278      283      858     1845      855      856     1864     1842
      360      225      355      273      254     1569     1824     1565     1563     1757     1754
      361       51      257       65      353      707      765      705      709     1768      766
      362      163      172      351      267     1204     1254     1208     1206     1253     1803
      363       83      280      252      376      840     1744      839      841     1852     1748
      364       80       90       81      260      821      825      819      823      871      828
      365       17      363       19      373      473      491      467      474     2104      492
      366       19      373      317      292      492     2006      490      489     1894     1892
      367      101      105      385      377      915      937      917      916      936     2111
      368      225      369      355      300     1570     2095     1569     1567     1931     1930
      369       45      254       46       60      668      675      665      667      748      672
      370      105      237      284      377      934     1656      935      936     1659     1868
      371       26       27      394      293      545      559      550      549      556     1898
      372      185      392      202      186     1321     1405     1319     1317     1326     1323
      373      107      261      302      207      947     1782      948      946     1425     1427
      374      251      386      365      343     1742     2107     1740     1739     2080     2078
      375      136      295      331      217     1076     1903     1077     1074     1504     1507
      376      207      368      255      226     1429     1761     1424     1422     1579     1572
      377      236      359      302      321     1653     1940     1649     1650     2024     1938
      378       48      238      269      323      687     1662      688      689     1663     1810
      379      227      251      281      329     1580     1735     1582     1585     1738     1855
      380      125      365      251      241     1033     1740     1031     1030     1685     1682
      381      115      125      365      116      990     1033      991      988      994      997
      382      217      295      331      285     1504     1903     1507     1502     1871     1874
      383      220      319      243      231     1525     1695     1521     1520     1616     1614
      384      251      329      343      383     1738     2044     1739     1741     2046     2079
      385      227      251      329      303     1580     1738     1585     1584     1737     1942
      386      245      288      312      282     1705     1880     1706     1704     1858     1859
      387      135      149      150      276     1067     1142     1068     1069     1143     1147
      388      150      344      331      295     1150     2052     1149     1148     1904     1903
      389      149      344      150      276     1145     1150     1142     1143     1836     1147
      390      217      331      312      324     1507     1983     1505     1506     2031     1982
      391      138      243      361      139     1086     1696     1088     1083     1093     1096
      392      151      288      312      152     1153     1880     1154     1151     1158     1159
      393      240      358      344      305     1681     2081     1680     1678     1954     1953
      394      182      347      389      198     1301     2088     1302     1300     1388     1389
      395      240      344      331      305     1680     2052     1679     1678     1953     1952
      396      217      282      312      288     1501     1859     1505     1503     1858     1880
      397      240      331      344      295     1679     2052     1680     1677     1903     1904
      398       51      257       52       66      707      714      704      706      769      711
      399      245      312      348      282     1706     1984     1708     1704     1859     1861
      400      100      105      377      104      912      936      914      911      928      932
      401      209      230      328      296     1438     1611     1444     1443     1609     1906
      402       34      387      212      263      617     1467      614      615     1790     1463
      403      115      378      365      124      992     2106      991      989     1028     1027
      404      114      378      115      124      987      992      983      985     1028      989
      405      124      241      222      378     1026     1537     1025     1028     1686     1543
      406      284      385      377      318     1869     2111     1868     1867     2011     2009
      407       55       70       69      337      731      778      730      732      785      781
      408      209      296      328      381     1443     1906     1444     1445     1909     2043
      409      207      368      261      302     1429     1783     1425     1427     1941     1782
      410      222      308      378      339     1540     1967     1543     1542     1966     2069
      411      106      368      261      296      943     1783      940      941     1908     1781
      412      115      365      125      124      991     1033      990      989     1027     1024
      413      175      219      232      313     1266     1513     1267     1268     1518     1622
      414      282      287      324      348     1857     1876     1860     1861     1877     2032
      415      217      282      246      324     1501     1711     1500     1506     1860     1715
      416      189      218      205      266     1343     1416     1341     1344     1511     1417
      417      226      315      296      368     1577     1905     1576     1579     1996     1908
      418      236      268      352      302     1648     1808     1651     1649     1806     1939
      419      207      302      236      359     1427     1649     1423     1428     1940     1653
      420      226      272      291      315     1574     1818     1575     1577     1819     1887
      421      226      291      230      315     1575     1608     1571     1577     1887     1610
      422      226      296      261      368     1576     1781     1573     1579     1908     1783
      423      169      178      302      352     1238     1278     1239     1240     1279     1939
      424      226      261      296      230     1573     1781     1576     1571     1606     1609
      425      243      319      380      361     1695     2016     1697     1696     2014     2100
      426       53      236      354      321      720     1652      722      721     1650     2023
      427       49       63      256       64      692      758      694      693      756      762
      428      139      243      361      258     1093     1696     1096     1094     1694     1771
      429       87      278      356       88      855     1845      858      854      860      863
      430      151      312      288      217     1154     1880     1153     1152     1505     1503
      431      136      151      288      217     1073     1153     1075     1074     1152     1503
      432      124      241      365      125     1026     1685     1027     1024     1030     1033
      433      201      392      324      287     1400     2033     1399     1398     1879     1876
      434      188      231      390      391     1336     1618     1338     1339     1619     2115
      435      143      144      275      158     1115     1125     1119     1117     1123     1180
      436      231      390      391      319     1618     2115     1619     1616     2017     2018
      437      231      390      319      243     1618     2017     1616     1614     1698     1695
      438      239      360      384      342     1669     2099     1671     1668     2075     2077
      439       81       91      384       90      826      876      829      825      869      873
      440      188      350      390      231     1337     2093     1338     1336     1617     1618
      441      188      350      231      218     1337     1617     1336     1335     1512     1508
      442      201      202      392      287     1396     1405     1400     1398     1403     1879
      443       92      239      384      342      878     1671      881      879     1668     2077
      444      184      246      200      201     1313     1394     1311     1312     1397     1393
      445      218      247      350      258     1509     1720     1512     1510     1716     1770
      446      247      266      350      322     1717     1799     1720     1718     1798     2026
      447      285      305      331      324     1872     1952     1874     1873     1951     2031
      448      260      310      360      338     1777     1976     1779     1778     1975     2067
      449       48       62      238       63      685      754      687      686      753      757
      450       45       60       59      254      667      742      666      668      748      743
      451      228      356      278      332     1595     1845     1589     1594     2054     1844
      452      228      278      356      283     1589     1845     1595     1590     1842     1864
      453       76       86       77      283      802      805      801      803      851      808
      454      228      356      370      283     1595     2096     1596     1590     1864     1865
      455      228      283      370      294     1590     1865     1596     1592     1862     1901
      456      196      259      221      338     1378     1530     1377     1379     1776     1534
      457      170      382      262      208     1246     1787     1245     1244     1437     1433
      458       80      234       90      260      822      870      821      823     1634      871
      459      194      195      336      211     1365     1374     1370     1367     1372     1460
      460      181      336      194      195     1297     1370     1292     1293     1374     1365
      461      181      301      194      336     1296     1369     1292     1297     1934     1370
      462       78       79      286       88      809      818      813      811      815      861
      463      211      286      332      228     1457     1875     1459     1453     1591     1594
      464      210      252      330      277     1447     1746     1450     1449     1743     1838
      465      163      304      267      351     1207     1801     1206     1208     1948     1803
      466      235      333      366      382     1643     2056     1644     1645     2057     2108
      467      210      262      345      229     1448     1786     1451     1446     1598     1603
      468       52      248      325      354      713     1723      715      716     1724     2036
      469       65      353      257      242      766     1768      765      764     1692     1689
      470       49       50       64      256      691      698      693      694      701      762
      471      161      300      262      382     1194     1785     1193     1196     1932     1787
      472       45      254      355      333      668     1757      670      669     1756     2055
      473      208      333      235      382     1436     1643     1431     1437     2057     1645
      474      166      232      167      349     1222     1229     1219     1224     1623     1231
      475      221      277      309      360     1532     1837     1533     1535     1840     1971
      476       81      239       91       82      827      875      826      824      833      831
      477      161      382      171      162     1196     1250     1191     1189     1202     1198
      478      292      317      369      297     1892     2005     1893     1891     1911     1914
      479      166      175      232      313     1220     1267     1222     1223     1268     1622
      480      208      254      235      333     1432     1639     1431     1436     1756     1643
      481       78       88      286      278      811      861      813      812      860     1843
      482      210      330      252      229     1450     1746     1447     1446     1602     1597
      483      235      382      366      304     1645     2108     1644     1642     1950     1949
      484      252      297      330      376     1745     1912     1746     1748     1916     2050
      485       46      366      235      333      677     1644      674      676     2056     1643
      486      208      300      262      225     1435     1785     1433     1430     1567     1564
      487      134      135      276      149     1060     1069     1064     1062     1067     1143
      488      161      382      262      170     1196     1787     1193     1190     1246     1245
      489      192      221      309      338     1359     1533     1360     1361     1534     1969
      490      252      342      330      277     1747     2048     1746     1743     1839     1838
      491      273      292      317      369     1822     1892     1823     1825     1893     2005
      492      225      273      369      292     1565     1825     1570     1566     1822     1893
      493       18      292      317      273      482     1892      483      481     1822     1823
      494      293      362      314      394     1897     1990     1895     1898     2103     1993
      495      290      358      320      344     1886     2021     1884     1885     2081     2020
      496      251      383      281      329     1741     1856     1735     1738     2046     1855
      497      250      298      327      320     1732     1918     1734     1733     1917     2019
      498      293      362      329      314     1897     2045     1896     1895     1990     1989
      499       27      394      293      314      559     1898      556      557     1993     1895
      500      132      147      394      146     1052     1136     1054     1051     1130     1132
      501      147      274      394      327     1134     1829     1136     1135     1827     2040
      502       26      394      132      274      550     1054      547      548     1829     1053
      503      132      274      394      147     1053     1829     1054     1052     1134     1136
      504      132      133      274      147     1050     1059     1053     1052     1056     1134
      505      133      274      147      148     1059     1134     1056     1057     1139     1133
      506      251      343      329      303     1739     2044     1738     1737     1943     1942
      507      150      276      344      295     1147     1836     1150     1148     1834     1904
      508      224      298      327      250     1558     1918     1559     1554     1732     1734
      509      224      327      274      250     1559     1827     1556     1554     1734     1729
      510      224      263      387      298     1555     1790     1561     1558     1789     1921
      511      224      298      387      362     1558     1921     1561     1560     1920     2102
      512      140      155      340      154     1099     1170     1102     1098     1164     1165
      513      213      358      298      320     1475     1919     1473     1474     2021     1917
      514      213      320      298      250     1474     1917     1473     1469     1733     1732
      515      213      290      358      320     1472     1886     1475     1474     1884     2021
      516      213      290      320      250     1472     1884     1474     1469     1731     1733
      517      116      117      126      343      993      999      995      996     1001     1037
      518      126      281      251      383     1036     1735     1035     1038     1856     1741
      519      116      125      365      343      994     1033      997      996     1032     2078
      520      126      127      281      383     1034     1040     1036     1038     1041     1856
      521      117      127      126      383     1000     1034      999     1002     1041     1038
      522      117      126      343      383      999     1037     1001     1002     1038     2079
      523      126      251      343      383     1035     1739     1037     1038     1741     2079
      524      125      126      251      343     1029     1035     1031     1032     1037     1739
      525      227      329      387      303     1585     2047     1587     1584     1942     1946
      526      227      387      329      362     1587     2047     1585     1586     2102     2045
      527      227      329      293      362     1585     1896     1583     1586     2045     1897
      528      224      293      362      227     1557     1897     1560     1553     1583     1586
      529      224      362      387      227     1560     2102     1561     1553     1586     1587
      530      224      387      263      227     1561     1790     1555     1553     1587     1581
      531      241      365      251      386     1685     1740     1682     1687     2107     1742
      532       33      212       34      387      606      614      603      609     1467      617
      533       33      212      387      303      606     1467      609      607     1465     1946
      534       33       34      385      101      603      616      608      605      612      917
      535      230      291      393      315     1608     1890     1613     1610     1887     1998
      536      149      320      344      276     1144     2020     1145     1143     1835     1836
      537      134      276      320      149     1064     1835     1065     1062     1143     1144
      538      240      344      290      276     1680     1885     1676     1673     1836     1833
      539      139      154      361      153     1092     1166     1096     1091     1161     1162
      540      240      305      331      285     1678     1952     1679     1674     1872     1874
      541      240      290      358      289     1676     1886     1681     1675     1881     1883
      542      183      184      305      271     1303     1315     1308     1306     1314     1817
      543      260      310      384      360     1777     1977     1780     1779     1976     2099
      544      240      271      305      285     1672     1817     1678     1674     1815     1872
      545      240      289      305      271     1675     1882     1678     1672     1816     1817
      546      136      151      331      150     1073     1155     1077     1072     1146     1149
      547      183      289      199      271     1307     1392     1304     1306     1816     1391
      548      240      289      358      305     1675     1883     1681     1678     1882     1954
      549      184      305      246      324     1315     1714     1313     1316     1951     1715
      550      138      380      152      153     1089     1160     1084     1085     1163     1156
      551      138      139      361      153     1083     1096     1088     1085     1091     1162
      552      183      199      200      271     1304     1390     1305     1306     1391     1395
      553      240      344      276      295     1680     1836     1673     1677     1904     1834
      554       81      239      260      384      827     1666      828      829     1671     1780
      555      197      277      309      221     1382     1837     1383     1381     1532     1533
      556      167      176      177      215     1226     1269     1227     1228     1270     1273
      557      184      246      305      271     1313     1714     1315     1314     1710     1817
      558      184      200      246      271     1311     1394     1313     1314     1395     1710
      559      245      319      348      380     1707     2013     1708     1709     2016     2090
      560      155      247      340      322     1168     1719     1170     1169     1718     2025
      561      141      322      156      233     1108     1173     1105     1106     1629     1172
      562      187      188      391      204     1327     1339     1331     1329     1333     1414
      563      156      322      357      233     1173     2027     1174     1172     1629     1631
      564      141      247      322      233     1107     1718     1108     1106     1625     1629
      565      123      308      378      222     1022     1967     1023     1020     1540     1543
      566      222      339      318      237     1542     2007     1541     1536     1658     1657
      567      124      365      241      378     1027     1685     1026     1028     2106     1686
      568      106      368      302      261      943     1941      942      940     1783     1782
      569      114      123      378      124      984     1023      987      985     1019     1028
      570      123      222      378      124     1020     1543     1023     1019     1025     1028
      571      112      113      122      253      969      977      971      972      979     1017
      572      222      308      244      270     1540     1700     1538     1539     1812     1699
      573      111      112      279      393      963      973      966      968      975     1848
      574      222      244      308      339     1538     1700     1540     1542     1702     1966
      575      244      328      339      381     1701     2042     1702     1703     2043     2070
      576      113      270      123      122      980     1021      978      977     1018     1016
      577      270      334      308      328     1814     1965     1812     1813     2041     1964
      578      253      328      334      270     1751     2041     1752     1749     1813     1814
      579       68       69      255      359      774      779      776      777      782     1760
      580      209      328      253      270     1444     1751     1440     1442     1813     1749
      581      226      272      315      337     1574     1819     1577     1578     1820     1994
      582       30      375       56      371      587      738      581      586     2110      737
      583      123      308      222      270     1022     1540     1020     1021     1812     1539
      584      114      378      123      308      987     1023      984      986     1967     1022
      585      113      253      270      122      979     1749      980      977     1017     1018
      586      106      261      302      107      940     1782      942      938      947      948
      587      113      334      308      270      982     1965      981      980     1814     1812
      588      113      334      270      253      982     1814      980      979     1752     1749
      589      112      121      279      253      970     1015      973      972     1014     1750
      590      230      279      253      393     1607     1750     1605     1613     1848     1753
      591      230      393      296      315     1613     1910     1609     1610     1998     1905
      592       30       70      375      272      582      786      587      583      784     1821
      593      112      279      393      253      973     1848      975      972     1750     1753
      594      112      393      334      253      975     2058      974      972     1753     1752
      595       69      337      272      255      781     1820      780      779     1759     1758
      596       30      291      375      346      584     1889      587      585     1888     2085
      597       99      244      103      104      907      926      905      906      930      924
      598       50      353      242      326      703     1692      700      702     2038     1691
      599      100      339      104      377      913      931      911      914     2068      932
      600      104      339      237      377      931     1658      929      932     2068     1659
      601      207      261      368      226     1425     1783     1429     1422     1573     1579
      602      168      178      268      177     1234     1277     1235     1233     1272     1274
      603      230      253      328      334     1605     1751     1611     1612     1752     2041
      604       53      236       54       68      720      726      717      719      775      724
      605      178      268      302      352     1277     1806     1278     1279     1808     1939
      606      178      302      268      207     1278     1806     1277     1276     1427     1426
      607      107      302      169      178      948     1239      944      945     1278     1238
      608      107      302      178      207      948     1278      945      946     1427     1276
      609      236      302      352      321     1649     1939     1651     1650     1938     2022
      610      207      359      368      302     1428     2098     1429     1427     1940     1941
      611      168      268      352      307     1235     1808     1237     1236     1807     1962
      612      215      257      325      349     1487     1766     1490     1491     1767     2034
      613      168      268      307      177     1235     1807     1236     1233     1274     1275
      614      177      215      268      307     1273     1488     1274     1275     1489     1807
      615      167      349      215      307     1231     1491     1228     1230     1961     1489
      616      232      257      349      353     1621     1767     1623     1624     1768     2092
      617       52       67       66      248      712      767      711      713      772      768
      618      215      307      325      354     1489     1960     1490     1492     1963     2036
      619       93       94      280      297      882      887      883      884      888     1850
      620      215      325      307      349     1490     1960     1489     1491     2034     1961
      621       54      321      359      236      727     2024      728      726     1650     1653
      622      139      361      340      258     1096     2072     1095     1094     1771     1769
      623       53       67      236       68      718      771      720      719      770      775
      624      236      352      354      321     1651     2094     1652     1650     2022     2023
      625       67      248      354      236      772     1724      773      771     1646     1652
      626       53       67      354      236      718      773      722      720      771     1652
      627       51       52      257      325      704      714      707      708      715     1766
      628       61      235      366      269      750     1644      752      751     1641     1811
      629      139      140      340      154     1090     1102     1095     1092     1098     1165
      630      236      268      248      354     1648     1722     1646     1652     1809     1724
      631      236      352      268      354     1651     1808     1648     1652     2094     1809
      632      215      325      257      248     1490     1766     1487     1486     1723     1721
      633      215      325      248      354     1490     1723     1486     1492     2036     1724
      634      138      361      243      380     1088     1696     1086     1089     2100     1697
      635      138      243      245      380     1086     1693     1087     1089     1697     1709
      636      231      390      243      258     1618     1698     1614     1615     1772     1694
      637      214      266      233      306     1480     1627     1477     1481     1797     1628
      638      140      340      155      247     1102     1170     1099     1100     1719     1168
      639      220      319      245      243     1525     1707     1522     1521     1695     1693
      640      141      233      156      142     1106     1172     1105     1103     1112     1110
      641      142      374      249      233     1114     1728     1113     1112     1632     1626
      642      189      306      350      266     1345     1957     1346     1344     1797     1799
      643      258      350      390      340     1770     2093     1772     1769     2071     2073
      644      140      340      247      258     1102     1719     1100     1101     1769     1716
      645      220      391      319      231     1528     2018     1525     1520     1619     1616
      646      266      306      350      322     1797     1957     1799     1798     1955     2026
      647      220      245      319      348     1522     1707     1525     1526     1708     2013
      648      203      391      220      231     1410     1528     1407     1408     1619     1520
      649       54       55       69      359      723      730      725      728      733      782
      650      186      203      187      379     1324     1328     1322     1325     1409     1330
      651      220      282      245      348     1523     1704     1522     1526     1861     1708
      652      220      282      348      287     1523     1861     1526     1524     1857     1877
      653      203      204      391      231     1406     1414     1410     1408     1413     1619
      654      202      203      379      220     1401     1409     1404     1402     1407     1527
      655      202      379      287      220     1404     1878     1403     1402     1527     1524
      656      187      391      379      203     1331     2112     1330     1328     1410     1409
      657      182      198      389      190     1300     1389     1302     1299     1347     1350
      658      202      379      392      287     1404     2113     1405     1403     1878     1879
      659      181      301      347      264     1296     1935     1298     1295     1791     1792
      660      211      301      228      332     1458     1593     1453     1459     1933     1594
      661      228      370      301      264     1596     1937     1593     1588     1793     1791
      662      211      336      301      332     1460     1934     1458     1459     2053     1933
      663      181      194      301      264     1292     1369     1296     1295     1368     1791
      664      219      326      242      313     1519     1691     1514     1518     1986     1690
      665      143      299      275      249     1120     1831     1119     1118     1726     1725
      666      143      158      374      157     1117     1182     1121     1116     1175     1178
      667      142      143      374      157     1109     1121     1114     1111     1116     1178
      668      214      306      335      389     1481     1956     1482     1484     1959     2062
      669      233      357      374      335     1631     2097     1632     1630     2060     2061
      670      233      374      249      335     1632     1728     1626     1630     2061     1727
      671      214      233      249      335     1477     1626     1478     1482     1630     1727
      672      233      357      335      306     1631     2060     1630     1628     1958     1956
      673      214      306      233      335     1481     1628     1477     1482     1956     1630
      674      228      370      356      301     1596     2096     1595     1593     1937     1936
      675      228      301      356      332     1593     1936     1595     1594     1933     2054
      676       22      364       24       74      517      533      512      513      796      527
      677       88      286      278      332      861     1843      860      862     1875     1844
      678      228      278      286      332     1589     1843     1591     1594     1844     1875
      679       22       86      364       75      516      853      517      514      798      800
      680       22       86       75       76      516      798      514      515      802      797
      681       22      364       74       75      517      796      513      514      800      792
      682       22       75       74       76      514      792      513      515      797      793
      683       21      364       24       23      508      533      503      502      525      519
      684       22       24      364       23      512      533      517      511      519      525
      685      239      376      252      342     1670     1748     1665     1668     2076     1747
      686       78       87       88      278      810      854      811      812      855      860
      687      259      260      338      310     1773     1778     1776     1774     1777     1975
      688      221      259      260      338     1530     1773     1531     1534     1776     1778
      689       82       92      376      239      832      880      835      833      878     1670
      690       47      269       62       61      681      755      680      679      751      749
      691       99      244      381      103      907     1703      909      905      926      927
      692      195      196      338      259     1371     1379     1375     1373     1378     1776
      693      180      197      388      193     1286     1384     1289     1285     1362     1364
      694       98      103       99      381      899      905      897      903      927      909
      695      192      197      193      309     1358     1362     1356     1360     1383     1363
      696      192      197      309      221     1358     1383     1360     1359     1381     1533
      697      191      196      192      338     1353     1357     1351     1355     1379     1361
      698       47       48      269      323      678      688      681      682      689     1810
      699      165      166      313      175     1214     1223     1218     1216     1220     1268
      700       51      325      257      353      708     1766      707      709     2035     1768
      701      191      336      195      338     1354     1374     1352     1355     2063     1375
      702      219      256      242      326     1515     1688     1514     1519     1764     1691
      703      165      175      313      174     1216     1268     1218     1215     1260     1264
      704      174      219      175      313     1261     1266     1260     1264     1518     1268
      705      174      265      219      311     1262     1516     1261     1263     1794     1517
      706      173      311      265      174     1258     1794     1257     1255     1263     1262
      707      164      173      174      311     1210     1255     1211     1212     1258     1263
      708      164      174      165      311     1211     1215     1209     1212     1263     1217
      709       48      238       62      269      687      754      685      688     1662      755
      710       49      341      326      256      696     2037      695      694     1765     1764
      711      163      173      351      172     1205     1259     1208     1204     1251     1254
      712      172      216      173      351     1252     1256     1251     1254     1499     1259
      713      267      323      351      304     1802     2029     1803     1801     1947     1948
      714      208      300      382      262     1435     1932     1437     1433     1785     1787
      715      190      206      198      389     1348     1385     1347     1350     1421     1389
      716       50       65       64      242      699      760      698      700      764      761
      717      206      306      266      214     1420     1797     1419     1418     1481     1480
      718      198      206      214      389     1385     1418     1386     1389     1421     1484
      719       83       92       93      376      837      877      838      841      880      885
      720      265      341      311      351     1795     1980     1794     1796     2074     1981
      721      256      326      311      341     1764     1979     1763     1765     2037     1980
      722       63      256      238      341      758     1660      757      759     1765     1664
      723       49      341      256       63      696     1765      694      692      759      758
      724      256      311      265      341     1763     1794     1762     1765     1980     1795
      725      238      265      341      256     1661     1795     1664     1660     1762     1765
      726      216      265      341      238     1494     1795     1498     1493     1661     1664
      727      216      341      265      351     1498     1795     1494     1499     2074     1796
      728      267      323      366      269     1802     2030     1804     1800     1810     1811
      729      267      366      323      304     1804     2030     1802     1801     1949     1947
      730      216      238      323      269     1493     1663     1497     1496     1662     1810
      731      216      323      267      269     1497     1802     1495     1496     1810     1800
      732      216      267      323      351     1495     1802     1497     1499     1803     2029
      733       93      280      376      297      883     1852      885      884     1850     1916
      734      277      330      309      342     1838     1968     1837     1839     2048     1970
      735      210      345      388      330     1451     2083     1452     1450     2049     2051
      736       84      280       93       94      845      883      843      844      887      882
      737       47       62      269       48      680      755      681      678      685      688
      738      193      309      197      388     1363     1383     1362     1364     1972     1384
      739      225      229      345      262     1562     1603     1568     1564     1598     1786
      740      105      284      385      377      935     1869      937      936     1868     2111
      741       83       84      280       93      836      845      840      838      843      883
      742       82       92       83      376      832      837      830      835      880      841
      743       82       92      239       91      832      878      833      831      874      875
      744       91       92      239      384      874      878      875      876      881     1671
      745      229      292      369      297     1600     1893     1604     1601     1891     1914
      746      229      280      292      297     1599     1849     1600     1601     1850     1891
      747      229      330      252      297     1602     1746     1597     1601     1912     1745
      748      229      252      280      297     1597     1744     1599     1601     1745     1850
      749      229      345      330      297     1603     2049     1602     1601     1913     1912
      750      229      369      345      297     1604     2082     1603     1601     1914     1913
      751      161      382      170      171     1196     1246     1190     1191     1250     1241
      752      170      171      382      208     1241     1250     1246     1244     1248     1437
      753       59      273      355      254      744     1824      745      743     1754     1757
      754      208      382      300      333     1437     1932     1435     1436     2057     1928
      755       17      363      373       95      473     2104      474      472      890      891
      756      292      373      317      297     1894     2006     1892     1891     1915     1911
      757       94      373      280      297      889     1851      887      888     1915     1850
      758      254      355      333      300     1757     2055     1756     1755     1930     1928
      759      225      300      355      254     1567     1930     1569     1563     1755     1757
      760      208      333      300      254     1436     1928     1435     1432     1756     1755
      761      208      300      225      254     1435     1567     1430     1432     1755     1563
      762       19      280      373      292      488     1851      492      489     1849     1894
      763      280      373      292      297     1851     1894     1849     1850     1915     1891
      764       17      373       85       95      474      849      471      472      891      848
      765       85       95      373       94      848      891      849      847      886      889
      766       17       19       84      373      467      487      470      474      492      846
      767       19       84      373      280      487      846      492      488      845     1851
      768       84      373      280       94      846     1851      845      844      889      887
      769       17      373       84       85      474      846      470      471      849      842
      770       84       85      373       94      842      849      846      844      847      889
      771      192      196      221      338     1357     1377     1359     1361     1379     1534
      772      225      345      300      262     1568     1929     1567     1564     1786     1785
      773      225      345      229      369     1568     1603     1562     1570     2082     1604
      774      277      360      342      309     1840     2075     1839     1837     1971     1970
      775      191      338      195      196     1355     1375     1352     1353     1379     1371
      776      232      242      257      353     1620     1689     1621     1624     1692     1768
      777      232      313      242      353     1622     1690     1620     1624     1988     1692
      778      232      349      313      353     1623     1987     1622     1624     2092     1988
      779      206      306      214      389     1420     1481     1418     1421     1959     1484
      780      190      306      206      389     1349     1420     1348     1350     1959     1421
      781      189      206      266      205     1342     1419     1344     1341     1415     1417
      782       81      260       90      384      828      871      825      829     1780      873
      783       82      376      252      239      835     1748      834      833     1670     1665
      784       92      376      239      342      880     1670      878      879     2076     1668
      785       99      244      104      339      907      930      906      908     1702      931
      786      192      196      197      221     1357     1376     1358     1359     1377     1381
      787       29      120      110      119      576      960      574      575     1009      959
      788      167      307      177      168     1230     1275     1227     1225     1236     1233
      789      167      177      307      215     1227     1275     1230     1228     1273     1489
      790       44       59      355       45      661      745      664      659      666      670
      791       44      355       59      273      664      745      661      662     1824      744
      792       69      359      337      255      782     2064      781      779     1760     1759
      793       55       69      359      337      730      782      733      732      781     2064
      794      174      313      311      219     1264     1978     1263     1261     1518     1517
      795      165      311      174      313     1217     1263     1215     1218     1978     1264
      796      283      316      370      294     1863     2001     1865     1862     1900     1901
      797      283      370      316      356     1865     2001     1863     1864     2096     1999
      798       52      248      257      325      713     1721      714      715     1723     1766
      799       52      257      248       66      714     1721      713      711      769      768
      800      215      354      268      307     1492     1809     1488     1489     1963     1807
      801      215      268      354      248     1488     1809     1492     1486     1722     1724
      802       26       27       28      394      545      552      546      550      559      567
      803       27       28      394      367      552      567      559      558      566     2109
      804      152      312      245      288     1159     1706     1157     1158     1880     1705
      805      152      245      312      380     1157     1706     1159     1160     1709     1985
      806       50      242      256      326      700     1688      701      702     1691     1764
      807       50      256      242       64      701     1688      700      698      762      761
      808       22       86       23      364      516      521      511      517      853      525
      809       23      364       86      316      525      853      521      524     2000      852
      810       24       74       96       97      527      794      528      529      795      892
      811       24       96       74      364      528      794      527      533      894      796
      812      274      394      362      293     1829     2103     1828     1826     1898     1897
      813      274      362      394      327     1828     2103     1829     1827     2039     2040
      814       47      366      269       61      683     1811      681      679      752      751
      815       47      269      366      323      681     1811      683      682     1810     2030
      816      167      215      232      176     1228     1485     1229     1226     1270     1271
      817      167      232      215      349     1229     1485     1228     1231     1623     1491
      818       25      367      118      108      543     1007      539      538      953      950
      819      108      367      118      109      953     1007      950      949      957      954
      820       18       43      363       20      478      658      484      477      497      500
      821       18      363       43      317      484      658      478      483     2004      657
      822       46      254      235       60      675     1639      674      672      748      747
      823       46      235      254      333      674     1639      675      676     1643     1756
      824       50       65      353       51      699      766      703      697      705      709
      825       50      353       65      242      703      766      699      700     1692      764
      826      133      148      250      274     1057     1138     1058     1059     1139     1729
      827      148      250      274      327     1138     1729     1139     1141     1734     1827
      828      216      323      341      351     1497     2028     1498     1499     2029     2074
      829      216      341      323      238     1498     2028     1497     1493     1664     1663
      830      219      311      256      326     1517     1763     1515     1519     1979     1764
      831      219      256      311      265     1515     1763     1517     1516     1762     1794
      832       48       63      341       49      686      759      690      684      692      696
      833       48      341       63      238      690      759      686      687     1664      757
      834       41      371       56       42      650      737      646      645      653      651
      835       31      371       56       41      594      737      591      590      650      646
      836      168      178      352      268     1234     1279     1237     1235     1277     1808
      837      168      352      178      169     1237     1279     1234     1232     1240     1238
      838      141      322      155      156     1108     1169     1104     1105     1173     1167
      839      141      155      322      247     1104     1169     1108     1107     1168     1718
      840       26       28      132      394      546      564      547      550      567     1054
      841       25      367       27      118      543      558      536      539     1007      553
      842       27      118      367      314      553     1007      558      557     1006     1991
      843      233      322      266      247     1629     1798     1627     1625     1718     1717
      844       33       34       35      387      603      610      604      609      617      626
      845       34       35      387      263      610      626      617      615      622     1790
      846       17       39      363       95      469      643      473      472      642      890
      847       38      363       39       95      639      643      637      638      890      642
      848       20       39       37      363      495      632      494      500      643      636
      849       20       37       39       40      494      632      495      496      633      640
      850      134      250      148      320     1063     1138     1061     1065     1733     1140
      851      133      134      250      148     1055     1063     1058     1057     1061     1138
      852       70      337      375      272      785     2066      786      784     1820     1821
      853      184      201      324      246     1312     1399     1316     1313     1397     1715
      854      184      324      201      185     1316     1399     1312     1310     1320     1318
      855      136      295      150      331     1076     1148     1072     1077     1903     1149
      856      135      295      150      136     1070     1148     1068     1066     1076     1072
      857       35      213      289      358      621     1471      623      625     1475     1883
      858       35      289      213       36      623     1471      621      618      630      628
      859       46      235       61       60      674      750      673      672      747      746
      860       46       61      235      366      673      750      674      677      752     1644
      861       52       67      354       53      712      773      716      710      718      722
      862       52      354       67      248      716      773      712      713     1724      772
      863       29       41       72      371      571      648      572      577      650      790
      864       29       72       41       73      572      648      571      573      787      649
      865      181      347      198      264     1298     1388     1294     1295     1792     1387
      866      181      198      347      182     1294     1388     1298     1290     1300     1301
      867      173      265      351      216     1257     1796     1259     1256     1494     1499
      868      173      351      265      311     1259     1796     1257     1258     1981     1794
      869      243      390      361      258     1698     2101     1696     1694     1772     1771
      870      258      390      361      340     1772     2101     1771     1769     2073     2072
      871      143      374      299      249     1121     1927     1120     1118     1728     1726
      872      143      299      374      158     1120     1927     1121     1117     1181     1182
      873      233      322      306      266     1629     1955     1628     1627     1798     1797
      874      233      306      322      357     1628     1955     1629     1631     1958     2027
      875      218      231      258      350     1508     1615     1510     1512     1617     1770
      876      231      258      350      390     1615     1770     1617     1618     1772     2093
      877      247      350      340      322     1720     2071     1719     1718     2026     2025
      878      247      340      350      258     1719     2071     1720     1716     1769     1770
      879      137      245      152      138     1081     1157     1080     1078     1087     1084
      880      138      245      152      380     1087     1157     1084     1089     1709     1160
      881      189      206      306      266     1342     1420     1345     1344     1419     1797
      882      189      306      206      190     1345     1420     1342     1340     1349     1348
      883      198      214      347      389     1386     1483     1388     1389     1484     2088
      884      198      347      214      264     1388     1483     1386     1387     1792     1479
      885       20       58       43       57      499      656      497      498      739      655
      886       24      372      144      145      534     1126      530      531     1129     1122
      887       18       58       43       20      480      656      478      477      499      497
      888       21      372      144       24      509     1126      504      503      534      530
      889       18       44       58      273      479      660      480      481      662      741
      890       18      317       44      273      483      663      479      481     1823      662
      891       34      101      105      385      612      915      613      616      917      937
      892       34      105      212      385      613      933      614      616      937     1466
      893       33      385       34      212      608      616      603      606     1466      614
      894       28      132      394      146      564     1054      567      565     1051     1132
      895      235      304      366      267     1642     1949     1644     1640     1801     1804
      896      136      331      151      217     1077     1155     1073     1074     1507     1152
      897      143      275      299      158     1119     1831     1120     1117     1180     1181
      898       29      110      120       32      574      960      576      570      596      597
      899       32      110      120      346      596      960      597      600      961     1012
      900       29      371      110       32      577      962      574      570      601      596
      901       32      371      110      346      601      962      596      600     2084      961
      902       31       56       70       71      591      734      592      593      735      783
      903       55       56       70      337      729      734      731      732      736      785
      904       30       70       31       56      582      592      579      581      734      591
      905       56      375       70      337      738      786      734      736     2066      785
      906       30      375       70       56      587      786      582      581      738      734
      907      118      314      281      383     1006     1854     1005     1008     1992     1856
      908       25      118      127      128      539     1003      540      541     1004     1039
      909       25       27      127      118      536      554      540      539      553     1003
      910      117      127      383      118     1000     1041     1002      998     1003     1008
      911      118      281      127      383     1005     1040     1003     1008     1856     1041
      912       27      118      281      127      553     1005      555      554     1003     1040
      913       27      281      118      314      555     1005      553      557     1854     1006
      914      171      267      382      208     1249     1805     1250     1248     1434     1437
      915      162      267      163      304     1200     1206     1197     1201     1801     1207
      916      162      172      163      267     1199     1204     1197     1200     1253     1206
      917      162      171      172      267     1198     1247     1199     1200     1249     1253
      918      162      267      382      171     1200     1805     1202     1198     1249     1250
      919      162      304      382      267     1201     1950     1202     1200     1801     1805
      920      180      262      388      210     1288     1788     1289     1287     1448     1452
      921      179      180      262      388     1280     1288     1282     1284     1289     1788
      922      210      388      345      262     1452     2083     1451     1448     1788     1786
      923      179      262      345      388     1282     1786     1283     1284     1788     2083
      924      208      267      382      235     1434     1805     1437     1431     1640     1645
      925      235      267      382      304     1640     1805     1645     1642     1801     1950
-1
secnum,1    ! reset the section ID to default
! Material Id = {279C825C-9071-4707-AB8E-6677881B2C1D}
/com,*********** Elements for Body 2 '1st level|PartBody' ***********
et,2,187
MAT,2 $ TYPE,2 $ REAL,2 $ SECNUM,2 $ ESYS,0    ! ELEMNODES = 10
eblock,21,COMPACT,,2303
(21i9)
      926     2147     2522     2163     2911     3145     3309     3141     3147     5508     3312
      927     2477     2811     2522     2911     5302     5507     5298     5303     6656     5508
      928     2163     2811     2911     2522     3310     6656     3312     3309     5507     5508
      929     2314     2474     2911     2810     4474     5282     4478     4476     5281     6655
      930     2147     2163     2833     2911     3141     3311     3146     3147     3312     6721
      931     2477     2810     2811     2911     5301     6654     5302     5303     6655     6656
      932     2147     2833     2191     2911     3146     3507     3142     3147     6721     3509
      933     2163     2164     2833     2911     3307     3322     3311     3312     3323     6721
      934     2164     2833     2911     2190     3322     6721     3323     3316     3491     3493
      935     2190     2191     2833     2911     3482     3507     3491     3493     3509     6721
      936     2148     2833     2910     2191     3156     6720     3157     3150     3507     3508
      937     2191     2532     2910     2478     3501     5520     3508     3500     5308     5311
      938     2189     2910     2191     2532     3481     3508     3469     3475     5520     3501
      939     2189     2822     2833     2910     3478     6680     3479     3481     6682     6720
      940     2148     2822     2910     2833     3155     6682     3157     3156     6680     6720
      941     2148     2910     2478     2191     3157     5311     3152     3150     3508     3500
      942     2189     2822     2910     2517     3478     6682     3481     3474     5499     5501
      943     2150     2910     2822     2517     3178     6682     3177     3175     5501     5499
      944     2478     2910     2491     2517     5311     5383     5305     5306     5501     5381
      945     2148     2910     2491     2478     3157     5383     3153     3152     5311     5305
      946     2150     2221     2910     2517     3172     3765     3178     3175     3763     5501
      947     2148     2491     2910     2221     3153     5383     3157     3151     3761     3765
      948     2189     2822     2909     2192     3478     6681     3480     3470     3519     3521
      949     2192     2822     2909     2475     3519     6681     3521     3514     5290     5292
      950     2189     2909     2822     2517     3480     6681     3478     3474     5500     5499
      951     2475     2830     2909     2504     5291     6715     5292     5286     5428     5430
      952     2475     2830     2822     2909     5291     6679     5290     5292     6715     6681
      953     2475     2909     2517     2504     5292     5500     5287     5286     5430     5426
      954     2151     2909     2830     2504     3193     6715     3189     3185     5430     5428
      955     2151     2909     2822     2830     3193     6681     3188     3189     6715     6679
      956     2151     2822     2909     2223     3188     6681     3193     3183     3788     3790
      957     2161     2908     2832     2188     3298     6719     3297     3291     3467     3466
      958     2185     2832     2908     2188     3433     6719     3434     3423     3466     3467
      959     2161     2488     2908     2188     3293     5371     3298     3291     3461     3467
      960     2185     2832     2823     2908     3433     6685     3432     3434     6719     6686
      961     2161     2908     2823     2832     3298     6686     3296     3297     6719     6685
      962     2185     2908     2823     2516     3434     6686     3432     3428     5495     5494
      963     2488     2492     2908     2516     5367     5388     5371     5368     5386     5495
      964     2161     2492     2908     2488     3294     5388     3298     3293     5367     5371
      965     2159     2908     2823     2161     3279     6686     3277     3271     3298     3296
      966     2161     2908     2492     2222     3298     5388     3294     3292     3778     3771
      967     2159     2908     2161     2222     3279     3298     3271     3274     3778     3292
      968     2211     2514     2724     2440     3703     5487     3710     3701     5109     5114
      969     2211     2724     2548     2440     3710     5565     3704     3701     5114     5110
      970     2440     2514     2724     2782     5109     5487     5114     5116     5488     6422
      971     2211     2514     2440     2435     3703     5109     3701     3700     5083     5081
      972     2211     2724     2514     2441     3710     5487     3703     3702     5121     5117
      973     2211     2440     2548     2435     3701     5110     3704     3700     5081     5084
      974     2440     2724     2548     2550     5114     5565     5110     5111     5570     5562
      975     2210     2548     2211     2724     3688     3704     3683     3696     5565     3710
      976     2440     2782     2724     2752     5116     6422     5114     5115     6514     6420
      977     2441     2724     2514     2782     5121     5487     5117     5122     6422     5488
      978     2440     2617     2514     2782     5113     5486     5109     5116     5975     5488
      979     2211     2514     2435     2441     3703     5083     3700     3702     5117     5082
      980     2209     2211     2441     2724     3669     3702     3674     3681     3710     5121
      981     2211     2548     2646     2435     3704     5563     3706     3700     5084     5086
      982     2440     2752     2724     2550     5115     6420     5114     5111     5571     5570
      983     2210     2548     2724     2550     3688     5565     3696     3690     5562     5570
      984     2210     2724     2211     2778     3696     3710     3683     3697     6421     3711
      985     2210     2211     2548     2657     3683     3704     3688     3695     3708     5564
      986     2440     2782     2752     2617     5116     6514     5115     5113     5975     5973
      987     2137     2782     2724     2441     3087     6422     3086     3083     5122     5121
      988     2441     2514     2617     2782     5117     5486     5120     5122     5488     5975
      989     2211     2551     2441     2435     3705     5118     3702     3700     5085     5082
      990     2209     2211     2724     2778     3669     3710     3681     3682     3711     6421
      991     2137     2209     2441     2724     3082     3674     3083     3086     3681     5121
      992     2209     2441     2211     2551     3674     3702     3669     3675     5118     3705
      993     2211     2646     2647     2435     3706     6036     3707     3700     5086     5087
      994     2365     2550     2724     2752     4681     5570     4685     4686     5571     6420
      995     2440     2550     2608     2752     5111     5569     5112     5115     5571     5942
      996     2210     2549     2548     2550     3689     5561     3688     3690     5566     5562
      997     2210     2211     2212     2778     3683     3698     3684     3697     3711     3722
      998     2440     2752     2608     2617     5115     5942     5112     5113     5973     5939
      999     2617     2782     2752     2755     5975     6514     5973     5974     6522     6513
     1000     2211     2435     2647     2551     3700     5087     3707     3705     5085     5574
     1001     2209     2778     2212     2211     3682     3722     3670     3669     3711     3698
     1002     2136     2778     2209     2724     3080     3682     3071     3079     6421     3681
     1003     2136     2209     2137     2724     3071     3082     3070     3079     3681     3086
     1004     2137     2441     2209     2553     3083     3674     3082     3085     5119     3677
     1005     2209     2268     2551     2211     3671     4256     3675     3669     3699     3705
     1006     2209     2553     2441     2551     3677     5119     3674     3675     5573     5118
     1007     2211     2647     2646     2659     3707     6036     3706     3709     6042     6039
     1008     2211     2659     2646     2657     3709     6039     3706     3708     6060     6038
     1009     2365     2550     2752     2608     4681     5571     4686     4682     5569     5942
     1010     2364     2550     2724     2365     4675     5570     4677     4669     4681     4685
     1011     2364     2778     2724     2436     4678     6421     4677     4674     5093     5092
     1012     2572     2752     2617     2608     5719     5973     5716     5713     5942     5939
     1013     2572     2617     2752     2755     5716     5973     5719     5720     5974     6513
     1014     2617     2782     2755     2693     5975     6522     5974     5972     6259     6258
     1015     2127     2137     2441     2138     3018     3083     3020     3019     3081     3089
     1016     2138     2617     2693     2782     3091     5972     3092     3093     5975     6259
     1017     2211     2647     2268     2551     3707     4260     3699     3705     5574     4256
     1018     2127     2441     2137     2553     3020     3083     3018     3022     5119     3085
     1019     2209     2552     2553     2551     3676     5575     3677     3675     5572     5573
     1020     2646     2647     2649     2659     6036     6041     6037     6039     6042     6047
     1021     2211     2647     2659     2268     3707     6042     3709     3699     4260     4263
     1022     2646     2659     2649     2657     6039     6047     6037     6038     6060     6045
     1023     2432     2646     2657     2549     5062     6038     5067     5060     5567     5568
     1024     2365     2367     2550     2608     4680     4694     4681     4682     4695     5569
     1025     2365     2752     2709     2608     4686     6346     4684     4682     5942     5941
     1026     2364     2365     2366     2550     4669     4679     4670     4675     4681     4692
     1027     2210     2436     2558     2431     3687     5090     3692     3686     5055     5057
     1028     2364     2550     2366     2436     4675     4692     4670     4674     5089     4690
     1029     2431     2432     2657     2549     5054     5067     5058     5056     5060     5568
     1030     2210     2657     2431     2266     3695     5058     3686     3685     4245     4240
     1031     2572     2709     2752     2608     5718     6346     5719     5713     5941     5942
     1032     2572     2617     2755     2693     5716     5974     5720     5717     5972     6258
     1033     2572     2752     2709     2755     5719     6346     5718     5720     6513     6347
     1034     2268     2647     2429     2551     4260     5046     4255     4256     5574     5042
     1035     2136     2437     2209     2556     3074     3673     3071     3078     5098     3680
     1036     2136     2553     2526     2137     3077     5511     3076     3070     3085     3084
     1037     2127     2137     2526     2553     3018     3084     3021     3022     3085     5511
     1038     2209     2553     2552     2437     3677     5575     3676     3673     5096     5095
     1039     2647     2659     2648     2649     6042     6044     6040     6041     6047     6043
     1040     2268     2429     2647     2659     4255     5046     4260     4263     5048     6042
     1041     2432     2649     2657     2646     5063     6045     5067     5062     6037     6038
     1042     2649     2657     2659     2658     6045     6060     6047     6046     6059     6061
     1043     2365     2626     2367     2608     4683     4696     4680     4682     5940     4695
     1044     2365     2366     2550     2367     4679     4692     4681     4680     4687     4694
     1045     2365     2709     2626     2608     4684     5997     4683     4682     5941     5940
     1046     2364     2559     2436     2366     4676     5091     4674     4670     4693     4690
     1047     2212     2557     2778     2439     3718     5585     3722     3716     5106     5107
     1048     2364     2415     2778     2559     4673     4974     4678     4676     4973     5589
     1049     2572     2709     2608     2582     5718     5941     5713     5711     5792     5789
     1050     2572     2598     2617     2693     5712     5890     5716     5717     5892     5972
     1051     2572     2693     2755     2616     5717     6258     5720     5715     5967     5970
     1052     2572     2755     2709     2798     5720     6347     5718     5721     6523     6350
     1053     2209     2268     2212     2554     3671     3713     3670     3678     4258     3717
     1054     2209     2556     2555     2554     3680     5580     3679     3678     5577     5576
     1055     2126     2437     2136     2556     3013     3074     3011     3016     5098     3078
     1056     2209     2552     2428     2437     3676     5039     3672     3673     5095     5038
     1057     2265     2649     2648     2659     4236     6043     4235     4238     6047     6044
     1058     2430     2648     2647     2659     5050     6040     5049     5053     6044     6042
     1059     2429     2430     2647     2659     5041     5049     5046     5048     5053     6042
     1060     2268     2269     2429     2659     4253     4265     4255     4263     4271     5048
     1061     2432     2657     2649     2658     5067     6045     5063     5068     6059     6046
     1062     2362     2626     2367     2365     4659     4696     4655     4654     4683     4680
     1063     2582     2626     2709     2608     5791     5997     5792     5789     5940     5941
     1064     2362     2709     2626     2365     4660     5997     4659     4654     4684     4683
     1065     2212     2651     2656     2266     3720     6053     3721     3712     4243     4244
     1066     2266     2651     2432     2558     4243     5064     4241     4242     5588     5061
     1067     2212     2651     2557     2434     3720     5584     3718     3714     5079     5077
     1068     2212     2557     2439     2434     3718     5106     3716     3714     5077     5074
     1069     2266     2432     2658     2657     4241     5068     4246     4245     5067     6059
     1070     2572     2709     2582     2798     5718     5792     5711     5721     6350     5795
     1071     2572     2598     2693     2616     5712     5892     5717     5715     5889     5967
     1072     2572     2616     2755     2798     5715     5970     5720     5721     5971     6523
     1073     2616     2693     2755     2695     5967     6258     5970     5968     6256     6270
     1074     2138     2693     2598     2139     3092     5892     3090     3088     3097     3095
     1075     2128     2138     2598     2139     3024     3090     3027     3025     3088     3095
     1076     2212     2268     2650     2554     3713     4261     3719     3717     4258     5578
     1077     2212     2438     2554     2434     3715     5100     3717     3714     5073     5076
     1078     2126     2526     2136     2437     3015     3076     3011     3013     5094     3074
     1079     2265     2648     2649     2311     4235     6043     4236     4234     4463     4464
     1080     2265     2648     2269     2659     4235     4267     4233     4238     6044     4271
     1081     2269     2648     2430     2659     4267     5050     4266     4271     6044     5053
     1082     2269     2430     2429     2659     4266     5041     4265     4271     5053     5048
     1083     2268     2650     2429     2269     4261     5047     4255     4253     4268     4265
     1084     2432     2649     2433     2658     5063     5069     5059     5068     6046     5071
     1085     2264     2649     2265     2658     4229     4236     4223     4231     6046     4237
     1086     2362     2626     2363     2367     4659     4668     4653     4655     4696     4663
     1087     2582     2709     2626     2777     5792     5997     5791     5794     6349     5998
     1088     2362     2626     2709     2777     4659     5997     4660     4662     5998     6349
     1089     2212     2651     2650     2656     3720     6048     3719     3721     6053     6051
     1090     2266     2432     2651     2656     4241     5064     4243     4244     5066     6053
     1091     2212     2650     2651     2434     3719     6048     3720     3714     5078     5079
     1092     2389     2439     2778     2415     4834     5107     4837     4833     4970     4974
     1093     2582     2709     2764     2798     5792     6348     5793     5795     6350     6545
     1094     2572     2582     2614     2798     5711     5790     5714     5721     5795     5960
     1095     2598     2616     2740     2693     5889     5969     5893     5892     5967     6257
     1096     2572     2614     2616     2798     5714     5957     5715     5721     5960     5971
     1097     2616     2755     2798     2695     5970     6523     5971     5968     6270     6272
     1098     2616     2740     2693     2695     5969     6257     5967     5968     6269     6256
     1099     2139     2693     2598     2740     3097     5892     3095     3098     6257     5893
     1100     2128     2139     2598     2129     3025     3095     3027     3023     3030     3032
     1101     2212     2656     2650     2268     3721     6051     3719     3713     4262     4261
     1102     2212     2554     2650     2434     3717     5578     3719     3714     5076     5078
     1103     2268     2429     2650     2554     4255     5047     4261     4258     5044     5578
     1104     2263     2311     2648     2265     4220     4463     4222     4216     4234     4235
     1105     2264     2649     2311     2265     4229     4464     4227     4223     4236     4234
     1106     2263     2648     2269     2265     4222     4267     4217     4216     4235     4233
     1107     2263     2648     2430     2269     4222     5050     4221     4217     4267     4266
     1108     2269     2429     2430     2650     4265     5041     4266     4268     5047     5051
     1109     2268     2650     2269     2656     4261     4268     4253     4262     6051     4270
     1110     2267     2432     2433     2658     4248     5059     4249     4252     5068     5071
     1111     2362     2363     2626     2603     4653     4668     4659     4657     4666     5915
     1112     2582     2709     2777     2764     5792     6349     5794     5793     6348     6544
     1113     2582     2777     2626     2603     5794     5998     5791     5787     5917     5915
     1114     2362     2626     2777     2603     4659     5998     4662     4657     5915     5917
     1115     2364     2368     2415     2369     4671     4700     4673     4672     4697     4704
     1116     2650     2653     2656     2651     6050     6056     6051     6048     6052     6053
     1117     2432     2656     2653     2651     5066     6056     5065     5064     6053     6052
     1118     2389     2439     2527     2512     4834     5105     4836     4835     5104     5483
     1119     2389     2527     2439     2415     4836     5105     4834     4833     4972     4970
     1120     2415     2527     2439     2461     4972     5105     4970     4971     5205     5103
     1121     2582     2764     2614     2798     5793     5959     5790     5795     6545     5960
     1122     2598     2740     2616     2620     5893     5969     5889     5891     5979     5966
     1123     2562     2798     2616     2614     5621     5971     5616     5615     5960     5957
     1124     2562     2616     2798     2695     5616     5971     5621     5619     5968     6272
     1125     2576     2695     2740     2616     5748     6269     5750     5746     5968     5969
     1126     2139     2598     2620     2740     3095     5891     3096     3098     5893     5979
     1127     2129     2139     2598     2620     3030     3095     3032     3033     3096     5891
     1128     2388     2389     2527     2512     4828     4836     4831     4830     4835     5483
     1129     2263     2309     2648     2311     4219     4456     4222     4220     4453     4463
     1130     2264     2649     2310     2311     4229     4461     4226     4227     4464     4458
     1131     2263     2430     2648     2309     4221     5050     4222     4219     4455     4456
     1132     2269     2650     2430     2652     4268     5051     4266     4269     6049     5052
     1133     2267     2432     2653     2433     4248     5065     4250     4249     5059     5070
     1134     2264     2267     2433     2658     4224     4249     4228     4231     4252     5071
     1135     2362     2363     2603     2618     4653     4666     4657     4658     4667     5914
     1136     2582     2777     2605     2764     5794     5928     5788     5793     6544     5927
     1137     2568     2777     2582     2603     5681     5794     5673     5676     5917     5787
     1138     2362     2777     2735     2603     4662     6469     4661     4657     5917     5916
     1139     2368     2414     2415     2369     4699     4966     4700     4697     4703     4704
     1140     2369     2415     2461     2414     4704     4971     4706     4703     4966     4968
     1141     2267     2653     2432     2656     4250     5065     4248     4251     6056     5066
     1142     2582     2605     2614     2764     5788     5922     5790     5793     5927     5959
     1143     2614     2673     2798     2764     5958     6116     5960     5959     6114     6545
     1144     2576     2740     2620     2616     5750     5979     5747     5746     5969     5966
     1145     2562     2673     2798     2614     5618     6116     5621     5615     5958     5960
     1146     2562     2695     2576     2616     5619     5748     5612     5616     5968     5746
     1147     2562     2798     2673     2695     5621     6116     5618     5619     6272     6111
     1148     2576     2740     2695     2793     5750     6269     5748     5751     6482     6271
     1149     2139     2140     2740     2620     3094     3101     3098     3096     3100     5979
     1150     2129     2139     2620     2140     3030     3096     3033     3031     3094     3100
     1151     2264     2653     2433     2267     4230     5070     4228     4224     4250     4249
     1152     2362     2368     2363     2618     4656     4664     4653     4658     4701     4667
     1153     2362     2603     2735     2618     4657     5916     4661     4658     5914     5976
     1154     2605     2777     2692     2764     5928     6255     5924     5927     6544     6253
     1155     2568     2582     2777     2605     5673     5794     5681     5678     5788     5928
     1156     2568     2735     2777     2603     5680     6469     5681     5676     5916     5917
     1157     2368     2414     2369     2618     4699     4703     4697     4701     4969     4707
     1158     2369     2414     2461     2460     4703     4968     4706     4705     4967     5203
     1159     2605     2673     2614     2764     5923     5958     5922     5927     6114     5959
     1160     2562     2673     2614     2574     5618     5958     5615     5611     5734     5732
     1161     2562     2695     2673     2705     5619     6111     5618     5620     6268     6112
     1162     2129     2140     2620     2130     3031     3100     3033     3029     3035     3038
     1163     2264     2270     2653     2267     4225     4277     4230     4224     4247     4250
     1164     2363     2618     2368     2369     4667     4701     4664     4665     4707     4697
     1165     2362     2735     2368     2618     4661     4702     4656     4658     5976     4701
     1166     2588     2735     2603     2618     5833     5916     5829     5830     5976     5914
     1167     2605     2692     2754     2764     5924     6252     5926     5927     6253     6519
     1168     2568     2605     2777     2692     5678     5928     5681     5679     5924     6255
     1169     2568     2588     2735     2603     5674     5833     5680     5676     5829     5916
     1170     2568     2777     2735     2692     5681     6469     5680     5679     6255     6251
     1171     2368     2414     2618     2413     4699     4969     4701     4698     4960     4963
     1172     2369     2618     2414     2460     4707     4969     4703     4705     5204     4967
     1173     2605     2725     2673     2764     5925     6113     5923     5927     6424     6114
     1174     2574     2614     2605     2673     5732     5922     5731     5734     5958     5923
     1175     2562     2673     2574     2623     5618     5734     5611     5617     5986     5733
     1176     2562     2673     2623     2705     5618     5986     5617     5620     6112     5988
     1177     2270     2652     2309     2312     4276     4457     4272     4274     4465     4454
     1178     2270     2653     2652     2312     4277     6054     4276     4274     4466     4465
     1179     2368     2618     2735     2413     4701     5976     4702     4698     4963     4964
     1180     2459     2735     2588     2618     5201     5833     5199     5200     5976     5830
     1181     2605     2754     2725     2764     5926     6423     5925     5927     6519     6424
     1182     2568     2588     2692     2735     5674     5832     5679     5680     5833     6251
     1183     2413     2460     2414     2618     4962     4967     4960     4963     5204     4969
     1184     2574     2605     2725     2673     5731     5925     5735     5734     5923     6113
     1185     2576     2589     2602     2793     5744     5835     5745     5751     5839     5912
     1186     2602     2740     2793     2780     5910     6482     5912     5911     6481     6585
     1187     2574     2673     2725     2623     5734     6113     5735     5733     5986     5990
     1188     2562     2589     2576     2705     5614     5744     5612     5620     5837     5749
     1189     2576     2589     2793     2705     5744     5839     5751     5749     5837     6331
     1190     2623     2673     2797     2705     5986     6115     5991     5988     6112     6332
     1191     2562     2705     2623     2577     5620     5988     5617     5613     5757     5754
     1192     2130     2141     2140     2780     3036     3099     3035     3039     3104     3102
     1193     2130     2780     2620     2602     3039     5980     3038     3037     5911     5908
     1194     2413     2735     2459     2618     4964     5201     4961     4963     5976     5200
     1195     2459     2735     2785     2588     5201     6470     5202     5199     5833     5834
     1196     2566     2588     2692     2568     5654     5832     5659     5653     5674     5679
     1197     2588     2692     2735     2681     5832     6251     5833     5831     6173     6174
     1198     2413     2459     2460     2618     4961     5198     4962     4963     5200     5204
     1199     2589     2706     2602     2793     5838     5909     5835     5839     6335     5912
     1200     2602     2793     2706     2780     5912     6335     5909     5911     6585     6334
     1201     2623     2797     2673     2725     5991     6115     5986     5990     6425     6113
     1202     2562     2589     2705     2577     5614     5837     5620     5613     5753     5757
     1203     2589     2706     2793     2705     5838     6335     5839     5837     6330     6331
     1204     2130     2141     2780     2131     3036     3104     3039     3034     3041     3045
     1205     2130     2131     2780     2602     3034     3045     3039     3037     3043     5911
     1206     2413     2735     2785     2459     4964     6470     4965     4961     5201     5202
     1207     2458     2785     2588     2459     5196     5834     5194     5192     5202     5199
     1208     2588     2681     2735     2785     5831     6174     5833     5834     6177     6470
     1209     2568     2604     2595     2692     5677     5868     5675     5679     5920     5871
     1210     2566     2604     2568     2692     5655     5677     5653     5659     5920     5679
     1211     2566     2692     2588     2681     5659     5832     5654     5658     6173     5831
     1212     2565     2589     2706     2602     5645     5838     5650     5647     5835     5909
     1213     2602     2780     2706     2799     5911     6334     5909     5913     6586     6336
     1214     2623     2699     2797     2725     5987     6300     5991     5990     6298     6425
     1215     2589     2684     2706     2705     5836     6198     5838     5837     6197     6330
     1216     2131     2141     2780     2799     3041     3104     3045     3046     3105     6586
     1217     2131     2780     2602     2799     3045     5911     3043     3046     6586     5913
     1218     2412     2413     2785     2459     4955     4965     4958     4957     4961     5202
     1219     2412     2785     2458     2459     4958     5196     4956     4957     5202     5192
     1220     2458     2588     2785     2566     5194     5834     5196     5193     5654     5662
     1221     2566     2785     2681     2588     5662     6177     5658     5654     5834     5831
     1222     2561     2754     2725     2595     5609     6423     5608     5603     5873     5872
     1223     2561     2725     2574     2595     5608     5735     5602     5603     5872     5730
     1224     2565     2602     2706     2799     5647     5909     5650     5652     5913     6336
     1225     2565     2706     2589     2684     5650     5838     5645     5649     6198     5836
     1226     2570     2699     2720     2623     5697     6297     5698     5695     5987     5989
     1227     2623     2699     2720     2797     5987     6297     5989     5991     6300     6406
     1228     2561     2574     2725     2570     5602     5735     5608     5601     5691     5699
     1229     2570     2671     2699     2725     5696     6099     5697     5699     6101     6298
     1230     2577     2705     2668     2684     5757     6073     5755     5756     6197     6072
     1231     2560     2577     2623     2668     5591     5754     5596     5597     5755     5985
     1232     2131     2602     2619     2799     3043     5907     3044     3046     5913     5978
     1233     2412     2785     2788     2458     4958     6592     4959     4956     5196     5197
     1234     2458     2785     2788     2566     5196     6592     5197     5193     5662     5663
     1235     2566     2788     2681     2785     5663     6178     5658     5662     6592     6177
     1236     2595     2624     2754     2770     5870     5992     5873     5874     5993     6520
     1237     2595     2604     2624     2770     5868     5919     5870     5874     5921     5993
     1238     2561     2624     2754     2595     5606     5992     5609     5603     5870     5873
     1239     2561     2725     2754     2671     5608     6423     5609     5607     6101     6102
     1240     2565     2619     2602     2799     5648     5907     5647     5652     5978     5913
     1241     2565     2706     2736     2799     5650     6333     5651     5652     6336     6472
     1242     2565     2736     2706     2684     5651     6333     5650     5649     6199     6198
     1243     2565     2589     2579     2684     5645     5767     5643     5649     5836     5770
     1244     2570     2623     2720     2581     5695     5989     5698     5692     5782     5786
     1245     2570     2720     2699     2762     5698     6297     5697     5700     6405     6299
     1246     2561     2725     2671     2570     5608     6101     5607     5601     5699     5696
     1247     2570     2762     2699     2671     5700     6299     5697     5696     6103     6099
     1248     2577     2668     2579     2684     5755     5769     5752     5756     6072     5770
     1249     2560     2577     2668     2579     5591     5755     5597     5592     5752     5769
     1250     2411     2788     2458     2412     4954     5197     4951     4949     4959     4956
     1251     2458     2788     2612     2566     5197     5953     5195     5193     5663     5657
     1252     2566     2681     2788     2749     5658     6178     5663     5660     6175     6511
     1253     2624     2754     2770     2783     5992     6520     5993     5994     6521     6558
     1254     2571     2624     2604     2770     5706     5919     5703     5709     5993     5921
     1255     2561     2754     2624     2783     5609     5992     5606     5610     6521     5994
     1256     2561     2754     2783     2671     5609     6521     5610     5607     6102     6104
     1257     2566     2681     2749     2770     5658     6175     5660     5661     6176     6510
     1258     2566     2606     2604     2770     5656     5918     5655     5661     5933     5921
     1259     2565     2736     2619     2799     5651     5977     5648     5652     6472     5978
     1260     2565     2583     2736     2684     5644     5801     5651     5649     5799     6199
     1261     2565     2579     2583     2684     5643     5766     5644     5649     5770     5799
     1262     2560     2581     2720     2623     5593     5786     5599     5596     5782     5989
     1263     2561     2570     2671     2609     5601     5696     5607     5605     5694     5943
     1264     2570     2762     2671     2609     5700     6103     5696     5694     5945     5943
     1265     2560     2720     2710     2668     5599     6352     5598     5597     6075     6074
     1266     2560     2593     2579     2668     5595     5768     5592     5597     5858     5769
     1267     2142     2736     2799     2619     3110     6472     3111     3108     5977     5978
     1268     2131     2142     2619     2132     3042     3108     3044     3040     3048     3051
     1269     2411     2788     2612     2458     4954     5953     4952     4951     5197     5195
     1270     2566     2788     2612     2749     5663     5953     5657     5660     6511     5952
     1271     2571     2783     2624     2770     5710     5994     5706     5709     6558     5993
     1272     2561     2624     2596     2783     5606     5878     5604     5610     5994     5882
     1273     2561     2783     2596     2671     5610     5882     5604     5607     6104     5879
     1274     2566     2749     2606     2770     5660     5932     5656     5661     6510     5933
     1275     2565     2736     2592     2619     5651     5857     5646     5648     5977     5854
     1276     2583     2736     2684     2747     5801     6199     5799     5802     6471     6201
     1277     2565     2592     2736     2583     5646     5857     5651     5644     5796     5801
     1278     2560     2710     2720     2581     5598     6352     5599     5593     5784     5786
     1279     2561     2596     2609     2671     5604     5876     5605     5607     5879     5943
     1280     2609     2704     2762     2671     5944     6328     5945     5943     6100     6103
     1281     2570     2587     2762     2609     5693     5828     5700     5694     5824     5945
     1282     2142     2619     2592     2736     3108     5854     3107     3110     5977     5857
     1283     2132     2592     2142     2619     3050     3107     3048     3051     5854     3108
     1284     2411     2458     2612     2457     4951     5195     4952     4950     5190     5191
     1285     2411     2612     2788     2749     4952     5953     4954     4953     5952     6511
     1286     2566     2749     2612     2606     5660     5952     5657     5656     5932     5930
     1287     2571     2596     2624     2783     5701     5878     5706     5710     5882     5994
     1288     2571     2700     2783     2770     5707     6305     5710     5709     6304     6558
     1289     2596     2704     2671     2783     5880     6100     5879     5882     6329     6104
     1290     2606     2749     2700     2770     5932     6302     5931     5933     6510     6304
     1291     2583     2707     2736     2747     5800     6337     5801     5802     6338     6471
     1292     2583     2707     2592     2736     5800     5856     5796     5801     6337     5857
     1293     2587     2685     2720     2762     5825     6204     5827     5828     6206     6405
     1294     2581     2720     2587     2685     5786     5827     5779     5783     6204     5825
     1295     2560     2710     2581     2590     5598     5784     5593     5594     5843     5780
     1296     2581     2720     2712     2710     5786     6359     5785     5784     6352     6351
     1297     2596     2704     2609     2671     5880     5944     5876     5879     6100     5943
     1298     2587     2609     2704     2762     5824     5944     5826     5828     5945     6328
     1299     2593     2747     2684     2743     5862     6201     5860     5861     6486     6200
     1300     2142     2736     2592     2707     3110     5857     3107     3109     6337     5856
     1301     2132     2142     2592     2143     3048     3107     3050     3049     3106     3113
     1302     2571     2728     2596     2783     5708     5881     5701     5710     6439     5882
     1303     2571     2700     2728     2783     5707     6301     5708     5710     6305     6439
     1304     2571     2700     2606     2611     5707     5931     5704     5705     5950     5929
     1305     2596     2783     2728     2704     5882     6439     5881     5880     6329     6327
     1306     2373     2700     2606     2749     4737     5931     4735     4738     6302     5932
     1307     2583     2615     2707     2747     5798     5963     5800     5802     5964     6338
     1308     2583     2592     2707     2615     5796     5856     5800     5798     5853     5963
     1309     2564     2583     2593     2747     5635     5797     5637     5642     5802     5862
     1310     2587     2704     2685     2762     5826     6202     5825     5828     6328     6206
     1311     2581     2712     2720     2685     5785     6359     5786     5783     6203     6204
     1312     2567     2581     2587     2685     5664     5779     5666     5670     5783     5825
     1313     2573     2609     2596     2704     5725     5876     5723     5728     5944     5880
     1314     2573     2587     2609     2704     5722     5824     5725     5728     5826     5944
     1315     2142     2592     2143     2707     3107     3113     3106     3109     5856     3115
     1316     2132     2592     2133     2143     3050     3055     3047     3049     3113     3053
     1317     2372     2457     2410     2411     4729     4948     4727     4728     4950     4946
     1318     2571     2728     2601     2596     5708     5905     5702     5701     5881     5875
     1319     2571     2700     2601     2728     5707     5904     5702     5708     6301     5905
     1320     2571     2601     2700     2611     5702     5904     5707     5705     5902     5950
     1321     2596     2728     2610     2704     5881     5949     5877     5880     6327     5947
     1322     2372     2373     2606     2749     4724     4735     4730     4732     4738     5932
     1323     2564     2615     2583     2747     5639     5798     5635     5642     5964     5802
     1324     2615     2691     2707     2747     5962     6245     5963     5964     6248     6338
     1325     2592     2621     2707     2615     5855     5981     5856     5853     5961     5963
     1326     2587     2607     2685     2704     5823     5936     5825     5826     5937     6202
     1327     2567     2712     2581     2685     5671     5785     5664     5670     6203     5783
     1328     2567     2587     2607     2685     5666     5823     5668     5670     5825     5936
     1329     2573     2610     2704     2596     5726     5947     5728     5723     5877     5880
     1330     2573     2704     2607     2587     5728     5937     5724     5722     5826     5823
     1331     2590     2743     2710     2741     5845     6354     5843     5844     6483     6353
     1332     2578     2593     2590     2743     5760     5840     5758     5765     5861     5845
     1333     2143     2707     2592     2621     3115     5856     3113     3114     5981     5855
     1334     2133     2592     2621     2143     3055     5855     3056     3053     3113     3114
     1335     2372     2373     2374     2606     4724     4733     4725     4730     4735     4746
     1336     2596     2601     2610     2728     5875     5901     5877     5881     5905     5949
     1337     2601     2700     2750     2728     5904     6303     5906     5905     6301     6438
     1338     2601     2700     2611     2750     5904     5950     5902     5906     6303     5951
     1339     2610     2728     2715     2704     5949     6372     5948     5947     6327     6326
     1340     2373     2374     2606     2375     4733     4746     4735     4734     4740     4748
     1341     2564     2615     2747     2691     5639     5964     5642     5641     5962     6248
     1342     2615     2707     2691     2784     5963     6245     5962     5965     6339     6250
     1343     2615     2621     2707     2784     5961     5981     5963     5965     5982     6339
     1344     2607     2685     2704     2667     5936     6202     5937     5935     6066     6068
     1345     2567     2721     2712     2685     5672     6360     5671     5670     6205     6203
     1346     2567     2712     2599     2581     5671     5896     5667     5664     5785     5781
     1347     2567     2607     2721     2685     5668     5938     5672     5670     5936     6205
     1348     2590     2710     2599     2672     5843     5895     5841     5842     6105     5894
     1349     2599     2710     2712     2672     5895     6351     5896     5894     6105     6107
     1350     2573     2610     2715     2704     5726     5948     5729     5728     5947     6326
     1351     2573     2667     2607     2704     5727     5935     5724     5728     6068     5937
     1352     2564     2747     2677     2691     5642     6148     5640     5641     6248     6143
     1353     2578     2677     2593     2743     5762     5859     5760     5765     6146     5861
     1354     2564     2677     2593     2578     5640     5859     5637     5634     5762     5760
     1355     2590     2710     2672     2741     5843     6105     5842     5844     6353     6108
     1356     2578     2590     2741     2743     5758     5844     5764     5765     5845     6483
     1357     2143     2784     2707     2621     3116     6339     3115     3114     5982     5981
     1358     2133     2621     2144     2143     3056     3119     3054     3053     3114     3112
     1359     2372     2374     2376     2410     4725     4741     4726     4727     4743     4754
     1360     2374     2410     2457     2456     4743     4948     4745     4744     4947     5189
     1361     2601     2728     2750     2680     5905     6438     5906     5903     6170     6172
     1362     2394     2601     2611     2750     4862     5902     4863     4866     5906     5951
     1363     2373     2611     2700     2750     4736     5950     4737     4739     5951     6303
     1364     2371     2373     2611     2375     4715     4736     4722     4716     4734     4749
     1365     2610     2715     2728     2680     5948     6372     5949     5946     6169     6170
     1366     2564     2597     2615     2691     5638     5883     5639     5641     5886     5962
     1367     2575     2784     2615     2691     5743     5965     5737     5740     6250     5962
     1368     2575     2615     2784     2621     5737     5965     5743     5738     5961     5982
     1369     2607     2721     2685     2667     5938     6205     5936     5935     6070     6066
     1370     2567     2607     2613     2721     5668     5934     5669     5672     5938     5955
     1371     2563     2672     2590     2599     5629     5842     5625     5627     5894     5841
     1372     2599     2712     2742     2672     5896     6361     5897     5894     6107     6109
     1373     2573     2667     2704     2715     5727     6068     5728     5729     6069     6326
     1374     2396     2715     2573     2610     4875     5729     4872     4873     5948     5726
     1375     2397     2667     2607     2573     4879     5935     4878     4877     5727     5724
     1376     2564     2677     2597     2691     5640     5885     5638     5641     6143     5886
     1377     2578     2741     2677     2743     5764     6145     5762     5765     6483     6146
     1378     2564     2591     2677     2578     5636     5849     5640     5634     5759     5762
     1379     2563     2741     2590     2672     5631     5844     5625     5629     6108     5842
     1380     2563     2590     2741     2578     5625     5844     5631     5623     5758     5764
     1381     2143     2144     2784     2621     3112     3121     3116     3114     3119     5982
     1382     2133     2621     2134     2144     3056     3062     3052     3054     3119     3058
     1383     2394     2601     2750     2680     4862     5906     4866     4864     5903     6172
     1384     2371     2394     2611     2750     4721     4863     4722     4723     4866     5951
     1385     2575     2615     2597     2691     5737     5883     5736     5740     5962     5886
     1386     2575     2713     2784     2691     5741     6364     5743     5740     6246     6250
     1387     2134     2575     2784     2621     3061     5743     3064     3062     5738     5982
     1388     2607     2667     2613     2721     5935     5954     5934     5938     6070     5955
     1389     2567     2613     2584     2721     5669     5804     5665     5672     5955     5807
     1390     2563     2742     2672     2599     5632     6109     5629     5627     5897     5894
     1391     2584     2599     2712     2742     5803     5896     5806     5808     5897     6361
     1392     2397     2667     2573     2715     4879     5727     4877     4881     6069     5729
     1393     2396     2715     2397     2573     4875     4881     4871     4872     5729     4877
     1394     2397     2667     2398     2607     4879     4885     4876     4878     5935     4883
     1395     2564     2677     2591     2597     5640     5849     5636     5638     5885     5846
     1396     2597     2691     2677     2744     5886     6143     5885     5887     6247     6147
     1397     2578     2677     2741     2702     5762     6145     5764     5763     6144     6315
     1398     2578     2591     2677     2702     5759     5849     5762     5763     5850     6144
     1399     2563     2741     2672     2751     5631     6108     5629     5633     6484     6110
     1400     2563     2741     2628     2578     5631     6002     5628     5623     5764     5761
     1401     2134     2621     2784     2144     3062     5982     3064     3058     3119     3121
     1402     2394     2680     2395     2601     4864     4870     4861     4862     5903     4868
     1403     2394     2680     2750     2730     4864     6172     4866     4865     6171     6446
     1404     2371     2393     2394     2750     4720     4856     4721     4723     4860     4866
     1405     2575     2597     2763     2691     5736     5888     5742     5740     5886     6249
     1406     2575     2763     2713     2691     5742     6363     5741     5740     6249     6246
     1407     2134     2575     2713     2784     3061     5741     3063     3064     5743     6364
     1408     2613     2667     2766     2721     5954     6071     5956     5955     6070     6408
     1409     2398     2667     2613     2607     4885     5954     4884     4883     5935     5934
     1410     2584     2742     2712     2721     5808     6361     5806     5807     6407     6360
     1411     2584     2721     2613     2766     5807     5955     5804     5809     6408     5956
     1412     2563     2742     2711     2672     5632     6355     5630     5629     6109     6106
     1413     2563     2580     2742     2599     5624     5777     5632     5627     5773     5897
     1414     2580     2599     2584     2742     5773     5803     5771     5777     5897     5808
     1415     2397     2667     2715     2686     4879     6069     4881     4880     6067     6208
     1416     2243     2715     2397     2396     4024     4881     4020     4019     4875     4871
     1417     2397     2398     2667     2686     4876     4885     4879     4880     4887     6067
     1418     2591     2677     2744     2597     5849     6147     5851     5846     5885     5887
     1419     2597     2763     2691     2744     5888     6249     5886     5887     6487     6247
     1420     2578     2741     2628     2702     5764     6002     5761     5763     6315     6001
     1421     2591     2744     2677     2702     5851     6147     5849     5850     6316     6144
     1422     2578     2628     2591     2702     5761     5848     5759     5763     6001     5850
     1423     2563     2672     2711     2751     5629     6106     5630     5633     6110     6356
     1424     2563     2628     2741     2751     5628     6002     5631     5633     6003     6484
     1425     2134     2713     2144     2784     3063     3120     3058     3064     6364     3121
     1426     2376     2456     2409     2410     4755     4944     4753     4754     4947     4943
     1427     2376     2391     2456     2377     4751     4846     4755     4750     4757     4758
     1428     2241     2680     2395     2394     3997     4870     3995     3994     4864     4861
     1429     2241     2394     2730     2680     3994     4865     3998     3997     4864     6171
     1430     2393     2394     2750     2730     4856     4866     4860     4858     4865     6446
     1431     2370     2393     2371     2750     4711     4720     4708     4714     4860     4723
     1432     2242     2680     2396     2395     4009     4874     4007     4006     4870     4867
     1433     2243     2715     2396     2680     4024     4875     4019     4021     6169     4874
     1434     2575     2627     2763     2597     5739     6000     5742     5736     5884     5888
     1435     2467     2575     2763     2713     5240     5742     5243     5242     5741     6363
     1436     2398     2613     2667     2766     4884     5954     4885     4888     5956     6071
     1437     2584     2721     2676     2742     5807     6137     5805     5808     6407     6139
     1438     2399     2766     2584     2613     4894     5809     4890     4891     5956     5804
     1439     2584     2766     2676     2721     5809     6141     5805     5807     6408     6137
     1440     2563     2580     2711     2742     5624     5776     5630     5632     5777     6355
     1441     2580     2584     2676     2742     5771     5805     5775     5777     5808     6139
     1442     2243     2396     2397     2355     4019     4871     4020     4017     4633     4634
     1443     2244     2686     2398     2397     4033     4887     4032     4031     4880     4876
     1444     2398     2683     2667     2686     4886     6065     4885     4887     6190     6067
     1445     2591     2744     2627     2597     5851     5999     5847     5846     5887     5884
     1446     2597     2627     2763     2744     5884     6000     5888     5887     5999     6487
     1447     2628     2741     2751     2702     6002     6484     6003     6001     6315     6317
     1448     2591     2744     2702     2776     5851     6316     5850     5852     6488     6318
     1449     2585     2591     2628     2702     5810     5848     5813     5815     5850     6001
     1450     2563     2711     2594     2751     5630     5865     5626     5633     6356     5866
     1451     2563     2569     2628     2751     5622     5686     5628     5633     5689     6003
     1452     2376     2391     2409     2456     4751     4845     4753     4755     4846     4944
     1453     2371     2377     2391     2376     4718     4757     4719     4717     4750     4751
     1454     2241     2394     2395     2353     3994     4861     3995     3992     4627     4628
     1455     2241     2680     2242     2395     3997     4009     3988     3995     4870     4006
     1456     2241     2675     2680     2730     3996     6127     3997     3998     6131     6171
     1457     2240     2730     2241     2394     3983     3998     3975     3981     4865     3994
     1458     2240     2730     2394     2393     3983     4865     3981     3980     4858     4856
     1459     2370     2730     2393     2750     4712     4858     4711     4714     6446     4860
     1460     2370     2371     2393     2376     4708     4720     4711     4710     4717     4752
     1461     2242     2354     2395     2396     4005     4630     4006     4007     4631     4867
     1462     2242     2680     2243     2396     4009     4021     4002     4007     4874     4019
     1463     2243     2715     2680     2714     4024     6169     4021     4023     6367     6168
     1464     2467     2575     2627     2763     5240     5739     5241     5243     5742     6000
     1465     2467     2713     2515     2575     5242     5490     5237     5240     5741     5489
     1466     2398     2766     2399     2613     4888     4894     4882     4884     5956     4891
     1467     2398     2667     2683     2766     4885     6065     4886     4888     6071     6193
     1468     2399     2676     2584     2766     4892     5805     4890     4894     6141     5809
     1469     2580     2756     2711     2742     5778     6357     5776     5777     6485     6355
     1470     2563     2711     2580     2594     5630     5776     5624     5626     5865     5772
     1471     2580     2756     2742     2676     5778     6485     5777     5775     6140     6139
     1472     2400     2676     2580     2584     4900     5775     4898     4899     5805     5771
     1473     2244     2356     2397     2398     4030     4636     4031     4032     4637     4876
     1474     2244     2686     2245     2398     4033     4045     4027     4032     4887     4042
     1475     2245     2398     2686     2683     4042     4887     4045     4044     4886     6190
     1476     2385     2744     2627     2591     4811     5999     4810     4809     5851     5847
     1477     2384     2763     2627     2744     4806     6000     4804     4805     6487     5999
     1478     2569     2628     2751     2702     5686     6003     5689     5688     6001     6317
     1479     2585     2591     2702     2776     5810     5850     5815     5817     5852     6318
     1480     2385     2744     2591     2776     4811     5851     4809     4812     6488     5852
     1481     2569     2585     2628     2702     5682     5813     5686     5688     5815     6001
     1482     2563     2594     2569     2751     5626     5684     5622     5633     5866     5689
     1483     2594     2711     2760     2751     5865     6358     5867     5866     6356     6512
     1484     2376     2409     2391     2738     4753     4845     4751     4756     4945     4848
     1485     2390     2391     2456     2409     4838     4846     4841     4840     4845     4944
     1486     2371     2393     2376     2391     4720     4752     4717     4719     4844     4751
     1487     2241     2675     2242     2680     3996     4008     3988     3997     6127     4009
     1488     2241     2795     2675     2730     3999     6132     3996     3998     6447     6131
     1489     2240     2241     2730     2795     3975     3998     3983     3985     3999     6447
     1490     2240     2352     2393     2394     3979     4624     3980     3981     4625     4856
     1491     2240     2730     2393     2738     3983     4858     3980     3984     6445     4859
     1492     2370     2738     2393     2730     4713     4859     4711     4712     6445     4858
     1493     2242     2714     2243     2680     4010     4023     4002     4009     6168     4021
     1494     2243     2714     2686     2715     4023     6207     4022     4024     6367     6208
     1495     2467     2627     2547     2763     5241     5557     5239     5243     6000     5559
     1496     2467     2786     2515     2713     5244     5491     5237     5242     6365     5490
     1497     2466     2786     2713     2515     5236     6365     5235     5231     5491     5490
     1498     2398     2399     2766     2683     4882     4894     4888     4886     4893     6193
     1499     2399     2790     2676     2766     4896     6142     4892     4894     6548     6141
     1500     2399     2676     2400     2584     4892     4900     4889     4890     5805     4899
     1501     2580     2756     2622     2711     5778     5984     5774     5776     6357     5983
     1502     2580     2622     2594     2711     5774     5863     5772     5776     5983     5865
     1503     2400     2756     2580     2676     4902     5778     4898     4900     6140     5775
     1504     2243     2244     2686     2875     4013     4033     4022     4025     4034     6211
     1505     2244     2245     2686     2876     4027     4045     4033     4035     4046     6212
     1506     2245     2683     2399     2398     4044     4893     4043     4042     4886     4882
     1507     2245     2686     2876     2683     4045     6212     4046     4044     6190     6195
     1508     2384     2627     2385     2744     4804     4810     4803     4805     5999     4811
     1509     2380     2763     2627     2384     4784     6000     4782     4778     4806     4804
     1510     2569     2690     2702     2751     5687     6241     5688     5689     6243     6317
     1511     2385     2591     2585     2776     4809     5810     4808     4812     5852     5817
     1512     2585     2702     2737     2776     5815     6314     5816     5817     6318     6473
     1513     2384     2385     2776     2744     4803     4812     4807     4805     4811     6488
     1514     2569     2690     2585     2702     5687     5814     5682     5688     6241     5815
     1515     2569     2760     2751     2594     5690     6512     5689     5684     5867     5866
     1516     2118     2711     2760     2594     2965     6358     2967     2962     5865     5867
     1517     2134     2135     2145     2466     3057     3065     3059     3060     3067     3124
     1518     2233     2738     2391     2409     3902     4848     3897     3900     4945     4845
     1519     2376     2391     2393     2738     4751     4844     4752     4756     4848     4859
     1520     2233     2390     2409     2391     3896     4840     3900     3897     4838     4845
     1521     2242     2680     2675     2714     4009     6127     4008     4010     6168     6128
     1522     2241     2242     2675     2891     3988     4008     3996     4001     4011     6134
     1523     2240     2241     2290     2352     3975     3989     3977     3979     3991     4386
     1524     2240     2241     2795     2867     3975     3999     3985     3986     4000     6606
     1525     2240     2795     2730     2738     3985     6447     3983     3984     6475     6445
     1526     2233     2738     2240     2393     3902     3984     3893     3898     4859     3980
     1527     2242     2243     2292     2354     4002     4014     4004     4005     4016     4392
     1528     2242     2243     2714     2904     4002     4023     4010     4012     4026     6371
     1529     2243     2875     2686     2714     4025     6211     4022     4023     6370     6207
     1530     2380     2547     2627     2763     4781     5557     4782     4784     5559     6000
     1531     2380     2763     2731     2547     4784     6448     4783     4781     5559     5558
     1532     2399     2789     2790     2766     4895     6596     4896     4894     6547     6548
     1533     2399     2400     2676     2790     4889     4900     4892     4896     4903     6142
     1534     2118     2711     2622     2756     2965     5983     2963     2966     6357     5984
     1535     2401     2580     2756     2622     4905     5778     4909     4906     5774     5984
     1536     2118     2622     2711     2594     2963     5983     2965     2962     5863     5865
     1537     2400     2723     2756     2676     4901     6417     4902     4900     6138     6140
     1538     2400     2756     2401     2580     4902     4909     4897     4898     5778     4905
     1539     2244     2876     2686     2875     4035     6212     4033     4034     6846     6211
     1540     2243     2354     2293     2292     4016     4394     4015     4014     4392     4391
     1541     2244     2294     2293     2356     4029     4393     4028     4030     4398     4396
     1542     2244     2245     2294     2356     4027     4037     4029     4030     4039     4398
     1543     2245     2398     2399     2357     4042     4882     4043     4040     4639     4640
     1544     2245     2683     2246     2399     4044     4054     4036     4043     4893     4052
     1545     2245     2898     2683     2876     4047     6196     4044     4046     6850     6195
     1546     2683     2876     2718     2686     6195     6396     6192     6190     6212     6209
     1547     2380     2627     2385     2384     4782     4810     4779     4778     4804     4803
     1548     2569     2760     2690     2751     5690     6244     5687     5689     6512     6243
     1549     2379     2776     2385     2585     4775     4812     4771     4773     5817     4808
     1550     2585     2776     2737     2625     5817     6473     5816     5812     5996     5995
     1551     2585     2702     2690     2737     5815     6241     5814     5816     6314     6242
     1552     2379     2385     2776     2384     4771     4812     4775     4770     4803     4807
     1553     2569     2600     2585     2690     5685     5811     5682     5687     5899     5814
     1554     2569     2586     2760     2594     5683     5822     5690     5684     5818     5867
     1555     2118     2594     2760     2629     2962     5867     2967     2964     5864     6004
     1556     2145     2786     2466     2544     3127     5236     3124     3126     5550     5233
     1557     2135     2145     2466     2544     3065     3124     3067     3069     3126     5233
     1558     2233     2408     2738     2409     3899     4940     3902     3900     4939     4945
     1559     2233     2738     2393     2391     3902     4859     3898     3897     4848     4844
     1560     2233     2655     2390     2391     3901     4842     3896     3897     4847     4838
     1561     2233     2390     2408     2409     3896     4839     3899     3900     4840     4939
     1562     2241     2352     2291     2290     3991     4388     3990     3989     4386     4385
     1563     2242     2292     2291     2354     4004     4387     4003     4005     4392     4390
     1564     2242     2675     2904     2714     4008     6135     4012     4010     6128     6371
     1565     2242     2904     2675     2891     4012     6135     4008     4011     6874     6134
     1566     2240     2892     2867     2795     3987     6821     3986     3985     6607     6606
     1567     2240     2892     2795     2738     3987     6607     3985     3984     6476     6475
     1568     2233     2240     2738     2238     3893     3984     3902     3892     3947     3955
     1569     2243     2875     2714     2904     4025     6370     4023     4026     6848     6371
     1570     2686     2714     2875     2775     6207     6370     6211     6210     6369     6576
     1571     2380     2627     2547     2382     4782     5557     4781     4777     4797     4796
     1572     2380     2731     2462     2547     4783     5212     4780     4781     5558     5211
     1573     2206     2731     2547     2462     3639     5558     3636     3630     5212     5211
     1574     2205     2786     2208     2731     3624     3667     3615     3623     6449     3666
     1575     2246     2399     2789     2790     4052     4895     4055     4056     4896     6596
     1576     2246     2790     2400     2399     4056     4903     4053     4052     4896     4889
     1577     2400     2676     2790     2723     4900     6142     4903     4901     6138     6419
     1578     2118     2622     2122     2756     2963     2988     2960     2966     5984     2991
     1579     2122     2622     2401     2756     2988     4906     2986     2991     5984     4909
     1580     2118     2622     2594     2120     2963     5863     2962     2959     2979     2978
     1581     2400     2401     2756     2723     4897     4909     4902     4901     4908     6417
     1582     2686     2875     2876     2775     6211     6846     6212     6210     6576     6577
     1583     2245     2356     2295     2294     4039     4400     4038     4037     4398     4397
     1584     2245     2246     2683     2898     4036     4054     4044     4047     4058     6196
     1585     2683     2876     2898     2718     6195     6850     6196     6192     6396     6398
     1586     2686     2876     2718     2775     6212     6396     6209     6210     6577     6393
     1587     2380     2385     2627     2382     4779     4810     4782     4777     4794     4797
     1588     2569     2760     2586     2690     5690     5822     5683     5687     6244     5821
     1589     2379     2776     2585     2625     4775     5817     4773     4774     5996     5812
     1590     2585     2737     2600     2625     5816     5900     5811     5812     5995     5898
     1591     2378     2737     2776     2625     4767     6473     4768     4766     5995     5996
     1592     2585     2690     2600     2737     5814     5899     5811     5816     6242     5900
     1593     2378     2776     2384     2379     4768     4807     4762     4759     4775     4770
     1594     2569     2586     2600     2690     5683     5819     5685     5687     5821     5899
     1595     2586     2760     2594     2629     5822     5867     5818     5820     6004     5864
     1596     2118     2760     2119     2629     2967     2975     2958     2964     6004     2974
     1597     2118     2120     2594     2629     2959     2978     2962     2964     2980     5864
     1598     2233     2738     2408     2238     3902     4940     3899     3892     3955     3954
     1599     2233     2408     2390     2238     3899     4839     3896     3892     3954     3952
     1600     2675     2904     2714     2729     6135     6371     6128     6130     6443     6368
     1601     2675     2891     2904     2905     6134     6874     6135     6136     6875     6886
     1602     2675     2795     2867     2722     6132     6606     6133     6129     6412     6414
     1603     2675     2867     2891     2905     6133     6820     6134     6136     6822     6875
     1604     2697     2795     2867     2892     6286     6606     6287     6289     6607     6821
     1605     2697     2738     2795     2892     6283     6475     6286     6289     6476     6607
     1606     2238     2892     2240     2738     3959     3987     3947     3955     6476     3984
     1607     2714     2904     2875     2775     6371     6848     6370     6369     6579     6576
     1608     2380     2462     2382     2547     4780     4795     4777     4781     5211     4796
     1609     2380     2462     2731     2381     4780     5212     4783     4776     4790     4792
     1610     2206     2545     2546     2547     3634     5551     3635     3636     5552     5555
     1611     2206     2538     2731     2462     3633     5535     3639     3630     5209     5212
     1612     2206     2547     2546     2462     3636     5555     3635     3630     5211     5210
     1613     2206     2207     2208     2731     3626     3641     3627     3639     3654     3666
     1614     2205     2731     2208     2207     3623     3666     3615     3614     3654     3641
     1615     2124     2205     2731     2786     2997     3623     3002     3003     3624     6449
     1616     2208     2467     2448     2545     3660     5160     3658     3662     5238     5163
     1617     2208     2448     2466     2542     3658     5159     3659     3661     5162     5232
     1618     2246     2898     2789     2683     4058     6598     4055     4054     6196     6194
     1619     2246     2789     2247     2790     4055     4070     4048     4056     6596     4071
     1620     2246     2358     2399     2400     4051     4642     4052     4053     4643     4889
     1621     2246     2790     2247     2400     4056     4071     4048     4053     4903     4065
     1622     2247     2723     2400     2790     4068     4901     4065     4071     6419     4903
     1623     2118     2622     2123     2122     2963     2994     2961     2960     2988     2985
     1624     2122     2123     2401     2622     2985     2992     2986     2988     2994     4906
     1625     2118     2123     2622     2120     2961     2994     2963     2959     2977     2979
     1626     2247     2723     2401     2400     4068     4908     4066     4065     4901     4897
     1627     2775     2875     2876     2858     6576     6846     6577     6575     6776     6777
     1628     2718     2876     2898     2861     6396     6850     6398     6395     6792     6796
     1629     2683     2718     2898     2716     6192     6398     6196     6191     6373     6381
     1630     2718     2775     2876     2858     6393     6577     6396     6394     6575     6777
     1631     2420     2586     2760     2690     5001     5822     5004     5003     5821     6244
     1632     2378     2625     2776     2379     4766     5996     4768     4759     4774     4775
     1633     2418     2625     2600     2737     4989     5898     4988     4990     5995     5900
     1634     2378     2418     2737     2625     4764     4990     4767     4766     4989     5995
     1635     2419     2737     2600     2690     4997     5900     4995     4996     6242     5899
     1636     2420     2760     2586     2629     5004     5822     5001     5002     6004     5820
     1637     2118     2120     2629     2119     2959     2980     2964     2958     2968     2974
     1638     2119     2760     2420     2629     2975     5004     2970     2974     6004     5002
     1639     2124     2145     2463     2786     2996     3123     2999     3003     3127     5218
     1640     2238     2408     2787     2738     3954     4941     3956     3955     4940     6474
     1641     2238     2390     2815     2408     3952     4843     3957     3954     4839     4942
     1642     2714     2904     2775     2729     6371     6579     6369     6368     6443     6440
     1643     2675     2905     2904     2729     6136     6886     6135     6130     6444     6443
     1644     2697     2867     2795     2722     6287     6606     6286     6281     6414     6412
     1645     2675     2867     2905     2722     6133     6822     6136     6129     6414     6416
     1646     2697     2892     2867     2871     6289     6821     6287     6288     6834     6819
     1647     2697     2738     2892     2787     6283     6476     6289     6284     6474     6595
     1648     2238     2892     2738     2787     3959     6476     3955     3956     6595     6474
     1649     2283     2344     2655     2350     4350     4595     4353     4351     4593     4619
     1650     2775     2904     2875     2878     6579     6848     6576     6578     6853     6847
     1651     2380     2462     2381     2382     4780     4790     4776     4777     4795     4785
     1652     2206     2643     2546     2545     3637     5556     3635     3634     5553     5551
     1653     2206     2208     2643     2545     3627     3664     3637     3634     3662     5553
     1654     2206     2537     2538     2462     3632     5532     3633     3630     5208     5209
     1655     2206     2536     2731     2538     3631     5531     3639     3633     5528     5535
     1656     2206     2546     2445     2462     3635     5143     3629     3630     5210     5141
     1657     2206     2536     2207     2731     3631     3648     3626     3639     5531     3654
     1658     2205     2260     2208     2542     3616     3657     3615     3620     4194     3661
     1659     2208     2448     2643     2545     3658     5165     3664     3662     5163     5553
     1660     2208     2642     2448     2542     3663     5164     3658     3661     5547     5162
     1661     2683     2716     2898     2789     6191     6381     6196     6194     6376     6598
     1662     2246     2884     2789     2898     4057     6597     4055     4058     6865     6598
     1663     2247     2696     2790     2789     4067     6278     4071     4070     6277     6596
     1664     2246     2247     2789     2884     4048     4070     4055     4057     4073     6597
     1665     2247     2790     2696     2723     4071     6278     4067     4068     6419     6274
     1666     2122     2402     2401     2123     2987     4904     2986     2985     2993     2992
     1667     2122     2723     2401     2703     2990     4908     2986     2989     6319     4907
     1668     2247     2359     2400     2401     4063     4645     4065     4066     4646     4897
     1669     2247     2723     2248     2401     4068     4080     4059     4066     4908     4078
     1670     2775     2878     2875     2858     6578     6847     6576     6575     6778     6776
     1671     2246     2296     2295     2358     4050     4399     4049     4051     4404     4402
     1672     2716     2718     2898     2861     6373     6398     6381     6377     6395     6796
     1673     2718     2897     2876     2861     6397     6849     6396     6395     6795     6792
     1674     2718     2876     2897     2858     6396     6849     6397     6394     6777     6779
     1675     2687     2718     2858     2775     6214     6394     6220     6217     6393     6575
     1676     2419     2420     2690     2586     4991     5003     4996     4994     5001     5821
     1677     2378     2451     2625     2379     4765     5179     4766     4759     4772     4774
     1678     2418     2419     2737     2600     4985     4997     4990     4988     4995     5900
     1679     2418     2600     2625     2452     4988     5898     4989     4987     5181     5182
     1680     2420     2454     2629     2586     5000     5188     5002     5001     5187     5820
     1681     2119     2629     2121     2120     2974     2984     2969     2968     2980     2976
     1682     2119     2420     2421     2629     2970     4998     2971     2974     5002     5008
     1683     2205     2543     2544     2463     3621     5549     3622     3618     5216     5217
     1684     2124     2145     2525     2463     2996     3125     3000     2999     3123     5213
     1685     2205     2544     2543     2542     3622     5549     3621     3620     5546     5545
     1686     2238     2787     2408     2407     3956     4941     3954     3953     4935     4934
     1687     2238     2390     2349     2815     3952     4614     3951     3957     4843     4615
     1688     2238     2408     2815     2407     3954     4942     3957     3953     4934     4938
     1689     2729     2878     2904     2775     6442     6853     6443     6440     6578     6579
     1690     2729     2905     2904     2878     6444     6886     6443     6442     6854     6853
     1691     2675     2722     2905     2729     6129     6416     6136     6130     6410     6444
     1692     2697     2871     2867     2722     6288     6819     6287     6281     6415     6414
     1693     2722     2867     2905     2854     6414     6822     6416     6413     6755     6759
     1694     2697     2792     2892     2871     6285     6601     6289     6288     6600     6834
     1695     2697     2892     2792     2787     6289     6601     6285     6284     6595     6594
     1696     2381     2462     2383     2382     4790     4801     4786     4785     4795     4793
     1697     2381     2383     2462     2538     4786     4801     4790     4791     4802     5209
     1698     2381     2731     2416     2538     4792     4981     4787     4791     5535     4980
     1699     2206     2643     2208     2258     3637     3664     3627     3628     4179     3656
     1700     2206     2445     2537     2462     3629     5142     3632     3630     5141     5208
     1701     2206     2537     2536     2538     3632     5527     3631     3633     5532     5528
     1702     2464     2731     2536     2538     5224     5531     5222     5223     5535     5528
     1703     2207     2731     2536     2464     3654     5531     3648     3645     5224     5222
     1704     2206     2207     2536     2661     3626     3648     3631     3638     3652     5530
     1705     2208     2260     2642     2542     3657     4197     3663     3661     4194     5547
     1706     2208     2642     2643     2448     3663     6026     3664     3658     5164     5165
     1707     2716     2884     2898     2789     6378     6865     6381     6376     6597     6598
     1708     2247     2884     2696     2789     4073     6280     4067     4070     6597     6277
     1709     2246     2247     2296     2358     4048     4060     4050     4051     4062     4404
     1710     2247     2696     2759     2723     4067     6275     4069     4068     6274     6418
     1711     2117     2123     2402     2122     2954     2993     2956     2953     2985     2987
     1712     2122     2401     2402     2703     2986     4904     2987     2989     4907     4910
     1713     2248     2703     2401     2723     4079     4907     4078     4080     6319     4908
     1714     2247     2248     2723     2759     4059     4080     4068     4069     4081     6418
     1715     2669     2878     2775     2858     6087     6578     6082     6085     6778     6575
     1716     2716     2718     2861     2719     6373     6395     6377     6374     6392     6402
     1717     2716     2861     2898     2885     6377     6796     6381     6379     6793     6868
     1718     2718     2897     2861     2719     6397     6795     6395     6392     6404     6402
     1719     2687     2858     2718     2897     6220     6394     6214     6222     6779     6397
     1720     2669     2858     2775     2687     6085     6575     6082     6078     6220     6217
     1721     2419     2453     2420     2586     4993     4999     4991     4994     5184     5001
     1722     2378     2451     2379     2383     4765     4772     4759     4761     4800     4769
     1723     2418     2600     2452     2419     4988     5181     4987     4985     4995     4992
     1724     2418     2451     2452     2625     4986     5178     4987     4989     5179     5182
     1725     2378     2417     2418     2451     4763     4982     4764     4765     4984     4986
     1726     2419     2453     2600     2452     4993     5185     4995     4992     5180     5181
     1727     2420     2453     2454     2586     4999     5183     5000     5001     5184     5187
     1728     2420     2454     2421     2629     5000     5006     4998     5002     5188     5008
     1729     2119     2421     2121     2629     2971     2981     2969     2974     5008     2984
     1730     2205     2543     2463     2442     3621     5216     3618     3617     5126     5124
     1731     2124     2463     2525     2125     2999     5213     3000     2995     3006     3007
     1732     2237     2787     2238     2407     3938     3956     3934     3936     4935     3953
     1733     2237     2238     2815     2407     3934     3957     3941     3936     3953     4938
     1734     2669     2775     2878     2729     6082     6578     6087     6081     6440     6442
     1735     2729     2905     2878     2872     6444     6854     6442     6441     6838     6836
     1736     2722     2727     2905     2729     6409     6437     6416     6410     6432     6444
     1737     2722     2867     2854     2871     6414     6755     6413     6415     6819     6756
     1738     2697     2734     2871     2722     6282     6466     6288     6281     6411     6415
     1739     2722     2854     2905     2727     6413     6759     6416     6409     6433     6437
     1740     2697     2734     2792     2871     6282     6465     6285     6288     6466     6600
     1741     2237     2892     2792     2871     3945     6601     3939     3944     6834     6600
     1742     2416     2538     2731     2464     4980     5535     4981     4978     5223     5224
     1743     2258     2643     2446     2546     4179     5150     4177     4178     5556     5147
     1744     2208     2643     2660     2258     3664     6031     3665     3656     4179     4180
     1745     2207     2464     2536     2449     3645     5222     3648     3644     5167     5170
     1746     2124     2463     2125     2541     2999     3006     2995     3001     5215     3008
     1747     2208     2660     2642     2260     3665     6029     3663     3657     4198     4197
     1748     2260     2443     2642     2542     4191     5133     4197     4194     5130     5547
     1749     2208     2643     2642     2660     3664     6026     3663     3665     6031     6029
     1750     2716     2898     2884     2885     6381     6865     6378     6379     6868     6864
     1751     2696     2884     2716     2789     6280     6378     6273     6277     6597     6376
     1752     2247     2868     2696     2884     4072     6279     4067     4073     6823     6280
     1753     2247     2358     2297     2296     4062     4406     4061     4060     4404     4403
     1754     2247     2696     2868     2759     4067     6279     4072     4069     6275     6538
     1755     2116     2117     2402     2122     2942     2956     2946     2944     2953     2987
     1756     2249     2401     2703     2402     4089     4907     4091     4090     4904     4910
     1757     2116     2402     2703     2122     2946     4910     2949     2944     2987     2989
     1758     2248     2759     2703     2723     4081     6321     4079     4080     6418     6319
     1759     2248     2703     2249     2401     4079     4091     4074     4078     4907     4089
     1760     2247     2360     2248     2297     4064     4077     4059     4061     4408     4075
     1761     2247     2248     2759     2868     4059     4081     4069     4072     4083     6538
     1762     2669     2853     2878     2858     6084     6752     6087     6085     6748     6778
     1763     2716     2861     2887     2719     6377     6794     6380     6374     6402     6403
     1764     2716     2861     2885     2887     6377     6793     6379     6380     6794     6866
     1765     2719     2861     2887     2897     6402     6794     6403     6404     6795     6871
     1766     2687     2718     2719     2897     6214     6392     6215     6222     6397     6404
     1767     2687     2858     2897     2901     6220     6779     6222     6223     6780     6880
     1768     2669     2853     2858     2687     6084     6748     6085     6078     6219     6220
     1769     2378     2383     2417     2451     4761     4798     4763     4765     4800     4984
     1770     2121     2421     2454     2629     2981     5006     2982     2984     5008     5188
     1771     2119     2121     2421     2455     2969     2981     2971     2973     2983     5007
     1772     2205     2463     2540     2442     3618     5214     3619     3617     5124     5125
     1773     2237     2792     2787     2407     3939     6594     3938     3936     4936     4935
     1774     2237     2815     2238     2848     3941     3957     3934     3942     6667     3958
     1775     2237     2407     2815     2814     3936     4938     3941     3940     4937     6664
     1776     2669     2729     2878     2872     6081     6442     6087     6086     6441     6836
     1777     2727     2872     2905     2729     6435     6838     6437     6432     6441     6444
     1778     2727     2905     2872     2854     6437     6838     6435     6433     6759     6757
     1779     2674     2854     2722     2727     6123     6413     6118     6120     6433     6409
     1780     2237     2871     2792     2734     3944     6600     3939     3937     6466     6465
     1781     2381     2450     2417     2383     4789     4983     4788     4786     4799     4798
     1782     2381     2450     2416     2417     4789     4977     4787     4788     4983     4976
     1783     2416     2450     2538     2464     4977     5177     4980     4978     5175     5223
     1784     2387     2731     2464     2416     4825     5224     4820     4819     4981     4978
     1785     2258     2446     2643     2660     4177     5150     4179     4180     5152     6031
     1786     2445     2446     2661     2537     5140     5153     5144     5142     5146     5534
     1787     2207     2513     2464     2449     3647     5220     3645     3644     5169     5167
     1788     2207     2536     2638     2449     3648     5529     3650     3644     5170     5172
     1789     2207     2663     2638     2661     3653     6018     3650     3652     6063     6016
     1790     2207     2465     2387     2513     3646     4821     3643     3647     5225     4822
     1791     2260     2642     2261     2660     4197     4205     4189     4198     6029     4207
     1792     2260     2642     2443     2261     4197     5133     4191     4189     4205     4202
     1793     2642     2645     2660     2643     6028     6034     6029     6026     6030     6031
     1794     2716     2885     2884     2779     6379     6864     6378     6375     6583     6582
     1795     2696     2716     2884     2779     6273     6378     6280     6276     6375     6582
     1796     2696     2884     2868     2779     6280     6823     6279     6276     6582     6581
     1797     2696     2779     2868     2759     6276     6581     6279     6275     6536     6538
     1798     2249     2402     2703     2765     4090     4910     4091     4092     4911     6322
     1799     2116     2402     2765     2703     2946     4911     2950     2949     4910     6322
     1800     2248     2864     2703     2759     4082     6324     4079     4081     6537     6321
     1801     2248     2249     2703     2890     4074     4091     4079     4084     4093     6325
     1802     2248     2297     2360     2298     4075     4408     4077     4076     4405     4410
     1803     2248     2298     2360     2249     4076     4410     4077     4074     4085     4087
     1804     2248     2759     2868     2864     4081     6538     4083     4082     6537     6808
     1805     2669     2878     2853     2872     6087     6752     6084     6086     6836     6750
     1806     2670     2719     2716     2887     6090     6374     6089     6097     6403     6380
     1807     2670     2716     2885     2887     6089     6379     6096     6097     6380     6866
     1808     2719     2860     2897     2887     6401     6789     6404     6403     6788     6871
     1809     2687     2897     2719     2860     6222     6404     6215     6221     6789     6401
     1810     2687     2897     2860     2901     6222     6789     6221     6223     6880     6790
     1811     2687     2858     2901     2853     6220     6780     6223     6219     6748     6753
     1812     2669     2794     2853     2687     6083     6602     6084     6078     6218     6219
     1813     2383     2450     2417     2451     4799     4983     4798     4800     5174     4984
     1814     2378     2381     2417     2383     4760     4788     4763     4761     4786     4798
     1815     2121     2454     2421     2455     2982     5006     2981     2983     5186     5007
     1816     2119     2421     2422     2455     2971     5005     2972     2973     5007     5010
     1817     2117     2455     2121     2119     2957     2983     2952     2951     2973     2969
     1818     2237     2406     2792     2407     3935     4930     3939     3936     4927     4936
     1819     2287     2288     2349     2848     4370     4376     4372     4373     4377     4616
     1820     2348     2349     2815     2848     4609     4615     4611     4612     4616     6667
     1821     2237     2815     2848     2814     3941     6667     3942     3940     6664     6665
     1822     2237     2814     2406     2407     3940     4932     3935     3936     4937     4927
     1823     2669     2872     2727     2729     6086     6435     6080     6081     6441     6432
     1824     2727     2872     2856     2854     6435     6767     6434     6433     6757     6754
     1825     2674     2856     2854     2727     6124     6754     6123     6120     6434     6433
     1826     2237     2792     2406     2734     3939     4930     3935     3937     6465     4929
     1827     2237     2734     2907     2871     3937     6468     3946     3944     6466     6835
     1828     2416     2464     2524     2450     4978     5221     4979     4977     5175     5176
     1829     2387     2464     2524     2416     4820     5221     4823     4819     4978     4979
     1830     2446     2660     2645     2643     5152     6034     5151     5150     6031     6030
     1831     2446     2638     2661     2537     5148     6016     5153     5146     5533     5534
     1832     2258     2446     2662     2661     4177     5154     4182     4181     5153     6062
     1833     2207     2449     2465     2513     3644     5168     3646     3647     5169     5225
     1834     2207     2638     2639     2449     3650     6014     3651     3644     5172     5173
     1835     2207     2639     2638     2663     3651     6014     3650     3653     6021     6018
     1836     2386     2387     2465     2513     4813     4821     4814     4815     4822     5225
     1837     2207     2449     2539     2465     3644     5171     3649     3646     5168     5226
     1838     2207     2639     2260     2539     3651     4196     3642     3649     5538     4192
     1839     2261     2444     2642     2443     4203     5137     4205     4202     5127     5133
     1840     2260     2261     2443     2663     4189     4202     4191     4199     4208     5134
     1841     2779     2884     2868     2885     6582     6823     6581     6583     6864     6824
     1842     2670     2716     2779     2885     6089     6375     6092     6096     6379     6583
     1843     2682     2868     2779     2759     6187     6581     6183     6181     6538     6536
     1844     2239     2249     2765     2402     3960     4092     3972     3967     4090     4911
     1845     2249     2703     2890     2765     4091     6325     4093     4092     6322     6546
     1846     2703     2864     2767     2759     6324     6549     6323     6321     6537     6535
     1847     2248     2890     2703     2864     4084     6325     4079     4082     6811     6324
     1848     2682     2864     2868     2759     6186     6808     6187     6181     6537     6538
     1849     2669     2853     2689     2872     6084     6237     6079     6086     6750     6239
     1850     2670     2745     2719     2887     6091     6399     6090     6097     6495     6403
     1851     2670     2887     2885     2889     6097     6866     6096     6098     6870     6867
     1852     2687     2719     2773     2860     6215     6400     6216     6221     6401     6566
     1853     2687     2860     2773     2901     6221     6566     6216     6223     6790     6569
     1854     2687     2901     2794     2853     6223     6605     6218     6219     6753     6602
     1855     2669     2689     2853     2794     6079     6237     6084     6083     6236     6602
     1856     2116     2422     2455     2119     2947     5010     2948     2943     2972     2973
     1857     2116     2455     2117     2119     2948     2957     2942     2943     2973     2951
     1858     2287     2349     2348     2848     4372     4609     4371     4373     4616     4612
     1859     2348     2815     2814     2848     4611     6664     4610     4612     6667     6665
     1860     2237     2814     2848     2849     3940     6665     3942     3943     6666     6739
     1861     2236     2406     2237     2814     3927     3935     3925     3930     4932     3940
     1862     2669     2689     2727     2872     6079     6232     6080     6086     6239     6435
     1863     2674     2871     2877     2734     6125     6833     6126     6121     6466     6467
     1864     2674     2854     2877     2871     6123     6758     6126     6125     6756     6833
     1865     2727     2872     2881     2856     6435     6837     6436     6434     6767     6769
     1866     2674     2727     2701     2856     6120     6306     6117     6124     6434     6310
     1867     2674     2877     2854     2856     6126     6758     6123     6124     6768     6754
     1868     2734     2877     2907     2871     6467     6852     6468     6466     6833     6835
     1869     2446     2661     2638     2662     5153     6016     5148     5154     6062     6017
     1870     2386     2524     2387     2513     4816     4823     4813     4815     5485     4822
     1871     2207     2639     2539     2449     3651     5538     3649     3644     5173     5171
     1872     2638     2639     2641     2663     6014     6020     6015     6018     6021     6025
     1873     2207     2639     2663     2260     3651     6021     3653     3642     4196     4199
     1874     2260     2639     2443     2539     4196     5132     4191     4192     5538     5128
     1875     2261     2644     2642     2444     4206     6027     4205     4203     5138     5137
     1876     2261     2444     2443     2663     4203     5127     4202     4208     5139     5134
     1877     2260     2443     2639     2663     4191     5132     4196     4199     5134     6021
     1878     2779     2885     2868     2889     6583     6824     6581     6584     6867     6825
     1879     2670     2885     2779     2889     6096     6583     6092     6098     6867     6584
     1880     2682     2779     2868     2889     6183     6581     6187     6189     6584     6825
     1881     2239     2402     2765     2392     3967     4911     3972     3966     4849     4854
     1882     2116     2765     2392     2422     2950     4854     2945     2947     5011     4851
     1883     2116     2392     2117     2455     2945     2955     2942     2948     4852     2957
     1884     2239     2249     2890     2765     3960     4093     3973     3972     4092     6546
     1885     2703     2890     2765     2758     6325     6546     6322     6320     6534     6531
     1886     2682     2767     2864     2759     6182     6549     6186     6181     6535     6537
     1887     2703     2864     2890     2767     6324     6811     6325     6323     6549     6552
     1888     2682     2868     2864     2855     6187     6808     6186     6185     6762     6761
     1889     2689     2853     2862     2872     6237     6749     6238     6239     6750     6797
     1890     2670     2745     2887     2852     6091     6495     6097     6094     6492     6744
     1891     2670     2889     2852     2887     6098     6745     6094     6097     6870     6744
     1892     2719     2745     2773     2860     6399     6490     6400     6401     6493     6566
     1893     2687     2773     2688     2901     6216     6225     6213     6223     6569     6230
     1894     2773     2860     2879     2901     6566     6786     6567     6569     6790     6856
     1895     2794     2901     2874     2853     6605     6845     6604     6602     6753     6751
     1896     2687     2688     2794     2901     6213     6227     6218     6223     6230     6605
     1897     2689     2862     2853     2794     6238     6749     6237     6236     6603     6602
     1898     2116     2422     2392     2455     2947     4851     2945     2948     5010     4852
     1899     2287     2848     2348     2849     4373     4612     4371     4374     6739     4613
     1900     2348     2848     2814     2849     4612     6665     4610     4613     6739     6666
     1901     2236     2237     2849     2814     3925     3943     3931     3930     3940     6666
     1902     2236     2406     2814     2813     3927     4932     3930     3929     4931     6660
     1903     2689     2881     2727     2872     6240     6436     6232     6239     6837     6435
     1904     2674     2877     2726     2734     6126     6430     6119     6121     6467     6426
     1905     2701     2727     2881     2856     6306     6436     6312     6310     6434     6769
     1906     2674     2701     2796     2856     6117     6309     6122     6124     6310     6608
     1907     2674     2796     2877     2856     6122     6610     6126     6124     6608     6768
     1908     2726     2877     2907     2734     6430     6852     6431     6426     6467     6468
     1909     2259     2446     2447     2662     4184     5145     4185     4188     5154     5157
     1910     2639     2663     2640     2641     6021     6023     6019     6020     6025     6022
     1911     2255     2444     2644     2261     4156     5138     4158     4152     4203     4206
     1912     2261     2640     2444     2663     4204     5136     4203     4208     6023     5139
     1913     2443     2663     2444     2639     5134     5139     5127     5132     6021     5135
     1914     2670     2889     2779     2682     6098     6584     6092     6088     6189     6183
     1915     2682     2889     2868     2855     6189     6825     6187     6185     6765     6762
     1916     2239     2422     2392     2765     3969     4851     3966     3972     5011     4854
     1917     2239     2765     2890     2250     3972     6546     3973     3961     4103     4107
     1918     2703     2767     2890     2758     6323     6552     6325     6320     6532     6534
     1919     2250     2890     2758     2765     4107     6534     4102     4103     6546     6531
     1920     2682     2869     2864     2767     6188     6809     6186     6182     6550     6549
     1921     2767     2864     2890     2888     6549     6811     6552     6551     6810     6873
     1922     2682     2864     2869     2855     6186     6809     6188     6185     6761     6763
     1923     2689     2881     2872     2862     6240     6837     6239     6238     6799     6797
     1924     2670     2781     2745     2852     6093     6491     6091     6094     6588     6492
     1925     2745     2902     2887     2852     6496     6872     6495     6492     6746     6744
     1926     2688     2773     2879     2901     6225     6567     6229     6230     6569     6856
     1927     2773     2883     2879     2860     6568     6855     6567     6566     6787     6786
     1928     2794     2862     2853     2874     6603     6749     6602     6604     6798     6751
     1929     2688     2794     2901     2874     6227     6605     6230     6228     6604     6845
     1930     2689     2794     2774     2862     6236     6571     6235     6238     6603     6572
     1931     2392     2403     2455     2422     4850     4914     4852     4851     4912     5010
     1932     2286     2348     2849     2287     4367     4613     4368     4365     4371     4374
     1933     2347     2849     2348     2814     4607     4613     4604     4606     6666     4610
     1934     2236     2849     2813     2814     3931     6661     3929     3930     6666     6660
     1935     2236     2405     2406     2813     3926     4922     3927     3929     4926     4931
     1936     2689     2701     2727     2881     6231     6306     6232     6240     6312     6436
     1937     2674     2796     2726     2877     6122     6428     6119     6126     6610     6430
     1938     2701     2870     2856     2881     6311     6766     6310     6312     6828     6769
     1939     2701     2796     2856     2896     6309     6608     6310     6313     6611     6770
     1940     2796     2877     2856     2896     6610     6768     6608     6611     6851     6770
     1941     2406     2734     2726     2907     4929     6426     4928     4933     6468     6431
     1942     2236     2726     2907     2406     3928     6431     3933     3927     4928     4933
     1943     2726     2907     2877     2866     6431     6852     6430     6429     6818     6815
     1944     2256     2645     2447     2259     4166     5156     4164     4160     4186     4185
     1945     2256     2259     2447     2662     4160     4185     4164     4167     4188     5157
     1946     2446     2641     2447     2662     5149     5155     5145     5154     6024     5157
     1947     2257     2641     2640     2663     4172     6022     4171     4174     6025     6023
     1948     2444     2663     2640     2639     5139     6023     5136     5135     6021     6019
     1949     2256     2641     2257     2662     4165     4172     4159     4167     6024     4173
     1950     2255     2640     2444     2261     4157     5136     4156     4152     4204     4203
     1951     2255     2261     2644     2262     4152     4206     4158     4153     4201     4212
     1952     2255     2644     2444     2305     4158     5138     4156     4154     4442     4440
     1953     2262     2645     2644     2308     4213     6032     4212     4211     4451     4450
     1954     2257     2640     2261     2663     4171     4204     4169     4174     6023     4208
     1955     2670     2889     2682     2855     6098     6189     6088     6095     6765     6185
     1956     2239     2403     2654     2392     3968     4915     3971     3966     4850     4853
     1957     2239     2423     2422     2765     3970     5009     3969     3972     5014     5011
     1958     2239     2422     2403     2392     3969     4912     3968     3966     4851     4850
     1959     2239     2423     2765     2250     3970     5014     3972     3961     4100     4103
     1960     2758     2767     2890     2888     6532     6552     6534     6533     6551     6873
     1961     2250     2758     2423     2765     4102     5013     4100     4103     6531     5014
     1962     2250     2758     2890     2888     4102     6534     4107     4106     6533     6873
     1963     2767     2869     2864     2888     6550     6809     6549     6551     6827     6810
     1964     2682     2708     2869     2767     6179     6344     6188     6182     6343     6550
     1965     2682     2869     2733     2855     6188     6463     6180     6185     6763     6461
     1966     2689     2862     2771     2881     6238     6559     6234     6240     6799     6561
     1967     2745     2781     2906     2852     6491     6591     6497     6492     6588     6747
     1968     2745     2906     2902     2852     6497     6885     6496     6492     6747     6746
     1969     2688     2717     2879     2773     6224     6388     6229     6225     6384     6567
     1970     2688     2901     2879     2874     6230     6856     6229     6228     6845     6843
     1971     2773     2879     2883     2903     6567     6855     6568     6570     6857     6862
     1972     2774     2874     2862     2794     6573     6798     6572     6571     6604     6603
     1973     2688     2774     2794     2874     6226     6571     6227     6228     6573     6604
     1974     2689     2774     2732     2862     6235     6453     6233     6238     6572     6454
     1975     2286     2849     2348     2347     4368     4613     4367     4366     4607     4604
     1976     2347     2849     2814     2813     4607     6666     4606     4605     6661     6660
     1977     2236     2849     2850     2813     3931     6740     3932     3929     6661     6662
     1978     2235     2813     2405     2236     3919     4926     3915     3913     3929     3926
     1979     2236     2405     2726     2406     3926     4923     3928     3927     4922     4928
     1980     2689     2881     2771     2701     6240     6561     6234     6231     6312     6308
     1981     2726     2796     2866     2877     6428     6609     6429     6430     6610     6815
     1982     2701     2881     2771     2870     6312     6561     6308     6311     6828     6560
     1983     2701     2856     2870     2896     6310     6766     6311     6313     6770     6830
     1984     2701     2896     2748     2796     6313     6509     6307     6309     6611     6506
     1985     2796     2866     2877     2896     6609     6815     6610     6611     6817     6851
     1986     2235     2726     2907     2236     3916     6431     3924     3913     3928     3933
     1987     2235     2726     2866     2907     3916     6429     3922     3924     6431     6818
     1988     2256     2262     2645     2259     4161     4213     4166     4160     4183     4186
     1989     2257     2640     2641     2307     4171     6022     4172     4170     4448     4449
     1990     2256     2641     2307     2257     4165     4449     4163     4159     4172     4170
     1991     2255     2640     2261     2257     4157     4204     4152     4151     4171     4169
     1992     2255     2305     2444     2640     4154     4440     4156     4157     4441     5136
     1993     2255     2644     2305     2262     4158     4442     4154     4153     4212     4209
     1994     2262     2644     2305     2308     4212     4442     4209     4211     4450     4439
     1995     2670     2781     2855     2682     6093     6589     6095     6088     6184     6185
     1996     2239     2423     2403     2422     3970     4913     3968     3969     5009     4912
     1997     2239     2403     2423     2250     3968     4913     3970     3961     4099     4100
     1998     2708     2767     2758     2888     6343     6532     6342     6345     6551     6533
     1999     2250     2424     2423     2758     4101     5012     4100     4102     5018     5013
     2000     2250     2888     2424     2758     4106     5021     4101     4102     6533     5018
     2001     2708     2888     2869     2767     6345     6827     6344     6343     6551     6550
     2002     2682     2869     2708     2733     6188     6344     6179     6180     6463     6340
     2003     2682     2733     2781     2855     6180     6459     6184     6185     6461     6589
     2004     2733     2869     2880     2855     6463     6826     6464     6461     6763     6764
     2005     2771     2862     2899     2881     6559     6801     6562     6561     6799     6858
     2006     2689     2732     2771     2862     6233     6452     6234     6238     6454     6559
     2007     2781     2852     2857     2906     6588     6743     6590     6591     6747     6775
     2008     2745     2757     2906     2781     6489     6530     6497     6491     6525     6591
     2009     2745     2906     2883     2902     6497     6863     6494     6496     6885     6861
     2010     2781     2852     2855     2857     6588     6742     6589     6590     6743     6760
     2011     2678     2773     2745     2883     6153     6490     6150     6155     6568     6494
     2012     2717     2903     2879     2773     6391     6857     6388     6384     6570     6567
     2013     2688     2879     2717     2874     6229     6388     6224     6228     6843     6387
     2014     2678     2883     2903     2773     6155     6862     6156     6153     6568     6570
     2015     2774     2874     2894     2862     6573     6844     6574     6572     6798     6800
     2016     2688     2717     2774     2874     6224     6385     6226     6228     6387     6573
     2017     2732     2862     2774     2894     6454     6572     6453     6455     6800     6574
     2018     2286     2849     2347     2850     4368     4607     4366     4369     6740     4608
     2019     2347     2849     2813     2850     4607     6661     4605     4608     6740     6662
     2020     2235     2236     2850     2813     3913     3932     3920     3919     3929     6662
     2021     2235     2405     2726     2236     3915     4923     3916     3913     3926     3928
     2022     2235     2812     2405     2813     3918     4925     3915     3919     6657     4926
     2023     2726     2796     2769     2866     6428     6555     6427     6429     6609     6556
     2024     2701     2771     2748     2870     6308     6505     6307     6311     6560     6507
     2025     2771     2870     2881     2899     6560     6828     6561     6562     6831     6858
     2026     2701     2748     2896     2870     6307     6509     6313     6311     6507     6830
     2027     2698     2748     2896     2796     6290     6509     6296     6293     6506     6611
     2028     2698     2866     2796     2896     6294     6609     6293     6296     6817     6611
     2029     2235     2726     2769     2866     3916     6427     3917     3922     6429     6556
     2030     2255     2307     2640     2257     4155     4448     4157     4151     4170     4171
     2031     2256     2641     2306     2307     4165     4446     4162     4163     4449     4443
     2032     2255     2305     2640     2307     4154     4441     4157     4155     4438     4448
     2033     2289     2654     2326     2351     4383     4533     4380     4381     4621     4531
     2034     2250     2820     2403     2423     4104     4916     4099     4100     5015     4913
     2035     2424     2888     2708     2758     5021     6345     5017     5018     6533     6342
     2036     2250     2820     2423     2424     4104     5015     4100     4101     5020     5012
     2037     2250     2888     2251     2424     4106     4117     4094     4101     5021     4109
     2038     2251     2869     2708     2888     4116     6344     4111     4117     6827     6345
     2039     2708     2733     2869     2739     6340     6463     6344     6341     6458     6479
     2040     2733     2857     2781     2855     6462     6590     6459     6461     6760     6589
     2041     2733     2880     2857     2855     6464     6773     6462     6461     6764     6760
     2042     2733     2880     2869     2739     6464     6826     6463     6458     6480     6479
     2043     2732     2771     2862     2899     6452     6559     6454     6456     6562     6801
     2044     2757     2781     2857     2906     6525     6590     6527     6530     6591     6775
     2045     2678     2757     2906     2745     6151     6530     6157     6150     6489     6497
     2046     2678     2745     2906     2883     6150     6497     6157     6155     6494     6863
     2047     2678     2903     2717     2773     6156     6391     6149     6153     6570     6384
     2048     2717     2903     2859     2879     6391     6785     6386     6388     6857     6782
     2049     2717     2859     2874     2879     6386     6781     6387     6388     6782     6843
     2050     2678     2863     2903     2883     6154     6806     6156     6155     6803     6862
     2051     2717     2774     2874     2894     6385     6573     6387     6390     6574     6844
     2052     2717     2894     2732     2774     6390     6455     6382     6385     6574     6453
     2053     2732     2899     2862     2894     6456     6801     6454     6455     6878     6800
     2054     2285     2286     2347     2850     4360     4366     4362     4363     4369     4608
     2055     2235     2850     2851     2813     3920     6741     3921     3919     6662     6663
     2056     2235     2769     2726     2405     3917     6427     3916     3915     4924     4923
     2057     2235     2812     2404     2405     3918     4920     3914     3915     4925     4917
     2058     2235     2851     2812     2813     3921     6659     3918     3919     6663     6657
     2059     2698     2796     2866     2769     6293     6609     6294     6291     6555     6556
     2060     2748     2896     2870     2886     6509     6830     6507     6508     6869     6829
     2061     2698     2896     2748     2886     6296     6509     6290     6295     6869     6508
     2062     2698     2886     2866     2896     6295     6816     6294     6296     6869     6817
     2063     2250     2328     2403     2820     4098     4539     4099     4104     4540     4916
     2064     2251     2888     2708     2424     4117     6345     4111     4109     5021     5017
     2065     2250     2251     2820     2424     4094     4113     4104     4101     4109     5020
     2066     2251     2708     2869     2252     4111     6344     4116     4108     4121     4127
     2067     2252     2708     2869     2739     4121     6344     4127     4122     6341     6479
     2068     2733     2791     2781     2857     6460     6587     6459     6462     6599     6590
     2069     2252     2869     2880     2739     4127     6826     4128     4122     6479     6480
     2070     2694     2880     2733     2739     6267     6464     6260     6261     6480     6458
     2071     2757     2857     2900     2906     6527     6774     6529     6530     6775     6883
     2072     2757     2857     2781     2791     6527     6590     6525     6526     6599     6587
     2073     2678     2906     2757     2863     6157     6530     6151     6154     6807     6528
     2074     2678     2906     2863     2883     6157     6807     6154     6155     6863     6803
     2075     2678     2761     2717     2903     6152     6383     6149     6156     6542     6391
     2076     2717     2903     2882     2859     6391     6860     6389     6386     6785     6783
     2077     2717     2874     2859     2894     6387     6781     6386     6390     6844     6784
     2078     2678     2761     2903     2863     6152     6542     6156     6154     6539     6806
     2079     2180     2732     2717     2894     3404     6382     3403     3406     6455     6390
     2080     2346     2813     2851     2850     4601     6663     4603     4602     6662     6741
     2081     2235     2404     2769     2405     3914     4918     3917     3915     4917     4924
     2082     2234     2404     2235     2812     3906     3914     3903     3909     4920     3918
     2083     2234     2235     2851     2812     3903     3921     3911     3909     3918     6659
     2084     2346     2812     2851     2813     4600     6659     4603     4601     6657     6663
     2085     2157     2870     2771     2230     3258     6560     3255     3252     3871     3868
     2086     2183     2748     2886     2698     3416     6508     3418     3415     6290     6295
     2087     2251     2708     2425     2424     4111     5023     4110     4109     5017     5016
     2088     2251     2819     2820     2424     4112     6675     4113     4109     5019     5020
     2089     2250     2820     2251     2847     4104     4113     4094     4105     6678     4115
     2090     2251     2708     2252     2425     4111     4121     4108     4110     5023     4119
     2091     2252     2708     2739     2425     4121     6341     4122     4119     5023     5024
     2092     2252     2880     2253     2739     4128     4139     4118     4122     6480     4132
     2093     2694     2739     2865     2880     6261     6478     6266     6267     6480     6813
     2094     2757     2863     2906     2900     6528     6807     6530     6529     6805     6883
     2095     2679     2757     2857     2900     6161     6527     6163     6167     6529     6774
     2096     2679     2857     2757     2791     6163     6527     6161     6162     6599     6526
     2097     2678     2761     2863     2757     6152     6539     6154     6151     6524     6528
     2098     2717     2903     2761     2882     6391     6542     6383     6389     6860     6540
     2099     2179     2859     2717     2882     3400     6386     3398     3401     6783     6389
     2100     2180     2894     2717     2859     3406     6390     3403     3405     6784     6386
     2101     2761     2882     2903     2863     6540     6860     6542     6539     6802     6806
     2102     2180     2732     2894     2181     3404     6455     3406     3402     3408     3410
     2103     2285     2851     2850     2346     4364     6741     4363     4361     4603     4602
     2104     2234     2404     2769     2235     3906     4918     3907     3903     3914     3917
     2105     2234     2816     2404     2812     3910     4921     3906     3909     6658     4920
     2106     2234     2284     2812     2851     3905     4357     3909     3911     4359     6659
     2107     2284     2851     2346     2812     4359     4603     4356     4357     6659     4600
     2108     2157     2182     2748     2183     3250     3412     3254     3251     3411     3416
     2109     2156     2182     2771     2157     3238     3413     3242     3236     3250     3255
     2110     2156     2771     2230     2157     3242     3868     3240     3236     3255     3252
     2111     2157     2870     2230     2231     3258     3871     3252     3253     3881     3861
     2112     2183     2698     2886     2772     3415     6295     3418     3417     6292     6565
     2113     2158     2183     2748     2886     3260     3416     3265     3269     3418     6508
     2114     2251     2425     2819     2424     4110     5026     4112     4109     5016     5019
     2115     2251     2847     2820     2819     4115     6678     4113     4112     6677     6675
     2116     2251     2425     2252     2819     4110     4119     4108     4112     5026     4124
     2117     2252     2425     2739     2426     4119     5024     4122     4120     5022     5028
     2118     2694     2865     2857     2880     6266     6771     6265     6267     6813     6773
     2119     2253     2865     2739     2880     4138     6478     4132     4139     6813     6480
     2120     2252     2739     2253     2426     4122     4132     4118     4120     5028     4130
     2121     2694     2739     2768     2865     6261     6477     6263     6266     6478     6553
     2122     2156     2181     2771     2182     3237     3409     3242     3238     3407     3413
     2123     2746     2757     2900     2863     6498     6529     6503     6500     6528     6805
     2124     2679     2900     2746     2757     6167     6503     6159     6161     6529     6498
     2125     2679     2857     2873     2900     6163     6772     6165     6167     6774     6840
     2126     2746     2863     2761     2757     6500     6539     6499     6498     6528     6524
     2127     2179     2882     2717     2761     3401     6389     3398     3399     6540     6383
     2128     2154     2859     2179     2882     3224     3400     3218     3225     6783     3401
     2129     2179     2180     2717     2859     3397     3403     3398     3400     3405     6386
     2130     2155     2894     2180     2859     3235     3406     3227     3234     6784     3405
     2131     2761     2882     2863     2893     6540     6802     6539     6541     6859     6804
     2132     2155     2181     2180     2894     3228     3402     3227     3235     3410     3406
     2133     2155     2156     2894     2229     3226     3245     3235     3231     3239     3857
     2134     2155     2181     2894     2156     3228     3410     3235     3226     3237     3245
     2135     2284     2346     2851     2285     4356     4603     4359     4354     4361     4364
     2136     2234     2772     2769     2404     3908     6554     3907     3906     4919     4918
     2137     2234     2284     2816     2812     3905     4358     3910     3909     4357     6658
     2138     2284     2346     2345     2812     4356     4596     4355     4357     4600     4597
     2139     2157     2183     2748     2158     3251     3416     3254     3249     3260     3265
     2140     2156     2157     2230     2839     3236     3252     3240     3244     3256     3869
     2141     2156     2229     2839     2230     3239     3856     3244     3240     3848     3869
     2142     2158     2886     2231     2232     3269     3882     3262     3263     3889     3873
     2143     2183     2772     2886     2184     3417     6565     3418     3414     3419     3420
     2144     2158     2184     2183     2886     3261     3414     3260     3269     3420     3418
     2145     2300     2301     2328     2847     4413     4418     4415     4416     4421     4541
     2146     2328     2820     2847     2329     4540     6678     4541     4538     4544     4546
     2147     2329     2819     2820     2847     4543     6675     4544     4546     6677     6678
     2148     2251     2846     2847     2819     4114     6738     4115     4112     6676     6677
     2149     2252     2818     2819     2425     4123     6671     4124     4119     5025     5026
     2150     2251     2252     2846     2819     4108     4126     4114     4112     4124     6676
     2151     2252     2818     2425     2426     4123     5025     4119     4120     5031     5022
     2152     2253     2865     2768     2739     4138     6553     4133     4132     6478     6477
     2153     2252     2253     2818     2426     4118     4135     4123     4120     4130     5031
     2154     2253     2768     2426     2739     4133     5029     4130     4132     6477     5028
     2155     2694     2768     2753     2865     6263     6515     6262     6266     6553     6516
     2156     2746     2900     2893     2863     6503     6876     6502     6500     6805     6804
     2157     2679     2746     2900     2873     6159     6503     6167     6165     6501     6840
     2158     2679     2873     2857     2865     6165     6772     6163     6164     6812     6771
     2159     2746     2761     2863     2893     6499     6539     6500     6502     6541     6804
     2160     2153     2154     2179     2882     3205     3218     3207     3214     3225     3401
     2161     2154     2227     2859     2882     3221     3833     3224     3225     3834     6783
     2162     2154     2180     2179     2859     3219     3397     3218     3224     3405     3400
     2163     2154     2180     2859     2155     3219     3405     3224     3217     3227     3234
     2164     2155     2228     2894     2859     3230     3846     3235     3234     3845     6784
     2165     2153     2761     2893     2882     3211     6541     3215     3214     6540     6859
     2166     2155     2836     2156     2229     3233     3243     3226     3231     3855     3239
     2167     2155     2229     2894     2228     3231     3857     3235     3230     3838     3846
     2168     2222     2404     2772     2234     3770     4919     3775     3768     3906     3908
     2169     2284     2345     2816     2812     4355     4598     4358     4357     4597     6658
     2170     2234     2272     2816     2284     3904     4295     3910     3905     4289     4358
     2171     2157     2158     2231     2842     3249     3262     3253     3257     3267     3880
     2172     2230     2281     2501     2231     3863     4342     3865     3861     3874     3876
     2173     2158     2159     2886     2232     3259     3278     3269     3263     3275     3889
     2174     2159     2772     2184     2886     3276     3419     3273     3278     6565     3420
     2175     2158     2184     2886     2159     3261     3420     3269     3259     3273     3278
     2176     2301     2329     2328     2847     4419     4538     4418     4421     4546     4541
     2177     2329     2819     2847     2846     4543     6677     4546     4545     6676     6738
     2178     2252     2818     2846     2819     4123     6674     4126     4124     6671     6676
     2179     2679     2753     2865     2694     6160     6516     6164     6158     6262     6266
     2180     2253     2254     2768     2865     4129     4144     4133     4138     4148     6553
     2181     2252     2818     2253     2845     4123     4135     4118     4125     6673     4137
     2182     2253     2817     2818     2426     4134     6668     4135     4130     5030     5031
     2183     2253     2768     2427     2426     4133     5033     4131     4130     5029     5027
     2184     2177     2873     2746     2679     3393     6501     3392     3391     6165     6159
     2185     2679     2873     2865     2895     6165     6812     6164     6166     6839     6814
     2186     2153     2154     2882     2226     3205     3225     3214     3209     3220     3821
     2187     2154     2882     2226     2227     3225     3821     3220     3221     3834     3815
     2188     2154     2155     2859     2227     3217     3234     3224     3221     3229     3833
     2189     2155     2859     2227     2228     3234     3833     3229     3230     3845     3826
     2190     2153     2893     2226     2882     3215     3822     3209     3214     6859     3821
     2191     2155     2836     2229     2228     3233     3855     3231     3230     3844     3838
     2192     2149     2404     2772     2222     3164     4919     3167     3163     3770     3775
     2193     2272     2816     2284     2345     4295     4358     4289     4292     4598     4355
     2194     2222     2272     2816     2234     3769     4295     3776     3768     3904     3910
     2195     2149     2222     2493     2816     3163     3772     3166     3168     3776     5390
     2196     2158     2842     2511     2231     3267     5481     3264     3262     3880     3879
     2197     2231     2502     2281     2501     3877     4343     3874     3876     5418     4342
     2198     2230     2501     2281     2280     3865     4342     3863     3862     4338     4334
     2199     2159     2184     2772     2174     3273     3419     3276     3272     3380     3382
     2200     2149     2772     2159     2222     3167     3276     3160     3163     3775     3274
     2201     2301     2329     2847     2846     4419     4546     4421     4420     4545     6738
     2202     2329     2819     2846     2330     4543     6676     4545     4542     4549     4551
     2203     2252     2846     2818     2845     4126     6674     4123     4125     6737     6673
     2204     2330     2846     2818     2819     4551     6674     4548     4549     6676     6671
     2205     2679     2865     2753     2895     6164     6516     6160     6166     6814     6517
     2206     2253     2427     2768     2254     4131     5033     4133     4129     4142     4144
     2207     2253     2818     2844     2845     4135     6672     4136     4137     6673     6736
     2208     2253     2844     2818     2817     4136     6672     4135     4134     6670     6668
     2209     2253     2427     2817     2426     4131     5034     4134     4130     5027     5030
     2210     2152     2873     2746     2177     3202     6501     3199     3195     3393     3392
     2211     2151     2679     2895     2873     3186     6166     3192     3191     6165     6839
     2212     2153     2834     2154     2226     3212     3222     3205     3209     3819     3220
     2213     2154     2226     2834     2227     3220     3819     3222     3221     3815     3831
     2214     2154     2835     2155     2227     3223     3232     3217     3221     3832     3229
     2215     2155     2227     2835     2228     3229     3832     3232     3230     3826     3843
     2216     2153     2226     2893     2225     3209     3822     3215     3208     3801     3812
     2217     2155     2836     2228     2835     3233     3844     3230     3232     6725     3843
     2218     2149     2174     2772     2404     3162     3382     3167     3164     3381     4919
     2219     2272     2345     2333     2816     4292     4559     4290     4295     4598     4562
     2220     2222     2272     2493     2816     3769     4293     3772     3776     4295     5390
     2221     2149     2492     2493     2222     3165     5384     3166     3163     3771     3772
     2222     2231     2510     2842     2511     3878     5476     3880     3879     5472     5481
     2223     2158     2829     2511     2842     3266     5480     3264     3267     6712     5481
     2224     2281     2502     2342     2501     4343     4589     4341     4342     5418     4588
     2225     2231     2281     2502     2282     3874     4343     3877     3875     4339     4346
     2226     2280     2501     2281     2341     4338     4342     4334     4336     4586     4340
     2227     2149     2772     2174     2159     3167     3382     3162     3160     3276     3272
     2228     2149     2222     2159     2161     3163     3274     3160     3161     3292     3271
     2229     2301     2302     2329     2846     4417     4423     4419     4420     4426     4545
     2230     2302     2329     2846     2330     4423     4545     4426     4424     4542     4551
     2231     2330     2818     2846     2845     4548     6674     4551     4550     6673     6737
     2232     2151     2753     2895     2679     3187     6517     3192     3186     6160     6166
     2233     2254     2753     2427     2768     4143     5032     4142     4144     6515     5033
     2234     2253     2427     2254     2817     4131     4142     4129     4134     5034     4145
     2235     2331     2818     2844     2817     4554     6672     4555     4553     6668     6670
     2236     2253     2254     2844     2817     4129     4147     4136     4134     4145     6670
     2237     2152     2746     2178     2177     3199     3395     3196     3195     3392     3390
     2238     2151     2873     2152     2177     3191     3202     3180     3182     3393     3195
     2239     2151     2895     2224     2873     3192     3798     3184     3191     6839     3797
     2240     2152     2178     2746     2153     3196     3395     3199     3194     3206     3210
     2241     2154     2835     2227     2834     3223     3832     3221     3222     6722     3831
     2242     2228     2508     2835     2836     3842     5462     3843     3844     5463     6725
     2243     2272     2816     2333     2493     4295     4562     4290     4293     5390     4560
     2244     2149     2222     2161     2492     3163     3292     3161     3165     3771     3294
     2245     2510     2806     2842     2511     5474     6644     5476     5472     5478     5481
     2246     2511     2842     2829     2806     5481     6712     5480     5478     6644     6643
     2247     2281     2341     2501     2342     4340     4586     4342     4341     4584     4588
     2248     2281     2502     2282     2342     4343     4346     4339     4341     4589     4344
     2249     2280     2341     2500     2501     4336     4585     4337     4338     4586     5415
     2250     2229     2500     2280     2279     3852     4337     3850     3849     4333     4329
     2251     2509     2839     2510     2800     5470     5475     5465     5466     6616     5473
     2252     2222     2272     2232     2503     3769     3883     3767     3773     4294     3886
     2253     2302     2330     2846     2845     4424     4551     4426     4425     4550     6737
     2254     2303     2818     2330     2845     4430     4548     4428     4432     6673     4550
     2255     2151     2679     2176     2753     3186     3388     3181     3187     6160     3389
     2256     2151     2895     2753     2223     3192     6517     3187     3183     3789     3787
     2257     2254     2427     2821     2817     4142     5035     4146     4145     5034     6669
     2258     2304     2331     2844     2817     4433     4555     4437     4435     4553     6670
     2259     2254     2817     2304     2844     4145     4435     4141     4147     6670     4437
     2260     2150     2175     2254     2753     3170     3384     3174     3176     3385     4143
     2261     2151     2152     2873     2224     3180     3202     3191     3184     3197     3797
     2262     2151     2224     2895     2223     3184     3798     3192     3183     3779     3789
     2263     2227     2507     2834     2835     3830     5452     3831     3832     5453     6722
     2264     2508     2835     2836     2826     5462     6725     5463     5460     6699     6700
     2265     2272     2333     2503     2493     4290     4561     4294     4293     4560     5389
     2266     2510     2842     2806     2800     5476     6644     5474     5473     6617     6613
     2267     2806     2842     2829     2825     6644     6712     6643     6642     6695     6693
     2268     2487     2829     2806     2511     5365     6643     5363     5360     5480     5478
     2269     2487     2823     2829     2511     5364     6684     5365     5360     5479     5480
     2270     2800     2839     2825     2828     6616     6694     6614     6615     6709     6692
     2271     2800     2825     2842     2806     6614     6695     6617     6613     6642     6644
     2272     2282     2342     2502     2343     4344     4589     4346     4345     4587     4590
     2273     2280     2500     2341     2340     4337     4585     4336     4335     4583     4581
     2274     2279     2500     2280     2340     4333     4337     4329     4331     4583     4335
     2275     2508     2802     2828     2509     5457     6626     5461     5456     5467     5468
     2276     2232     2282     2503     2272     3884     4347     3886     3883     4288     4294
     2277     2282     2343     2502     2503     4345     4590     4346     4347     4591     5422
     2278     2302     2303     2330     2845     4422     4428     4424     4425     4432     4550
     2279     2303     2818     2331     2330     4430     4554     4429     4428     4548     4547
     2280     2150     2753     2151     2176     3176     3187     3169     3171     3389     3181
     2281     2150     2223     2151     2753     3173     3183     3169     3176     3787     3187
     2282     2254     2821     2304     2817     4146     4436     4141     4145     6669     4435
     2283     2146     2427     2821     2254     3134     5035     3137     3133     4142     4146
     2284     2303     2844     2304     2331     4431     4437     4427     4429     4555     4433
     2285     2304     2332     2331     2817     4434     4552     4433     4435     4556     4553
     2286     2150     2223     2254     2221     3173     3780     3174     3172     3756     3757
     2287     2150     2753     2176     2175     3176     3389     3171     3170     3385     3383
     2288     2146     2254     2150     2175     3133     3174     3129     3131     3384     3170
     2289     2152     2153     2225     2840     3194     3208     3198     3200     3213     3809
     2290     2151     2224     2841     2152     3184     3796     3190     3180     3197     3201
     2291     2507     2834     2835     2827     5452     6722     5453     5451     6704     6705
     2292     2508     2804     2835     2826     5458     6636     5462     5460     6634     6699
     2293     2272     2333     2343     2503     4290     4558     4291     4294     4561     4591
     2294     2161     2492     2488     2518     3294     5367     3293     3295     5387     5369
     2295     2171     2829     2825     2806     3367     6693     3366     3365     6643     6642
     2296     2486     2829     2806     2487     5358     6643     5356     5354     5365     5363
     2297     2171     2806     2825     2800     3365     6642     3366     3364     6613     6614
     2298     2279     2340     2499     2500     4331     4582     4332     4333     4583     5412
     2299     2508     2828     2802     2807     5461     6626     5457     5459     6646     6625
     2300     2272     2282     2503     2343     4288     4347     4294     4291     4345     4591
     2301     2150     2223     2822     2151     3173     3788     3177     3169     3183     3188
     2302     2304     2821     2332     2817     4436     4557     4434     4435     6669     4556
     2303     2254     2821     2271     2304     4146     4287     4140     4141     4436     4281
     2304     2146     2821     2221     2254     3137     3764     3132     3133     4146     3757
     2305     2146     2150     2254     2221     3129     3174     3133     3132     3172     3757
     2306     2151     2504     2841     2224     3185     5429     3190     3184     3795     3796
     2307     2506     2801     2840     2831     5440     6623     5445     5443     6622     6717
     2308     2507     2827     2835     2804     5451     6705     5453     5450     6635     6636
     2309     2507     2835     2508     2804     5453     5462     5448     5450     6636     5458
     2310     2278     2339     2499     2279     4325     4580     4327     4324     4330     4332
     2311     2804     2827     2835     2826     6635     6705     6636     6634     6697     6699
     2312     2508     2807     2804     2826     5459     6633     5458     5460     6645     6634
     2313     2160     2161     2488     2518     3281     3293     3285     3287     3295     5369
     2314     2170     2171     2825     2800     3354     3366     3358     3357     3364     6614
     2315     2171     2316     2806     2800     3361     4488     3365     3364     4487     6613
     2316     2279     2339     2499     2340     4330     4580     4332     4331     4578     4582
     2317     2802     2807     2828     2838     6625     6646     6626     6627     6648     6708
     2318     2185     2531     2479     2516     3430     5316     3425     3428     5493     5314
     2319     2187     2531     2487     2484     3454     5362     3452     3450     5343     5341
     2320     2185     2823     2832     2187     3432     6685     3433     3422     3457     3458
     2321     2271     2304     2821     2332     4281     4436     4287     4283     4434     4557
     2322     2221     2254     2821     2271     3757     4146     3764     3758     4140     4287
     2323     2146     2221     2821     2490     3132     3764     3137     3135     3760     5379
     2324     2221     2223     2273     2494     3756     3781     3759     3762     3783     4299
     2325     2151     2504     2830     2841     3185     5428     3189     3190     5429     6714
     2326     2223     2224     2274     2495     3779     3791     3782     3784     3793     4304
     2327     2505     2840     2506     2801     5435     5445     5432     5433     6623     5440
     2328     2801     2824     2840     2831     6621     6690     6623     6622     6689     6717
     2329     2506     2803     2801     2831     5441     6619     5440     5443     6631     6622
     2330     2507     2803     2827     2804     5449     6630     5451     5450     6629     6635
     2331     2506     2507     2803     2827     5439     5449     5441     5442     5451     6630
     2332     2277     2338     2497     2498     4318     4576     4320     4321     4577     5402
     2333     2276     2497     2277     2338     4315     4320     4312     4314     4576     4318
     2334     2275     2497     2276     2337     4310     4315     4306     4308     4574     4313
     2335     2807     2828     2838     2826     6646     6708     6648     6645     6698     6702
     2336     2804     2837     2827     2826     6637     6706     6635     6634     6701     6697
     2337     2804     2807     2837     2826     6633     6647     6637     6634     6645     6701
     2338     2160     2518     2488     2324     3287     5369     3285     3284     4523     4521
     2339     2171     2172     2829     2486     3360     3374     3367     3363     3372     5358
     2340     2187     2484     2487     2486     3450     5341     3452     3451     5340     5354
     2341     2172     2823     2486     2187     3373     5357     3372     3369     3457     3451
     2342     2172     2823     2829     2486     3373     6684     3374     3372     5357     5358
     2343     2802     2828     2843     2838     6626     6710     6628     6627     6708     6729
     2344     2170     2825     2843     2800     3358     6696     3359     3357     6614     6618
     2345     2317     2802     2800     2843     4491     6612     4490     4492     6628     6618
     2346     2170     2317     2171     2800     3355     3362     3354     3357     4490     3364
     2347     2171     2317     2316     2800     3362     4485     3361     3364     4490     4487
     2348     2318     2802     2838     2807     4494     6627     4496     4495     6625     6648
     2349     2185     2187     2197     2531     3422     3449     3424     3430     3454     3556
     2350     2185     2197     2479     2531     3424     3553     3425     3430     3556     5316
     2351     2187     2484     2631     2531     3450     5345     3455     3454     5343     5518
     2352     2172     2832     2823     2187     3375     6685     3373     3369     3458     3457
     2353     2185     2187     2832     2186     3422     3458     3433     3421     3435     3445
     2354     2271     2332     2821     2327     4283     4557     4287     4282     4534     4537
     2355     2221     2271     2821     2490     3758     4287     3764     3760     4285     5379
     2356     2146     2490     2491     2221     3135     5377     3136     3132     3760     3761
     2357     2221     2494     2273     2271     3762     4299     3759     3758     4286     4280
     2358     2146     2148     2221     2491     3128     3151     3132     3136     3153     3761
     2359     2223     2495     2274     2273     3784     4304     3782     3781     4300     4296
     2360     2321     2801     2803     2831     4508     6619     4509     4511     6622     6631
     2361     2167     2831     2803     2827     3342     6631     3340     3341     6703     6630
     2362     2803     2837     2827     2804     6632     6706     6630     6629     6637     6635
     2363     2277     2338     2498     2339     4318     4577     4321     4319     4575     4579
     2364     2276     2497     2338     2337     4315     4576     4314     4313     4574     4572
     2365     2275     2497     2337     2496     4310     4574     4308     4309     5397     4573
     2366     2807     2826     2838     2837     6645     6702     6648     6647     6701     6728
     2367     2319     2807     2837     2804     4500     6647     4501     4499     6633     6637
     2368     2160     2161     2832     2188     3281     3297     3289     3283     3291     3466
     2369     2171     2316     2172     2486     3361     3371     3360     3363     4486     3372
     2370     2187     2486     2530     2484     3451     5355     3453     3450     5340     5342
     2371     2172     2187     2486     2186     3369     3451     3372     3368     3435     3440
     2372     2318     2838     2802     2843     4496     6627     4494     4497     6729     6628
     2373     2170     2317     2800     2843     3355     4490     3357     3359     4492     6618
     2374     2317     2802     2843     2318     4491     6628     4492     4489     4494     4497
     2375     2318     2807     2838     2319     4495     6648     4496     4493     4500     4502
     2376     2187     2197     2531     2631     3449     3556     3454     3455     3557     5518
     2377     2185     2479     2197     2528     3425     3553     3424     3429     5315     3555
     2378     2197     2480     2479     2531     3554     5313     3553     3556     5318     5316
     2379     2172     2186     2832     2187     3368     3445     3375     3369     3435     3458
     2380     2185     2832     2188     2186     3433     3466     3423     3421     3445     3436
     2381     2185     2665     2188     2528     3431     3465     3423     3429     5513     3463
     2382     2188     2528     2483     2488     3463     5335     3460     3461     5370     5333
     2383     2271     2327     2821     2490     4282     4537     4287     4285     4536     5379
     2384     2271     2494     2273     2334     4286     4299     4280     4284     4565     4297
     2385     2274     2496     2275     2336     4305     4309     4301     4303     4571     4307
     2386     2273     2495     2274     2335     4300     4304     4296     4298     4568     4302
     2387     2273     2335     2494     2495     4298     4567     4299     4300     4568     5391
     2388     2167     2827     2803     2837     3341     6630     3340     3343     6706     6632
     2389     2320     2837     2803     2804     4506     6632     4504     4505     6637     6629
     2390     2275     2496     2337     2336     4309     4573     4308     4307     4571     4569
     2391     2505     2805     2841     2801     5434     6640     5436     5433     6620     6624
     2392     2801     2841     2824     2805     6624     6691     6621     6620     6640     6638
     2393     2319     2807     2838     2837     4500     6648     4502     4501     6647     6728
     2394     2319     2804     2837     2320     4499     6637     4501     4498     4505     4506
     2395     2160     2519     2324     2489     3288     4524     3284     3286     5372     4522
     2396     2160     2188     2832     2489     3283     3466     3289     3286     3462     5374
     2397     2172     2315     2486     2316     3370     4482     3372     3371     4480     4486
     2398     2187     2666     2484     2530     3456     5346     3450     3453     5517     5342
     2399     2186     2187     2486     2530     3435     3451     3440     3443     3453     5355
     2400     2169     2838     2318     2843     3352     4496     3350     3353     6729     4497
     2401     2170     2843     2318     2317     3359     4497     3356     3355     4492     4489
     2402     2169     2318     2838     2319     3350     4496     3352     3351     4493     4502
     2403     2187     2195     2197     2631     3448     3537     3449     3455     3543     3557
     2404     2197     2480     2531     2631     3554     5318     3556     3557     5319     5518
     2405     2185     2528     2197     2665     3429     3555     3424     3431     5513     3559
     2406     2197     2479     2480     2528     3553     5313     3554     3555     5315     5317
     2407     2162     2832     2172     2186     3303     3375     3299     3300     3445     3368
     2408     2186     2832     2188     2489     3445     3466     3436     3441     5374     3462
     2409     2188     2528     2665     2483     3463     5513     3465     3460     5335     5339
     2410     2271     2490     2334     2327     4285     4564     4284     4282     4536     4535
     2411     2273     2494     2335     2334     4299     4567     4298     4297     4565     4563
     2412     2271     2334     2490     2494     4284     4564     4285     4286     4565     5378
     2413     2148     2491     2523     2478     3153     5382     3154     3152     5305     5307
     2414     2274     2496     2336     2495     4305     4571     4303     4304     5394     4570
     2415     2805     2830     2841     2824     6639     6714     6640     6638     6688     6691
     2416     2475     2805     2830     2504     5289     6639     5291     5286     5427     5428
     2417     2274     2495     2336     2335     4304     4570     4303     4302     4568     4566
     2418     2321     2801     2824     2322     4508     6621     4510     4507     4514     4516
     2419     2166     2321     2824     2322     3333     4510     3335     3334     4507     4516
     2420     2166     2321     2167     2831     3333     3339     3332     3336     4511     3342
     2421     2167     2803     2320     2837     3340     4504     3338     3343     6632     4506
     2422     2322     2801     2824     2805     4514     6621     4516     4515     6620     6638
     2423     2168     2319     2838     2837     3345     4502     3348     3347     4501     6728
     2424     2168     2837     2320     2319     3347     4506     3346     3345     4501     4498
     2425     2160     2832     2162     2489     3289     3303     3282     3286     5374     3302
     2426     2188     2529     2489     2483     3464     5373     3462     3460     5336     5334
     2427     2186     2666     2187     2530     3444     3456     3435     3443     5517     3453
     2428     2484     2666     2630     2530     5346     6005     5344     5342     5517     5516
     2429     2186     2530     2486     2485     3443     5355     3440     3439     5351     5347
     2430     2169     2318     2170     2843     3350     3356     3349     3353     4497     3359
     2431     2168     2319     2169     2838     3345     3351     3344     3348     4502     3352
     2432     2195     2480     2197     2631     3539     3554     3537     3543     5319     3557
     2433     2197     2665     2528     2632     3559     5513     3555     3558     6008     5512
     2434     2197     2528     2480     2632     3555     5317     3554     3558     5512     5320
     2435     2186     2188     2529     2489     3436     3464     3442     3441     3462     5373
     2436     2188     2665     2529     2483     3465     5515     3464     3460     5339     5336
     2437     2483     2665     2632     2528     5339     6008     5337     5335     5513     5512
     2438     2189     2833     2822     2192     3479     6680     3478     3470     3520     3519
     2439     2189     2468     2534     2517     3472     5249     3476     3474     5247     5498
     2440     2165     2824     2830     2805     3330     6688     3331     3329     6638     6639
     2441     2475     2476     2830     2805     5285     5296     5291     5289     5294     6639
     2442     2165     2824     2322     2166     3330     4516     3326     3325     3335     3334
     2443     2167     2320     2168     2837     3338     3346     3337     3343     4506     3347
     2444     2165     2824     2805     2322     3330     6638     3329     3326     4516     4515
     2445     2186     2481     2666     2530     3438     5326     3444     3443     5325     5517
     2446     2482     2630     2666     2530     5329     6005     5332     5328     5516     5517
     2447     2186     2530     2485     2481     3443     5351     3439     3438     5325     5323
     2448     2193     2197     2195     2480     3523     3537     3522     3527     3554     3539
     2449     2186     2489     2529     2485     3441     5373     3442     3439     5348     5350
     2450     2186     2529     2188     2196     3442     3464     3436     3437     3548     3459
     2451     2188     2529     2665     2196     3464     5515     3465     3459     3548     3550
     2452     2483     2633     2665     2529     5338     6009     5339     5336     5514     5515
     2453     2483     2632     2665     2633     5337     6008     5339     5338     6007     6009
     2454     2189     2833     2192     2190     3479     3520     3470     3468     3491     3483
     2455     2164     2822     2833     2192     3320     6680     3322     3317     3519     3520
     2456     2189     2664     2192     2534     3477     3518     3470     3476     5524     3516
     2457     2189     2468     2203     2534     3472     3599     3471     3476     5249     3602
     2458     2164     2476     2822     2192     3319     5295     3320     3317     3515     3519
     2459     2164     2830     2822     2476     3321     6679     3320     3319     5296     5295
     2460     2192     2534     2472     2475     3516     5265     3513     3514     5288     5263
     2461     2192     2472     2476     2475     3513     5264     3515     3514     5263     5285
     2462     2481     2482     2666     2530     5322     5332     5326     5325     5328     5517
     2463     2186     2196     2666     2481     3437     3551     3444     3438     3546     5326
     2464     2186     2485     2529     2481     3439     5350     3442     3438     5323     5324
     2465     2193     2480     2198     2197     3527     3563     3524     3523     3554     3552
     2466     2216     2633     2665     2632     3738     6009     3739     3737     6007     6008
     2467     2186     2529     2196     2481     3442     3548     3437     3438     5324     3546
     2468     2196     2665     2633     2529     3550     6009     3549     3548     5515     5514
     2469     2164     2192     2833     2190     3317     3520     3322     3316     3483     3491
     2470     2189     2203     2468     2532     3471     3599     3472     3475     3601     5248
     2471     2189     2191     2203     2532     3469     3497     3471     3475     3501     3601
     2472     2191     2478     2473     2532     3500     5271     3498     3501     5308     5272
     2473     2189     2534     2203     2664     3476     3602     3471     3477     5524     3605
     2474     2192     2534     2664     2472     3516     5524     3518     3513     5265     5269
     2475     2203     2468     2469     2534     3599     5246     3600     3602     5249     5251
     2476     2191     2473     2478     2808     3498     5271     3500     3505     5276     5309
     2477     2164     2830     2476     2165     3321     5296     3319     3315     3331     3328
     2478     2164     2190     2476     2192     3316     3487     3319     3317     3483     3515
     2479     2192     2472     2535     2476     3513     5266     3517     3515     5264     5293
     2480     2196     2482     2666     2481     3547     5332     3551     3546     5322     5326
     2481     2193     2198     2480     2213     3524     3563     3527     3525     3560     3725
     2482     2198     2633     2665     2216     3566     6009     3567     3562     3738     3739
     2483     2198     2213     2216     2480     3560     3724     3562     3563     3725     3735
     2484     2194     2214     2215     2482     3532     3727     3533     3534     3729     3730
     2485     2196     2529     2482     2481     3548     5327     3547     3546     5324     5322
     2486     2196     2633     2482     2529     3549     5330     3547     3548     5514     5327
     2487     2203     2469     2468     2532     3600     5246     3599     3601     5250     5248
     2488     2191     2203     2532     2634     3497     3601     3501     3503     3603     5519
     2489     2191     2634     2532     2473     3503     5519     3501     3498     5274     5272
     2490     2203     2664     2534     2636     3605     5524     3602     3604     6012     5523
     2491     2192     2664     2535     2472     3518     5526     3517     3513     5269     5266
     2492     2472     2664     2636     2534     5269     6012     5267     5265     5524     5523
     2493     2203     2636     2534     2469     3604     5523     3602     3600     5253     5251
     2494     2191     2473     2808     2477     3498     5276     3505     3499     5270     5300
     2495     2164     2476     2323     2165     3319     4518     3318     3315     3328     3327
     2496     2190     2535     2476     2192     3489     5293     3487     3483     3517     3515
     2497     2194     2482     2198     2214     3534     3564     3531     3532     3729     3561
     2498     2203     2532     2634     2469     3601     5519     3603     3600     5250     5252
     2499     2191     2201     2203     2634     3495     3582     3497     3503     3587     3603
     2500     2203     2636     2204     2664     3604     3611     3598     3605     6012     3613
     2501     2192     2535     2664     2202     3517     5526     3518     3512     3594     3597
     2502     2472     2637     2664     2535     5268     6013     5269     5266     5525     5526
     2503     2472     2664     2637     2636     5269     6013     5268     5267     6012     6011
     2504     2203     2469     2204     2636     3600     3609     3598     3604     5253     3611
     2505     2191     2477     2533     2473     3499     5299     3502     3498     5270     5273
     2506     2190     2535     2192     2202     3489     3517     3483     3484     3594     3512
     2507     2190     2476     2535     2474     3487     5293     3489     3486     5277     5280
     2508     2198     2482     2216     2214     3564     3736     3562     3561     3729     3728
     2509     2202     2664     2637     2535     3597     6013     3596     3594     5526     5525
     2510     2199     2203     2469     2204     3569     3600     3573     3570     3598     3609
     2511     2147     2522     2477     2325     3145     5298     3144     3143     4526     4525
     2512     2190     2202     2470     2535     3484     3591     3485     3489     3594     5258
     2513     2190     2470     2474     2535     3485     5256     3486     3489     5258     5280
     2514     2190     2533     2474     2470     3488     5279     3486     3485     5257     5256
     2515     2202     2637     2471     2535     3596     5262     3592     3594     5525     5260
     2516     2202     2664     2204     2637     3597     3613     3590     3596     6013     3612
     2517     2204     2469     2217     2220     3609     3742     3606     3608     3752     3741
     2518     2199     2204     2469     2217     3570     3609     3573     3571     3606     3742
     2519     2202     2471     2470     2535     3592     5255     3591     3594     5260     5258
     2520     2202     2204     2471     2637     3590     3610     3592     3596     3612     5262
     2521     2204     2471     2220     2218     3610     3753     3608     3607     3746     3745
     2522     2200     2202     2204     2471     3576     3590     3577     3580     3592     3610
     2523     2200     2204     2218     2471     3577     3607     3578     3580     3610     3746
     2524     2200     2218     2219     2471     3578     3744     3579     3580     3746     3747
     2525     2210     2549     2436     2431     3689     5088     3687     3686     5056     5055
     2526     2210     2436     2549     2550     3687     5088     3689     3690     5089     5566
     2527     2128     2138     2617     2598     3024     3091     3028     3027     3090     5890
     2528     2138     2617     2598     2693     3091     5890     3090     3092     5972     5892
     2529     2264     2649     2433     2310     4229     5069     4228     4226     4461     4460
     2530     2264     2433     2649     2658     4228     5069     4229     4231     5071     6046
     2531     2576     2602     2740     2793     5745     5910     5750     5751     5912     6482
     2532     2576     2740     2602     2620     5750     5910     5745     5747     5979     5908
     2533     2576     2695     2705     2793     5748     6268     5749     5751     6271     6331
     2534     2562     2576     2695     2705     5612     5748     5619     5620     5749     6268
     2535     2130     2140     2620     2780     3035     3100     3038     3039     3102     5980
     2536     2140     2620     2780     2740     3100     5980     3102     3101     5979     6481
     2537     2595     2605     2692     2754     5869     5924     5871     5873     5926     6252
     2538     2568     2605     2692     2595     5678     5924     5679     5675     5869     5871
     2539     2595     2725     2605     2754     5872     5925     5869     5873     6423     5926
     2540     2574     2725     2605     2595     5735     5925     5731     5730     5872     5869
     2541     2570     2725     2623     2574     5699     5990     5695     5691     5735     5733
     2542     2570     2623     2725     2699     5695     5990     5699     5697     5987     6298
     2543     2577     2705     2623     2668     5757     5988     5754     5755     6073     5985
     2544     2623     2668     2705     2797     5985     6073     5988     5991     6077     6332
     2545     2595     2692     2770     2754     5871     6254     5874     5873     6252     6520
     2546     2595     2770     2692     2604     5874     6254     5871     5868     5921     5920
     2547     2577     2589     2684     2579     5753     5836     5756     5752     5767     5770
     2548     2577     2684     2589     2705     5756     5836     5753     5757     6197     5837
     2549     2566     2692     2770     2604     5659     6254     5661     5655     5920     5921
     2550     2566     2770     2692     2681     5661     6254     5659     5658     6176     6173
     2551     2623     2720     2668     2797     5989     6075     5985     5991     6406     6077
     2552     2560     2668     2623     2720     5597     5985     5596     5599     6075     5989
     2553     2131     2799     2142     2141     3046     3111     3042     3041     3105     3103
     2554     2131     2142     2799     2619     3042     3111     3046     3044     3108     5978
     2555     2570     2587     2720     2762     5693     5827     5698     5700     5828     6405
     2556     2570     2720     2587     2581     5698     5827     5693     5692     5786     5779
     2557     2593     2684     2668     2743     5860     6072     5858     5861     6200     6076
     2558     2579     2684     2668     2593     5770     6072     5769     5768     5860     5858
     2559     2571     2606     2770     2604     5704     5933     5709     5703     5918     5921
     2560     2571     2770     2606     2700     5709     5933     5704     5707     6304     5931
     2561     2579     2583     2684     2593     5766     5799     5770     5768     5797     5860
     2562     2583     2684     2593     2747     5799     5860     5797     5802     6201     5862
     2563     2372     2606     2612     2749     4730     5930     4731     4732     5932     5952
     2564     2372     2612     2606     2374     4731     5930     4730     4725     4747     4746
     2565     2581     2710     2599     2590     5784     5895     5781     5780     5843     5841
     2566     2581     2599     2710     2712     5781     5895     5784     5785     5896     6351
     2567     2564     2747     2593     2677     5642     5862     5637     5640     6148     5859
     2568     2593     2677     2747     2743     5859     6148     5862     5861     6146     6486
     2569     2373     2606     2611     2375     4735     5929     4736     4734     4748     4749
     2570     2373     2611     2606     2700     4736     5929     4735     4737     5950     5931
     2571     2601     2680     2610     2728     5903     5946     5901     5905     6170     5949
     2572     2395     2610     2601     2680     4869     5901     4868     4870     5946     5903
     2573     2567     2584     2712     2721     5665     5806     5671     5672     5807     6360
     2574     2567     2712     2584     2599     5671     5806     5665     5667     5896     5803
     2575     2374     2456     2376     2410     4744     4755     4741     4743     4947     4754
     2576     2374     2376     2456     2377     4741     4755     4744     4742     4750     4758
     2577     2371     2373     2750     2611     4715     4739     4723     4722     4736     5951
     2578     2370     2373     2750     2371     4709     4739     4714     4708     4715     4723
     2579     2396     2610     2680     2715     4873     5946     4874     4875     5948     6169
     2580     2395     2610     2680     2396     4869     5946     4870     4867     4873     4874
     2581     2243     2686     2397     2715     4022     4880     4020     4024     6208     4881
     2582     2243     2397     2686     2244     4020     4880     4022     4013     4031     4033
     2583     2241     2867     2675     2795     4000     6133     3996     3999     6606     6132
     2584     2241     2675     2867     2891     3996     6133     4000     4001     6134     6820
     2585     2399     2683     2789     2766     4893     6194     4895     4894     6193     6547
     2586     2246     2399     2683     2789     4052     4893     4054     4055     4895     6194
     2587     2240     2283     2352     2290     3976     4352     3979     3977     4349     4386
     2588     2419     2586     2600     2453     4994     5819     4995     4993     5184     5185
     2589     2419     2600     2586     2690     4995     5819     4994     4996     5899     5821
     2590     2237     2892     2787     2792     3945     6595     3938     3939     6601     6594
     2591     2237     2787     2892     2238     3938     6595     3945     3934     3956     3959
     2592     2238     2349     2848     2815     3951     4616     3958     3957     4615     6667
     2593     2238     2848     2349     2288     3958     4616     3951     3949     4377     4376
     2594     2674     2722     2871     2734     6118     6415     6125     6121     6411     6466
     2595     2674     2871     2722     2854     6125     6415     6118     6123     6756     6413
     2596     2116     2402     2392     2765     2946     4849     2945     2950     4911     4854
     2597     2116     2392     2402     2117     2945     4849     2946     2942     2955     2956
     2598     2638     2663     2662     2661     6018     6064     6017     6016     6063     6062
     2599     2638     2662     2663     2641     6017     6064     6018     6015     6024     6025
     2600     2745     2860     2887     2902     6493     6788     6495     6496     6791     6872
     2601     2719     2860     2887     2745     6401     6788     6403     6399     6493     6495
     2602     2236     2237     2406     2907     3925     3935     3927     3933     3946     4933
     2603     2237     2406     2907     2734     3935     4933     3946     3937     4929     6468
     2604     2259     2645     2446     2660     4186     5151     4184     4187     6034     5152
     2605     2259     2446     2645     2447     4184     5151     4186     4185     5145     5156
     2606     2670     2852     2855     2781     6094     6742     6095     6093     6588     6589
     2607     2670     2855     2852     2889     6095     6742     6094     6098     6765     6745
     2608     2745     2883     2860     2902     6494     6787     6493     6496     6861     6791
     2609     2745     2860     2883     2773     6493     6787     6494     6490     6566     6568
     2610     2256     2641     2447     2306     4165     5155     4164     4162     4446     4445
     2611     2256     2447     2641     2662     4164     5155     4165     4167     5157     6024
     2612     2285     2850     2347     2346     4363     4608     4362     4361     4602     4599
     2613     2346     2850     2347     2813     4602     4608     4599     4601     6662     4605
     2614     2157     2771     2748     2182     3255     6505     3254     3250     3413     3412
     2615     2157     2748     2771     2870     3254     6505     3255     3258     6507     6560
     2616     2694     2733     2857     2791     6260     6462     6265     6264     6460     6599
     2617     2694     2857     2733     2880     6265     6462     6260     6267     6773     6464
     2618     2156     2732     2771     2181     3241     6452     3242     3237     3408     3409
     2619     2250     2328     2847     2300     4098     4541     4105     4096     4415     4416
     2620     2250     2847     2328     2820     4105     4541     4098     4104     6678     4540
     2621     2679     2857     2694     2865     6163     6265     6158     6164     6771     6266
     2622     2679     2694     2857     2791     6158     6265     6163     6162     6264     6599
     2623     2222     2816     2404     2234     3776     4921     3770     3768     3910     3906
     2624     2149     2816     2404     2222     3168     4921     3164     3163     3776     3770
     2625     2230     2510     2231     2501     3867     3878     3861     3865     5420     3876
     2626     2153     2179     2761     2882     3207     3399     3211     3214     3401     6540
     2627     2153     2761     2179     2178     3211     3399     3207     3206     3396     3394
     2628     2254     2865     2753     2768     4148     6516     4143     4144     6553     6515
     2629     2254     2753     2865     2895     4143     6516     4148     4149     6517     6814
     2630     2153     2761     2746     2893     3211     6499     3210     3215     6541     6502
     2631     2153     2746     2761     2178     3210     6499     3211     3206     3395     3396
     2632     2151     2177     2679     2873     3182     3391     3186     3191     3393     6165
     2633     2151     2679     2177     2176     3186     3391     3182     3181     3388     3387
     2634     2158     2231     2511     2232     3262     3879     3264     3263     3873     3887
     2635     2303     2844     2818     2845     4431     6672     4430     4432     6736     6673
     2636     2303     2818     2844     2331     4430     6672     4431     4429     4554     4555
     2637     2150     2753     2254     2223     3176     4143     3174     3173     3787     3780
     2638     2223     2753     2254     2895     3787     4143     3780     3789     6517     4149
     2639     2153     2226     2225     2840     3209     3801     3208     3213     3820     3809
     2640     2222     2503     2493     2272     3773     5389     3772     3769     4294     4293
     2641     2510     2800     2839     2842     5473     6616     5475     5476     6617     6730
     2642     2800     2839     2842     2825     6616     6730     6617     6614     6694     6695
     2643     2508     2836     2509     2828     5463     5469     5456     5461     6707     5468
     2644     2509     2828     2800     2802     5468     6615     5466     5467     6626     6612
     2645     2509     2800     2828     2839     5466     6615     5468     5470     6616     6709
     2646     2487     2823     2511     2516     5364     5479     5360     5361     5494     5477
     2647     2228     2499     2279     2278     3841     4332     3840     3839     4327     4324
     2648     2506     2834     2507     2827     5444     5452     5439     5442     6704     5451
     2649     2508     2828     2826     2836     5461     6698     5460     5463     6707     6700
     2650     2508     2826     2828     2807     5460     6698     5461     5459     6645     6646
     2651     2486     2487     2823     2829     5354     5364     5357     5358     5365     6684
     2652     2187     2487     2823     2486     3452     5364     3457     3451     5354     5357
     2653     2800     2828     2843     2802     6615     6710     6618     6612     6626     6628
     2654     2800     2843     2828     2825     6618     6710     6615     6614     6696     6692
     2655     2506     2831     2827     2803     5443     6703     5442     5441     6631     6630
     2656     2506     2827     2831     2834     5442     6703     5443     5444     6704     6716
     2657     2223     2494     2495     2273     3783     5391     3784     3781     4299     4300
     2658     2150     2517     2223     2221     3175     3786     3173     3172     3763     3756
     2659     2221     2490     2494     2271     3760     5378     3762     3758     4285     4286
     2660     2505     2840     2801     2841     5435     6623     5433     5436     6732     6624
     2661     2801     2841     2840     2824     6624     6732     6623     6621     6691     6690
     2662     2504     2841     2805     2830     5429     6640     5427     5428     6714     6639
     2663     2166     2824     2321     2831     3335     4510     3333     3336     6689     4511
     2664     2321     2831     2824     2801     4511     6689     4510     4508     6622     6621
     2665     2167     2321     2803     2831     3339     4509     3340     3342     4511     6631
     2666     2167     2803     2321     2320     3340     4509     3339     3338     4504     4503
     2667     2192     2822     2475     2476     3519     5290     3514     3515     5295     5285
     2668     2475     2476     2822     2830     5285     5295     5290     5291     5296     6679
     2669     2147     2148     2191     2833     3140     3150     3142     3146     3156     3507
     2670     2204     2637     2636     2220     3612     6011     3611     3608     3755     3754
     2671     2204     2636     2637     2664     3611     6011     3612     3613     6012     6013
     2672     2211     2646     2548     2657     3706     5563     3704     3708     6038     5564
     2673     2210     2724     2436     2550     3696     5092     3687     3690     5570     5089
     2674     2210     2778     2436     2724     3697     5093     3687     3696     6421     5092
     2675     2210     2548     2549     2657     3688     5561     3689     3695     5564     5568
     2676     2137     2138     2782     2441     3081     3093     3087     3083     3089     5122
     2677     2138     2441     2617     2782     3089     5120     3091     3093     5122     5975
     2678     2548     2646     2549     2657     5563     5567     5561     5564     6038     5568
     2679     2364     2724     2550     2436     4677     5570     4675     4674     5092     5089
     2680     2210     2431     2657     2549     3686     5058     3695     3689     5056     5568
     2681     2128     2138     2441     2617     3024     3089     3026     3028     3091     5120
     2682     2136     2209     2778     2556     3071     3682     3080     3078     3680     5581
     2683     2136     2209     2553     2137     3071     3677     3077     3070     3082     3085
     2684     2209     2268     2552     2551     3671     4257     3676     3675     4256     5572
     2685     2364     2559     2778     2436     4676     5589     4678     4674     5091     5093
     2686     2127     2128     2138     2441     3017     3024     3019     3020     3026     3089
     2687     2136     2778     2438     2556     3080     5102     3075     3078     5581     5101
     2688     2136     2553     2209     2437     3077     3677     3071     3074     5096     3673
     2689     2209     2552     2268     2428     3676     4257     3671     3672     5039     4254
     2690     2210     2558     2266     2431     3692     4242     3685     3686     5057     4240
     2691     2266     2432     2657     2431     4241     5067     4245     4240     5054     5058
     2692     2136     2526     2553     2437     3076     5511     3077     3074     5094     5096
     2693     2268     2552     2429     2428     4257     5043     4255     4254     5039     5037
     2694     2209     2268     2555     2428     3671     4259     3679     3672     4254     5040
     2695     2265     2658     2649     2659     4237     6046     4236     4238     6061     6047
     2696     2266     2558     2432     2431     4242     5061     4241     4240     5057     5054
     2697     2364     2366     2415     2559     4670     4689     4673     4676     4693     4973
     2698     2209     2555     2268     2554     3679     4259     3671     3678     5576     4258
     2699     2268     2429     2555     2428     4255     5045     4259     4254     5037     5040
     2700     2364     2415     2366     2369     4673     4689     4670     4672     4704     4688
     2701     2366     2461     2415     2559     4691     4971     4689     4693     5206     4973
     2702     2389     2778     2439     2512     4837     5107     4834     4835     5484     5104
     2703     2366     2415     2461     2369     4689     4971     4691     4688     4704     4706
     2704     2267     2270     2653     2656     4247     4277     4250     4251     4278     6056
     2705     2372     2612     2457     2411     4731     5191     4729     4728     4952     4950
     2706     2372     2749     2612     2411     4732     5952     4731     4728     4953     4952
     2707     2372     2374     2457     2612     4725     4745     4729     4731     4747     5191
     2708     2372     2374     2410     2457     4725     4743     4727     4729     4745     4948
     2709     2134     2144     2713     2466     3058     3120     3063     3060     3118     5235
     2710     2243     2356     2355     2397     4018     4632     4017     4020     4636     4634
     2711     2243     2354     2396     2355     4016     4631     4019     4017     4629     4633
     2712     2243     2244     2356     2397     4013     4030     4018     4020     4031     4636
     2713     2144     2786     2713     2466     3122     6365     3120     3118     5236     5235
     2714     2134     2145     2144     2466     3059     3117     3058     3060     3124     3118
     2715     2241     2354     2353     2395     3993     4626     3992     3995     4630     4628
     2716     2241     2352     2394     2353     3991     4625     3994     3992     4623     4627
     2717     2241     2242     2354     2395     3988     4005     3993     3995     4006     4630
     2718     2240     2394     2241     2352     3981     3994     3975     3979     4625     3991
     2719     2370     2393     2738     2376     4711     4859     4713     4710     4752     4756
     2720     2242     2396     2243     2354     4007     4019     4002     4005     4631     4016
     2721     2243     2356     2293     2355     4018     4396     4015     4017     4632     4395
     2722     2243     2355     2293     2354     4017     4395     4015     4016     4629     4394
     2723     2243     2356     2244     2293     4018     4030     4013     4015     4396     4028
     2724     2244     2398     2245     2356     4032     4042     4027     4030     4637     4039
     2725     2144     2145     2786     2466     3117     3127     3122     3118     3124     5236
     2726     2241     2354     2291     2353     3993     4390     3990     3992     4626     4389
     2727     2241     2353     2291     2352     3992     4389     3990     3991     4623     4388
     2728     2241     2354     2242     2291     3993     4005     3988     3990     4390     4003
     2729     2245     2356     2398     2357     4039     4637     4042     4040     4635     4639
     2730     2245     2357     2295     2356     4040     4401     4038     4039     4635     4400
     2731     2245     2358     2357     2399     4041     4638     4040     4043     4642     4640
     2732     2245     2246     2358     2399     4036     4051     4041     4043     4052     4642
     2733     2145     2463     2786     2544     3123     5218     3127     3126     5217     5550
     2734     2233     2655     2391     2393     3901     4847     3897     3898     4857     4844
     2735     2233     2655     2240     2283     3901     3982     3893     3894     4353     3976
     2736     2122     2401     2723     2756     2986     4908     2990     2991     4909     6417
     2737     2245     2358     2295     2357     4041     4402     4038     4040     4638     4401
     2738     2245     2358     2246     2295     4041     4051     4036     4038     4402     4049
     2739     2205     2786     2463     2544     3624     5218     3618     3622     5550     5217
     2740     2381     2462     2731     2538     4790     5212     4792     4791     5209     5535
     2741     2124     2463     2205     2786     2999     3618     2997     3003     5218     3624
     2742     2246     2400     2247     2358     4053     4065     4048     4051     4643     4062
     2743     2378     2451     2418     2625     4765     4986     4764     4766     5179     4989
     2744     2206     2546     2643     2258     3635     5556     3637     3628     4178     4179
     2745     2206     2546     2258     2445     3635     4178     3628     3629     5143     4176
     2746     2205     2543     2260     2542     3621     4195     3616     3620     5545     4194
     2747     2247     2358     2400     2359     4062     4643     4065     4063     4641     4645
     2748     2247     2401     2360     2359     4066     4648     4064     4063     4646     4644
     2749     2247     2401     2248     2360     4066     4078     4059     4064     4648     4077
     2750     2381     2538     2450     2383     4791     5177     4789     4786     4802     4799
     2751     2381     2416     2450     2538     4787     4977     4789     4791     4980     5177
     2752     2206     2445     2661     2537     3629     5144     3638     3632     5142     5534
     2753     2206     2536     2537     2661     3631     5527     3632     3638     5530     5534
     2754     2206     2661     2445     2258     3638     5144     3629     3628     4181     4176
     2755     2258     2546     2446     2445     4178     5147     4177     4176     5143     5140
     2756     2207     2464     2387     2731     3645     4820     3643     3654     5224     4825
     2757     2207     2638     2536     2661     3650     5529     3648     3652     6016     5530
     2758     2205     2260     2543     2442     3616     4195     3621     3617     4190     5126
     2759     2247     2359     2297     2358     4063     4407     4061     4062     4641     4406
     2760     2247     2297     2359     2360     4061     4407     4063     4064     4408     4644
     2761     2248     2401     2249     2360     4078     4089     4074     4077     4648     4087
     2762     2536     2638     2537     2661     5529     5533     5527     5530     6016     5534
     2763     2258     2446     2661     2445     4177     5153     4181     4176     5140     5144
     2764     2207     2387     2464     2513     3643     4820     3645     3647     4822     5220
     2765     2260     2443     2543     2442     4191     5131     4195     4190     5123     5126
     2766     2205     2540     2260     2442     3619     4193     3616     3617     5125     4190
     2767     2249     2402     2360     2401     4090     4649     4087     4089     4904     4648
     2768     2387     2524     2464     2513     4823     5221     4820     4822     5485     5220
     2769     2260     2540     2443     2442     4193     5129     4191     4190     5125     5123
     2770     2249     2360     2402     2361     4087     4649     4090     4088     4647     4651
     2771     2249     2299     2298     2360     4086     4409     4085     4087     4411     4410
     2772     2249     2360     2361     2299     4087     4647     4088     4086     4411     4412
     2773     2257     2662     2641     2663     4173     6024     4172     4174     6064     6025
     2774     2259     2262     2645     2660     4183     4213     4186     4187     4214     6034
     2775     2171     2829     2806     2486     3367     6643     3365     3363     5358     5356
     2776     2160     2488     2161     2188     3285     3293     3281     3283     3461     3291
     2777     2171     2806     2316     2486     3365     4488     3361     3363     5356     4486
     2778     2160     2488     2489     2324     3285     5366     3286     3284     4521     4522
     2779     2160     2489     2488     2188     3286     5366     3285     3283     3462     3461
     2780     2188     2483     2489     2488     3460     5334     3462     3461     5333     5366
     2781     2162     2832     2186     2489     3303     3445     3300     3302     5374     3441
     2782     2165     2805     2830     2476     3329     6639     3331     3328     5294     5296
     2783     2165     2805     2476     2322     3329     5294     3328     3326     4515     4513
     2784     2165     2323     2322     2476     3327     4512     3326     3328     4518     4513
     2785     2163     2314     2911     2811     3308     4478     3312     3310     4477     6656
     2786     2314     2911     2811     2810     4478     6656     4477     4476     6655     6654
     2787     2189     2532     2517     2910     3475     5497     3474     3481     5520     5501
     2788     2189     2517     2532     2468     3474     5497     3475     3472     5247     5248
     2789     2221     2517     2491     2910     3763     5381     3761     3765     5501     5383
     2790     2150     2517     2822     2223     3175     5499     3177     3173     3786     3788
     2791     2223     2517     2822     2909     3786     5499     3788     3790     5500     6681
     2792     2185     2528     2516     2479     3429     5492     3428     3425     5315     5314
     2793     2222     2492     2516     2908     3771     5386     3774     3778     5388     5495
     2794     2147     2191     2477     2911     3142     3499     3144     3147     3509     5303
     2795     2268     2429     2552     2551     4255     5043     4257     4256     5042     5572
     2796     2268     2555     2429     2554     4259     5045     4255     4258     5576     5044
     2797     2602     2620     2740     2780     5908     5979     5910     5911     5980     6481
     2798     2233     2240     2655     2393     3893     3982     3901     3898     3980     4857
     2799     2260     2543     2443     2542     4195     5131     4191     4194     5545     5130
     2800     2260     2539     2443     2540     4192     5128     4191     4193     5536     5129
     2801     2446     2641     2662     2638     5149     6024     5154     5148     6015     6017
     2802     2156     2732     2181     2894     3241     3408     3237     3245     6455     3410
     2803     2147     2477     2522     2911     3144     5298     3145     3147     5303     5508
     2804     2478     2517     2532     2910     5306     5497     5308     5311     5501     5520
     2805     2198     2216     2482     2633     3562     3736     3564     3566     3738     5330
     2806     2204     2469     2220     2636     3609     3752     3608     3611     5253     3754
     2807     2204     2471     2637     2220     3610     5262     3612     3608     3753     3755
     2808     2229     2500     2230     2280     3852     3864     3848     3850     4337     3862
     2809     2230     2280     2500     2501     3862     4337     3864     3865     4338     5415
     2810     2232     2503     2282     2502     3886     4347     3884     3885     5422     4346
     2811     2231     2232     2282     2502     3873     3884     3875     3877     3885     4346
     2812     2225     2226     2276     2497     3801     3816     3803     3805     3817     4315
     2813     2225     2497     2276     2275     3805     4315     3803     3802     4310     4306
     2814     2225     2497     2275     2496     3805     4310     3802     3804     5397     4309
     2815     2224     2496     2275     2274     3794     4309     3792     3791     4305     4301
     2816     2224     2496     2274     2495     3794     4305     3791     3793     5394     4304
     2817     2240     2655     2350     2283     3982     4619     3978     3976     4353     4351
     2818     2240     2350     2352     2283     3978     4617     3979     3976     4351     4352
     2819     2240     2352     2350     2393     3979     4617     3978     3980     4624     4618
     2820     2240     2350     2655     2393     3978     4619     3982     3980     4618     4857
     2821     2191     2201     2634     2473     3495     3587     3503     3498     3586     5274
     2822     2199     2203     2201     2469     3569     3582     3568     3573     3600     3584
     2823     2201     2469     2203     2634     3584     3600     3582     3587     5252     3603
     2824     2200     2219     2201     2471     3579     3583     3575     3580     3747     3585
     2825     2201     2471     2219     2635     3585     3747     3583     3588     5261     3750
     2826     2190     2810     2474     2533     3490     5281     3486     3488     5522     5279
     2827     2190     2474     2810     2911     3486     5281     3490     3493     5282     6655
     2828     2190     2191     2810     2533     3482     3506     3490     3488     3502     5522
     2829     2190     2810     2191     2911     3490     3506     3482     3493     6655     3509
     2830     2191     2477     2810     2533     3499     5301     3506     3502     5299     5522
     2831     2191     2810     2477     2911     3506     5301     3499     3509     6655     5303
     2832     2189     2910     2190     2191     3481     3492     3468     3469     3508     3482
     2833     2189     2910     2833     2190     3481     6720     3479     3468     3492     3491
     2834     2190     2910     2833     2191     3492     6720     3491     3482     3508     3507
     2835     2210     2557     2778     2212     3691     5585     3697     3684     3718     3722
     2836     2650     2652     2656     2653     6049     6055     6051     6050     6054     6056
     2837     2269     2650     2652     2656     4268     6049     4269     4270     6051     6055
     2838     2270     2656     2652     2653     4278     6055     4276     4277     6056     6054
     2839     2269     2652     2270     2656     4269     4276     4264     4270     6055     4278
     2840     2642     2644     2660     2645     6027     6033     6029     6028     6032     6034
     2841     2261     2642     2644     2660     4205     6027     4206     4207     6029     6033
     2842     2262     2660     2644     2645     4214     6033     4212     4213     6034     6032
     2843     2261     2644     2262     2660     4206     4212     4201     4207     6033     4214
     2844     2126     2438     2136     2388     3014     3075     3011     3012     4829     3072
     2845     2126     2136     2438     2556     3011     3075     3014     3016     3078     5101
     2846     2189     2475     2192     2909     3473     3514     3470     3480     5292     3521
     2847     2189     2192     2475     2534     3470     3514     3473     3476     3516     5288
     2848     2189     2517     2475     2909     3474     5287     3473     3480     5500     5292
     2849     2189     2475     2517     2534     3473     5287     3474     3476     5288     5498
     2850     2223     2517     2909     2504     3786     5500     3790     3785     5426     5430
     2851     2151     2223     2909     2504     3183     3790     3193     3185     3785     5430
     2852     2223     2504     2224     2495     3785     3795     3779     3784     5395     3793
     2853     2223     2494     2517     2504     3783     5393     3786     3785     5392     5426
     2854     2223     2495     2494     2504     3784     5391     3783     3785     5395     5392
     2855     2151     2504     2224     2223     3185     3795     3184     3183     3785     3779
     2856     2231     2511     2501     2510     3879     5421     3876     3878     5472     5420
     2857     2227     2278     2912     2228     3828     4328     3835     3826     3839     3847
     2858     2228     2912     2499     2278     3847     5414     3841     3839     4328     4327
     2859     2227     2228     2912     2835     3826     3847     3835     3832     3843     6726
     2860     2228     2912     2835     2508     3847     6726     3843     3842     5464     5462
     2861     2228     2508     2499     2912     3842     5413     3841     3847     5464     5414
     2862     2227     2913     2498     2277     3836     5411     3829     3827     4322     4321
     2863     2277     2913     2498     2497     4322     5411     4321     4320     5405     5402
     2864     2226     2227     2913     2834     3815     3836     3823     3819     3831     6723
     2865     2227     2913     2834     2507     3836     6723     3831     3830     5455     5452
     2866     2227     2507     2498     2913     3830     5408     3829     3836     5455     5411
     2867     2148     2523     2914     2478     3154     5510     3158     3152     5307     5312
     2868     2147     2191     2148     2914     3142     3150     3140     3148     3510     3158
     2869     2148     2191     2478     2914     3150     3500     3152     3158     3510     5312
     2870     2191     2478     2914     2808     3500     5312     3510     3505     5309     6650
     2871     2201     2219     2473     2635     3583     3748     3586     3588     3750     5275
     2872     2201     2473     2219     2634     3586     3748     3583     3587     5274     3749
     2873     2225     2506     2840     2226     3807     5445     3809     3801     3818     3820
     2874     2225     2497     2506     2226     3805     5403     3807     3801     3817     3818
     2875     2315     2485     2520     2915     4481     5349     4483     4484     5352     5503
     2876     2172     2186     2486     2915     3368     3440     3372     3376     3446     5359
     2877     2186     2486     2915     2485     3440     5359     3446     3439     5347     5352
     2878     2172     2486     2315     2915     3372     4482     3370     3376     5359     4484
     2879     2315     2915     2486     2485     4484     5359     4482     4481     5352     5347
     2880     2162     2186     2172     2915     3300     3368     3299     3304     3446     3376
     2881     2323     2916     2521     2474     4520     5505     4519     4517     5283     5278
     2882     2164     2190     2911     2916     3316     3493     3323     3324     3494     6889
     2883     2190     2911     2916     2474     3493     6889     3494     3486     5282     5283
     2884     2163     2164     2911     2916     3307     3323     3312     3313     3324     6889
     2885     2164     2476     2190     2916     3319     3487     3316     3324     5297     3494
     2886     2190     2916     2476     2474     3494     5297     3487     3486     5283     5277
     2887     2164     2323     2476     2916     3318     4518     3319     3324     4520     5297
     2888     2323     2476     2916     2474     4518     5297     4520     4517     5277     5283
     2889     2221     2490     2491     2494     3760     5377     3761     3762     5378     5380
     2890     2221     2517     2223     2494     3763     3786     3756     3762     5393     3783
     2891     2221     2491     2517     2494     3761     5381     3763     3762     5380     5393
     2892     2222     2492     2493     2503     3771     5384     3772     3773     5385     5389
     2893     2222     2232     2516     2503     3767     3888     3774     3773     3886     5425
     2894     2222     2516     2492     2503     3774     5386     3771     3773     5425     5385
     2895     2225     2840     2506     2505     3809     5445     3807     3806     5435     5432
     2896     2225     2505     2506     2496     3806     5432     3807     3804     5398     5399
     2897     2225     2497     2496     2506     3805     5397     3804     3807     5403     5399
     2898     2504     2805     2841     2917     5427     6640     5429     5431     6641     6734
     2899     2505     2917     2841     2805     5437     6734     5436     5434     6641     6640
     2900     2224     2504     2841     2917     3795     5429     3796     3799     5431     6734
     2901     2250     2326     2328     2300     4097     4530     4098     4096     4414     4415
     2902     2250     2328     2326     2403     4098     4530     4097     4099     4539     4532
     2903     2230     2510     2509     2839     3867     5465     3866     3869     5475     5470
     2904     2229     2230     2509     2839     3848     3866     3854     3856     3869     5470
     2905     2238     2349     2344     2288     3951     4592     3950     3949     4376     4375
     2906     2238     2344     2349     2390     3950     4592     3951     3952     4594     4614
     2907     2250     2289     2326     2300     4095     4380     4097     4096     4379     4414
     2908     2325     2918     2809     2808     4529     6653     4528     4527     6651     6649
     2909     2808     2914     2918     2809     6650     6892     6651     6649     6652     6653
     2910     2147     2477     2918     2325     3144     5304     3149     3143     4525     4529
     2911     2325     2918     2808     2477     4529     6651     4527     4525     5304     5300
     2912     2147     2477     2191     2918     3144     3499     3142     3149     5304     3511
     2913     2191     2918     2477     2808     3511     5304     3499     3505     6651     5300
     2914     2147     2191     2914     2918     3142     3510     3148     3149     3511     6892
     2915     2191     2914     2918     2808     3510     6892     3511     3505     6650     6651
     2916     2200     2202     2471     2201     3576     3592     3580     3575     3581     3585
     2917     2313     2919     2520     2485     4472     5504     4471     4468     5353     5349
     2918     2485     2919     2520     2915     5353     5504     5349     5352     6893     5503
     2919     2162     2489     2186     2919     3302     3441     3300     3305     5375     3447
     2920     2186     2919     2489     2485     3447     5375     3441     3439     5353     5348
     2921     2162     2313     2489     2919     3301     4469     3302     3305     4472     5375
     2922     2313     2489     2919     2485     4469     5375     4472     4468     5348     5353
     2923     2162     2186     2915     2919     3300     3446     3304     3305     3447     6893
     2924     2186     2915     2919     2485     3446     6893     3447     3439     5352     5353
     2925     2314     2474     2521     2920     4474     5278     4475     4479     5284     5506
     2926     2474     2916     2521     2920     5283     5505     5278     5284     6894     5506
     2927     2163     2911     2314     2920     3312     4478     3308     3314     6890     4479
     2928     2314     2920     2911     2474     4479     6890     4478     4474     5284     5282
     2929     2163     2911     2920     2916     3312     6890     3314     3313     6889     6894
     2930     2474     2920     2911     2916     5284     6890     5282     5283     6894     6889
     2931     2238     2344     2283     2288     3950     4350     3948     3949     4375     4348
     2932     2191     2635     2201     2473     3504     3588     3495     3498     5275     3586
     2933     2191     2533     2635     2473     3502     5521     3504     3498     5273     5275
     2934     2466     2542     2544     2786     5232     5546     5233     5236     5548     5550
     2935     2208     2542     2466     2786     3661     5232     3659     3667     5548     5236
     2936     2205     2786     2542     2208     3624     5548     3620     3615     3667     3661
     2937     2205     2542     2786     2544     3620     5548     3624     3622     5546     5550
     2938     2264     2653     2921     2433     4230     6057     4232     4228     5070     5072
     2939     2264     2921     2310     2433     4232     4462     4226     4228     5072     4460
     2940     2264     2310     2921     2270     4226     4462     4232     4225     4273     4279
     2941     2264     2921     2653     2270     4232     6057     4230     4225     4279     4277
     2942     2270     2310     2921     2312     4273     4462     4279     4274     4459     4467
     2943     2270     2921     2653     2312     4279     6057     4277     4274     4467     4466
     2944     2256     2645     2922     2447     4166     6035     4168     4164     5156     5158
     2945     2256     2922     2306     2447     4168     4447     4162     4164     5158     4445
     2946     2262     2306     2922     2308     4210     4447     4215     4211     4444     4452
     2947     2262     2922     2645     2308     4215     6035     4213     4211     4452     4451
     2948     2256     2306     2922     2262     4162     4447     4168     4161     4210     4215
     2949     2256     2922     2645     2262     4168     6035     4166     4161     4215     4213
     2950     2195     2482     2215     2630     3540     3730     3538     3542     5329     3732
     2951     2195     2666     2482     2630     3544     5332     3540     3542     6005     5329
     2952     2194     2215     2195     2482     3533     3538     3529     3534     3730     3540
     2953     2148     2822     2923     2910     3155     6683     3159     3157     6682     6888
     2954     2150     2923     2822     2910     3179     6683     3177     3178     6888     6682
     2955     2148     2910     2923     2221     3157     6888     3159     3151     3765     3766
     2956     2150     2923     2910     2221     3179     6888     3178     3172     3766     3765
     2957     2146     2148     2923     2221     3128     3159     3138     3132     3151     3766
     2958     2146     2923     2150     2221     3138     3179     3129     3132     3766     3172
     2959     2135     2145     2463     2525     3065     3123     3066     3068     3125     5213
     2960     2135     2463     2145     2544     3066     3123     3065     3069     5217     3126
     2961     2158     2159     2232     2924     3259     3275     3263     3270     3280     3891
     2962     2158     2511     2924     2232     3264     5482     3270     3263     3887     3891
     2963     2158     2924     2511     2829     3270     5482     3264     3266     6713     5480
     2964     2511     2924     2823     2829     5482     6687     5479     5480     6713     6684
     2965     2210     2559     2436     2778     3693     5091     3687     3697     5589     5093
     2966     2210     2436     2559     2558     3687     5091     3693     3692     5090     5587
     2967     2210     2557     2559     2778     3691     5583     3693     3697     5585     5589
     2968     2210     2559     2557     2558     3693     5583     3691     3692     5587     5582
     2969     2560     2743     2590     2593     5600     5845     5594     5595     5861     5840
     2970     2560     2590     2743     2710     5594     5845     5600     5598     5843     6354
     2971     2560     2668     2743     2593     5597     6076     5600     5595     5858     5861
     2972     2560     2743     2668     2710     5600     6076     5597     5598     6354     6074
     2973     2258     2660     2259     2446     4180     4187     4175     4177     5152     4184
     2974     2258     2446     2259     2662     4177     4184     4175     4182     5154     4188
     2975     2266     2432     2267     2658     4241     4248     4239     4246     5068     4252
     2976     2266     2656     2267     2432     4244     4251     4239     4241     5066     4248
     2977     2239     2402     2361     2249     3967     4651     3965     3960     4090     4088
     2978     2239     2361     2299     2249     3965     4412     3963     3960     4088     4086
     2979     2439     2557     2778     2925     5106     5585     5107     5108     5586     6580
     2980     2557     2778     2925     2559     5585     6580     5586     5583     5589     5590
     2981     2415     2778     2559     2925     4974     5589     4973     4975     6580     5590
     2982     2415     2778     2925     2439     4974     6580     4975     4970     5107     5108
     2983     2415     2559     2461     2925     4973     5206     4971     4975     5590     5207
     2984     2415     2461     2439     2925     4971     5103     4970     4975     5207     5108
     2985     2210     2212     2651     2557     3684     3720     3694     3691     3718     5584
     2986     2210     2651     2212     2266     3694     3720     3684     3685     4243     3712
     2987     2210     2651     2558     2557     3694     5588     3692     3691     5584     5582
     2988     2210     2558     2651     2266     3692     5588     3694     3685     4242     4243
     2989     2160     2162     2926     2489     3282     3306     3290     3286     3302     5376
     2990     2160     2926     2519     2489     3290     5502     3288     3286     5376     5372
     2991     2162     2489     2313     2926     3302     4469     3301     3306     5376     4473
     2992     2313     2926     2489     2519     4473     5376     4469     4470     5502     5372
     2993     2156     2836     2927     2229     3243     6727     3246     3239     3855     3858
     2994     2156     2927     2839     2229     3246     6731     3244     3239     3858     3856
     2995     2229     2839     2509     2927     3856     5470     3854     3858     6731     5471
     2996     2229     2509     2836     2927     3854     5469     3855     3858     5471     6727
     2997     2509     2836     2927     2828     5469     6727     5471     5468     6707     6711
     2998     2509     2927     2839     2828     5471     6731     5470     5468     6711     6709
     2999     2185     2487     2187     2531     3426     3452     3422     3430     5362     3454
     3000     2185     2187     2487     2823     3422     3452     3426     3432     3457     5364
     3001     2185     2516     2487     2531     3428     5361     3426     3430     5493     5362
     3002     2185     2487     2516     2823     3426     5361     3428     3432     5364     5494
     3003     2185     2488     2188     2908     3427     3461     3423     3434     5371     3467
     3004     2185     2188     2488     2528     3423     3461     3427     3429     3463     5370
     3005     2185     2516     2488     2908     3428     5368     3427     3434     5495     5371
     3006     2185     2488     2516     2528     3427     5368     3428     3429     5370     5492
     3007     2263     2430     2270     2269     4221     4275     4218     4217     4266     4264
     3008     2269     2270     2652     2430     4264     4276     4269     4266     4275     5052
     3009     2263     2430     2309     2270     4221     4455     4219     4218     4275     4272
     3010     2270     2430     2309     2652     4275     4455     4272     4276     5052     4457
     3011     2175     2254     2753     2928     3384     4143     3385     3386     4150     6518
     3012     2254     2753     2928     2427     4143     6518     4150     4142     5032     5036
     3013     2146     2175     2928     2254     3131     3386     3139     3133     3384     4150
     3014     2146     2928     2427     2254     3139     5036     3134     3133     4150     4142
     3015     2146     2427     2928     2173     3134     5036     3139     3130     3378     3379
     3016     2146     2928     2175     2173     3139     3386     3131     3130     3379     3377
     3017     2466     2713     2575     2515     5235     5741     5234     5231     5490     5489
     3018     2134     2466     2713     2575     3060     5235     3063     3061     5234     5741
     3019     2195     2630     2484     2666     3542     5344     3541     3544     6005     5346
     3020     2187     2484     2195     2631     3450     3541     3448     3455     5345     3543
     3021     2187     2195     2484     2666     3448     3541     3450     3456     3544     5346
     3022     2239     2392     2361     2402     3966     4650     3965     3967     4849     4651
     3023     2190     2202     2191     2533     3484     3496     3482     3488     3593     3502
     3024     2190     2470     2202     2533     3485     3591     3484     3488     5257     3593
     3025     2202     2533     2471     2635     3593     5259     3592     3595     5521     5261
     3026     2202     2470     2471     2533     3591     5255     3592     3593     5257     5259
     3027     2201     2202     2471     2635     3581     3592     3585     3588     3595     5261
     3028     2191     2201     2635     2202     3495     3588     3504     3496     3581     3595
     3029     2191     2635     2533     2202     3504     5521     3502     3496     3595     3593
     3030     2229     2508     2509     2500     3853     5456     3854     3852     5416     5417
     3031     2229     2509     2508     2836     3854     5456     3853     3855     5469     5463
     3032     2228     2229     2508     2836     3838     3853     3842     3844     3855     5463
     3033     2195     2215     2484     2630     3538     3731     3541     3542     3732     5344
     3034     2195     2484     2215     2631     3541     3731     3538     3543     5345     3733
     3035     2289     2654     2351     2929     4383     4621     4381     4384     6058     4622
     3036     2289     2351     2361     2929     4381     4620     4382     4384     4622     4652
     3037     2239     2361     2392     2929     3965     4650     3966     3974     4652     4855
     3038     2239     2392     2654     2929     3966     4853     3971     3974     4855     6058
     3039     2194     2482     2665     2198     3534     5331     3535     3531     3564     3567
     3040     2194     2665     2482     2196     3535     5331     3534     3530     3550     3547
     3041     2198     2665     2633     2482     3567     6009     3566     3564     5331     5330
     3042     2196     2482     2633     2665     3547     5330     3549     3550     5331     6009
     3043     2239     2289     2929     2654     3962     4384     3974     3971     4383     6058
     3044     2239     2361     2289     2299     3965     4382     3962     3963     4412     4378
     3045     2239     2289     2361     2929     3962     4382     3965     3974     4384     4652
     3046     2230     2510     2501     2509     3867     5420     3865     3866     5465     5419
     3047     2229     2500     2509     2230     3852     5417     3854     3848     3864     3866
     3048     2230     2501     2500     2509     3865     5415     3864     3866     5419     5417
     3049     2277     2278     2339     2498     4317     4325     4319     4321     4326     4579
     3050     2278     2499     2339     2498     4327     4580     4325     4326     5407     4579
     3051     2278     2912     2499     2498     4328     5414     4327     4326     5410     5407
     3052     2230     2839     2842     2510     3869     6730     3870     3867     5475     5476
     3053     2157     2230     2839     2842     3252     3869     3256     3257     3870     6730
     3054     2230     2842     2231     2510     3870     3880     3861     3867     5476     3878
     3055     2157     2230     2842     2231     3252     3870     3257     3253     3861     3880
     3056     2194     2196     2482     2195     3530     3547     3534     3529     3536     3540
     3057     2195     2196     2482     2666     3536     3547     3540     3544     3551     5332
     3058     2136     2388     2778     2389     3072     4832     3080     3073     4828     4837
     3059     2136     2778     2388     2438     3080     4832     3072     3075     5102     4829
     3060     2388     2512     2778     2389     4830     5484     4832     4828     4835     4837
     3061     2388     2778     2512     2438     4832     5484     4830     4829     5102     5099
     3062     2199     2469     2930     2217     3573     5254     3574     3571     3742     3743
     3063     2199     2930     2219     2217     3574     3751     3572     3571     3743     3740
     3064     2199     2469     2201     2930     3573     3584     3568     3574     5254     3589
     3065     2199     2201     2219     2930     3568     3583     3572     3574     3589     3751
     3066     2201     2219     2930     2634     3583     3751     3589     3587     3749     6010
     3067     2201     2930     2469     2634     3589     5254     3584     3587     6010     5252
     3068     2193     2480     2931     2213     3527     5321     3528     3525     3725     3726
     3069     2193     2931     2215     2213     3528     3734     3526     3525     3726     3723
     3070     2195     2215     2931     2631     3538     3734     3545     3543     3733     6006
     3071     2195     2931     2480     2631     3545     5321     3539     3543     6006     5319
     3072     2193     2480     2195     2931     3527     3539     3522     3528     5321     3545
     3073     2193     2195     2215     2931     3522     3538     3526     3528     3545     3734
     3074     2239     2326     2289     2654     3964     4380     3962     3971     4533     4383
     3075     2239     2289     2326     2250     3962     4380     3964     3961     4095     4097
     3076     2239     2403     2326     2654     3968     4532     3964     3971     4915     4533
     3077     2239     2326     2403     2250     3964     4532     3968     3961     4097     4099
     3078     2233     2344     2283     2238     3895     4350     3894     3892     3950     3948
     3079     2233     2283     2344     2655     3894     4350     3895     3901     4353     4595
     3080     2233     2390     2344     2238     3896     4594     3895     3892     3952     3950
     3081     2233     2344     2390     2655     3895     4594     3896     3901     4595     4842
     3082     2209     2555     2437     2428     3679     5097     3673     3672     5040     5038
     3083     2209     2437     2555     2556     3673     5097     3679     3680     5098     5580
     3084     2229     2499     2508     2500     3851     5413     3853     3852     5412     5416
     3085     2228     2508     2229     2499     3842     3853     3838     3841     5413     3851
     3086     2229     2279     2499     2500     3849     4332     3851     3852     4333     5412
     3087     2228     2229     2279     2499     3838     3849     3840     3841     3851     4332
     3088     2478     2809     2914     2808     5310     6652     5312     5309     6649     6650
     3089     2478     2914     2809     2523     5312     6652     5310     5307     5510     5509
     3090     2230     2771     2932     2870     3868     6563     3872     3871     6560     6832
     3091     2771     2899     2932     2870     6562     6881     6563     6560     6831     6832
     3092     2156     2771     2932     2230     3242     6563     3247     3240     3868     3872
     3093     2156     2230     2932     2229     3240     3872     3247     3239     3848     3859
     3094     2208     2448     2467     2786     3658     5160     3660     3667     5166     5244
     3095     2448     2515     2467     2786     5161     5237     5160     5166     5491     5244
     3096     2208     2448     2786     2466     3658     5166     3667     3659     5159     5236
     3097     2448     2515     2786     2466     5161     5491     5166     5159     5231     5236
     3098     2231     2502     2501     2511     3877     5418     3876     3879     5423     5421
     3099     2232     2503     2511     2516     3886     5424     3887     3888     5425     5477
     3100     2232     2511     2503     2502     3887     5424     3886     3885     5423     5422
     3101     2231     2232     2502     2511     3873     3885     3877     3879     3887     5423
     3102     2207     2539     2933     2465     3649     5539     3655     3646     5226     5228
     3103     2465     2933     2541     2539     5228     5542     5227     5226     5539     5537
     3104     2124     2387     2933     2541     2998     4826     3004     3001     4824     5542
     3105     2207     2933     2387     2465     3655     4826     3643     3646     5228     4821
     3106     2387     2933     2541     2465     4826     5542     4824     4821     5228     5227
     3107     2539     2933     2541     2540     5539     5542     5537     5536     5541     5540
     3108     2205     2260     2933     2207     3616     4200     3625     3614     3642     3655
     3109     2207     2933     2539     2260     3655     5539     3649     3642     4200     4192
     3110     2205     2933     2260     2540     3625     4200     3616     3619     5541     4193
     3111     2260     2933     2539     2540     4200     5539     4192     4193     5541     5536
     3112     2226     2506     2834     2913     3818     5444     3819     3823     5446     6723
     3113     2226     2497     2506     2913     3817     5403     3818     3823     5405     5446
     3114     2511     2924     2516     2823     5482     5496     5477     5479     6687     5494
     3115     2232     2924     2516     2511     3891     5496     3888     3887     5482     5477
     3116     2198     2665     2632     2216     3567     6008     3565     3562     3739     3737
     3117     2197     2198     2665     2632     3552     3567     3559     3558     3565     6008
     3118     2198     2632     2480     2216     3565     5320     3563     3562     3737     3735
     3119     2197     2198     2632     2480     3552     3565     3558     3554     3563     5320
     3120     2124     2463     2933     2205     2999     5219     3004     2997     3618     3625
     3121     2124     2933     2463     2541     3004     5219     2999     3001     5542     5215
     3122     2205     2540     2463     2933     3619     5214     3618     3625     5541     5219
     3123     2463     2933     2540     2541     5219     5541     5214     5215     5542     5540
     3124     2498     2912     2499     2508     5410     5414     5407     5409     5464     5413
     3125     2224     2917     2495     2504     3799     5396     3793     3795     5431     5395
     3126     2227     2278     2498     2912     3828     4326     3829     3835     4328     5410
     3127     2227     2498     2278     2277     3829     4326     3828     3827     4321     4317
     3128     2235     2769     2886     2866     3917     6557     3923     3922     6556     6816
     3129     2698     2769     2866     2886     6291     6556     6294     6295     6557     6816
     3130     2234     2235     2769     2886     3903     3917     3907     3912     3923     6557
     3131     2698     2886     2772     2769     6295     6565     6292     6291     6557     6554
     3132     2234     2769     2772     2886     3907     6554     3908     3912     6557     6565
     3133     2222     2772     2886     2234     3775     6565     3777     3768     3908     3912
     3134     2159     2772     2886     2222     3276     6565     3278     3274     3775     3777
     3135     2159     2886     2232     2222     3278     3889     3275     3274     3777     3767
     3136     2156     2894     2229     2934     3245     3857     3239     3248     6879     3860
     3137     2156     2932     2934     2229     3247     6896     3248     3239     3859     3860
     3138     2156     2732     2894     2934     3241     6455     3245     3248     6457     6879
     3139     2732     2894     2934     2899     6455     6879     6457     6456     6878     6882
     3140     2156     2771     2732     2934     3242     6452     3241     3248     6564     6457
     3141     2732     2934     2771     2899     6457     6564     6452     6456     6882     6562
     3142     2156     2771     2934     2932     3242     6564     3248     3247     6563     6896
     3143     2771     2899     2934     2932     6562     6882     6564     6563     6881     6896
     3144     2124     2731     2205     2933     3002     3623     2997     3004     6450     3625
     3145     2205     2933     2731     2207     3625     6450     3623     3614     3655     3654
     3146     2124     2387     2731     2933     2998     4825     3002     3004     4826     6450
     3147     2207     2933     2731     2387     3655     6450     3654     3643     4826     4825
     3148     2497     2913     2498     2507     5405     5411     5402     5404     5455     5408
     3149     2506     2834     2913     2507     5444     6723     5446     5439     5452     5455
     3150     2497     2506     2913     2507     5403     5446     5405     5404     5439     5455
     3151     2159     2908     2222     2232     3279     3778     3274     3275     3890     3767
     3152     2222     2232     2908     2516     3767     3890     3778     3774     3888     5495
     3153     2226     2497     2935     2276     3817     5406     3824     3816     4315     4316
     3154     2276     2935     2277     2497     4316     4323     4312     4315     5406     4320
     3155     2226     2935     2913     2227     3824     6891     3823     3815     3837     3836
     3156     2227     2913     2277     2935     3836     4322     3827     3837     6891     4323
     3157     2226     2913     2935     2497     3823     6891     3824     3817     5405     5406
     3158     2277     2935     2913     2497     4323     6891     4322     4320     5406     5405
     3159     2498     2507     2912     2508     5408     5454     5410     5409     5448     5464
     3160     2507     2912     2508     2835     5454     5464     5448     5453     6726     5462
     3161     2227     2507     2912     2498     3830     5454     3835     3829     5408     5410
     3162     2227     2912     2507     2835     3835     5454     3830     3832     6726     5453
     3163     2152     2225     2873     2936     3198     3811     3202     3203     3813     6841
     3164     2152     2873     2224     2936     3202     3797     3197     3203     6841     3800
     3165     2224     2936     2275     2496     3800     4311     3792     3794     5401     4309
     3166     2225     2275     2936     2496     3802     4311     3813     3804     4309     5401
     3167     2152     2936     2224     2841     3203     3800     3197     3201     6735     3796
     3168     2209     2554     2778     2556     3678     5579     3682     3680     5577     5581
     3169     2438     2778     2554     2556     5102     5579     5100     5101     5581     5577
     3170     2209     2778     2554     2212     3682     5579     3678     3670     3722     3717
     3171     2212     2554     2438     2778     3717     5100     3715     3722     5579     5102
     3172     2212     2778     2438     2434     3722     5102     3715     3714     5080     5073
     3173     2434     2778     2438     2512     5080     5102     5073     5075     5484     5099
     3174     2212     2439     2778     2434     3716     5107     3722     3714     5074     5080
     3175     2434     2439     2778     2512     5074     5107     5080     5075     5104     5484
     3176     2159     2908     2924     2823     3279     6887     3280     3277     6686     6687
     3177     2159     2924     2908     2232     3280     6887     3279     3275     3891     3890
     3178     2516     2924     2908     2823     5496     6887     5495     5494     6687     6686
     3179     2232     2924     2908     2516     3891     6887     3890     3888     5496     5495
     3180     2225     2936     2505     2496     3813     5438     3806     3804     5401     5398
     3181     2224     2917     2496     2495     3799     5400     3794     3793     5396     5394
     3182     2224     2936     2496     2917     3800     5401     3794     3799     6895     5400
     3183     2505     2841     2917     2936     5436     6734     5437     5438     6735     6895
     3184     2224     2936     2917     2841     3800     6895     3799     3796     6735     6734
     3185     2496     2936     2505     2917     5401     5438     5398     5400     6895     5437
     3186     2225     2936     2841     2505     3813     6735     3810     3806     5438     5436
     3187     2152     2936     2841     2225     3203     6735     3201     3198     3813     3810
     3188     2225     2841     2840     2505     3810     6732     3809     3806     5436     5435
     3189     2152     2841     2840     2225     3201     6732     3200     3198     3810     3809
     3190     2746     2893     2900     2937     6502     6876     6503     6504     6877     6884
     3191     2746     2900     2873     2937     6503     6840     6501     6504     6884     6842
     3192     2152     2873     2937     2746     3202     6842     3204     3199     6501     6504
     3193     2152     2937     2873     2225     3204     6842     3202     3198     3814     3811
     3194     2153     2840     2938     2226     3213     6733     3216     3209     3820     3825
     3195     2153     2938     2834     2226     3216     6724     3212     3209     3825     3819
     3196     2226     2506     2840     2938     3818     5445     3820     3825     5447     6733
     3197     2226     2506     2938     2834     3818     5447     3825     3819     5444     6724
     3198     2506     2840     2938     2831     5445     6733     5447     5443     6717     6718
     3199     2506     2938     2834     2831     5447     6724     5444     5443     6718     6716
     3200     2124     2939     2541     2125     3005     5543     3001     2995     3009     3008
     3201     2124     2939     2387     2541     3005     4827     2998     3001     5543     4824
     3202     2125     2541     2940     2939     3008     5544     3010     3009     5543     6897
     3203     2467     2941     2713     2763     5245     6366     5242     5243     6543     6363
     3204     2713     2941     2731     2763     6366     6451     6362     6363     6543     6448
     3205     2467     2547     2941     2763     5239     5560     5245     5243     5559     6543
     3206     2547     2731     2941     2763     5558     6451     5560     5559     6448     6543
     3207     2467     2941     2786     2713     5245     6593     5244     5242     6366     6365
     3208     2713     2786     2731     2941     6365     6449     6362     6366     6593     6451
     3209     2208     2467     2941     2786     3660     5245     3668     3667     5244     6593
     3210     2208     2941     2731     2786     3668     6451     3666     3667     6593     6449
     3211     2206     2547     2731     2941     3636     5558     3639     3640     5560     6451
     3212     2206     2731     2208     2941     3639     3666     3627     3640     6451     3668
     3213     2206     2545     2547     2941     3634     5552     3636     3640     5554     5560
     3214     2206     2545     2941     2208     3634     5554     3640     3627     3662     3668
     3215     2208     2941     2467     2545     3668     5245     3660     3662     5554     5238
     3216     2467     2941     2547     2545     5245     5560     5239     5238     5554     5552
     3217     2387     2939     2465     2541     4827     5229     4821     4824     5543     5227
     3218     2386     2465     2387     2939     4814     4821     4813     4817     5229     4827
     3219     2465     2939     2940     2541     5229     6897     5230     5227     5543     5544
     3220     2386     2465     2939     2940     4814     5229     4817     4818     5230     6897
     3221     2152     2225     2746     2937     3198     3808     3199     3204     3814     6504
     3222     2225     2746     2937     2893     3808     6504     3814     3812     6502     6877
     3223     2152     2225     2153     2746     3198     3208     3194     3199     3808     3210
     3224     2153     2746     2225     2893     3210     3808     3208     3215     6502     3812
     3225     2157     2231     2158     2870     3253     3262     3249     3258     3881     3268
     3226     2157     2158     2748     2870     3249     3265     3254     3258     3268     6507
     3227     2158     2231     2886     2870     3262     3882     3269     3268     3881     6829
     3228     2158     2886     2748     2870     3269     6508     3265     3268     6829     6507
-1
secnum,1    ! reset the section ID to default
! Material Id = {129D747A-5EBD-49B6-B216-8D7C167D3BE9}
/wb,elem,end               !  done creating elements
toffst,273.15,      ! Temperature offset from absolute zero
/com,*********** Set Reference Temperature ***********
tref,22.
/wb,mat,start              !  starting to send materials
/com,*********** Send Materials ***********
MP,EX,1,3500000000,	! Pa
MP,NUXY,1,0.36,
MP,DENS,1,1240,	! kg m^-3
MP,UVID,1,5cdeb2f3-901b-4a52-935e-462f929d72ae

MP,EX,2,3500000000,	! Pa
MP,NUXY,2,0.36,
MP,DENS,2,1240,	! kg m^-3
MP,UVID,2,5cdeb2f3-901b-4a52-935e-462f929d72ae

/wb,mat,end                !  done sending materials
!************************* Model Summary ********************
! Part2|PartBody,	PLA,	matid,	1
! 1st level|PartBody,	PLA,	matid,	2
!************************* End Model Summary ********************
! get the diagonal of the bounding box. Needed later for other things
*get,_xmin,node,,mnloc,x
*get,_ymin,node,,mnloc,y
*get,_zmin,node,,mnloc,z
*get,_xmax,node,,mxloc,x
*get,_ymax,node,,mxloc,y
*get,_zmax,node,,mxloc,z
_ASMDIAG=(_xmax-_xmin)*(_xmax-_xmin)+(_ymax-_ymin)*(_ymax-_ymin)+(_zmax-_zmin)*(_zmax-_zmin)
_ASMDIAG=SQRT(_ASMDIAG)
/wb,contact,start          !  starting to send contact
/com,*********** Create Contact "Contact Region" ***********
/com,            Real Constant Set For Above Contact Is 4 & 3 
*set,tid,4
*set,cid,3
r,tid
r,cid
et,tid,170
et,cid,174
MAT,4 $ TYPE,4 $ REAL,4 $ SECNUM,4 $ ESYS,0    ! ELEMNODES = 8
eblock,21,COMPACT,,96
(21i9)
     5665       17       19        6        6      467      425        6      424
     5666       19       18        5        5      476      418        5      419
     5667        5        8       19       19      417      431       19      419
     5668        8        6       19       19      423      425       19      431
     5669        7        5       20       20      416      420       20      429
     5670       20       17        6        6      468      424        6      426
     5671       18       20        5        5      477      420        5      418
     5672        6        7       20       20      422      429       20      426
     5673        1        4       31       31      400      414       31      402
     5674        4        2       31       31      406      408       31      414
     5675       31       30        1        1      579      401        1      402
     5676       29       31        2        2      569      408        2      407
     5677       27       26        9        9      545      435        9      436
     5678        9       12       27       27      434      448       27      436
     5679       25       27       10       10      536      442       10      441
     5680       12       10       27       27      440      442       27      448
     5681       28       25       10       10      537      441       10      443
     5682       26       28        9        9      546      437        9      435
     5683       10       11       28       28      439      446       28      443
     5684       11        9       28       28      433      437       28      446
     5685       15       13       23       23      450      453       23      463
     5686       23       22       14       14      511      458       14      459
     5687       21       23       13       13      502      453       13      452
     5688       14       15       23       23      456      463       23      459
     5689       13       16       24       24      451      465       24      454
     5690       24       21       13       13      503      452       13      454
     5691       22       24       14       14      512      460       14      458
     5692       16       14       24       24      457      460       24      465
     5693      229      292      280      280     1600     1849      280     1599
     5694      227      293      281      281     1583     1853      281     1582
     5695      226      291      272      272     1575     1818      272     1574
     5696      223      294      275      275     1548     1830      275     1547
     5697      226      230      291      291     1571     1608      291     1575
     5698      223      228      294      294     1544     1592      294     1548
     5699      129       25       28       28      542      537       28      561
     5700      230      279      291      291     1607     1846      291     1608
     5701      225      273      292      292     1565     1822      292     1566
     5702      225      292      229      229     1566     1600      229     1562
     5703      224      274      293      293     1556     1826      293     1557
     5704      224      293      227      227     1557     1583      227     1553
     5705      228      283      294      294     1590     1862      294     1592
     5706       28      131      129      129      563     1043      129      561
     5707       24       97      145      145      529      895      145      531
     5708       24       74       97       97      527      795       97      529
     5709       22       74       24       24      513      527       24      512
     5710       22       76       74       74      515      793       74      513
     5711       22       23       76       76      511      520       76      515
     5712      144       24      145      145      530      531      145     1122
     5713       21       24      144      144      503      530      144      504
     5714       28      132      131      131      564     1048      131      563
     5715       26      132       28       28      547      564       28      546
     5716      108       25      129      129      538      542      129      952
     5717       25      108      128      128      538      951      128      541
     5718       25      127       27       27      540      554       27      536
     5719      128      127       25       25     1039      540       25      541
     5720       17       84       19       19      470      487       19      467
     5721       85       84       17       17      842      470       17      471
     5722       29      120      119      119      576     1009      119      575
     5723       32      120       29       29      597      576       29      570
     5724       29      119       73       73      575      791       73      573
     5725       29       41       31       31      571      590       31      569
     5726       17       39       85       85      469      641       85      471
     5727       17       20       39       39      468      495       39      469
     5728       20       40       39       39      496      640       39      495
     5729       20       57       40       40      498      644       40      496
     5730       20       58       57       57      499      739       57      498
     5731       18       58       20       20      480      499       20      477
     5732       70       31       71       71      592      593       71      783
     5733       30       31       70       70      579      592       70      582
     5734       73       41       29       29      649      571       29      573
     5735       31       41       71       71      590      647       71      593
     5736       30       70      272      272      582      784      272      583
     5737       18      273       58       58      481      741       58      480
     5738       26      274      132      132      548     1053      132      547
     5739       21      144      275      275      504     1125      275      505
     5740       32      279      120      120      598     1011      120      597
     5741       19       84      280      280      487      845      280      488
     5742       27      127      281      281      554     1040      281      555
     5743       23      283       76       76      522      803       76      520
     5744       76      283       77       77      803      808       77      801
     5745       30      291       32       32      584      599       32      580
     5746       30      272      291      291      583     1818      291      584
     5747       32      291      279      279      599     1846      279      598
     5748       18       19      292      292      476      489      292      482
     5749       19      280      292      292      488     1849      292      489
     5750       18      292      273      273      482     1822      273      481
     5751       26       27      293      293      545      556      293      549
     5752       27      281      293      293      555     1853      293      556
     5753       26      293      274      274      549     1826      274      548
     5754       21      294       23       23      506      523       23      502
     5755       21      275      294      294      505     1830      294      506
     5756       23      294      283      283      523     1862      283      522
     5757       30       32        1        1      580      403        1      401
     5758        3        1       32       32      399      403       32      412
     5759       32       29        2        2      570      407        2      409
     5760        2        3       32       32      405      412       32      409
-1
secnum,1    ! reset the section ID to default
MAT,3 $ TYPE,3 $ REAL,3 $ SECNUM,3 $ ESYS,0    ! ELEMNODES = 8
eblock,21,COMPACT,,96
(21i9)
     5761       17       19        6        6      467      425        6      424
     5762       19       18        5        5      476      418        5      419
     5763        5        8       19       19      417      431       19      419
     5764        8        6       19       19      423      425       19      431
     5765        7        5       20       20      416      420       20      429
     5766       20       17        6        6      468      424        6      426
     5767       18       20        5        5      477      420        5      418
     5768        6        7       20       20      422      429       20      426
     5769        1        4       31       31      400      414       31      402
     5770        4        2       31       31      406      408       31      414
     5771       31       30        1        1      579      401        1      402
     5772       29       31        2        2      569      408        2      407
     5773       27       26        9        9      545      435        9      436
     5774        9       12       27       27      434      448       27      436
     5775       25       27       10       10      536      442       10      441
     5776       12       10       27       27      440      442       27      448
     5777       28       25       10       10      537      441       10      443
     5778       26       28        9        9      546      437        9      435
     5779       10       11       28       28      439      446       28      443
     5780       11        9       28       28      433      437       28      446
     5781       15       13       23       23      450      453       23      463
     5782       23       22       14       14      511      458       14      459
     5783       21       23       13       13      502      453       13      452
     5784       14       15       23       23      456      463       23      459
     5785       13       16       24       24      451      465       24      454
     5786       24       21       13       13      503      452       13      454
     5787       22       24       14       14      512      460       14      458
     5788       16       14       24       24      457      460       24      465
     5789      229      292      280      280     1600     1849      280     1599
     5790      227      293      281      281     1583     1853      281     1582
     5791      226      291      272      272     1575     1818      272     1574
     5792      223      294      275      275     1548     1830      275     1547
     5793      226      230      291      291     1571     1608      291     1575
     5794      223      228      294      294     1544     1592      294     1548
     5795      129       25       28       28      542      537       28      561
     5796      230      279      291      291     1607     1846      291     1608
     5797      225      273      292      292     1565     1822      292     1566
     5798      225      292      229      229     1566     1600      229     1562
     5799      224      274      293      293     1556     1826      293     1557
     5800      224      293      227      227     1557     1583      227     1553
     5801      228      283      294      294     1590     1862      294     1592
     5802       28      131      129      129      563     1043      129      561
     5803       24       97      145      145      529      895      145      531
     5804       24       74       97       97      527      795       97      529
     5805       22       74       24       24      513      527       24      512
     5806       22       76       74       74      515      793       74      513
     5807       22       23       76       76      511      520       76      515
     5808      144       24      145      145      530      531      145     1122
     5809       21       24      144      144      503      530      144      504
     5810       28      132      131      131      564     1048      131      563
     5811       26      132       28       28      547      564       28      546
     5812      108       25      129      129      538      542      129      952
     5813       25      108      128      128      538      951      128      541
     5814       25      127       27       27      540      554       27      536
     5815      128      127       25       25     1039      540       25      541
     5816       17       84       19       19      470      487       19      467
     5817       85       84       17       17      842      470       17      471
     5818       29      120      119      119      576     1009      119      575
     5819       32      120       29       29      597      576       29      570
     5820       29      119       73       73      575      791       73      573
     5821       29       41       31       31      571      590       31      569
     5822       17       39       85       85      469      641       85      471
     5823       17       20       39       39      468      495       39      469
     5824       20       40       39       39      496      640       39      495
     5825       20       57       40       40      498      644       40      496
     5826       20       58       57       57      499      739       57      498
     5827       18       58       20       20      480      499       20      477
     5828       70       31       71       71      592      593       71      783
     5829       30       31       70       70      579      592       70      582
     5830       73       41       29       29      649      571       29      573
     5831       31       41       71       71      590      647       71      593
     5832       30       70      272      272      582      784      272      583
     5833       18      273       58       58      481      741       58      480
     5834       26      274      132      132      548     1053      132      547
     5835       21      144      275      275      504     1125      275      505
     5836       32      279      120      120      598     1011      120      597
     5837       19       84      280      280      487      845      280      488
     5838       27      127      281      281      554     1040      281      555
     5839       23      283       76       76      522      803       76      520
     5840       76      283       77       77      803      808       77      801
     5841       30      291       32       32      584      599       32      580
     5842       30      272      291      291      583     1818      291      584
     5843       32      291      279      279      599     1846      279      598
     5844       18       19      292      292      476      489      292      482
     5845       19      280      292      292      488     1849      292      489
     5846       18      292      273      273      482     1822      273      481
     5847       26       27      293      293      545      556      293      549
     5848       27      281      293      293      555     1853      293      556
     5849       26      293      274      274      549     1826      274      548
     5850       21      294       23       23      506      523       23      502
     5851       21      275      294      294      505     1830      294      506
     5852       23      294      283      283      523     1862      283      522
     5853       30       32        1        1      580      403        1      401
     5854        3        1       32       32      399      403       32      412
     5855       32       29        2        2      570      407        2      409
     5856        2        3       32       32      405      412       32      409
-1
secnum,1    ! reset the section ID to default
MAT,3 $ TYPE,3 $ REAL,4 $ SECNUM,3 $ ESYS,0    ! ELEMNODES = 8
eblock,21,COMPACT,,79
(21i9)
     5857     2193     2195     2197     2197     3522     3537     2197     3523
     5858     2195     2666     2187     2187     3544     3456     2187     3448
     5859     2187     2197     2195     2195     3449     3537     2195     3448
     5860     2195     2196     2666     2666     3536     3551     2666     3544
     5861     2196     2195     2194     2194     3536     3529     2194     3530
     5862     2198     2193     2197     2197     3524     3523     2197     3552
     5863     2197     2665     2198     2198     3559     3567     2198     3552
     5864     2194     2665     2196     2196     3535     3550     2196     3530
     5865     2665     2194     2198     2198     3535     3531     2198     3567
     5866     2199     2201     2203     2203     3568     3582     2203     3569
     5867     2202     2201     2200     2200     3581     3575     2200     3576
     5868     2191     2203     2201     2201     3497     3582     2201     3495
     5869     2201     2202     2191     2191     3581     3496     2191     3495
     5870     2200     2204     2202     2202     3577     3590     2202     3576
     5871     2204     2199     2203     2203     3570     3569     2203     3598
     5872     2664     2202     2204     2204     3597     3590     2204     3613
     5873     2203     2664     2204     2204     3605     3613     2204     3598
     5874     2193     2215     2195     2195     3526     3538     2195     3522
     5875     2213     2215     2193     2193     3723     3526     2193     3525
     5876     2194     2214     2198     2198     3532     3561     2198     3531
     5877     2198     2214     2216     2216     3561     3728     2216     3562
     5878     2216     2213     2198     2198     3724     3560     2198     3562
     5879     2198     2213     2193     2193     3560     3525     2193     3524
     5880     2195     2215     2194     2194     3538     3533     2194     3529
     5881     2194     2215     2214     2214     3533     3727     2214     3532
     5882     2204     2218     2220     2220     3607     3745     2220     3608
     5883     2217     2219     2199     2199     3740     3572     2199     3571
     5884     2199     2219     2201     2201     3572     3583     2201     3568
     5885     2220     2217     2204     2204     3741     3606     2204     3608
     5886     2204     2217     2199     2199     3606     3571     2199     3570
     5887     2200     2218     2204     2204     3578     3607     2204     3577
     5888     2201     2219     2200     2200     3583     3579     2200     3575
     5889     2200     2219     2218     2218     3579     3744     2218     3578
     5890     2255     2257     2261     2261     4151     4169     2261     4152
     5891     2257     2256     2662     2662     4159     4167     2662     4173
     5892     2258     2661     2662     2662     4181     6062     2662     4182
     5893     2662     2661     2663     2663     6062     6063     2663     6064
     5894     2662     2663     2257     2257     6064     4174     2257     4173
     5895     2259     2662     2256     2256     4188     4167     2256     4160
     5896     2260     2261     2663     2663     4189     4208     2663     4199
     5897     2663     2261     2257     2257     4208     4169     2257     4174
     5898     2259     2258     2662     2662     4175     4182     2662     4188
     5899     2256     2262     2259     2259     4161     4183     2259     4160
     5900     2262     2255     2261     2261     4153     4152     2261     4201
     5901     2660     2259     2262     2262     4187     4183     2262     4214
     5902     2261     2260     2660     2660     4189     4198     2660     4207
     5903     2261     2660     2262     2262     4207     4214     2262     4201
     5904     2258     2259     2660     2660     4175     4187     2660     4180
     5905     2263     2265     2269     2269     4216     4233     2269     4217
     5906     2265     2264     2658     2658     4223     4231     2658     4237
     5907     2266     2657     2658     2658     4245     6059     2658     4246
     5908     2658     2657     2659     2659     6059     6060     2659     6061
     5909     2658     2659     2265     2265     6061     4238     2265     4237
     5910     2267     2658     2264     2264     4252     4231     2264     4224
     5911     2268     2269     2659     2659     4253     4271     2659     4263
     5912     2659     2269     2265     2265     4271     4233     2265     4238
     5913     2267     2266     2658     2658     4239     4246     2658     4252
     5914     2264     2270     2267     2267     4225     4247     2267     4224
     5915     2270     2263     2269     2269     4218     4217     2269     4264
     5916     2656     2267     2270     2270     4251     4247     2270     4278
     5917     2269     2268     2656     2656     4253     4262     2656     4270
     5918     2269     2656     2270     2270     4270     4278     2270     4264
     5919     2266     2267     2656     2656     4239     4251     2656     4244
     5920     2256     2306     2262     2262     4162     4210     2262     4161
     5921     2262     2305     2255     2255     4209     4154     2255     4153
     5922     2262     2306     2308     2308     4210     4444     2308     4211
     5923     2255     2307     2257     2257     4155     4170     2257     4151
     5924     2305     2307     2255     2255     4438     4155     2255     4154
     5925     2308     2305     2262     2262     4439     4209     2262     4211
     5926     2257     2307     2256     2256     4170     4163     2256     4159
     5927     2256     2307     2306     2306     4163     4443     2306     4162
     5928     2263     2311     2265     2265     4220     4234     2265     4216
     5929     2270     2309     2263     2263     4272     4219     2263     4218
     5930     2270     2310     2312     2312     4273     4459     2312     4274
     5931     2264     2310     2270     2270     4226     4273     2270     4225
     5932     2309     2311     2263     2263     4453     4220     2263     4219
     5933     2312     2309     2270     2270     4454     4272     2270     4274
     5934     2265     2311     2264     2264     4234     4227     2264     4223
     5935     2264     2311     2310     2310     4227     4458     2310     4226
-1
secnum,1    ! reset the section ID to default
MAT,4 $ TYPE,4 $ REAL,3 $ SECNUM,4 $ ESYS,0    ! ELEMNODES = 8
eblock,21,COMPACT,,79
(21i9)
     5936     2193     2195     2197     2197     3522     3537     2197     3523
     5937     2195     2666     2187     2187     3544     3456     2187     3448
     5938     2187     2197     2195     2195     3449     3537     2195     3448
     5939     2195     2196     2666     2666     3536     3551     2666     3544
     5940     2196     2195     2194     2194     3536     3529     2194     3530
     5941     2198     2193     2197     2197     3524     3523     2197     3552
     5942     2197     2665     2198     2198     3559     3567     2198     3552
     5943     2194     2665     2196     2196     3535     3550     2196     3530
     5944     2665     2194     2198     2198     3535     3531     2198     3567
     5945     2199     2201     2203     2203     3568     3582     2203     3569
     5946     2202     2201     2200     2200     3581     3575     2200     3576
     5947     2191     2203     2201     2201     3497     3582     2201     3495
     5948     2201     2202     2191     2191     3581     3496     2191     3495
     5949     2200     2204     2202     2202     3577     3590     2202     3576
     5950     2204     2199     2203     2203     3570     3569     2203     3598
     5951     2664     2202     2204     2204     3597     3590     2204     3613
     5952     2203     2664     2204     2204     3605     3613     2204     3598
     5953     2193     2215     2195     2195     3526     3538     2195     3522
     5954     2213     2215     2193     2193     3723     3526     2193     3525
     5955     2194     2214     2198     2198     3532     3561     2198     3531
     5956     2198     2214     2216     2216     3561     3728     2216     3562
     5957     2216     2213     2198     2198     3724     3560     2198     3562
     5958     2198     2213     2193     2193     3560     3525     2193     3524
     5959     2195     2215     2194     2194     3538     3533     2194     3529
     5960     2194     2215     2214     2214     3533     3727     2214     3532
     5961     2204     2218     2220     2220     3607     3745     2220     3608
     5962     2217     2219     2199     2199     3740     3572     2199     3571
     5963     2199     2219     2201     2201     3572     3583     2201     3568
     5964     2220     2217     2204     2204     3741     3606     2204     3608
     5965     2204     2217     2199     2199     3606     3571     2199     3570
     5966     2200     2218     2204     2204     3578     3607     2204     3577
     5967     2201     2219     2200     2200     3583     3579     2200     3575
     5968     2200     2219     2218     2218     3579     3744     2218     3578
     5969     2255     2257     2261     2261     4151     4169     2261     4152
     5970     2257     2256     2662     2662     4159     4167     2662     4173
     5971     2258     2661     2662     2662     4181     6062     2662     4182
     5972     2662     2661     2663     2663     6062     6063     2663     6064
     5973     2662     2663     2257     2257     6064     4174     2257     4173
     5974     2259     2662     2256     2256     4188     4167     2256     4160
     5975     2260     2261     2663     2663     4189     4208     2663     4199
     5976     2663     2261     2257     2257     4208     4169     2257     4174
     5977     2259     2258     2662     2662     4175     4182     2662     4188
     5978     2256     2262     2259     2259     4161     4183     2259     4160
     5979     2262     2255     2261     2261     4153     4152     2261     4201
     5980     2660     2259     2262     2262     4187     4183     2262     4214
     5981     2261     2260     2660     2660     4189     4198     2660     4207
     5982     2261     2660     2262     2262     4207     4214     2262     4201
     5983     2258     2259     2660     2660     4175     4187     2660     4180
     5984     2263     2265     2269     2269     4216     4233     2269     4217
     5985     2265     2264     2658     2658     4223     4231     2658     4237
     5986     2266     2657     2658     2658     4245     6059     2658     4246
     5987     2658     2657     2659     2659     6059     6060     2659     6061
     5988     2658     2659     2265     2265     6061     4238     2265     4237
     5989     2267     2658     2264     2264     4252     4231     2264     4224
     5990     2268     2269     2659     2659     4253     4271     2659     4263
     5991     2659     2269     2265     2265     4271     4233     2265     4238
     5992     2267     2266     2658     2658     4239     4246     2658     4252
     5993     2264     2270     2267     2267     4225     4247     2267     4224
     5994     2270     2263     2269     2269     4218     4217     2269     4264
     5995     2656     2267     2270     2270     4251     4247     2270     4278
     5996     2269     2268     2656     2656     4253     4262     2656     4270
     5997     2269     2656     2270     2270     4270     4278     2270     4264
     5998     2266     2267     2656     2656     4239     4251     2656     4244
     5999     2256     2306     2262     2262     4162     4210     2262     4161
     6000     2262     2305     2255     2255     4209     4154     2255     4153
     6001     2262     2306     2308     2308     4210     4444     2308     4211
     6002     2255     2307     2257     2257     4155     4170     2257     4151
     6003     2305     2307     2255     2255     4438     4155     2255     4154
     6004     2308     2305     2262     2262     4439     4209     2262     4211
     6005     2257     2307     2256     2256     4170     4163     2256     4159
     6006     2256     2307     2306     2306     4163     4443     2306     4162
     6007     2263     2311     2265     2265     4220     4234     2265     4216
     6008     2270     2309     2263     2263     4272     4219     2263     4218
     6009     2270     2310     2312     2312     4273     4459     2312     4274
     6010     2264     2310     2270     2270     4226     4273     2270     4225
     6011     2309     2311     2263     2263     4453     4220     2263     4219
     6012     2312     2309     2270     2270     4454     4272     2270     4274
     6013     2265     2311     2264     2264     4234     4227     2264     4223
     6014     2264     2311     2310     2310     4227     4458     2310     4226
-1
secnum,1    ! reset the section ID to default
keyo,cid,8,2               ! auto create asymmetric contact (from Program Controlled setting)
keyo,cid,10,0              ! adjust contact stiffness each NR iteration (from Program Controlled setting)
keyo,cid,12,5              ! bonded always
keyo,cid,18,1              ! small sliding turned on by application
keyo,cid,2,2               ! MPC for bonded contacts (from Program Controlled setting)
keyo,tid,5,0               ! Automatic constraint type detection
keyo,cid,4,2               ! on nodal point - normal to target surface (from Program Controlled setting)
keyo,cid,9,1               ! ignore initial gaps/penetration
keyo,cid,7,0               ! No Prediction
rmod,tid,3,10.      ! FKN
rmod,tid,5,0.       ! ICONT
rmod,tid,6,0.       ! PINB
rmod,tid,10,0.      ! CNOF
rmod,tid,12,0.      ! FKT
rmod,tid,36,2278    ! WB DSID
rmod,cid,3,10.      ! FKN
rmod,cid,5,0.       ! ICONT
rmod,cid,6,0.       ! PINB
rmod,cid,10,0.      ! CNOF
rmod,cid,12,0.      ! FKT
rmod,cid,36,2278    ! WB DSID
nsel,all
esel,all
/wb,contact,end            !  done creating contacts
/golist
/wb,load,start             !  starting to send loads
/com,*********** Fixed Supports ***********
CMBLOCK,_FIXEDSU,NODE,       48
(8i10)
      2116     -2123      2362     -2385      2942     -2944      2951     -2954
      2958     -2961      2968      2969      2976      2977      2985      4653
     -4656      4663     -4665      4669     -4672      4679      4680      4687
      4688      4697      4708     -4710      4715     -4718      4724     -4726
      4733      4734      4740     -4742      4750      4759     -4762      4769
     -4771      4776     -4779      4785      4786      4793      4794      4803
cmsel,s,_FIXEDSU
d,all,all
nsel,all
/com,******* Constant Zero Displacement Z *******
CMBLOCK,_DISPZEROUZ,NODE,      317
(8i10)
      2124      2136     -2184      2387      2389      2404     -2427      2667
     -2799      2822     -2843      2923      2924      2927      2928      2938
      2947      2949      2950      2965     -2967      2970     -2972      2975
      2989     -2991      2996      2998      3002      3003      3070      3073
      3079     -3081      3086     -3088      3092     -3094      3097     -3099
      3101     -3106      3109     -3112      3115     -3117      3120     -3122
      3127     -3129      3138      3140      3141      3146      3155      3156
      3159     -3161      3169      3177      3179      3180      3188     -3190
      3194      3200      3201      3205      3212      3213      3216      3217
      3222      3223      3226      3232      3233      3236      3243      3244
      3246      3249      3256      3257      3259      3266      3267      3270
      3271      3277      3280     -3282      3289      3296      3297      3299
      3303      3307      3311      3315      3320     -3322      3325      3330
     -3332      3335     -3337      3341     -3344      3347     -3349      3352
     -3354      3358     -3360      3366      3367      3373     -3375      3377
     -3383      3385     -3392      3394     -3399      3402     -3404      3407
     -3409      3411     -3417      3419      4660     -4662      4673      4677
      4678      4684     -4686      4698     -4700      4702      4712     -4714
      4727      4728      4732      4737     -4739      4753      4754      4756
      4763      4764      4767      4768      4783      4784      4787      4788
      4792      4805     -4807      4819      4825      4833      4837      4917
     -4919      4922     -4924      4927     -4930      4934     -4936      4939
     -4941      4943      4945      4946      4949      4953     -4955      4958
     -4960      4964     -4966      4974      4976      4981      4982      4985
      4990      4991      4996     -4998      5003     -5005      5009      5011
     -5014      5016     -5018      5022     -5024      5027     -5029      5032
      5033      5036      6065     -6083      6088     -6093      6099     -6122
      6127     -6132      6137     -6153      6158     -6162      6168     -6184
      6190     -6194      6197     -6210      6213     -6218      6224     -6227
      6231     -6236      6241     -6264      6268     -6278      6281     -6286
      6290     -6293      6297     -6309      6314     -6323      6326     -6343
      6346     -6365      6367     -6369      6372     -6376      6382     -6385
      6392      6393      6399      6400      6405     -6412      6417     -6428
      6432      6438     -6440      6445     -6449      6452      6453      6458
     -6460      6465      6469     -6475      6477      6481     -6491      6498
      6499      6505      6506      6510     -6515      6518     -6526      6531
      6532      6535      6536      6544      6545      6547      6548      6554
      6555      6558      6571      6585     -6587      6592      6594      6596
      6679      6680      6683     -6685      6687     -6714      6716     -6718
      6722      6724      6725      6727     -6733
cmsel,s,_DISPZEROUZ
d,all,uz,0
nsel,all
/com,*********** Define Force Using Surface Effect Elements ***********
local,12,0,0.,0.,0.,0.,0.,0.
csys,0
et,5,154
MAT,5 $ TYPE,5 $ REAL,5 $ SECNUM,5 $ ESYS,12    ! ELEMNODES = 8
eblock,21,COMPACT,,151
(21i9)
     6015     2866     2907     2877     2877     6818     6852     2877     6815
     6016     2853     2901     2874     2874     6753     6845     2874     6751
     6017     2860     2879     2901     2901     6786     6856     2901     6790
     6018     2853     2862     2872     2872     6749     6797     2872     6750
     6019     2883     2902     2906     2906     6861     6885     2906     6863
     6020     2253     2254     2865     2865     4129     4148     2865     4138
     6021     2858     2878     2875     2875     6778     6847     2875     6776
     6022     2867     2871     2892     2892     6819     6834     2892     6821
     6023     2855     2889     2868     2868     6765     6825     2868     6762
     6024     2855     2868     2864     2864     6762     6808     2864     6761
     6025     2855     2880     2857     2857     6764     6773     2857     6760
     6026     2858     2876     2897     2897     6777     6849     2897     6779
     6027     2875     2878     2904     2904     6847     6853     2904     6848
     6028     2861     2885     2887     2887     6793     6866     2887     6794
     6029     2855     2869     2880     2880     6763     6826     2880     6764
     6030     2859     2894     2874     2874     6784     6844     2874     6781
     6031     2857     2873     2900     2900     6772     6840     2900     6774
     6032     2858     2875     2876     2876     6776     6846     2876     6777
     6033     2861     2898     2885     2885     6796     6868     2885     6793
     6034     2863     2882     2903     2903     6802     6860     2903     6806
     6035     2860     2883     2879     2879     6787     6855     2879     6786
     6036     2853     2872     2878     2878     6750     6836     2878     6752
     6037     2854     2871     2867     2867     6756     6819     2867     6755
     6038     2860     2887     2902     2902     6788     6872     2902     6791
     6039     2857     2865     2873     2873     6771     6812     2873     6772
     6040     2852     2855     2857     2857     6742     6760     2857     6743
     6041     2855     2864     2869     2869     6761     6809     2869     6763
     6042     2854     2905     2872     2872     6759     6838     2872     6757
     6043     2865     2895     2873     2873     6814     6839     2873     6812
     6044     2862     2899     2881     2881     6801     6858     2881     6799
     6045     2860     2897     2887     2887     6789     6871     2887     6788
     6046     2852     2889     2855     2855     6745     6765     2855     6742
     6047     2870     2886     2896     2896     6829     6869     2896     6830
     6048     2862     2894     2899     2899     6800     6878     2899     6801
     6049     2854     2872     2856     2856     6757     6767     2856     6754
     6050     2854     2867     2905     2905     6755     6822     2905     6759
     6051     2856     2870     2896     2896     6766     6830     2896     6770
     6052     2860     2902     2883     2883     6791     6861     2883     6787
     6053     2853     2874     2862     2862     6751     6798     2862     6749
     6054     2856     2896     2877     2877     6770     6851     2877     6768
     6055     2854     2856     2877     2877     6754     6768     2877     6758
     6056     2854     2877     2871     2871     6758     6833     2871     6756
     6057     2853     2878     2858     2858     6752     6778     2858     6748
     6058     2904     2878     2905     2905     6853     6854     2905     6886
     6059     2863     2903     2883     2883     6806     6862     2883     6803
     6060     2859     2874     2879     2879     6781     6843     2879     6782
     6061     2857     2880     2865     2865     6773     6813     2865     6771
     6062     2856     2881     2870     2870     6769     6828     2870     6766
     6063     2856     2872     2881     2881     6767     6837     2881     6769
     6064     2868     2885     2884     2884     6824     6864     2884     6823
     6065     2867     2891     2905     2905     6820     6875     2905     6822
     6066     2858     2897     2901     2901     6779     6880     2901     6780
     6067     2859     2903     2882     2882     6785     6860     2882     6783
     6068     2852     2887     2889     2889     6744     6870     2889     6745
     6069     2864     2888     2869     2869     6810     6827     2869     6809
     6070     2885     2889     2887     2887     6867     6870     2887     6866
     6071     2868     2889     2885     2885     6825     6867     2885     6824
     6072     2864     2890     2888     2888     6811     6873     2888     6810
     6073     2853     2858     2901     2901     6748     6780     2901     6753
     6074     2863     2893     2882     2882     6804     6859     2882     6802
     6075     2904     2905     2891     2891     6886     6875     2891     6874
     6076     2862     2874     2894     2894     6798     6844     2894     6800
     6077     2866     2877     2896     2896     6815     6851     2896     6817
     6078     2866     2896     2886     2886     6817     6869     2886     6816
     6079     2861     2887     2897     2897     6794     6871     2897     6795
     6080     2861     2897     2876     2876     6795     6849     2876     6792
     6081     2884     2885     2898     2898     6864     6868     2898     6865
     6082     2861     2876     2898     2898     6792     6850     2898     6796
     6083     2872     2862     2881     2881     6797     6799     2881     6837
     6084     2870     2881     2899     2899     6828     6858     2899     6831
     6085     2857     2900     2906     2906     6774     6883     2906     6775
     6086     2863     2900     2893     2893     6805     6876     2893     6804
     6087     2852     2857     2906     2906     6743     6775     2906     6747
     6088     2227     2228     2859     2859     3826     3845     2859     3833
     6089     2860     2901     2897     2897     6790     6880     2897     6789
     6090     2874     2901     2879     2879     6845     6856     2879     6843
     6091     2852     2906     2902     2902     6747     6885     2902     6746
     6092     2852     2902     2887     2887     6746     6872     2887     6744
     6093     2859     2879     2903     2903     6782     6857     2903     6785
     6094     2879     2883     2903     2903     6855     6862     2903     6857
     6095     2872     2905     2878     2878     6838     6854     2878     6836
     6096     2221     2223     2254     2254     3756     3780     2254     3757
     6097     2863     2906     2900     2900     6807     6883     2900     6805
     6098     2863     2883     2906     2906     6803     6863     2906     6807
     6099     2871     2877     2907     2907     6833     6852     2907     6835
     6100     2240     2241     2867     2867     3975     4000     2867     3986
     6101     2247     2248     2868     2868     4059     4083     2868     4072
     6102     2248     2864     2868     2868     4082     6808     2868     4083
     6103     2251     2252     2869     2869     4108     4127     2869     4116
     6104     2230     2231     2870     2870     3861     3881     2870     3871
     6105     2936     2225     2873     2873     3813     3811     2873     6841
     6106     2243     2244     2875     2875     4013     4034     2875     4025
     6107     2244     2245     2876     2876     4027     4046     2876     4035
     6108     2244     2876     2875     2875     4035     6846     2875     4034
     6109     2252     2880     2869     2869     4128     6826     2869     4127
     6110     2252     2253     2880     2880     4118     4139     2880     4128
     6111     2253     2865     2880     2880     4138     6813     2880     4139
     6112     2226     2227     2882     2882     3815     3834     2882     3821
     6113     2227     2859     2882     2882     3833     6783     2882     3834
     6114     2246     2247     2884     2884     4048     4073     2884     4057
     6115     2247     2868     2884     2884     4072     6823     2884     4073
     6116     2235     2907     2866     2866     3924     6818     2866     3922
     6117     2235     2236     2907     2907     3913     3933     2907     3924
     6118     2231     2232     2886     2886     3873     3889     2886     3882
     6119     2231     2886     2870     2870     3882     6829     2870     3881
     6120     2250     2251     2888     2888     4094     4117     2888     4106
     6121     2251     2869     2888     2888     4116     6827     2888     4117
     6122     2250     2888     2890     2890     4106     6873     2890     4107
     6123     2248     2249     2890     2890     4074     4093     2890     4084
     6124     2248     2890     2864     2864     4084     6811     2864     4082
     6125     2239     2250     2890     2890     3961     4107     2890     3973
     6126     2239     2890     2249     2249     3973     4093     2249     3960
     6127     2241     2242     2891     2891     3988     4011     2891     4001
     6128     2241     2891     2867     2867     4001     6820     2867     4000
     6129     2240     2867     2892     2892     3986     6821     2892     3987
     6130     2240     2238     2233     2233     3947     3892     2233     3893
     6131     2892     2238     2240     2240     3959     3947     2240     3987
     6132     2237     2238     2892     2892     3934     3959     2892     3945
     6133     2237     2892     2871     2871     3945     6834     2871     3944
     6134     2225     2226     2893     2893     3801     3822     2893     3812
     6135     2225     2893     2937     2937     3812     6877     2937     3814
     6136     2226     2882     2893     2893     3821     6859     2893     3822
     6137     2228     2229     2894     2894     3838     3857     2894     3846
     6138     2228     2894     2859     2859     3846     6784     2859     3845
     6139     2254     2895     2865     2865     4149     6814     2865     4148
     6140     2223     2895     2254     2254     3789     4149     2254     3780
     6141     2223     2224     2895     2895     3779     3798     2895     3789
     6142     2224     2873     2895     2895     3797     6839     2895     3798
     6143     2245     2246     2898     2898     4036     4058     2898     4047
     6144     2245     2898     2876     2876     4047     6850     2876     4046
     6145     2246     2884     2898     2898     4057     6865     2898     4058
     6146     2870     2899     2932     2932     6831     6881     2932     6832
     6147     2230     2870     2932     2932     3871     6832     2932     3872
     6148     2242     2243     2904     2904     4002     4026     2904     4012
     6149     2243     2875     2904     2904     4025     6848     2904     4026
     6150     2242     2904     2891     2891     4012     6874     2891     4011
     6151     2236     2237     2907     2907     3925     3946     2907     3933
     6152     2237     2871     2907     2907     3944     6835     2907     3946
     6153     2932     2899     2934     2934     6881     6882     2934     6896
     6154     2229     2932     2934     2934     3859     6896     2934     3860
     6155     2873     2937     2900     2900     6842     6884     2900     6840
     6156     2224     2936     2873     2873     3800     6841     2873     3797
     6157     2229     2934     2894     2894     3860     6879     2894     3857
     6158     2229     2230     2932     2932     3848     3872     2932     3859
     6159     2934     2899     2894     2894     6882     6878     2894     6879
     6160     2937     2893     2900     2900     6877     6876     2900     6884
     6161     2235     2866     2886     2886     3922     6816     2886     3923
     6162     2234     2235     2886     2886     3903     3923     2886     3912
     6163     2222     2886     2232     2232     3777     3889     2232     3767
     6164     2222     2234     2886     2886     3768     3912     2886     3777
     6165     2225     2937     2873     2873     3814     6842     2873     3811
-1
secnum,1    ! reset the section ID to default
esel,s,type,,5
keyop,5,2,1         ! Apply load in local coordinate system
keyop,5,7,1         ! Use original area so load is constant in large deformation
esel,all
/com,*********** Define Force Using Surface Effect Elements ***********
local,13,0,0.,0.,0.,0.,0.,0.
csys,0
et,6,154
MAT,6 $ TYPE,6 $ REAL,6 $ SECNUM,6 $ ESYS,13    ! ELEMNODES = 8
eblock,21,COMPACT,,284
(21i9)
     6166      302      321      359      359     1938     2024      359     1940
     6167      324      305      331      331     1951     1952      331     2031
     6168      296      328      381      381     1906     2043      381     1909
     6169      329      343      383      383     2044     2079      383     2046
     6170      329      362      387      387     2045     2102      387     2047
     6171      313      353      349      349     1988     2092      349     1987
     6172      299      370      347      347     1925     2087      347     1924
     6173      303      386      343      343     1945     2080      343     1943
     6174      296      315      393      393     1905     1998      393     1910
     6175      314      367      394      394     1991     2109      394     1993
     6176      309      360      342      342     1971     2075      342     1970
     6177      337      368      359      359     2065     2098      359     2064
     6178      304      323      351      351     1947     2029      351     1948
     6179      318      339      378      378     2007     2069      378     2010
     6180      335      357      374      374     2060     2097      374     2061
     6181      299      335      374      374     1923     2061      374     1927
     6182      319      390      391      391     2017     2115      391     2018
     6183      315      337      375      375     1994     2066      375     1997
     6184      311      351      341      341     1981     2074      341     1980
     6185      300      345      369      369     1929     2082      369     1931
     6186      298      320      358      358     1917     2021      358     1919
     6187      314      329      383      383     1989     2046      383     1992
     6188      316      372      364      364     2002     2105      364     2000
     6189      317      373      363      363     2006     2104      363     2004
     6190      300      369      355      355     1931     2095      355     1930
     6191      301      370      356      356     1937     2096      356     1936
     6192      304      382      366      366     1950     2108      366     1949
     6193      298      362      327      327     1920     2039      327     1918
     6194      319      348      380      380     2013     2090      380     2016
     6195      318      377      339      339     2009     2068      339     2007
     6196      308      378      339      339     1967     2069      339     1966
     6197      298      327      320      320     1918     2019      320     1917
     6198      315      346      393      393     1995     2086      393     1998
     6199      322      350      340      340     2026     2071      340     2025
     6200      158      159      299      299     1179     1185      299     1181
     6201      305      358      344      344     1954     2081      344     1953
     6202      296      334      328      328     1907     2041      328     1906
     6203      318      386      385      385     2012     2114      385     2011
     6204      312      324      331      331     1982     2031      331     1983
     6205      306      322      357      357     1955     2027      357     1958
     6206      312      380      348      348     1985     2090      348     1984
     6207      330      342      376      376     2048     2076      376     2050
     6208      301      332      336      336     1933     2053      336     1934
     6209      310      336      332      332     1974     2053      332     1973
     6210      297      369      345      345     1914     2082      345     1913
     6211      300      333      382      382     1928     2057      382     1932
     6212      301      347      370      370     1935     2087      370     1937
     6213      310      338      336      336     1975     2063      336     1974
     6214      313      326      353      353     1986     2038      353     1988
     6215      303      385      386      386     1944     2114      386     1945
     6216      307      354      352      352     1963     2094      352     1962
     6217      307      325      354      354     1960     2036      354     1963
     6218      303      343      329      329     1943     2044      329     1942
     6219      314      394      362      362     1993     2103      362     1990
     6220       93       94      297      297      882      888      297      884
     6221      390      340      350      350     2073     2071      350     2093
     6222      309      342      330      330     1970     2048      330     1968
     6223      297      345      330      330     1913     2049      330     1912
     6224      297      330      376      376     1912     2050      376     1916
     6225      299      347      335      335     1924     2059      335     1923
     6226      312      348      324      324     1984     2032      324     1982
     6227      307      349      325      325     1961     2034      325     1960
     6228      306      350      322      322     1957     2026      322     1955
     6229      323      341      351      351     2028     2074      351     2029
     6230      302      352      321      321     1939     2022      321     1938
     6231      325      349      353      353     2034     2092      353     2035
     6232      321      352      354      354     2022     2094      354     2023
     6233      300      355      333      333     1930     2055      333     1928
     6234      301      356      332      332     1936     2054      332     1933
     6235      308      328      334      334     1964     2041      334     1965
     6236      306      357      335      335     1958     2060      335     1956
     6237      320      344      358      358     2020     2081      358     2021
     6238      302      359      368      368     1940     2098      368     1941
     6239      309      338      360      360     1969     2067      360     1971
     6240      310      360      338      338     1976     2067      338     1975
     6241      298      387      362      362     1921     2102      362     1920
     6242      314      362      329      329     1990     2045      329     1989
     6243      304      366      323      323     1949     2030      323     1947
     6244      296      368      315      315     1908     1996      315     1905
     6245      315      368      337      337     1996     2065      337     1994
     6246      297      317      369      369     1911     2005      369     1914
     6247      317      355      369      369     2003     2095      369     2005
     6248      299      316      370      370     1922     2001      370     1925
     6249      316      356      370      370     1999     2096      370     2001
     6250      327      362      394      394     2039     2103      394     2040
     6251      299      372      316      316     1926     2002      316     1922
     6252      297      373      317      317     1915     2006      317     1911
     6253      346      375      371      371     2085     2110      371     2084
     6254      315      375      346      346     1997     2085      346     1995
     6255      318      378      365      365     2010     2106      365     2008
     6256      319      379      348      348     2015     2089      348     2013
     6257      319      380      361      361     2016     2100      361     2014
     6258      333      366      382      382     2056     2108      382     2057
     6259      342      360      384      384     2075     2099      384     2077
     6260      310      384      360      360     1977     2099      360     1976
     6261      318      385      377      377     2011     2111      377     2009
     6262      318      365      386      386     2008     2107      386     2012
     6263      343      386      365      365     2080     2107      365     2078
     6264      303      329      387      387     1942     2047      387     1946
     6265      309      330      388      388     1968     2051      388     1972
     6266      330      345      388      388     2049     2083      388     2051
     6267      306      335      389      389     1956     2062      389     1959
     6268      335      347      389      389     2059     2088      389     2062
     6269      319      361      390      390     2014     2101      390     2017
     6270      340      390      361      361     2073     2101      361     2072
     6271      319      391      379      379     2018     2112      379     2015
     6272      324      348      392      392     2032     2091      392     2033
     6273      348      379      392      392     2089     2113      392     2091
     6274      331      305      344      344     1952     1953      344     2052
     6275      326      311      341      341     1979     1980      341     2037
     6276      326      313      311      311     1986     1978      311     1979
     6277      296      393      334      334     1910     2058      334     1907
     6278      308      339      328      328     1966     2042      328     1964
     6279      328      339      381      381     2042     2070      381     2043
     6280       98      106      296      296      900      941      296      902
     6281      106      169      302      302      939     1239      302      942
     6282      162      304      163      163     1201     1207      163     1197
     6283      183      305      184      184     1308     1315      184     1303
     6284      189      306      190      190     1345     1349      190     1340
     6285      167      307      168      168     1230     1236      168     1225
     6286      113      114      308      308      976      986      308      981
     6287      192      309      193      193     1360     1363      193     1356
     6288       89       90      310      310      864      872      310      867
     6289      164      311      165      165     1212     1217      165     1209
     6290      151      152      312      312     1151     1159      312     1154
     6291      165      313      166      166     1218     1223      166     1214
     6292       86       87      316      316      850      857      316      852
     6293       43       44      317      317      654      663      317      657
     6294      148      149      320      320     1137     1144      320     1140
     6295       53       54      321      321      717      727      321      721
     6296      155      156      322      322     1167     1173      322     1169
     6297       47       48      323      323      678      689      323      682
     6298      184      324      185      185     1316     1320      185     1310
     6299       51       52      325      325      704      715      325      708
     6300       49       50      326      326      691      702      326      695
     6301      147      148      327      327     1133     1141      327     1135
     6302      148      320      327      327     1140     2019      327     1141
     6303      150      151      331      331     1146     1155      331     1149
     6304      151      312      331      331     1154     1983      331     1155
     6305       88       89      332      332      859      868      332      862
     6306       89      310      332      332      867     1973      332      868
     6307       45       46      333      333      665      676      333      669
     6308      181      301      336      336     1296     1934      336     1297
     6309      181      336      191      191     1297     1354      191     1291
     6310      192      338      309      309     1361     1969      309     1360
     6311      191      336      338      338     1354     2063      338     1355
     6312      191      338      192      192     1355     1361      192     1351
     6313       99      339      100      100      908      913      100      904
     6314      154      155      340      340     1164     1170      340     1165
     6315      155      322      340      340     1169     2025      340     1170
     6316       48       49      341      341      684      696      341      690
     6317       48      341      323      323      690     2028      323      689
     6318       49      326      341      341      695     2037      341      696
     6319      116      117      343      343      993     1001      343      996
     6320      149      344      320      320     1145     2020      320     1144
     6321      149      150      344      344     1142     1150      344     1145
     6322      150      331      344      344     1149     2052      344     1150
     6323      161      179      345      345     1192     1283      345     1195
     6324      161      345      300      300     1195     1929      300     1194
     6325      110      111      346      346      958      967      346      961
     6326      181      182      347      347     1290     1301      347     1298
     6327      181      347      301      301     1298     1935      301     1296
     6328      167      349      307      307     1231     1961      307     1230
     6329      166      313      349      349     1223     1987      349     1224
     6330      166      349      167      167     1224     1231      167     1219
     6331      189      350      306      306     1346     1957      306     1345
     6332      188      390      350      350     1338     2093      350     1337
     6333      188      350      189      189     1337     1346      189     1332
     6334      163      304      351      351     1207     1948      351     1208
     6335      163      351      164      164     1208     1213      164     1203
     6336      164      351      311      311     1213     1981      311     1212
     6337      169      352      302      302     1240     1939      302     1239
     6338      168      307      352      352     1236     1962      352     1237
     6339      168      352      169      169     1237     1240      169     1232
     6340       51      325      353      353      708     2035      353      709
     6341       50       51      353      353      697      709      353      703
     6342       50      353      326      326      703     2038      326      702
     6343       53      321      354      354      721     2023      354      722
     6344       52       53      354      354      710      722      354      716
     6345       52      354      325      325      716     2036      325      715
     6346       44      355      317      317      664     2003      317      663
     6347       44       45      355      355      659      670      355      664
     6348       45      333      355      355      669     2055      355      670
     6349       87      356      316      316      858     1999      316      857
     6350       87       88      356      356      854      863      356      858
     6351       88      332      356      356      862     2054      356      863
     6352       35      298      358      358      624     1919      358      625
     6353       35      358      183      183      625     1309      183      619
     6354      183      358      305      305     1309     1954      305     1308
     6355       55      337      359      359      732     2064      359      733
     6356       54       55      359      359      723      733      359      728
     6357       54      359      321      321      728     2024      321      727
     6358      153      154      361      361     1161     1166      361     1162
     6359      154      340      361      361     1165     2072      361     1166
     6360       37       43      363      363      634      658      363      636
     6361       43      317      363      363      657     2004      363      658
     6362       37      363       38       38      636      639       38      631
     6363       38      363       95       95      639      890       95      638
     6364       75       86      364      364      798      853      364      800
     6365       86      316      364      364      852     2000      364      853
     6366       75      364       96       96      800      894       96      799
     6367       96      364      160      160      894     1187      160      893
     6368      115      116      365      365      988      997      365      991
     6369      116      343      365      365      996     2078      365      997
     6370       46      366      333      333      677     2056      333      676
     6371       46       47      366      366      671      683      366      677
     6372       47      323      366      366      682     2030      366      683
     6373      109      130      367      367      956     1047      367      957
     6374      130      146      367      367     1046     1131      367     1047
     6375      109      367      118      118      957     1007      118      954
     6376      118      367      314      314     1007     1991      314     1006
     6377      106      302      368      368      942     1941      368      943
     6378      106      368      296      296      943     1908      296      941
     6379       42       72      371      371      652      790      371      653
     6380       42      371       56       56      653      737       56      651
     6381       72      110      371      371      788      962      371      790
     6382      110      346      371      371      961     2084      371      962
     6383      159      160      372      372     1183     1188      372     1186
     6384      159      372      299      299     1186     1926      299     1185
     6385      160      364      372      372     1187     2105      372     1188
     6386       94       95      373      373      886      891      373      889
     6387       94      373      297      297      889     1915      297      888
     6388       95      363      373      373      890     2104      373      891
     6389      157      158      374      374     1175     1182      374     1178
     6390      158      299      374      374     1181     1927      374     1182
     6391      113      308      334      334      981     1965      334      982
     6392      112      113      334      334      969      982      334      974
     6393       56      371      375      375      737     2110      375      738
     6394       93      297      376      376      884     1916      376      885
     6395       92       93      376      376      877      885      376      880
     6396       92      376      342      342      880     2076      342      879
     6397      100      377      101      101      914      916      101      910
     6398      100      339      377      377      913     2068      377      914
     6399      115      365      378      378      991     2106      378      992
     6400      114      115      378      378      983      992      378      987
     6401      114      378      308      308      987     1967      308      986
     6402      186      379      187      187     1325     1330      187     1322
     6403      153      361      380      380     1162     2100      380     1163
     6404      152      153      380      380     1156     1163      380     1160
     6405      152      380      312      312     1160     1985      312     1159
     6406      165      311      313      313     1217     1978      313     1218
     6407       98      381       99       99      903      909       99      897
     6408       99      381      339      339      909     2070      339      908
     6409       98      296      381      381      902     1909      381      903
     6410      161      300      382      382     1194     1932      382     1196
     6411      161      382      162      162     1196     1202      162     1189
     6412      162      382      304      304     1202     1950      304     1201
     6413      117      383      343      343     1002     2079      343     1001
     6414       90       91      384      384      869      876      384      873
     6415       90      384      310      310      873     1977      310      872
     6416       91       92      384      384      874      881      384      876
     6417       92      342      384      384      879     2077      384      881
     6418      101      377      385      385      916     2111      385      917
     6419       33      101      385      385      605      917      385      608
     6420       33      385      303      303      608     1944      303      607
     6421       33      303      387      387      607     1946      387      609
     6422       33      387       35       35      609      626       35      604
     6423       35      387      298      298      626     1921      298      624
     6424      179      388      345      345     1284     2083      345     1283
     6425      179      193      388      388     1281     1364      388     1284
     6426      193      309      388      388     1363     1972      388     1364
     6427      182      389      347      347     1302     2088      347     1301
     6428      182      190      389      389     1299     1350      389     1302
     6429      190      306      389      389     1349     1959      389     1350
     6430      187      379      391      391     1330     2112      391     1331
     6431      187      391      188      188     1331     1339      188     1327
     6432      188      391      390      390     1339     2115      390     1338
     6433      156      157      357      357     1171     1177      357     1174
     6434      156      357      322      322     1174     2027      322     1173
     6435      157      374      357      357     1178     2097      357     1177
     6436      185      324      392      392     1320     2033      392     1321
     6437      185      392      186      186     1321     1326      186     1317
     6438      186      392      379      379     1326     2113      379     1325
     6439      184      305      324      324     1315     1951      324     1316
     6440      111      393      346      346      968     2086      346      967
     6441      111      112      393      393      963      975      393      968
     6442      112      334      393      393      974     2058      393      975
     6443      146      394      367      367     1132     2109      367     1131
     6444      146      147      394      394     1130     1136      394     1132
     6445      147      327      394      394     1135     2040      394     1136
     6446       56      375      337      337      738     2066      337      736
     6447       55       56      337      337      729      736      337      732
     6448      118      314      383      383     1006     1992      383     1008
     6449      117      118      383      383      998     1008      383     1002
-1
secnum,1    ! reset the section ID to default
esel,s,type,,6
keyop,6,2,1         ! Apply load in local coordinate system
keyop,6,7,1         ! Use original area so load is constant in large deformation
esel,all
/gst,on,on
fini
*get,_numnode,node,0,count
*get,_numelem,elem,0,count
*get, _MAXELEMNUM, elem, 0, NUM, MAX
*get, _MAXNODENUM, node, 0, NUM, MAX
*get, _MAXELEMTYPE, etyp, 0, NUM, MAX
*get, _MAXREALCONST, rcon, 0, NUM, MAX
/go
/wb,load,end               !  done creating loads
/com,--- Number of total nodes = %_numnode%
/com,--- Number of contact elements = 785
/com,--- Number of spring elements = 0
/com,--- Number of bearing elements = 0
/com,--- Number of solid elements = 3228
/com,--- Number of condensed parts = 0
/com,--- Number of total elements = %_numelem%
*get,_wallbsol,active,,time,wall
/com,****************************************************************************
/com,*************************    SOLUTION       ********************************
/com,****************************************************************************
/solu
antype,0                   ! static analysis
_thickRatio=  0     ! Ratio of thick parts in the model
eqsl,sparse,,,,,1
cntr,print,1               ! print out contact info and also make no initial contact an error
cncheck,dmp		!	Enable program controlled contact splitting for distributed memory parallel run
dmpoption,emat,no             ! Don't combine emat file for DANSYS
dmpoption,esav,no             ! Don't combine esav file for DANSYS
nldiag,cont,iter           ! print out contact info each equilibrium iteration
rescontrol,,none                 ! Do not keep any restart files
/com,****************************************************
/com,******************* SOLVE FOR LS 1 OF 1 ****************
esel,s,type,,5
nsle
sfe,all,1,pres,1,0.
sfe,all,2,pres,1,0.
sfe,all,3,pres,1,-243.939393939321
esel,s,type,,6
nsle
sfe,all,1,pres,1,0.
sfe,all,2,pres,1,0.
sfe,all,3,pres,1,-188.461538461482
nsel,all
esel,all
acel,-15.,0.,0.
/nopr
/gopr
nsub,1,1,1
time,1.
outres,erase
outres,all,none
outres,nsol,all,
outres,rsol,all
outres,eangl,all
outres,etmp,all
outres,veng,all
outres,strs,all,
outres,epel,all,
outres,eppl,all,
outres,cont,all,
! *********** WB SOLVE COMMAND ***********
! check interactive state
*get,ANSINTER_,active,,int
*if,ANSINTER_,ne,0,then
/eof
*endif
solve
/com *************** Write FE CONNECTORS ********* 
CEWRITE,file,ce,,INTE
/com,****************************************************
/com,*************** FINISHED SOLVE FOR LS 1 *************
fini
*get,_wallasol,active,,time,wall
/nopr
*get,_numnode,node,0,count
*get,_numelem,elem,0,count
*get, _MAXELEMNUM, elem, 0, NUM, MAX
*get, _MAXNODENUM, node, 0, NUM, MAX,,,INTERNAL
*get, _MAXELEMTYPE, etyp, 0, NUM, MAX
*get, _MAXREALCONST, rcon, 0, NUM, MAX
*get,_NSOLTHREADS,active,0,ntfs
*get,_NSOLPROCESSES,active,0,npfs
/gopr
/post1
xmlo,ENCODING,ISO-8859-1
xmlo,parm
/xml,parm,xml
fini
/gopr
*get,_walldone,active,,time,wall
_preptime=(_wallbsol-_wallstrt)*3600
_solvtime=(_wallasol-_wallbsol)*3600
_posttime=(_walldone-_wallasol)*3600
_totaltim=(_walldone-_wallstrt)*3600
*get,_dlbratio,active,0,solu,dlbr
*get,_combtime,active,0,solu,comb
*get,_ssmode,active,0,solu,ssmm
*get,_ndofs,active,0,solu,ndof
*get,_sol_end_time,active,0,set,time
*if,_sol_end_time,eq,1.000000,then
/fclean				!clean distributed files
*endif
/com,--- Total number of nodes = %_numnode%
/com,--- Total number of elements = %_numelem%
/com,--- Element load balance ratio = %_dlbratio%
/com,--- Time to combine distributed files = %_combtime%
/com,--- Sparse memory mode = %_ssmode%
/com,--- Number of DOF = %_ndofs%
/wb,file,end               ! done with WB generated input
