ISO-10303-21;
HEADER;
FILE_DESCRIPTION(('CATIA V5 STEP'),'2;1');

FILE_NAME('C:\\Users\\Mateus\\OneDrive\\Documentos\\UnB\\4 sem\\PI\\Chassi\\Final chassis\\chassis.stp','2026-05-27T19:43:22+00:00',('none'),('none'),'CATIA Version 5 Release 21 GA (IN-10)','CATIA V5 STEP AP214','none');

FILE_SCHEMA(('AUTOMOTIVE_DESIGN { 1 0 10303 214 1 1 1 1 }'));

ENDSEC;
/* file written by CATIA V5R21 */
DATA;
#5=PRODUCT('Product1','','',(#2)) ;
#27=PRODUCT('1st level','','',(#2)) ;
#1754=PRODUCT('Part2','','',(#2)) ;
#2=PRODUCT_CONTEXT(' ',#1,'mechanical') ;
#1=APPLICATION_CONTEXT('automotive design') ;
#13=PRODUCT_DEFINITION('',' ',#6,#3) ;
#29=PRODUCT_DEFINITION('',' ',#28,#3) ;
#1756=PRODUCT_DEFINITION('',' ',#1755,#3) ;
#3=PRODUCT_DEFINITION_CONTEXT('part definition',#1,' ') ;
#16=PRODUCT_DEFINITION_SHAPE(' ',' ',#13) ;
#30=PRODUCT_DEFINITION_SHAPE(' ',' ',#29) ;
#1738=PRODUCT_DEFINITION_SHAPE(' ',' ',#1737) ;
#1757=PRODUCT_DEFINITION_SHAPE(' ',' ',#1756) ;
#2779=PRODUCT_DEFINITION_SHAPE(' ',' ',#2778) ;
#2791=MECHANICAL_DESIGN_GEOMETRIC_PRESENTATION_REPRESENTATION(' ',(#39,#1765),#22) ;
#15=SHAPE_REPRESENTATION(' ',(#1742,#2783),#22) ;
#25=SHAPE_REPRESENTATION(' ',(#1743),#24) ;
#1752=SHAPE_REPRESENTATION(' ',(#2784),#1751) ;
#1741=ITEM_DEFINED_TRANSFORMATION(' ',' ',#1743,#1742) ;
#2782=ITEM_DEFINED_TRANSFORMATION(' ',' ',#2784,#2783) ;
#44=AXIS2_PLACEMENT_3D('Cylinder Axis2P3D',#41,#42,#43) ;
#57=AXIS2_PLACEMENT_3D('Circle Axis2P3D',#55,#56,$) ;
#71=AXIS2_PLACEMENT_3D('Circle Axis2P3D',#69,#70,$) ;
#83=AXIS2_PLACEMENT_3D('Circle Axis2P3D',#81,#82,$) ;
#88=AXIS2_PLACEMENT_3D('Circle Axis2P3D',#86,#87,$) ;
#101=AXIS2_PLACEMENT_3D('Plane Axis2P3D',#98,#99,#100) ;
#141=AXIS2_PLACEMENT_3D('Plane Axis2P3D',#138,#139,#140) ;
#168=AXIS2_PLACEMENT_3D('Circle Axis2P3D',#166,#167,$) ;
#182=AXIS2_PLACEMENT_3D('Circle Axis2P3D',#180,#181,$) ;
#197=AXIS2_PLACEMENT_3D('Plane Axis2P3D',#194,#195,#196) ;
#228=AXIS2_PLACEMENT_3D('Plane Axis2P3D',#225,#226,#227) ;
#232=AXIS2_PLACEMENT_3D('Circle Axis2P3D',#230,#231,$) ;
#241=AXIS2_PLACEMENT_3D('Circle Axis2P3D',#239,#240,$) ;
#251=AXIS2_PLACEMENT_3D('Circle Axis2P3D',#249,#250,$) ;
#260=AXIS2_PLACEMENT_3D('Circle Axis2P3D',#258,#259,$) ;
#271=AXIS2_PLACEMENT_3D('Cylinder Axis2P3D',#268,#269,#270) ;
#275=AXIS2_PLACEMENT_3D('Circle Axis2P3D',#273,#274,$) ;
#301=AXIS2_PLACEMENT_3D('Circle Axis2P3D',#299,#300,$) ;
#314=AXIS2_PLACEMENT_3D('Cylinder Axis2P3D',#311,#312,#313) ;
#318=AXIS2_PLACEMENT_3D('Circle Axis2P3D',#316,#317,$) ;
#344=AXIS2_PLACEMENT_3D('Circle Axis2P3D',#342,#343,$) ;
#357=AXIS2_PLACEMENT_3D('Plane Axis2P3D',#354,#355,#356) ;
#361=AXIS2_PLACEMENT_3D('Circle Axis2P3D',#359,#360,$) ;
#370=AXIS2_PLACEMENT_3D('Circle Axis2P3D',#368,#369,$) ;
#380=AXIS2_PLACEMENT_3D('Circle Axis2P3D',#378,#379,$) ;
#389=AXIS2_PLACEMENT_3D('Circle Axis2P3D',#387,#388,$) ;
#400=AXIS2_PLACEMENT_3D('Plane Axis2P3D',#397,#398,#399) ;
#404=AXIS2_PLACEMENT_3D('Circle Axis2P3D',#402,#403,$) ;
#413=AXIS2_PLACEMENT_3D('Circle Axis2P3D',#411,#412,$) ;
#427=AXIS2_PLACEMENT_3D('Circle Axis2P3D',#425,#426,$) ;
#436=AXIS2_PLACEMENT_3D('Circle Axis2P3D',#434,#435,$) ;
#486=AXIS2_PLACEMENT_3D('Cylinder Axis2P3D',#483,#484,#485) ;
#490=AXIS2_PLACEMENT_3D('Circle Axis2P3D',#488,#489,$) ;
#516=AXIS2_PLACEMENT_3D('Circle Axis2P3D',#514,#515,$) ;
#529=AXIS2_PLACEMENT_3D('Cylinder Axis2P3D',#526,#527,#528) ;
#533=AXIS2_PLACEMENT_3D('Circle Axis2P3D',#531,#532,$) ;
#559=AXIS2_PLACEMENT_3D('Circle Axis2P3D',#557,#558,$) ;
#598=AXIS2_PLACEMENT_3D('Plane Axis2P3D',#595,#596,#597) ;
#622=AXIS2_PLACEMENT_3D('Plane Axis2P3D',#619,#620,#621) ;
#646=AXIS2_PLACEMENT_3D('Plane Axis2P3D',#643,#644,#645) ;
#662=AXIS2_PLACEMENT_3D('Circle Axis2P3D',#660,#661,$) ;
#671=AXIS2_PLACEMENT_3D('Circle Axis2P3D',#669,#670,$) ;
#685=AXIS2_PLACEMENT_3D('Circle Axis2P3D',#683,#684,$) ;
#694=AXIS2_PLACEMENT_3D('Circle Axis2P3D',#692,#693,$) ;
#709=AXIS2_PLACEMENT_3D('Plane Axis2P3D',#706,#707,#708) ;
#740=AXIS2_PLACEMENT_3D('Cylinder Axis2P3D',#737,#738,#739) ;
#744=AXIS2_PLACEMENT_3D('Circle Axis2P3D',#742,#743,$) ;
#764=AXIS2_PLACEMENT_3D('Cylinder Axis2P3D',#761,#762,#763) ;
#768=AXIS2_PLACEMENT_3D('Circle Axis2P3D',#766,#767,$) ;
#788=AXIS2_PLACEMENT_3D('Plane Axis2P3D',#785,#786,#787) ;
#815=AXIS2_PLACEMENT_3D('Circle Axis2P3D',#813,#814,$) ;
#829=AXIS2_PLACEMENT_3D('Circle Axis2P3D',#827,#828,$) ;
#850=AXIS2_PLACEMENT_3D('Cylinder Axis2P3D',#847,#848,#849) ;
#863=AXIS2_PLACEMENT_3D('Circle Axis2P3D',#861,#862,$) ;
#877=AXIS2_PLACEMENT_3D('Circle Axis2P3D',#875,#876,$) ;
#889=AXIS2_PLACEMENT_3D('Circle Axis2P3D',#887,#888,$) ;
#894=AXIS2_PLACEMENT_3D('Circle Axis2P3D',#892,#893,$) ;
#907=AXIS2_PLACEMENT_3D('Cylinder Axis2P3D',#904,#905,#906) ;
#920=AXIS2_PLACEMENT_3D('Circle Axis2P3D',#918,#919,$) ;
#934=AXIS2_PLACEMENT_3D('Circle Axis2P3D',#932,#933,$) ;
#946=AXIS2_PLACEMENT_3D('Circle Axis2P3D',#944,#945,$) ;
#951=AXIS2_PLACEMENT_3D('Circle Axis2P3D',#949,#950,$) ;
#964=AXIS2_PLACEMENT_3D('Cylinder Axis2P3D',#961,#962,#963) ;
#977=AXIS2_PLACEMENT_3D('Circle Axis2P3D',#975,#976,$) ;
#991=AXIS2_PLACEMENT_3D('Circle Axis2P3D',#989,#990,$) ;
#1003=AXIS2_PLACEMENT_3D('Circle Axis2P3D',#1001,#1002,$) ;
#1008=AXIS2_PLACEMENT_3D('Circle Axis2P3D',#1006,#1007,$) ;
#1021=AXIS2_PLACEMENT_3D('Cylinder Axis2P3D',#1018,#1019,#1020) ;
#1025=AXIS2_PLACEMENT_3D('Circle Axis2P3D',#1023,#1024,$) ;
#1032=AXIS2_PLACEMENT_3D('Circle Axis2P3D',#1030,#1031,$) ;
#1052=AXIS2_PLACEMENT_3D('Cylinder Axis2P3D',#1049,#1050,#1051) ;
#1056=AXIS2_PLACEMENT_3D('Circle Axis2P3D',#1054,#1055,$) ;
#1070=AXIS2_PLACEMENT_3D('Circle Axis2P3D',#1068,#1069,$) ;
#1083=AXIS2_PLACEMENT_3D('Cylinder Axis2P3D',#1080,#1081,#1082) ;
#1094=AXIS2_PLACEMENT_3D('Circle Axis2P3D',#1092,#1093,$) ;
#1114=AXIS2_PLACEMENT_3D('Plane Axis2P3D',#1111,#1112,#1113) ;
#1138=AXIS2_PLACEMENT_3D('Cylinder Axis2P3D',#1135,#1136,#1137) ;
#1142=AXIS2_PLACEMENT_3D('Circle Axis2P3D',#1140,#1141,$) ;
#1162=AXIS2_PLACEMENT_3D('Plane Axis2P3D',#1159,#1160,#1161) ;
#1202=AXIS2_PLACEMENT_3D('Cylinder Axis2P3D',#1199,#1200,#1201) ;
#1220=AXIS2_PLACEMENT_3D('Circle Axis2P3D',#1218,#1219,$) ;
#1232=AXIS2_PLACEMENT_3D('Circle Axis2P3D',#1230,#1231,$) ;
#1245=AXIS2_PLACEMENT_3D('Torus Axis2P3D',#1242,#1243,#1244) ;
#1249=AXIS2_PLACEMENT_3D('Circle Axis2P3D',#1247,#1248,$) ;
#1256=AXIS2_PLACEMENT_3D('Circle Axis2P3D',#1254,#1255,$) ;
#1263=AXIS2_PLACEMENT_3D('Circle Axis2P3D',#1261,#1262,$) ;
#1276=AXIS2_PLACEMENT_3D('Torus Axis2P3D',#1273,#1274,#1275) ;
#1280=AXIS2_PLACEMENT_3D('Circle Axis2P3D',#1278,#1279,$) ;
#1293=AXIS2_PLACEMENT_3D('Cylinder Axis2P3D',#1290,#1291,#1292) ;
#1311=AXIS2_PLACEMENT_3D('Circle Axis2P3D',#1309,#1310,$) ;
#1323=AXIS2_PLACEMENT_3D('Circle Axis2P3D',#1321,#1322,$) ;
#1355=AXIS2_PLACEMENT_3D('Circle Axis2P3D',#1353,#1354,$) ;
#1364=AXIS2_PLACEMENT_3D('Circle Axis2P3D',#1362,#1363,$) ;
#1395=AXIS2_PLACEMENT_3D('Torus Axis2P3D',#1392,#1393,#1394) ;
#1399=AXIS2_PLACEMENT_3D('Circle Axis2P3D',#1397,#1398,$) ;
#1404=AXIS2_PLACEMENT_3D('Circle Axis2P3D',#1402,#1403,$) ;
#1417=AXIS2_PLACEMENT_3D('Torus Axis2P3D',#1414,#1415,#1416) ;
#1429=AXIS2_PLACEMENT_3D('Cylinder Axis2P3D',#1426,#1427,#1428) ;
#1447=AXIS2_PLACEMENT_3D('Circle Axis2P3D',#1445,#1446,$) ;
#1459=AXIS2_PLACEMENT_3D('Circle Axis2P3D',#1457,#1458,$) ;
#1472=AXIS2_PLACEMENT_3D('Torus Axis2P3D',#1469,#1470,#1471) ;
#1476=AXIS2_PLACEMENT_3D('Circle Axis2P3D',#1474,#1475,$) ;
#1483=AXIS2_PLACEMENT_3D('Circle Axis2P3D',#1481,#1482,$) ;
#1490=AXIS2_PLACEMENT_3D('Circle Axis2P3D',#1488,#1489,$) ;
#1503=AXIS2_PLACEMENT_3D('Torus Axis2P3D',#1500,#1501,#1502) ;
#1507=AXIS2_PLACEMENT_3D('Circle Axis2P3D',#1505,#1506,$) ;
#1520=AXIS2_PLACEMENT_3D('Cylinder Axis2P3D',#1517,#1518,#1519) ;
#1538=AXIS2_PLACEMENT_3D('Circle Axis2P3D',#1536,#1537,$) ;
#1550=AXIS2_PLACEMENT_3D('Circle Axis2P3D',#1548,#1549,$) ;
#1563=AXIS2_PLACEMENT_3D('Torus Axis2P3D',#1560,#1561,#1562) ;
#1567=AXIS2_PLACEMENT_3D('Circle Axis2P3D',#1565,#1566,$) ;
#1574=AXIS2_PLACEMENT_3D('Circle Axis2P3D',#1572,#1573,$) ;
#1581=AXIS2_PLACEMENT_3D('Circle Axis2P3D',#1579,#1580,$) ;
#1594=AXIS2_PLACEMENT_3D('Torus Axis2P3D',#1591,#1592,#1593) ;
#1598=AXIS2_PLACEMENT_3D('Circle Axis2P3D',#1596,#1597,$) ;
#1611=AXIS2_PLACEMENT_3D('Plane Axis2P3D',#1608,#1609,#1610) ;
#1629=AXIS2_PLACEMENT_3D('Circle Axis2P3D',#1627,#1628,$) ;
#1649=AXIS2_PLACEMENT_3D('Plane Axis2P3D',#1646,#1647,#1648) ;
#1667=AXIS2_PLACEMENT_3D('Circle Axis2P3D',#1665,#1666,$) ;
#1687=AXIS2_PLACEMENT_3D('Plane Axis2P3D',#1684,#1685,#1686) ;
#1726=AXIS2_PLACEMENT_3D('Cylinder Axis2P3D',#1723,#1724,#1725) ;
#1742=AXIS2_PLACEMENT_3D(' ',#1745,#1749,#1748) ;
#1743=AXIS2_PLACEMENT_3D(' ',#1744,#1747,#1746) ;
#1770=AXIS2_PLACEMENT_3D('Plane Axis2P3D',#1767,#1768,#1769) ;
#1774=AXIS2_PLACEMENT_3D('Circle Axis2P3D',#1772,#1773,$) ;
#1783=AXIS2_PLACEMENT_3D('Circle Axis2P3D',#1781,#1782,$) ;
#1793=AXIS2_PLACEMENT_3D('Circle Axis2P3D',#1791,#1792,$) ;
#1802=AXIS2_PLACEMENT_3D('Circle Axis2P3D',#1800,#1801,$) ;
#1812=AXIS2_PLACEMENT_3D('Circle Axis2P3D',#1810,#1811,$) ;
#1821=AXIS2_PLACEMENT_3D('Circle Axis2P3D',#1819,#1820,$) ;
#1831=AXIS2_PLACEMENT_3D('Circle Axis2P3D',#1829,#1830,$) ;
#1840=AXIS2_PLACEMENT_3D('Circle Axis2P3D',#1838,#1839,$) ;
#1851=AXIS2_PLACEMENT_3D('Cylinder Axis2P3D',#1848,#1849,#1850) ;
#1869=AXIS2_PLACEMENT_3D('Circle Axis2P3D',#1867,#1868,$) ;
#1881=AXIS2_PLACEMENT_3D('Circle Axis2P3D',#1879,#1880,$) ;
#1894=AXIS2_PLACEMENT_3D('Torus Axis2P3D',#1891,#1892,#1893) ;
#1898=AXIS2_PLACEMENT_3D('Circle Axis2P3D',#1896,#1897,$) ;
#1905=AXIS2_PLACEMENT_3D('Circle Axis2P3D',#1903,#1904,$) ;
#1912=AXIS2_PLACEMENT_3D('Circle Axis2P3D',#1910,#1911,$) ;
#1925=AXIS2_PLACEMENT_3D('Torus Axis2P3D',#1922,#1923,#1924) ;
#1929=AXIS2_PLACEMENT_3D('Circle Axis2P3D',#1927,#1928,$) ;
#1942=AXIS2_PLACEMENT_3D('Cylinder Axis2P3D',#1939,#1940,#1941) ;
#1960=AXIS2_PLACEMENT_3D('Circle Axis2P3D',#1958,#1959,$) ;
#1972=AXIS2_PLACEMENT_3D('Circle Axis2P3D',#1970,#1971,$) ;
#1985=AXIS2_PLACEMENT_3D('Torus Axis2P3D',#1982,#1983,#1984) ;
#1989=AXIS2_PLACEMENT_3D('Circle Axis2P3D',#1987,#1988,$) ;
#1996=AXIS2_PLACEMENT_3D('Circle Axis2P3D',#1994,#1995,$) ;
#2003=AXIS2_PLACEMENT_3D('Circle Axis2P3D',#2001,#2002,$) ;
#2016=AXIS2_PLACEMENT_3D('Torus Axis2P3D',#2013,#2014,#2015) ;
#2020=AXIS2_PLACEMENT_3D('Circle Axis2P3D',#2018,#2019,$) ;
#2033=AXIS2_PLACEMENT_3D('Cylinder Axis2P3D',#2030,#2031,#2032) ;
#2051=AXIS2_PLACEMENT_3D('Circle Axis2P3D',#2049,#2050,$) ;
#2063=AXIS2_PLACEMENT_3D('Circle Axis2P3D',#2061,#2062,$) ;
#2076=AXIS2_PLACEMENT_3D('Torus Axis2P3D',#2073,#2074,#2075) ;
#2080=AXIS2_PLACEMENT_3D('Circle Axis2P3D',#2078,#2079,$) ;
#2087=AXIS2_PLACEMENT_3D('Circle Axis2P3D',#2085,#2086,$) ;
#2094=AXIS2_PLACEMENT_3D('Circle Axis2P3D',#2092,#2093,$) ;
#2107=AXIS2_PLACEMENT_3D('Torus Axis2P3D',#2104,#2105,#2106) ;
#2111=AXIS2_PLACEMENT_3D('Circle Axis2P3D',#2109,#2110,$) ;
#2124=AXIS2_PLACEMENT_3D('Cylinder Axis2P3D',#2121,#2122,#2123) ;
#2142=AXIS2_PLACEMENT_3D('Circle Axis2P3D',#2140,#2141,$) ;
#2154=AXIS2_PLACEMENT_3D('Circle Axis2P3D',#2152,#2153,$) ;
#2167=AXIS2_PLACEMENT_3D('Torus Axis2P3D',#2164,#2165,#2166) ;
#2171=AXIS2_PLACEMENT_3D('Circle Axis2P3D',#2169,#2170,$) ;
#2178=AXIS2_PLACEMENT_3D('Circle Axis2P3D',#2176,#2177,$) ;
#2185=AXIS2_PLACEMENT_3D('Circle Axis2P3D',#2183,#2184,$) ;
#2198=AXIS2_PLACEMENT_3D('Torus Axis2P3D',#2195,#2196,#2197) ;
#2202=AXIS2_PLACEMENT_3D('Circle Axis2P3D',#2200,#2201,$) ;
#2215=AXIS2_PLACEMENT_3D('Cylinder Axis2P3D',#2212,#2213,#2214) ;
#2228=AXIS2_PLACEMENT_3D('Circle Axis2P3D',#2226,#2227,$) ;
#2242=AXIS2_PLACEMENT_3D('Circle Axis2P3D',#2240,#2241,$) ;
#2255=AXIS2_PLACEMENT_3D('Cylinder Axis2P3D',#2252,#2253,#2254) ;
#2259=AXIS2_PLACEMENT_3D('Circle Axis2P3D',#2257,#2258,$) ;
#2275=AXIS2_PLACEMENT_3D('Circle Axis2P3D',#2273,#2274,$) ;
#2295=AXIS2_PLACEMENT_3D('Plane Axis2P3D',#2292,#2293,#2294) ;
#2326=AXIS2_PLACEMENT_3D('Cylinder Axis2P3D',#2323,#2324,#2325) ;
#2330=AXIS2_PLACEMENT_3D('Circle Axis2P3D',#2328,#2329,$) ;
#2337=AXIS2_PLACEMENT_3D('Circle Axis2P3D',#2335,#2336,$) ;
#2357=AXIS2_PLACEMENT_3D('Plane Axis2P3D',#2354,#2355,#2356) ;
#2388=AXIS2_PLACEMENT_3D('Cylinder Axis2P3D',#2385,#2386,#2387) ;
#2392=AXIS2_PLACEMENT_3D('Circle Axis2P3D',#2390,#2391,$) ;
#2406=AXIS2_PLACEMENT_3D('Circle Axis2P3D',#2404,#2405,$) ;
#2419=AXIS2_PLACEMENT_3D('Plane Axis2P3D',#2416,#2417,#2418) ;
#2450=AXIS2_PLACEMENT_3D('Cylinder Axis2P3D',#2447,#2448,#2449) ;
#2463=AXIS2_PLACEMENT_3D('Circle Axis2P3D',#2461,#2462,$) ;
#2468=AXIS2_PLACEMENT_3D('Circle Axis2P3D',#2466,#2467,$) ;
#2481=AXIS2_PLACEMENT_3D('Plane Axis2P3D',#2478,#2479,#2480) ;
#2512=AXIS2_PLACEMENT_3D('Plane Axis2P3D',#2509,#2510,#2511) ;
#2543=AXIS2_PLACEMENT_3D('Cylinder Axis2P3D',#2540,#2541,#2542) ;
#2547=AXIS2_PLACEMENT_3D('Circle Axis2P3D',#2545,#2546,$) ;
#2552=AXIS2_PLACEMENT_3D('Circle Axis2P3D',#2550,#2551,$) ;
#2565=AXIS2_PLACEMENT_3D('Plane Axis2P3D',#2562,#2563,#2564) ;
#2596=AXIS2_PLACEMENT_3D('Cylinder Axis2P3D',#2593,#2594,#2595) ;
#2609=AXIS2_PLACEMENT_3D('Circle Axis2P3D',#2607,#2608,$) ;
#2614=AXIS2_PLACEMENT_3D('Circle Axis2P3D',#2612,#2613,$) ;
#2627=AXIS2_PLACEMENT_3D('Plane Axis2P3D',#2624,#2625,#2626) ;
#2641=AXIS2_PLACEMENT_3D('Circle Axis2P3D',#2639,#2640,$) ;
#2672=AXIS2_PLACEMENT_3D('Plane Axis2P3D',#2669,#2670,#2671) ;
#2700=AXIS2_PLACEMENT_3D('Circle Axis2P3D',#2698,#2699,$) ;
#2733=AXIS2_PLACEMENT_3D('Plane Axis2P3D',#2730,#2731,#2732) ;
#2750=AXIS2_PLACEMENT_3D('Plane Axis2P3D',#2747,#2748,#2749) ;
#2767=AXIS2_PLACEMENT_3D('Cylinder Axis2P3D',#2764,#2765,#2766) ;
#2783=AXIS2_PLACEMENT_3D(' ',#2786,#2790,#2789) ;
#2784=AXIS2_PLACEMENT_3D(' ',#2785,#2788,#2787) ;
#41=CARTESIAN_POINT('Axis2P3D Location',(2.,28.5,2.4)) ;
#46=CARTESIAN_POINT('Line Origine',(0.244834876219,29.4588510772,5.6550000001)) ;
#50=CARTESIAN_POINT('Vertex',(0.244834876219,29.4588510772,-4.4408920985E-016)) ;
#52=CARTESIAN_POINT('Vertex',(0.244834876219,29.4588510772,2.5)) ;
#55=CARTESIAN_POINT('Axis2P3D Location',(2.,28.5,0.)) ;
#59=CARTESIAN_POINT('Vertex',(3.75516512378,27.5411489228,-4.4408920985E-016)) ;
#62=CARTESIAN_POINT('Line Origine',(3.75516512378,27.5411489228,5.6550000001)) ;
#66=CARTESIAN_POINT('Vertex',(3.75516512378,27.5411489228,2.5)) ;
#69=CARTESIAN_POINT('Axis2P3D Location',(2.,28.5,2.5)) ;
#81=CARTESIAN_POINT('Axis2P3D Location',(2.,28.5,0.)) ;
#86=CARTESIAN_POINT('Axis2P3D Location',(2.,28.5,2.5)) ;
#98=CARTESIAN_POINT('Axis2P3D Location',(45.,35.,0.)) ;
#103=CARTESIAN_POINT('Line Origine',(45.,31.,1.25)) ;
#107=CARTESIAN_POINT('Vertex',(45.,31.,0.)) ;
#109=CARTESIAN_POINT('Vertex',(45.,31.,2.5)) ;
#112=CARTESIAN_POINT('Line Origine',(45.,0.,2.5)) ;
#116=CARTESIAN_POINT('Vertex',(45.,-31.,2.5)) ;
#119=CARTESIAN_POINT('Line Origine',(45.,-31.,1.25)) ;
#123=CARTESIAN_POINT('Vertex',(45.,-31.,0.)) ;
#126=CARTESIAN_POINT('Line Origine',(45.,0.,0.)) ;
#138=CARTESIAN_POINT('Axis2P3D Location',(-40.,35.,1.5)) ;
#143=CARTESIAN_POINT('Line Origine',(-45.5,35.,1.5)) ;
#147=CARTESIAN_POINT('Vertex',(-40.,35.,1.5)) ;
#149=CARTESIAN_POINT('Vertex',(-51.,35.,1.5)) ;
#152=CARTESIAN_POINT('Line Origine',(-40.,-7.1054273576E-015,1.5)) ;
#156=CARTESIAN_POINT('Vertex',(-40.,-35.,1.5)) ;
#159=CARTESIAN_POINT('Line Origine',(-45.5,-35.,1.5)) ;
#163=CARTESIAN_POINT('Vertex',(-51.,-35.,1.5)) ;
#166=CARTESIAN_POINT('Axis2P3D Location',(-51.,-31.,1.5)) ;
#170=CARTESIAN_POINT('Vertex',(-55.,-31.,1.5)) ;
#173=CARTESIAN_POINT('Line Origine',(-55.,3.5527136788E-015,1.5)) ;
#177=CARTESIAN_POINT('Vertex',(-55.,31.,1.5)) ;
#180=CARTESIAN_POINT('Axis2P3D Location',(-51.,31.,1.5)) ;
#194=CARTESIAN_POINT('Axis2P3D Location',(-40.,-35.,0.)) ;
#199=CARTESIAN_POINT('Line Origine',(-40.,35.,0.75)) ;
#203=CARTESIAN_POINT('Vertex',(-40.,35.,0.)) ;
#206=CARTESIAN_POINT('Line Origine',(-40.,-7.1054273576E-015,0.)) ;
#210=CARTESIAN_POINT('Vertex',(-40.,-35.,0.)) ;
#213=CARTESIAN_POINT('Line Origine',(-40.,-35.,0.75)) ;
#225=CARTESIAN_POINT('Axis2P3D Location',(-40.,-35.,5.5)) ;
#230=CARTESIAN_POINT('Axis2P3D Location',(-49.,-29.,5.5)) ;
#234=CARTESIAN_POINT('Vertex',(-46.5,-29.,5.5)) ;
#236=CARTESIAN_POINT('Vertex',(-51.5,-29.,5.5)) ;
#239=CARTESIAN_POINT('Axis2P3D Location',(-49.,-29.,5.5)) ;
#249=CARTESIAN_POINT('Axis2P3D Location',(-49.,29.,5.5)) ;
#253=CARTESIAN_POINT('Vertex',(-46.5,29.,5.5)) ;
#255=CARTESIAN_POINT('Vertex',(-51.5,29.,5.5)) ;
#258=CARTESIAN_POINT('Axis2P3D Location',(-49.,29.,5.5)) ;
#268=CARTESIAN_POINT('Axis2P3D Location',(-49.,-29.,12.)) ;
#273=CARTESIAN_POINT('Axis2P3D Location',(-49.,-29.,18.5)) ;
#277=CARTESIAN_POINT('Vertex',(-46.5,-29.,18.5)) ;
#279=CARTESIAN_POINT('Vertex',(-51.5,-29.,18.5)) ;
#282=CARTESIAN_POINT('Line Origine',(-51.5,-29.,12.)) ;
#287=CARTESIAN_POINT('Line Origine',(-46.5,-29.,12.)) ;
#299=CARTESIAN_POINT('Axis2P3D Location',(-49.,-29.,18.5)) ;
#311=CARTESIAN_POINT('Axis2P3D Location',(-49.,29.,12.)) ;
#316=CARTESIAN_POINT('Axis2P3D Location',(-49.,29.,18.5)) ;
#320=CARTESIAN_POINT('Vertex',(-46.5,29.,18.5)) ;
#322=CARTESIAN_POINT('Vertex',(-51.5,29.,18.5)) ;
#325=CARTESIAN_POINT('Line Origine',(-51.5,29.,12.)) ;
#330=CARTESIAN_POINT('Line Origine',(-46.5,29.,12.)) ;
#342=CARTESIAN_POINT('Axis2P3D Location',(-49.,29.,18.5)) ;
#354=CARTESIAN_POINT('Axis2P3D Location',(0.,0.,2.5)) ;
#359=CARTESIAN_POINT('Axis2P3D Location',(39.,29.,2.5)) ;
#363=CARTESIAN_POINT('Vertex',(41.5,29.,2.5)) ;
#365=CARTESIAN_POINT('Vertex',(36.5,29.,2.5)) ;
#368=CARTESIAN_POINT('Axis2P3D Location',(39.,29.,2.5)) ;
#378=CARTESIAN_POINT('Axis2P3D Location',(39.,-29.,2.5)) ;
#382=CARTESIAN_POINT('Vertex',(41.5,-29.,2.5)) ;
#384=CARTESIAN_POINT('Vertex',(36.5,-29.,2.5)) ;
#387=CARTESIAN_POINT('Axis2P3D Location',(39.,-29.,2.5)) ;
#397=CARTESIAN_POINT('Axis2P3D Location',(0.,0.,18.5)) ;
#402=CARTESIAN_POINT('Axis2P3D Location',(-49.,-29.,18.5)) ;
#406=CARTESIAN_POINT('Vertex',(-44.5,-29.,18.5)) ;
#408=CARTESIAN_POINT('Vertex',(-53.5,-29.,18.5)) ;
#411=CARTESIAN_POINT('Axis2P3D Location',(-49.,-29.,18.5)) ;
#425=CARTESIAN_POINT('Axis2P3D Location',(-49.,29.,18.5)) ;
#429=CARTESIAN_POINT('Vertex',(-44.5,29.,18.5)) ;
#431=CARTESIAN_POINT('Vertex',(-53.5,29.,18.5)) ;
#434=CARTESIAN_POINT('Axis2P3D Location',(-49.,29.,18.5)) ;
#448=CARTESIAN_POINT('Line Origine',(-40.,0.,2.5)) ;
#452=CARTESIAN_POINT('Vertex',(-40.,33.,2.5)) ;
#454=CARTESIAN_POINT('Vertex',(-40.,-33.,2.5)) ;
#457=CARTESIAN_POINT('Line Origine',(-22.5,-33.,2.5)) ;
#461=CARTESIAN_POINT('Vertex',(-5.,-33.,2.5)) ;
#464=CARTESIAN_POINT('Line Origine',(-5.,0.,2.5)) ;
#468=CARTESIAN_POINT('Vertex',(-5.,33.,2.5)) ;
#471=CARTESIAN_POINT('Line Origine',(-22.5,33.,2.5)) ;
#483=CARTESIAN_POINT('Axis2P3D Location',(39.,29.,10.5)) ;
#488=CARTESIAN_POINT('Axis2P3D Location',(39.,29.,18.5)) ;
#492=CARTESIAN_POINT('Vertex',(41.5,29.,18.5)) ;
#494=CARTESIAN_POINT('Vertex',(36.5,29.,18.5)) ;
#497=CARTESIAN_POINT('Line Origine',(36.5,29.,10.5)) ;
#502=CARTESIAN_POINT('Line Origine',(41.5,29.,10.5)) ;
#514=CARTESIAN_POINT('Axis2P3D Location',(39.,29.,18.5)) ;
#526=CARTESIAN_POINT('Axis2P3D Location',(39.,-29.,10.5)) ;
#531=CARTESIAN_POINT('Axis2P3D Location',(39.,-29.,18.5)) ;
#535=CARTESIAN_POINT('Vertex',(41.5,-29.,18.5)) ;
#537=CARTESIAN_POINT('Vertex',(36.5,-29.,18.5)) ;
#540=CARTESIAN_POINT('Line Origine',(36.5,-29.,10.5)) ;
#545=CARTESIAN_POINT('Line Origine',(41.5,-29.,10.5)) ;
#557=CARTESIAN_POINT('Axis2P3D Location',(39.,-29.,18.5)) ;
#569=CARTESIAN_POINT('Line Origine',(-40.,0.,9.5)) ;
#573=CARTESIAN_POINT('Vertex',(-40.,33.,9.5)) ;
#575=CARTESIAN_POINT('Vertex',(-40.,-33.,9.5)) ;
#578=CARTESIAN_POINT('Line Origine',(-40.,-33.,6.)) ;
#583=CARTESIAN_POINT('Line Origine',(-40.,33.,6.)) ;
#595=CARTESIAN_POINT('Axis2P3D Location',(-5.,-33.,2.5)) ;
#600=CARTESIAN_POINT('Line Origine',(-22.5,-33.,9.5)) ;
#604=CARTESIAN_POINT('Vertex',(-5.,-33.,9.5)) ;
#607=CARTESIAN_POINT('Line Origine',(-5.,-33.,6.)) ;
#619=CARTESIAN_POINT('Axis2P3D Location',(-5.,33.,2.5)) ;
#624=CARTESIAN_POINT('Line Origine',(-5.,0.,9.5)) ;
#628=CARTESIAN_POINT('Vertex',(-5.,33.,9.5)) ;
#631=CARTESIAN_POINT('Line Origine',(-5.,33.,6.)) ;
#643=CARTESIAN_POINT('Axis2P3D Location',(-40.,33.,2.5)) ;
#648=CARTESIAN_POINT('Line Origine',(-22.5,33.,9.5)) ;
#660=CARTESIAN_POINT('Axis2P3D Location',(39.,29.,18.5)) ;
#664=CARTESIAN_POINT('Vertex',(43.5,29.,18.5)) ;
#666=CARTESIAN_POINT('Vertex',(34.5,29.,18.5)) ;
#669=CARTESIAN_POINT('Axis2P3D Location',(39.,29.,18.5)) ;
#683=CARTESIAN_POINT('Axis2P3D Location',(39.,-29.,18.5)) ;
#687=CARTESIAN_POINT('Vertex',(43.5,-29.,18.5)) ;
#689=CARTESIAN_POINT('Vertex',(34.5,-29.,18.5)) ;
#692=CARTESIAN_POINT('Axis2P3D Location',(39.,-29.,18.5)) ;
#706=CARTESIAN_POINT('Axis2P3D Location',(-55.,0.,0.)) ;
#711=CARTESIAN_POINT('Line Origine',(-55.,-31.,3.5)) ;
#715=CARTESIAN_POINT('Vertex',(-55.,-31.,5.5)) ;
#718=CARTESIAN_POINT('Line Origine',(-55.,-3.5527136788E-015,5.5)) ;
#722=CARTESIAN_POINT('Vertex',(-55.,31.,5.5)) ;
#725=CARTESIAN_POINT('Line Origine',(-55.,31.,3.5)) ;
#737=CARTESIAN_POINT('Axis2P3D Location',(-51.,-31.,4.75)) ;
#742=CARTESIAN_POINT('Axis2P3D Location',(-51.,-31.,5.5)) ;
#746=CARTESIAN_POINT('Vertex',(-51.,-35.,5.5)) ;
#749=CARTESIAN_POINT('Line Origine',(-51.,-35.,4.75)) ;
#761=CARTESIAN_POINT('Axis2P3D Location',(-51.,31.,4.75)) ;
#766=CARTESIAN_POINT('Axis2P3D Location',(-51.,31.,5.5)) ;
#770=CARTESIAN_POINT('Vertex',(-51.,35.,5.5)) ;
#773=CARTESIAN_POINT('Line Origine',(-51.,35.,4.75)) ;
#785=CARTESIAN_POINT('Axis2P3D Location',(0.,0.,9.5)) ;
#790=CARTESIAN_POINT('Line Origine',(-23.5,35.,9.5)) ;
#794=CARTESIAN_POINT('Vertex',(-5.,35.,9.5)) ;
#796=CARTESIAN_POINT('Vertex',(-42.,35.,9.5)) ;
#799=CARTESIAN_POINT('Line Origine',(-42.,7.1054273576E-015,9.5)) ;
#803=CARTESIAN_POINT('Vertex',(-42.,-35.,9.5)) ;
#806=CARTESIAN_POINT('Line Origine',(-23.5,-35.,9.5)) ;
#810=CARTESIAN_POINT('Vertex',(-5.,-35.,9.5)) ;
#813=CARTESIAN_POINT('Axis2P3D Location',(-5.,-33.,9.5)) ;
#817=CARTESIAN_POINT('Vertex',(-3.,-33.,9.5)) ;
#820=CARTESIAN_POINT('Line Origine',(-3.,0.,9.5)) ;
#824=CARTESIAN_POINT('Vertex',(-3.,33.,9.5)) ;
#827=CARTESIAN_POINT('Axis2P3D Location',(-5.,33.,9.5)) ;
#847=CARTESIAN_POINT('Axis2P3D Location',(30.,-28.75,2.4)) ;
#852=CARTESIAN_POINT('Line Origine',(28.2448348762,-27.7911489228,5.6550000001)) ;
#856=CARTESIAN_POINT('Vertex',(28.2448348762,-27.7911489228,-4.4408920985E-016)) ;
#858=CARTESIAN_POINT('Vertex',(28.2448348762,-27.7911489228,2.5)) ;
#861=CARTESIAN_POINT('Axis2P3D Location',(30.,-28.75,0.)) ;
#865=CARTESIAN_POINT('Vertex',(31.7551651238,-29.7088510772,-4.4408920985E-016)) ;
#868=CARTESIAN_POINT('Line Origine',(31.7551651238,-29.7088510772,5.6550000001)) ;
#872=CARTESIAN_POINT('Vertex',(31.7551651238,-29.7088510772,2.5)) ;
#875=CARTESIAN_POINT('Axis2P3D Location',(30.,-28.75,2.5)) ;
#887=CARTESIAN_POINT('Axis2P3D Location',(30.,-28.75,0.)) ;
#892=CARTESIAN_POINT('Axis2P3D Location',(30.,-28.75,2.5)) ;
#904=CARTESIAN_POINT('Axis2P3D Location',(2.,-28.5,2.4)) ;
#909=CARTESIAN_POINT('Line Origine',(0.244834876219,-27.5411489228,5.6550000001)) ;
#913=CARTESIAN_POINT('Vertex',(0.244834876219,-27.5411489228,-4.4408920985E-016)) ;
#915=CARTESIAN_POINT('Vertex',(0.244834876219,-27.5411489228,2.5)) ;
#918=CARTESIAN_POINT('Axis2P3D Location',(2.,-28.5,0.)) ;
#922=CARTESIAN_POINT('Vertex',(3.75516512378,-29.4588510772,-4.4408920985E-016)) ;
#925=CARTESIAN_POINT('Line Origine',(3.75516512378,-29.4588510772,5.6550000001)) ;
#929=CARTESIAN_POINT('Vertex',(3.75516512378,-29.4588510772,2.5)) ;
#932=CARTESIAN_POINT('Axis2P3D Location',(2.,-28.5,2.5)) ;
#944=CARTESIAN_POINT('Axis2P3D Location',(2.,-28.5,0.)) ;
#949=CARTESIAN_POINT('Axis2P3D Location',(2.,-28.5,2.5)) ;
#961=CARTESIAN_POINT('Axis2P3D Location',(30.,28.75,2.4)) ;
#966=CARTESIAN_POINT('Line Origine',(28.2448348762,29.7088510772,5.6550000001)) ;
#970=CARTESIAN_POINT('Vertex',(28.2448348762,29.7088510772,-4.4408920985E-016)) ;
#972=CARTESIAN_POINT('Vertex',(28.2448348762,29.7088510772,2.5)) ;
#975=CARTESIAN_POINT('Axis2P3D Location',(30.,28.75,0.)) ;
#979=CARTESIAN_POINT('Vertex',(31.7551651238,27.7911489228,-4.4408920985E-016)) ;
#982=CARTESIAN_POINT('Line Origine',(31.7551651238,27.7911489228,5.6550000001)) ;
#986=CARTESIAN_POINT('Vertex',(31.7551651238,27.7911489228,2.5)) ;
#989=CARTESIAN_POINT('Axis2P3D Location',(30.,28.75,2.5)) ;
#1001=CARTESIAN_POINT('Axis2P3D Location',(30.,28.75,0.)) ;
#1006=CARTESIAN_POINT('Axis2P3D Location',(30.,28.75,2.5)) ;
#1018=CARTESIAN_POINT('Axis2P3D Location',(41.,31.,4.75)) ;
#1023=CARTESIAN_POINT('Axis2P3D Location',(41.,31.,2.5)) ;
#1027=CARTESIAN_POINT('Vertex',(41.,35.,2.5)) ;
#1030=CARTESIAN_POINT('Axis2P3D Location',(41.,31.,0.)) ;
#1034=CARTESIAN_POINT('Vertex',(41.,35.,0.)) ;
#1037=CARTESIAN_POINT('Line Origine',(41.,35.,4.75)) ;
#1049=CARTESIAN_POINT('Axis2P3D Location',(41.,-31.,4.75)) ;
#1054=CARTESIAN_POINT('Axis2P3D Location',(41.,-31.,2.5)) ;
#1058=CARTESIAN_POINT('Vertex',(41.,-35.,2.5)) ;
#1061=CARTESIAN_POINT('Line Origine',(41.,-35.,4.75)) ;
#1065=CARTESIAN_POINT('Vertex',(41.,-35.,0.)) ;
#1068=CARTESIAN_POINT('Axis2P3D Location',(41.,-31.,0.)) ;
#1080=CARTESIAN_POINT('Axis2P3D Location',(-5.,-33.,4.75)) ;
#1085=CARTESIAN_POINT('Line Origine',(-5.,-35.,4.75)) ;
#1089=CARTESIAN_POINT('Vertex',(-5.,-35.,2.5)) ;
#1092=CARTESIAN_POINT('Axis2P3D Location',(-5.,-33.,2.5)) ;
#1096=CARTESIAN_POINT('Vertex',(-3.,-33.,2.5)) ;
#1099=CARTESIAN_POINT('Line Origine',(-3.,-33.,4.75)) ;
#1111=CARTESIAN_POINT('Axis2P3D Location',(-3.,35.,2.5)) ;
#1116=CARTESIAN_POINT('Line Origine',(-3.,33.,6.)) ;
#1120=CARTESIAN_POINT('Vertex',(-3.,33.,2.5)) ;
#1123=CARTESIAN_POINT('Line Origine',(-3.,0.,2.5)) ;
#1135=CARTESIAN_POINT('Axis2P3D Location',(-5.,33.,4.75)) ;
#1140=CARTESIAN_POINT('Axis2P3D Location',(-5.,33.,2.5)) ;
#1144=CARTESIAN_POINT('Vertex',(-5.,35.,2.5)) ;
#1147=CARTESIAN_POINT('Line Origine',(-5.,35.,4.75)) ;
#1159=CARTESIAN_POINT('Axis2P3D Location',(0.,0.,0.)) ;
#1164=CARTESIAN_POINT('Line Origine',(0.5,-35.,0.)) ;
#1169=CARTESIAN_POINT('Line Origine',(0.5,35.,0.)) ;
#1199=CARTESIAN_POINT('Axis2P3D Location',(39.,-29.,10.5)) ;
#1204=CARTESIAN_POINT('Line Origine',(43.5,-29.,10.5)) ;
#1208=CARTESIAN_POINT('Vertex',(43.5,-29.,3.)) ;
#1211=CARTESIAN_POINT('Line Origine',(34.5,-29.,10.5)) ;
#1215=CARTESIAN_POINT('Vertex',(34.5,-29.,3.)) ;
#1218=CARTESIAN_POINT('Axis2P3D Location',(39.,-29.,3.)) ;
#1230=CARTESIAN_POINT('Axis2P3D Location',(39.,-29.,3.)) ;
#1242=CARTESIAN_POINT('Axis2P3D Location',(39.,-29.,3.)) ;
#1247=CARTESIAN_POINT('Axis2P3D Location',(34.,-29.,3.)) ;
#1251=CARTESIAN_POINT('Vertex',(34.,-29.,2.5)) ;
#1254=CARTESIAN_POINT('Axis2P3D Location',(39.,-29.,2.5)) ;
#1258=CARTESIAN_POINT('Vertex',(44.,-29.,2.5)) ;
#1261=CARTESIAN_POINT('Axis2P3D Location',(44.,-29.,3.)) ;
#1273=CARTESIAN_POINT('Axis2P3D Location',(39.,-29.,3.)) ;
#1278=CARTESIAN_POINT('Axis2P3D Location',(39.,-29.,2.5)) ;
#1290=CARTESIAN_POINT('Axis2P3D Location',(39.,29.,10.5)) ;
#1295=CARTESIAN_POINT('Line Origine',(43.5,29.,10.5)) ;
#1299=CARTESIAN_POINT('Vertex',(43.5,29.,3.)) ;
#1302=CARTESIAN_POINT('Line Origine',(34.5,29.,10.5)) ;
#1306=CARTESIAN_POINT('Vertex',(34.5,29.,3.)) ;
#1309=CARTESIAN_POINT('Axis2P3D Location',(39.,29.,3.)) ;
#1321=CARTESIAN_POINT('Axis2P3D Location',(39.,29.,3.)) ;
#1333=CARTESIAN_POINT('Line Origine',(18.,35.,2.5)) ;
#1338=CARTESIAN_POINT('Line Origine',(18.,-35.,2.5)) ;
#1353=CARTESIAN_POINT('Axis2P3D Location',(39.,29.,2.5)) ;
#1357=CARTESIAN_POINT('Vertex',(34.,29.,2.5)) ;
#1359=CARTESIAN_POINT('Vertex',(44.,29.,2.5)) ;
#1362=CARTESIAN_POINT('Axis2P3D Location',(39.,29.,2.5)) ;
#1392=CARTESIAN_POINT('Axis2P3D Location',(39.,29.,3.)) ;
#1397=CARTESIAN_POINT('Axis2P3D Location',(34.,29.,3.)) ;
#1402=CARTESIAN_POINT('Axis2P3D Location',(44.,29.,3.)) ;
#1414=CARTESIAN_POINT('Axis2P3D Location',(39.,29.,3.)) ;
#1426=CARTESIAN_POINT('Axis2P3D Location',(-49.,29.,12.)) ;
#1431=CARTESIAN_POINT('Line Origine',(-44.5,29.,12.)) ;
#1435=CARTESIAN_POINT('Vertex',(-44.5,29.,6.5)) ;
#1438=CARTESIAN_POINT('Line Origine',(-53.5,29.,12.)) ;
#1442=CARTESIAN_POINT('Vertex',(-53.5,29.,6.5)) ;
#1445=CARTESIAN_POINT('Axis2P3D Location',(-49.,29.,6.5)) ;
#1457=CARTESIAN_POINT('Axis2P3D Location',(-49.,29.,6.5)) ;
#1469=CARTESIAN_POINT('Axis2P3D Location',(-49.,29.,6.5)) ;
#1474=CARTESIAN_POINT('Axis2P3D Location',(-54.5,29.,6.5)) ;
#1478=CARTESIAN_POINT('Vertex',(-54.5,29.,5.5)) ;
#1481=CARTESIAN_POINT('Axis2P3D Location',(-49.,29.,5.5)) ;
#1485=CARTESIAN_POINT('Vertex',(-43.5,29.,5.5)) ;
#1488=CARTESIAN_POINT('Axis2P3D Location',(-43.5,29.,6.5)) ;
#1500=CARTESIAN_POINT('Axis2P3D Location',(-49.,29.,6.5)) ;
#1505=CARTESIAN_POINT('Axis2P3D Location',(-49.,29.,5.5)) ;
#1517=CARTESIAN_POINT('Axis2P3D Location',(-49.,-29.,12.)) ;
#1522=CARTESIAN_POINT('Line Origine',(-44.5,-29.,12.)) ;
#1526=CARTESIAN_POINT('Vertex',(-44.5,-29.,6.5)) ;
#1529=CARTESIAN_POINT('Line Origine',(-53.5,-29.,12.)) ;
#1533=CARTESIAN_POINT('Vertex',(-53.5,-29.,6.5)) ;
#1536=CARTESIAN_POINT('Axis2P3D Location',(-49.,-29.,6.5)) ;
#1548=CARTESIAN_POINT('Axis2P3D Location',(-49.,-29.,6.5)) ;
#1560=CARTESIAN_POINT('Axis2P3D Location',(-49.,-29.,6.5)) ;
#1565=CARTESIAN_POINT('Axis2P3D Location',(-43.5,-29.,6.5)) ;
#1569=CARTESIAN_POINT('Vertex',(-43.5,-29.,5.5)) ;
#1572=CARTESIAN_POINT('Axis2P3D Location',(-49.,-29.,5.5)) ;
#1576=CARTESIAN_POINT('Vertex',(-54.5,-29.,5.5)) ;
#1579=CARTESIAN_POINT('Axis2P3D Location',(-54.5,-29.,6.5)) ;
#1591=CARTESIAN_POINT('Axis2P3D Location',(-49.,-29.,6.5)) ;
#1596=CARTESIAN_POINT('Axis2P3D Location',(-49.,-29.,5.5)) ;
#1608=CARTESIAN_POINT('Axis2P3D Location',(-40.,35.,0.)) ;
#1613=CARTESIAN_POINT('Line Origine',(-42.,35.,8.)) ;
#1617=CARTESIAN_POINT('Vertex',(-42.,35.,6.5)) ;
#1620=CARTESIAN_POINT('Line Origine',(-47.,35.,5.5)) ;
#1624=CARTESIAN_POINT('Vertex',(-43.,35.,5.5)) ;
#1627=CARTESIAN_POINT('Axis2P3D Location',(-43.,35.,6.5)) ;
#1646=CARTESIAN_POINT('Axis2P3D Location',(45.,-35.,0.)) ;
#1651=CARTESIAN_POINT('Line Origine',(-47.,-35.,5.5)) ;
#1655=CARTESIAN_POINT('Vertex',(-43.,-35.,5.5)) ;
#1658=CARTESIAN_POINT('Line Origine',(-42.,-35.,8.)) ;
#1662=CARTESIAN_POINT('Vertex',(-42.,-35.,6.5)) ;
#1665=CARTESIAN_POINT('Axis2P3D Location',(-43.,-35.,6.5)) ;
#1684=CARTESIAN_POINT('Axis2P3D Location',(-42.,-35.,2.5)) ;
#1689=CARTESIAN_POINT('Line Origine',(-42.,7.1054273576E-015,6.5)) ;
#1701=CARTESIAN_POINT('Line Origine',(-43.,-7.1054273576E-015,5.5)) ;
#1723=CARTESIAN_POINT('Axis2P3D Location',(-43.,-7.1054273576E-015,6.5)) ;
#1744=CARTESIAN_POINT('NONE',(0.,0.,0.)) ;
#1745=CARTESIAN_POINT('NONE',(0.,0.,0.)) ;
#1767=CARTESIAN_POINT('Axis2P3D Location',(0.,0.,-5.2)) ;
#1772=CARTESIAN_POINT('Axis2P3D Location',(-44.,29.,-5.2)) ;
#1776=CARTESIAN_POINT('Vertex',(-41.75,29.,-5.2)) ;
#1778=CARTESIAN_POINT('Vertex',(-46.25,29.,-5.2)) ;
#1781=CARTESIAN_POINT('Axis2P3D Location',(-44.,29.,-5.2)) ;
#1791=CARTESIAN_POINT('Axis2P3D Location',(44.,29.,-5.2)) ;
#1795=CARTESIAN_POINT('Vertex',(41.75,29.,-5.2)) ;
#1797=CARTESIAN_POINT('Vertex',(46.25,29.,-5.2)) ;
#1800=CARTESIAN_POINT('Axis2P3D Location',(44.,29.,-5.2)) ;
#1810=CARTESIAN_POINT('Axis2P3D Location',(-44.,-29.,-5.2)) ;
#1814=CARTESIAN_POINT('Vertex',(-41.75,-29.,-5.2)) ;
#1816=CARTESIAN_POINT('Vertex',(-46.25,-29.,-5.2)) ;
#1819=CARTESIAN_POINT('Axis2P3D Location',(-44.,-29.,-5.2)) ;
#1829=CARTESIAN_POINT('Axis2P3D Location',(44.,-29.,-5.2)) ;
#1833=CARTESIAN_POINT('Vertex',(41.75,-29.,-5.2)) ;
#1835=CARTESIAN_POINT('Vertex',(46.25,-29.,-5.2)) ;
#1838=CARTESIAN_POINT('Axis2P3D Location',(44.,-29.,-5.2)) ;
#1848=CARTESIAN_POINT('Axis2P3D Location',(44.,29.,-2.6)) ;
#1853=CARTESIAN_POINT('Line Origine',(46.25,29.,-2.6)) ;
#1857=CARTESIAN_POINT('Vertex',(46.25,29.,-0.2)) ;
#1860=CARTESIAN_POINT('Line Origine',(41.75,29.,-2.6)) ;
#1864=CARTESIAN_POINT('Vertex',(41.75,29.,-0.2)) ;
#1867=CARTESIAN_POINT('Axis2P3D Location',(44.,29.,-0.2)) ;
#1879=CARTESIAN_POINT('Axis2P3D Location',(44.,29.,-0.2)) ;
#1891=CARTESIAN_POINT('Axis2P3D Location',(44.,29.,-0.2)) ;
#1896=CARTESIAN_POINT('Axis2P3D Location',(46.45,29.,-0.2)) ;
#1900=CARTESIAN_POINT('Vertex',(46.45,29.,0.)) ;
#1903=CARTESIAN_POINT('Axis2P3D Location',(44.,29.,0.)) ;
#1907=CARTESIAN_POINT('Vertex',(41.55,29.,0.)) ;
#1910=CARTESIAN_POINT('Axis2P3D Location',(41.55,29.,-0.2)) ;
#1922=CARTESIAN_POINT('Axis2P3D Location',(44.,29.,-0.2)) ;
#1927=CARTESIAN_POINT('Axis2P3D Location',(44.,29.,0.)) ;
#1939=CARTESIAN_POINT('Axis2P3D Location',(44.,-29.,-2.6)) ;
#1944=CARTESIAN_POINT('Line Origine',(46.25,-29.,-2.6)) ;
#1948=CARTESIAN_POINT('Vertex',(46.25,-29.,-0.2)) ;
#1951=CARTESIAN_POINT('Line Origine',(41.75,-29.,-2.6)) ;
#1955=CARTESIAN_POINT('Vertex',(41.75,-29.,-0.2)) ;
#1958=CARTESIAN_POINT('Axis2P3D Location',(44.,-29.,-0.2)) ;
#1970=CARTESIAN_POINT('Axis2P3D Location',(44.,-29.,-0.2)) ;
#1982=CARTESIAN_POINT('Axis2P3D Location',(44.,-29.,-0.2)) ;
#1987=CARTESIAN_POINT('Axis2P3D Location',(41.55,-29.,-0.2)) ;
#1991=CARTESIAN_POINT('Vertex',(41.55,-29.,0.)) ;
#1994=CARTESIAN_POINT('Axis2P3D Location',(44.,-29.,0.)) ;
#1998=CARTESIAN_POINT('Vertex',(46.45,-29.,0.)) ;
#2001=CARTESIAN_POINT('Axis2P3D Location',(46.45,-29.,-0.2)) ;
#2013=CARTESIAN_POINT('Axis2P3D Location',(44.,-29.,-0.2)) ;
#2018=CARTESIAN_POINT('Axis2P3D Location',(44.,-29.,0.)) ;
#2030=CARTESIAN_POINT('Axis2P3D Location',(-44.,-29.,-2.6)) ;
#2035=CARTESIAN_POINT('Line Origine',(-46.25,-29.,-2.6)) ;
#2039=CARTESIAN_POINT('Vertex',(-46.25,-29.,-0.2)) ;
#2042=CARTESIAN_POINT('Line Origine',(-41.75,-29.,-2.6)) ;
#2046=CARTESIAN_POINT('Vertex',(-41.75,-29.,-0.2)) ;
#2049=CARTESIAN_POINT('Axis2P3D Location',(-44.,-29.,-0.2)) ;
#2061=CARTESIAN_POINT('Axis2P3D Location',(-44.,-29.,-0.2)) ;
#2073=CARTESIAN_POINT('Axis2P3D Location',(-44.,-29.,-0.2)) ;
#2078=CARTESIAN_POINT('Axis2P3D Location',(-46.45,-29.,-0.2)) ;
#2082=CARTESIAN_POINT('Vertex',(-46.45,-29.,0.)) ;
#2085=CARTESIAN_POINT('Axis2P3D Location',(-44.,-29.,0.)) ;
#2089=CARTESIAN_POINT('Vertex',(-41.55,-29.,0.)) ;
#2092=CARTESIAN_POINT('Axis2P3D Location',(-41.55,-29.,-0.2)) ;
#2104=CARTESIAN_POINT('Axis2P3D Location',(-44.,-29.,-0.2)) ;
#2109=CARTESIAN_POINT('Axis2P3D Location',(-44.,-29.,0.)) ;
#2121=CARTESIAN_POINT('Axis2P3D Location',(-44.,29.,-2.6)) ;
#2126=CARTESIAN_POINT('Line Origine',(-46.25,29.,-2.6)) ;
#2130=CARTESIAN_POINT('Vertex',(-46.25,29.,-0.2)) ;
#2133=CARTESIAN_POINT('Line Origine',(-41.75,29.,-2.6)) ;
#2137=CARTESIAN_POINT('Vertex',(-41.75,29.,-0.2)) ;
#2140=CARTESIAN_POINT('Axis2P3D Location',(-44.,29.,-0.2)) ;
#2152=CARTESIAN_POINT('Axis2P3D Location',(-44.,29.,-0.2)) ;
#2164=CARTESIAN_POINT('Axis2P3D Location',(-44.,29.,-0.2)) ;
#2169=CARTESIAN_POINT('Axis2P3D Location',(-46.45,29.,-0.2)) ;
#2173=CARTESIAN_POINT('Vertex',(-46.45,29.,0.)) ;
#2176=CARTESIAN_POINT('Axis2P3D Location',(-44.,29.,0.)) ;
#2180=CARTESIAN_POINT('Vertex',(-41.55,29.,0.)) ;
#2183=CARTESIAN_POINT('Axis2P3D Location',(-41.55,29.,-0.2)) ;
#2195=CARTESIAN_POINT('Axis2P3D Location',(-44.,29.,-0.2)) ;
#2200=CARTESIAN_POINT('Axis2P3D Location',(-44.,29.,0.)) ;
#2212=CARTESIAN_POINT('Axis2P3D Location',(-28.,-13.,1.)) ;
#2217=CARTESIAN_POINT('Line Origine',(-30.,-13.,1.)) ;
#2221=CARTESIAN_POINT('Vertex',(-30.,-13.,2.)) ;
#2223=CARTESIAN_POINT('Vertex',(-30.,-13.,0.)) ;
#2226=CARTESIAN_POINT('Axis2P3D Location',(-28.,-13.,2.)) ;
#2230=CARTESIAN_POINT('Vertex',(-28.,-15.,2.)) ;
#2233=CARTESIAN_POINT('Line Origine',(-28.,-15.,1.)) ;
#2237=CARTESIAN_POINT('Vertex',(-28.,-15.,0.)) ;
#2240=CARTESIAN_POINT('Axis2P3D Location',(-28.,-13.,0.)) ;
#2252=CARTESIAN_POINT('Axis2P3D Location',(48.,33.,1.)) ;
#2257=CARTESIAN_POINT('Axis2P3D Location',(48.,33.,2.)) ;
#2261=CARTESIAN_POINT('Vertex',(48.,35.,2.)) ;
#2263=CARTESIAN_POINT('Vertex',(50.,33.,2.)) ;
#2266=CARTESIAN_POINT('Line Origine',(50.,33.,1.)) ;
#2270=CARTESIAN_POINT('Vertex',(50.,33.,0.)) ;
#2273=CARTESIAN_POINT('Axis2P3D Location',(48.,33.,0.)) ;
#2277=CARTESIAN_POINT('Vertex',(48.,35.,0.)) ;
#2280=CARTESIAN_POINT('Line Origine',(48.,35.,1.)) ;
#2292=CARTESIAN_POINT('Axis2P3D Location',(-50.,35.,0.)) ;
#2297=CARTESIAN_POINT('Line Origine',(-48.,35.,1.)) ;
#2301=CARTESIAN_POINT('Vertex',(-48.,35.,0.)) ;
#2303=CARTESIAN_POINT('Vertex',(-48.,35.,2.)) ;
#2306=CARTESIAN_POINT('Line Origine',(7.1054273576E-015,35.,2.)) ;
#2311=CARTESIAN_POINT('Line Origine',(7.1054273576E-015,35.,0.)) ;
#2323=CARTESIAN_POINT('Axis2P3D Location',(-48.,33.,1.)) ;
#2328=CARTESIAN_POINT('Axis2P3D Location',(-48.,33.,2.)) ;
#2332=CARTESIAN_POINT('Vertex',(-50.,33.,2.)) ;
#2335=CARTESIAN_POINT('Axis2P3D Location',(-48.,33.,0.)) ;
#2339=CARTESIAN_POINT('Vertex',(-50.,33.,0.)) ;
#2342=CARTESIAN_POINT('Line Origine',(-50.,33.,1.)) ;
#2354=CARTESIAN_POINT('Axis2P3D Location',(50.,35.,0.)) ;
#2359=CARTESIAN_POINT('Line Origine',(50.,-33.,1.)) ;
#2363=CARTESIAN_POINT('Vertex',(50.,-33.,0.)) ;
#2365=CARTESIAN_POINT('Vertex',(50.,-33.,2.)) ;
#2368=CARTESIAN_POINT('Line Origine',(50.,0.,0.)) ;
#2373=CARTESIAN_POINT('Line Origine',(50.,0.,2.)) ;
#2385=CARTESIAN_POINT('Axis2P3D Location',(48.,-33.,1.)) ;
#2390=CARTESIAN_POINT('Axis2P3D Location',(48.,-33.,2.)) ;
#2394=CARTESIAN_POINT('Vertex',(48.,-35.,2.)) ;
#2397=CARTESIAN_POINT('Line Origine',(48.,-35.,1.)) ;
#2401=CARTESIAN_POINT('Vertex',(48.,-35.,0.)) ;
#2404=CARTESIAN_POINT('Axis2P3D Location',(48.,-33.,0.)) ;
#2416=CARTESIAN_POINT('Axis2P3D Location',(-30.,-15.,0.)) ;
#2421=CARTESIAN_POINT('Line Origine',(-30.,0.,2.)) ;
#2425=CARTESIAN_POINT('Vertex',(-30.,13.,2.)) ;
#2428=CARTESIAN_POINT('Line Origine',(-30.,0.,0.)) ;
#2432=CARTESIAN_POINT('Vertex',(-30.,13.,0.)) ;
#2435=CARTESIAN_POINT('Line Origine',(-30.,13.,1.)) ;
#2447=CARTESIAN_POINT('Axis2P3D Location',(-28.,13.,1.)) ;
#2452=CARTESIAN_POINT('Line Origine',(-28.,15.,1.)) ;
#2456=CARTESIAN_POINT('Vertex',(-28.,15.,2.)) ;
#2458=CARTESIAN_POINT('Vertex',(-28.,15.,0.)) ;
#2461=CARTESIAN_POINT('Axis2P3D Location',(-28.,13.,2.)) ;
#2466=CARTESIAN_POINT('Axis2P3D Location',(-28.,13.,0.)) ;
#2478=CARTESIAN_POINT('Axis2P3D Location',(-50.,-35.,0.)) ;
#2483=CARTESIAN_POINT('Line Origine',(-50.,-33.,1.)) ;
#2487=CARTESIAN_POINT('Vertex',(-50.,-33.,0.)) ;
#2489=CARTESIAN_POINT('Vertex',(-50.,-33.,2.)) ;
#2492=CARTESIAN_POINT('Line Origine',(-50.,0.,2.)) ;
#2497=CARTESIAN_POINT('Line Origine',(-50.,0.,0.)) ;
#2509=CARTESIAN_POINT('Axis2P3D Location',(50.,-35.,0.)) ;
#2514=CARTESIAN_POINT('Line Origine',(-48.,-35.,1.)) ;
#2518=CARTESIAN_POINT('Vertex',(-48.,-35.,0.)) ;
#2520=CARTESIAN_POINT('Vertex',(-48.,-35.,2.)) ;
#2523=CARTESIAN_POINT('Line Origine',(-7.1054273576E-015,-35.,0.)) ;
#2528=CARTESIAN_POINT('Line Origine',(-7.1054273576E-015,-35.,2.)) ;
#2540=CARTESIAN_POINT('Axis2P3D Location',(-48.,-33.,1.)) ;
#2545=CARTESIAN_POINT('Axis2P3D Location',(-48.,-33.,2.)) ;
#2550=CARTESIAN_POINT('Axis2P3D Location',(-48.,-33.,0.)) ;
#2562=CARTESIAN_POINT('Axis2P3D Location',(-30.,15.,0.)) ;
#2567=CARTESIAN_POINT('Line Origine',(0.,15.,2.)) ;
#2571=CARTESIAN_POINT('Vertex',(28.,15.,2.)) ;
#2574=CARTESIAN_POINT('Line Origine',(0.,15.,0.)) ;
#2578=CARTESIAN_POINT('Vertex',(28.,15.,0.)) ;
#2581=CARTESIAN_POINT('Line Origine',(28.,15.,1.)) ;
#2593=CARTESIAN_POINT('Axis2P3D Location',(28.,13.,1.)) ;
#2598=CARTESIAN_POINT('Line Origine',(30.,13.,1.)) ;
#2602=CARTESIAN_POINT('Vertex',(30.,13.,2.)) ;
#2604=CARTESIAN_POINT('Vertex',(30.,13.,0.)) ;
#2607=CARTESIAN_POINT('Axis2P3D Location',(28.,13.,2.)) ;
#2612=CARTESIAN_POINT('Axis2P3D Location',(28.,13.,0.)) ;
#2624=CARTESIAN_POINT('Axis2P3D Location',(0.,0.,2.)) ;
#2639=CARTESIAN_POINT('Axis2P3D Location',(28.,-13.,2.)) ;
#2643=CARTESIAN_POINT('Vertex',(30.,-13.,2.)) ;
#2645=CARTESIAN_POINT('Vertex',(28.,-15.,2.)) ;
#2648=CARTESIAN_POINT('Line Origine',(0.,-15.,2.)) ;
#2653=CARTESIAN_POINT('Line Origine',(30.,-3.5527136788E-015,2.)) ;
#2669=CARTESIAN_POINT('Axis2P3D Location',(0.,0.,0.)) ;
#2684=CARTESIAN_POINT('Line Origine',(30.,-3.5527136788E-015,0.)) ;
#2688=CARTESIAN_POINT('Vertex',(30.,-13.,0.)) ;
#2691=CARTESIAN_POINT('Line Origine',(0.,-15.,0.)) ;
#2695=CARTESIAN_POINT('Vertex',(28.,-15.,0.)) ;
#2698=CARTESIAN_POINT('Axis2P3D Location',(28.,-13.,0.)) ;
#2730=CARTESIAN_POINT('Axis2P3D Location',(30.,-15.,0.)) ;
#2735=CARTESIAN_POINT('Line Origine',(28.,-15.,1.)) ;
#2747=CARTESIAN_POINT('Axis2P3D Location',(30.,15.,0.)) ;
#2752=CARTESIAN_POINT('Line Origine',(30.,-13.,1.)) ;
#2764=CARTESIAN_POINT('Axis2P3D Location',(28.,-13.,1.)) ;
#2785=CARTESIAN_POINT('NONE',(0.,0.,0.)) ;
#2786=CARTESIAN_POINT('NONE',(-5.,-5.55111512313E-016,18.5)) ;
#42=DIRECTION('Axis2P3D Direction',(0.,0.,-1.)) ;
#43=DIRECTION('Axis2P3D XDirection',(0.87758256189,-0.479425538604,0.)) ;
#47=DIRECTION('Vector Direction',(0.,0.,-1.)) ;
#56=DIRECTION('Axis2P3D Direction',(0.,0.,-1.)) ;
#63=DIRECTION('Vector Direction',(0.,0.,-1.)) ;
#70=DIRECTION('Axis2P3D Direction',(0.,0.,-1.)) ;
#82=DIRECTION('Axis2P3D Direction',(0.,0.,-1.)) ;
#87=DIRECTION('Axis2P3D Direction',(0.,0.,-1.)) ;
#99=DIRECTION('Axis2P3D Direction',(-1.,0.,0.)) ;
#100=DIRECTION('Axis2P3D XDirection',(0.,-1.,0.)) ;
#104=DIRECTION('Vector Direction',(0.,0.,1.)) ;
#113=DIRECTION('Vector Direction',(0.,-1.,0.)) ;
#120=DIRECTION('Vector Direction',(0.,0.,1.)) ;
#127=DIRECTION('Vector Direction',(0.,-1.,0.)) ;
#139=DIRECTION('Axis2P3D Direction',(-0.,-0.,-1.)) ;
#140=DIRECTION('Axis2P3D XDirection',(0.,-1.,0.)) ;
#144=DIRECTION('Vector Direction',(-1.,0.,0.)) ;
#153=DIRECTION('Vector Direction',(0.,-1.,0.)) ;
#160=DIRECTION('Vector Direction',(-1.,0.,0.)) ;
#167=DIRECTION('Axis2P3D Direction',(-0.,-0.,-1.)) ;
#174=DIRECTION('Vector Direction',(0.,-1.,0.)) ;
#181=DIRECTION('Axis2P3D Direction',(-0.,-0.,-1.)) ;
#195=DIRECTION('Axis2P3D Direction',(1.,0.,0.)) ;
#196=DIRECTION('Axis2P3D XDirection',(0.,1.,0.)) ;
#200=DIRECTION('Vector Direction',(0.,0.,1.)) ;
#207=DIRECTION('Vector Direction',(0.,1.,0.)) ;
#214=DIRECTION('Vector Direction',(0.,0.,1.)) ;
#226=DIRECTION('Axis2P3D Direction',(0.,-0.,1.)) ;
#227=DIRECTION('Axis2P3D XDirection',(0.,1.,0.)) ;
#231=DIRECTION('Axis2P3D Direction',(0.,-0.,1.)) ;
#240=DIRECTION('Axis2P3D Direction',(0.,-0.,1.)) ;
#250=DIRECTION('Axis2P3D Direction',(0.,-0.,1.)) ;
#259=DIRECTION('Axis2P3D Direction',(0.,-0.,1.)) ;
#269=DIRECTION('Axis2P3D Direction',(0.,-0.,1.)) ;
#270=DIRECTION('Axis2P3D XDirection',(1.,0.,0.)) ;
#274=DIRECTION('Axis2P3D Direction',(0.,-0.,1.)) ;
#283=DIRECTION('Vector Direction',(0.,0.,1.)) ;
#288=DIRECTION('Vector Direction',(0.,0.,1.)) ;
#300=DIRECTION('Axis2P3D Direction',(0.,-0.,1.)) ;
#312=DIRECTION('Axis2P3D Direction',(0.,-0.,1.)) ;
#313=DIRECTION('Axis2P3D XDirection',(1.,0.,0.)) ;
#317=DIRECTION('Axis2P3D Direction',(0.,-0.,1.)) ;
#326=DIRECTION('Vector Direction',(0.,0.,1.)) ;
#331=DIRECTION('Vector Direction',(0.,0.,1.)) ;
#343=DIRECTION('Axis2P3D Direction',(0.,-0.,1.)) ;
#355=DIRECTION('Axis2P3D Direction',(0.,0.,1.)) ;
#356=DIRECTION('Axis2P3D XDirection',(1.,0.,0.)) ;
#360=DIRECTION('Axis2P3D Direction',(0.,0.,1.)) ;
#369=DIRECTION('Axis2P3D Direction',(0.,0.,1.)) ;
#379=DIRECTION('Axis2P3D Direction',(0.,0.,1.)) ;
#388=DIRECTION('Axis2P3D Direction',(0.,0.,1.)) ;
#398=DIRECTION('Axis2P3D Direction',(0.,0.,1.)) ;
#399=DIRECTION('Axis2P3D XDirection',(1.,0.,0.)) ;
#403=DIRECTION('Axis2P3D Direction',(0.,0.,1.)) ;
#412=DIRECTION('Axis2P3D Direction',(0.,0.,1.)) ;
#426=DIRECTION('Axis2P3D Direction',(0.,0.,1.)) ;
#435=DIRECTION('Axis2P3D Direction',(0.,0.,1.)) ;
#449=DIRECTION('Vector Direction',(0.,1.,0.)) ;
#458=DIRECTION('Vector Direction',(-1.,0.,0.)) ;
#465=DIRECTION('Vector Direction',(0.,-1.,0.)) ;
#472=DIRECTION('Vector Direction',(1.,0.,0.)) ;
#484=DIRECTION('Axis2P3D Direction',(0.,0.,1.)) ;
#485=DIRECTION('Axis2P3D XDirection',(1.,0.,0.)) ;
#489=DIRECTION('Axis2P3D Direction',(0.,0.,1.)) ;
#498=DIRECTION('Vector Direction',(0.,0.,1.)) ;
#503=DIRECTION('Vector Direction',(0.,0.,1.)) ;
#515=DIRECTION('Axis2P3D Direction',(0.,0.,1.)) ;
#527=DIRECTION('Axis2P3D Direction',(0.,0.,1.)) ;
#528=DIRECTION('Axis2P3D XDirection',(1.,0.,0.)) ;
#532=DIRECTION('Axis2P3D Direction',(0.,0.,1.)) ;
#541=DIRECTION('Vector Direction',(0.,0.,1.)) ;
#546=DIRECTION('Vector Direction',(0.,0.,1.)) ;
#558=DIRECTION('Axis2P3D Direction',(0.,0.,1.)) ;
#570=DIRECTION('Vector Direction',(0.,1.,0.)) ;
#579=DIRECTION('Vector Direction',(0.,0.,1.)) ;
#584=DIRECTION('Vector Direction',(0.,0.,1.)) ;
#596=DIRECTION('Axis2P3D Direction',(0.,1.,-0.)) ;
#597=DIRECTION('Axis2P3D XDirection',(-1.,0.,0.)) ;
#601=DIRECTION('Vector Direction',(-1.,0.,0.)) ;
#608=DIRECTION('Vector Direction',(0.,0.,1.)) ;
#620=DIRECTION('Axis2P3D Direction',(-1.,0.,0.)) ;
#621=DIRECTION('Axis2P3D XDirection',(0.,-1.,0.)) ;
#625=DIRECTION('Vector Direction',(0.,-1.,0.)) ;
#632=DIRECTION('Vector Direction',(0.,0.,1.)) ;
#644=DIRECTION('Axis2P3D Direction',(0.,-1.,0.)) ;
#645=DIRECTION('Axis2P3D XDirection',(1.,0.,0.)) ;
#649=DIRECTION('Vector Direction',(1.,0.,0.)) ;
#661=DIRECTION('Axis2P3D Direction',(0.,0.,1.)) ;
#670=DIRECTION('Axis2P3D Direction',(0.,0.,1.)) ;
#684=DIRECTION('Axis2P3D Direction',(0.,0.,1.)) ;
#693=DIRECTION('Axis2P3D Direction',(0.,0.,1.)) ;
#707=DIRECTION('Axis2P3D Direction',(-1.,-0.,0.)) ;
#708=DIRECTION('Axis2P3D XDirection',(0.,-1.,-0.)) ;
#712=DIRECTION('Vector Direction',(0.,0.,1.)) ;
#719=DIRECTION('Vector Direction',(0.,1.,0.)) ;
#726=DIRECTION('Vector Direction',(0.,0.,-1.)) ;
#738=DIRECTION('Axis2P3D Direction',(0.,0.,1.)) ;
#739=DIRECTION('Axis2P3D XDirection',(-1.,1.83690953073E-016,0.)) ;
#743=DIRECTION('Axis2P3D Direction',(0.,0.,1.)) ;
#750=DIRECTION('Vector Direction',(0.,0.,1.)) ;
#762=DIRECTION('Axis2P3D Direction',(0.,0.,-1.)) ;
#763=DIRECTION('Axis2P3D XDirection',(-1.,-1.83690953073E-016,-0.)) ;
#767=DIRECTION('Axis2P3D Direction',(0.,0.,-1.)) ;
#774=DIRECTION('Vector Direction',(0.,0.,-1.)) ;
#786=DIRECTION('Axis2P3D Direction',(0.,0.,1.)) ;
#787=DIRECTION('Axis2P3D XDirection',(1.,0.,0.)) ;
#791=DIRECTION('Vector Direction',(1.,0.,0.)) ;
#800=DIRECTION('Vector Direction',(0.,1.,0.)) ;
#807=DIRECTION('Vector Direction',(-1.,0.,0.)) ;
#814=DIRECTION('Axis2P3D Direction',(0.,0.,1.)) ;
#821=DIRECTION('Vector Direction',(0.,-1.,0.)) ;
#828=DIRECTION('Axis2P3D Direction',(0.,0.,1.)) ;
#848=DIRECTION('Axis2P3D Direction',(0.,-0.,-1.)) ;
#849=DIRECTION('Axis2P3D XDirection',(0.87758256189,-0.479425538604,0.)) ;
#853=DIRECTION('Vector Direction',(0.,0.,-1.)) ;
#862=DIRECTION('Axis2P3D Direction',(0.,-0.,-1.)) ;
#869=DIRECTION('Vector Direction',(0.,0.,-1.)) ;
#876=DIRECTION('Axis2P3D Direction',(0.,-0.,-1.)) ;
#888=DIRECTION('Axis2P3D Direction',(0.,-0.,-1.)) ;
#893=DIRECTION('Axis2P3D Direction',(0.,-0.,-1.)) ;
#905=DIRECTION('Axis2P3D Direction',(0.,-0.,-1.)) ;
#906=DIRECTION('Axis2P3D XDirection',(0.87758256189,-0.479425538604,0.)) ;
#910=DIRECTION('Vector Direction',(0.,0.,-1.)) ;
#919=DIRECTION('Axis2P3D Direction',(0.,-0.,-1.)) ;
#926=DIRECTION('Vector Direction',(0.,0.,-1.)) ;
#933=DIRECTION('Axis2P3D Direction',(0.,-0.,-1.)) ;
#945=DIRECTION('Axis2P3D Direction',(0.,-0.,-1.)) ;
#950=DIRECTION('Axis2P3D Direction',(0.,-0.,-1.)) ;
#962=DIRECTION('Axis2P3D Direction',(0.,0.,-1.)) ;
#963=DIRECTION('Axis2P3D XDirection',(0.87758256189,-0.479425538604,0.)) ;
#967=DIRECTION('Vector Direction',(0.,0.,-1.)) ;
#976=DIRECTION('Axis2P3D Direction',(0.,0.,-1.)) ;
#983=DIRECTION('Vector Direction',(0.,0.,-1.)) ;
#990=DIRECTION('Axis2P3D Direction',(0.,0.,-1.)) ;
#1002=DIRECTION('Axis2P3D Direction',(0.,0.,-1.)) ;
#1007=DIRECTION('Axis2P3D Direction',(0.,0.,-1.)) ;
#1019=DIRECTION('Axis2P3D Direction',(0.,-0.,1.)) ;
#1020=DIRECTION('Axis2P3D XDirection',(1.,-1.83690953073E-016,-0.)) ;
#1024=DIRECTION('Axis2P3D Direction',(0.,-0.,1.)) ;
#1031=DIRECTION('Axis2P3D Direction',(0.,-0.,1.)) ;
#1038=DIRECTION('Vector Direction',(0.,0.,1.)) ;
#1050=DIRECTION('Axis2P3D Direction',(0.,0.,1.)) ;
#1051=DIRECTION('Axis2P3D XDirection',(-1.83690953073E-016,-1.,-0.)) ;
#1055=DIRECTION('Axis2P3D Direction',(0.,0.,1.)) ;
#1062=DIRECTION('Vector Direction',(0.,0.,1.)) ;
#1069=DIRECTION('Axis2P3D Direction',(0.,0.,1.)) ;
#1081=DIRECTION('Axis2P3D Direction',(0.,0.,1.)) ;
#1082=DIRECTION('Axis2P3D XDirection',(-1.83690953073E-016,-1.,-0.)) ;
#1086=DIRECTION('Vector Direction',(0.,0.,1.)) ;
#1093=DIRECTION('Axis2P3D Direction',(0.,0.,1.)) ;
#1100=DIRECTION('Vector Direction',(0.,0.,1.)) ;
#1112=DIRECTION('Axis2P3D Direction',(-1.,0.,0.)) ;
#1113=DIRECTION('Axis2P3D XDirection',(0.,-1.,0.)) ;
#1117=DIRECTION('Vector Direction',(0.,0.,1.)) ;
#1124=DIRECTION('Vector Direction',(0.,-1.,0.)) ;
#1136=DIRECTION('Axis2P3D Direction',(0.,-0.,1.)) ;
#1137=DIRECTION('Axis2P3D XDirection',(1.,-1.83690953073E-016,-0.)) ;
#1141=DIRECTION('Axis2P3D Direction',(0.,-0.,1.)) ;
#1148=DIRECTION('Vector Direction',(0.,0.,1.)) ;
#1160=DIRECTION('Axis2P3D Direction',(0.,0.,1.)) ;
#1161=DIRECTION('Axis2P3D XDirection',(1.,0.,0.)) ;
#1165=DIRECTION('Vector Direction',(-1.,0.,0.)) ;
#1170=DIRECTION('Vector Direction',(1.,0.,0.)) ;
#1200=DIRECTION('Axis2P3D Direction',(0.,0.,1.)) ;
#1201=DIRECTION('Axis2P3D XDirection',(1.,0.,0.)) ;
#1205=DIRECTION('Vector Direction',(0.,0.,1.)) ;
#1212=DIRECTION('Vector Direction',(0.,0.,1.)) ;
#1219=DIRECTION('Axis2P3D Direction',(0.,0.,1.)) ;
#1231=DIRECTION('Axis2P3D Direction',(0.,0.,1.)) ;
#1243=DIRECTION('Axis2P3D Direction',(0.,-0.,1.)) ;
#1244=DIRECTION('Axis2P3D XDirection',(-1.,-3.15796771449E-015,0.)) ;
#1248=DIRECTION('Axis2P3D Direction',(-3.05311331772E-015,1.,0.)) ;
#1255=DIRECTION('Axis2P3D Direction',(0.,-0.,1.)) ;
#1262=DIRECTION('Axis2P3D Direction',(-4.99600361081E-016,-1.,0.)) ;
#1274=DIRECTION('Axis2P3D Direction',(-0.,0.,1.)) ;
#1275=DIRECTION('Axis2P3D XDirection',(1.,7.89491928622E-016,0.)) ;
#1279=DIRECTION('Axis2P3D Direction',(-0.,0.,1.)) ;
#1291=DIRECTION('Axis2P3D Direction',(0.,0.,1.)) ;
#1292=DIRECTION('Axis2P3D XDirection',(1.,0.,0.)) ;
#1296=DIRECTION('Vector Direction',(0.,0.,1.)) ;
#1303=DIRECTION('Vector Direction',(0.,0.,1.)) ;
#1310=DIRECTION('Axis2P3D Direction',(0.,0.,1.)) ;
#1322=DIRECTION('Axis2P3D Direction',(0.,0.,1.)) ;
#1334=DIRECTION('Vector Direction',(1.,0.,0.)) ;
#1339=DIRECTION('Vector Direction',(-1.,-3.39824786668E-015,0.)) ;
#1354=DIRECTION('Axis2P3D Direction',(0.,0.,1.)) ;
#1363=DIRECTION('Axis2P3D Direction',(0.,0.,1.)) ;
#1393=DIRECTION('Axis2P3D Direction',(0.,-0.,1.)) ;
#1394=DIRECTION('Axis2P3D XDirection',(-1.,-1.57898385724E-015,0.)) ;
#1398=DIRECTION('Axis2P3D Direction',(4.77395900589E-015,1.,0.)) ;
#1403=DIRECTION('Axis2P3D Direction',(-1.16573417586E-015,-1.,0.)) ;
#1415=DIRECTION('Axis2P3D Direction',(-0.,0.,1.)) ;
#1416=DIRECTION('Axis2P3D XDirection',(1.,7.89491928622E-016,0.)) ;
#1427=DIRECTION('Axis2P3D Direction',(0.,-0.,1.)) ;
#1428=DIRECTION('Axis2P3D XDirection',(1.,0.,0.)) ;
#1432=DIRECTION('Vector Direction',(0.,0.,1.)) ;
#1439=DIRECTION('Vector Direction',(0.,0.,1.)) ;
#1446=DIRECTION('Axis2P3D Direction',(0.,-0.,1.)) ;
#1458=DIRECTION('Axis2P3D Direction',(0.,-0.,1.)) ;
#1470=DIRECTION('Axis2P3D Direction',(0.,-0.,1.)) ;
#1471=DIRECTION('Axis2P3D XDirection',(-1.,-7.89491928622E-016,0.)) ;
#1475=DIRECTION('Axis2P3D Direction',(-1.1768364061E-014,1.,0.)) ;
#1482=DIRECTION('Axis2P3D Direction',(0.,-0.,1.)) ;
#1489=DIRECTION('Axis2P3D Direction',(9.43689570931E-016,-1.,-0.)) ;
#1501=DIRECTION('Axis2P3D Direction',(-0.,0.,1.)) ;
#1502=DIRECTION('Axis2P3D XDirection',(1.,0.,0.)) ;
#1506=DIRECTION('Axis2P3D Direction',(-0.,0.,1.)) ;
#1518=DIRECTION('Axis2P3D Direction',(0.,-0.,1.)) ;
#1519=DIRECTION('Axis2P3D XDirection',(1.,0.,0.)) ;
#1523=DIRECTION('Vector Direction',(0.,0.,1.)) ;
#1530=DIRECTION('Vector Direction',(0.,0.,1.)) ;
#1537=DIRECTION('Axis2P3D Direction',(0.,-0.,1.)) ;
#1549=DIRECTION('Axis2P3D Direction',(0.,-0.,1.)) ;
#1561=DIRECTION('Axis2P3D Direction',(-0.,0.,1.)) ;
#1562=DIRECTION('Axis2P3D XDirection',(1.,0.,0.)) ;
#1566=DIRECTION('Axis2P3D Direction',(1.11022302463E-016,-1.,0.)) ;
#1573=DIRECTION('Axis2P3D Direction',(-0.,0.,1.)) ;
#1580=DIRECTION('Axis2P3D Direction',(-1.38777878078E-015,1.,-0.)) ;
#1592=DIRECTION('Axis2P3D Direction',(0.,-0.,1.)) ;
#1593=DIRECTION('Axis2P3D XDirection',(-1.,7.89491928622E-016,0.)) ;
#1597=DIRECTION('Axis2P3D Direction',(0.,-0.,1.)) ;
#1609=DIRECTION('Axis2P3D Direction',(0.,-1.,0.)) ;
#1610=DIRECTION('Axis2P3D XDirection',(1.,0.,0.)) ;
#1614=DIRECTION('Vector Direction',(0.,0.,1.)) ;
#1621=DIRECTION('Vector Direction',(-1.,0.,0.)) ;
#1628=DIRECTION('Axis2P3D Direction',(0.,-1.,0.)) ;
#1647=DIRECTION('Axis2P3D Direction',(0.,1.,-0.)) ;
#1648=DIRECTION('Axis2P3D XDirection',(-1.,0.,0.)) ;
#1652=DIRECTION('Vector Direction',(-1.,0.,0.)) ;
#1659=DIRECTION('Vector Direction',(0.,0.,1.)) ;
#1666=DIRECTION('Axis2P3D Direction',(0.,1.,-0.)) ;
#1685=DIRECTION('Axis2P3D Direction',(1.,0.,0.)) ;
#1686=DIRECTION('Axis2P3D XDirection',(0.,1.,0.)) ;
#1690=DIRECTION('Vector Direction',(0.,1.,0.)) ;
#1702=DIRECTION('Vector Direction',(0.,1.,0.)) ;
#1724=DIRECTION('Axis2P3D Direction',(-0.,1.,0.)) ;
#1725=DIRECTION('Axis2P3D XDirection',(1.,0.,0.)) ;
#1746=DIRECTION('NONE',(1.,0.,0.)) ;
#1747=DIRECTION('NONE',(0.,0.,1.)) ;
#1748=DIRECTION('NONE',(1.,0.,0.)) ;
#1749=DIRECTION('NONE',(0.,0.,1.)) ;
#1768=DIRECTION('Axis2P3D Direction',(0.,0.,-1.)) ;
#1769=DIRECTION('Axis2P3D XDirection',(1.,0.,0.)) ;
#1773=DIRECTION('Axis2P3D Direction',(0.,0.,-1.)) ;
#1782=DIRECTION('Axis2P3D Direction',(0.,0.,-1.)) ;
#1792=DIRECTION('Axis2P3D Direction',(0.,0.,-1.)) ;
#1801=DIRECTION('Axis2P3D Direction',(0.,0.,-1.)) ;
#1811=DIRECTION('Axis2P3D Direction',(0.,0.,-1.)) ;
#1820=DIRECTION('Axis2P3D Direction',(0.,0.,-1.)) ;
#1830=DIRECTION('Axis2P3D Direction',(0.,0.,-1.)) ;
#1839=DIRECTION('Axis2P3D Direction',(0.,0.,-1.)) ;
#1849=DIRECTION('Axis2P3D Direction',(0.,0.,-1.)) ;
#1850=DIRECTION('Axis2P3D XDirection',(-1.,-1.22460635382E-016,0.)) ;
#1854=DIRECTION('Vector Direction',(0.,0.,-1.)) ;
#1861=DIRECTION('Vector Direction',(0.,0.,-1.)) ;
#1868=DIRECTION('Axis2P3D Direction',(0.,0.,-1.)) ;
#1880=DIRECTION('Axis2P3D Direction',(0.,0.,-1.)) ;
#1892=DIRECTION('Axis2P3D Direction',(0.,-0.,1.)) ;
#1893=DIRECTION('Axis2P3D XDirection',(-1.,4.35026164751E-015,0.)) ;
#1897=DIRECTION('Axis2P3D Direction',(-4.77395900589E-015,-1.,0.)) ;
#1904=DIRECTION('Axis2P3D Direction',(0.,-0.,1.)) ;
#1911=DIRECTION('Axis2P3D Direction',(4.38538094727E-015,1.,0.)) ;
#1923=DIRECTION('Axis2P3D Direction',(-0.,0.,1.)) ;
#1924=DIRECTION('Axis2P3D XDirection',(1.,2.90017443167E-015,0.)) ;
#1928=DIRECTION('Axis2P3D Direction',(-0.,0.,1.)) ;
#1940=DIRECTION('Axis2P3D Direction',(0.,0.,-1.)) ;
#1941=DIRECTION('Axis2P3D XDirection',(-1.,-1.22460635382E-016,0.)) ;
#1945=DIRECTION('Vector Direction',(0.,0.,-1.)) ;
#1952=DIRECTION('Vector Direction',(0.,0.,-1.)) ;
#1959=DIRECTION('Axis2P3D Direction',(0.,0.,-1.)) ;
#1971=DIRECTION('Axis2P3D Direction',(0.,0.,-1.)) ;
#1983=DIRECTION('Axis2P3D Direction',(-0.,0.,1.)) ;
#1984=DIRECTION('Axis2P3D XDirection',(1.,-2.90017443167E-015,0.)) ;
#1988=DIRECTION('Axis2P3D Direction',(-3.16413562018E-015,1.,-0.)) ;
#1995=DIRECTION('Axis2P3D Direction',(-0.,0.,1.)) ;
#2002=DIRECTION('Axis2P3D Direction',(-5.60662627436E-015,-1.,0.)) ;
#2014=DIRECTION('Axis2P3D Direction',(0.,-0.,1.)) ;
#2015=DIRECTION('Axis2P3D XDirection',(-1.,4.35026164751E-015,0.)) ;
#2019=DIRECTION('Axis2P3D Direction',(0.,-0.,1.)) ;
#2031=DIRECTION('Axis2P3D Direction',(0.,0.,-1.)) ;
#2032=DIRECTION('Axis2P3D XDirection',(1.,0.,0.)) ;
#2036=DIRECTION('Vector Direction',(0.,0.,-1.)) ;
#2043=DIRECTION('Vector Direction',(0.,0.,-1.)) ;
#2050=DIRECTION('Axis2P3D Direction',(0.,0.,-1.)) ;
#2062=DIRECTION('Axis2P3D Direction',(0.,0.,-1.)) ;
#2074=DIRECTION('Axis2P3D Direction',(-0.,0.,1.)) ;
#2075=DIRECTION('Axis2P3D XDirection',(1.,-4.35026164751E-015,0.)) ;
#2079=DIRECTION('Axis2P3D Direction',(-9.99200722163E-016,1.,-0.)) ;
#2086=DIRECTION('Axis2P3D Direction',(-0.,0.,1.)) ;
#2093=DIRECTION('Axis2P3D Direction',(-4.38538094727E-015,-1.,0.)) ;
#2105=DIRECTION('Axis2P3D Direction',(0.,-0.,1.)) ;
#2106=DIRECTION('Axis2P3D XDirection',(-1.,2.90017443167E-015,0.)) ;
#2110=DIRECTION('Axis2P3D Direction',(0.,-0.,1.)) ;
#2122=DIRECTION('Axis2P3D Direction',(0.,0.,-1.)) ;
#2123=DIRECTION('Axis2P3D XDirection',(1.,0.,0.)) ;
#2127=DIRECTION('Vector Direction',(0.,0.,-1.)) ;
#2134=DIRECTION('Vector Direction',(0.,0.,-1.)) ;
#2141=DIRECTION('Axis2P3D Direction',(0.,0.,-1.)) ;
#2153=DIRECTION('Axis2P3D Direction',(0.,0.,-1.)) ;
#2165=DIRECTION('Axis2P3D Direction',(-0.,0.,1.)) ;
#2166=DIRECTION('Axis2P3D XDirection',(1.,-5.80034886335E-015,0.)) ;
#2170=DIRECTION('Axis2P3D Direction',(-1.12132525487E-014,1.,-0.)) ;
#2177=DIRECTION('Axis2P3D Direction',(-0.,0.,1.)) ;
#2184=DIRECTION('Axis2P3D Direction',(-5.88418203051E-015,-1.,0.)) ;
#2196=DIRECTION('Axis2P3D Direction',(0.,-0.,1.)) ;
#2197=DIRECTION('Axis2P3D XDirection',(-1.,1.30507849425E-014,0.)) ;
#2201=DIRECTION('Axis2P3D Direction',(0.,-0.,1.)) ;
#2213=DIRECTION('Axis2P3D Direction',(0.,0.,1.)) ;
#2214=DIRECTION('Axis2P3D XDirection',(-1.,0.,0.)) ;
#2218=DIRECTION('Vector Direction',(0.,0.,1.)) ;
#2227=DIRECTION('Axis2P3D Direction',(0.,0.,1.)) ;
#2234=DIRECTION('Vector Direction',(0.,0.,1.)) ;
#2241=DIRECTION('Axis2P3D Direction',(0.,0.,1.)) ;
#2253=DIRECTION('Axis2P3D Direction',(0.,-0.,1.)) ;
#2254=DIRECTION('Axis2P3D XDirection',(1.,-1.83690953073E-016,-0.)) ;
#2258=DIRECTION('Axis2P3D Direction',(0.,-0.,1.)) ;
#2267=DIRECTION('Vector Direction',(0.,0.,1.)) ;
#2274=DIRECTION('Axis2P3D Direction',(0.,-0.,1.)) ;
#2281=DIRECTION('Vector Direction',(0.,0.,1.)) ;
#2293=DIRECTION('Axis2P3D Direction',(0.,-1.,0.)) ;
#2294=DIRECTION('Axis2P3D XDirection',(1.,0.,0.)) ;
#2298=DIRECTION('Vector Direction',(0.,0.,1.)) ;
#2307=DIRECTION('Vector Direction',(1.,0.,0.)) ;
#2312=DIRECTION('Vector Direction',(1.,0.,0.)) ;
#2324=DIRECTION('Axis2P3D Direction',(0.,0.,1.)) ;
#2325=DIRECTION('Axis2P3D XDirection',(1.83690953073E-016,1.,-0.)) ;
#2329=DIRECTION('Axis2P3D Direction',(0.,0.,1.)) ;
#2336=DIRECTION('Axis2P3D Direction',(0.,0.,1.)) ;
#2343=DIRECTION('Vector Direction',(0.,0.,1.)) ;
#2355=DIRECTION('Axis2P3D Direction',(-1.,0.,0.)) ;
#2356=DIRECTION('Axis2P3D XDirection',(0.,-1.,0.)) ;
#2360=DIRECTION('Vector Direction',(0.,0.,1.)) ;
#2369=DIRECTION('Vector Direction',(0.,-1.,0.)) ;
#2374=DIRECTION('Vector Direction',(0.,-1.,0.)) ;
#2386=DIRECTION('Axis2P3D Direction',(0.,0.,1.)) ;
#2387=DIRECTION('Axis2P3D XDirection',(-1.83690953073E-016,-1.,-0.)) ;
#2391=DIRECTION('Axis2P3D Direction',(0.,0.,1.)) ;
#2398=DIRECTION('Vector Direction',(0.,0.,1.)) ;
#2405=DIRECTION('Axis2P3D Direction',(0.,0.,1.)) ;
#2417=DIRECTION('Axis2P3D Direction',(1.,0.,0.)) ;
#2418=DIRECTION('Axis2P3D XDirection',(0.,1.,0.)) ;
#2422=DIRECTION('Vector Direction',(0.,1.,0.)) ;
#2429=DIRECTION('Vector Direction',(0.,1.,0.)) ;
#2436=DIRECTION('Vector Direction',(0.,0.,1.)) ;
#2448=DIRECTION('Axis2P3D Direction',(0.,-0.,1.)) ;
#2449=DIRECTION('Axis2P3D XDirection',(0.,1.,0.)) ;
#2453=DIRECTION('Vector Direction',(0.,0.,1.)) ;
#2462=DIRECTION('Axis2P3D Direction',(0.,-0.,1.)) ;
#2467=DIRECTION('Axis2P3D Direction',(0.,-0.,1.)) ;
#2479=DIRECTION('Axis2P3D Direction',(1.,0.,0.)) ;
#2480=DIRECTION('Axis2P3D XDirection',(0.,1.,0.)) ;
#2484=DIRECTION('Vector Direction',(0.,0.,1.)) ;
#2493=DIRECTION('Vector Direction',(0.,1.,0.)) ;
#2498=DIRECTION('Vector Direction',(0.,1.,0.)) ;
#2510=DIRECTION('Axis2P3D Direction',(0.,1.,-0.)) ;
#2511=DIRECTION('Axis2P3D XDirection',(-1.,0.,0.)) ;
#2515=DIRECTION('Vector Direction',(0.,0.,1.)) ;
#2524=DIRECTION('Vector Direction',(-1.,0.,0.)) ;
#2529=DIRECTION('Vector Direction',(-1.,0.,0.)) ;
#2541=DIRECTION('Axis2P3D Direction',(0.,0.,1.)) ;
#2542=DIRECTION('Axis2P3D XDirection',(-1.,1.83690953073E-016,0.)) ;
#2546=DIRECTION('Axis2P3D Direction',(0.,0.,1.)) ;
#2551=DIRECTION('Axis2P3D Direction',(0.,0.,1.)) ;
#2563=DIRECTION('Axis2P3D Direction',(0.,-1.,0.)) ;
#2564=DIRECTION('Axis2P3D XDirection',(1.,0.,0.)) ;
#2568=DIRECTION('Vector Direction',(1.,0.,0.)) ;
#2575=DIRECTION('Vector Direction',(1.,0.,0.)) ;
#2582=DIRECTION('Vector Direction',(0.,0.,1.)) ;
#2594=DIRECTION('Axis2P3D Direction',(0.,0.,1.)) ;
#2595=DIRECTION('Axis2P3D XDirection',(1.,0.,0.)) ;
#2599=DIRECTION('Vector Direction',(0.,0.,1.)) ;
#2608=DIRECTION('Axis2P3D Direction',(0.,0.,1.)) ;
#2613=DIRECTION('Axis2P3D Direction',(0.,0.,1.)) ;
#2625=DIRECTION('Axis2P3D Direction',(0.,0.,1.)) ;
#2626=DIRECTION('Axis2P3D XDirection',(1.,0.,0.)) ;
#2640=DIRECTION('Axis2P3D Direction',(0.,0.,1.)) ;
#2649=DIRECTION('Vector Direction',(-1.,0.,0.)) ;
#2654=DIRECTION('Vector Direction',(0.,-1.,0.)) ;
#2670=DIRECTION('Axis2P3D Direction',(0.,0.,1.)) ;
#2671=DIRECTION('Axis2P3D XDirection',(1.,0.,0.)) ;
#2685=DIRECTION('Vector Direction',(0.,-1.,0.)) ;
#2692=DIRECTION('Vector Direction',(-1.,0.,0.)) ;
#2699=DIRECTION('Axis2P3D Direction',(0.,0.,1.)) ;
#2731=DIRECTION('Axis2P3D Direction',(0.,1.,-0.)) ;
#2732=DIRECTION('Axis2P3D XDirection',(-1.,0.,0.)) ;
#2736=DIRECTION('Vector Direction',(0.,0.,1.)) ;
#2748=DIRECTION('Axis2P3D Direction',(-1.,0.,0.)) ;
#2749=DIRECTION('Axis2P3D XDirection',(0.,-1.,0.)) ;
#2753=DIRECTION('Vector Direction',(0.,0.,1.)) ;
#2765=DIRECTION('Axis2P3D Direction',(0.,0.,1.)) ;
#2766=DIRECTION('Axis2P3D XDirection',(0.,-1.,0.)) ;
#2787=DIRECTION('NONE',(1.,0.,0.)) ;
#2788=DIRECTION('NONE',(0.,0.,1.)) ;
#2789=DIRECTION('NONE',(1.,2.22044604925E-016,0.)) ;
#2790=DIRECTION('NONE',(0.,0.,1.)) ;
#8=PRODUCT_RELATED_PRODUCT_CATEGORY('part',$,(#27,#1754)) ;
#11=PRODUCT_RELATED_PRODUCT_CATEGORY('part',$,(#5)) ;
#7=PRODUCT_CATEGORY('part','specification') ;
#10=PRODUCT_CATEGORY('part','specification') ;
#39=STYLED_ITEM(' ',(#38),#31) ;
#1765=STYLED_ITEM(' ',(#1764),#1758) ;
#38=PRESENTATION_STYLE_ASSIGNMENT((#37)) ;
#1764=PRESENTATION_STYLE_ASSIGNMENT((#1763)) ;
#37=SURFACE_STYLE_USAGE(.BOTH.,#36) ;
#1763=SURFACE_STYLE_USAGE(.BOTH.,#1762) ;
#36=SURFACE_SIDE_STYLE(' ',(#35)) ;
#1762=SURFACE_SIDE_STYLE(' ',(#1761)) ;
#35=SURFACE_STYLE_FILL_AREA(#34) ;
#1761=SURFACE_STYLE_FILL_AREA(#1760) ;
#34=FILL_AREA_STYLE(' ',(#33)) ;
#1760=FILL_AREA_STYLE(' ',(#1759)) ;
#33=FILL_AREA_STYLE_COLOUR(' ',#32) ;
#1759=FILL_AREA_STYLE_COLOUR(' ',#32) ;
#48=VECTOR('Line Direction',#47,1.) ;
#64=VECTOR('Line Direction',#63,1.) ;
#105=VECTOR('Line Direction',#104,1.) ;
#114=VECTOR('Line Direction',#113,1.) ;
#121=VECTOR('Line Direction',#120,1.) ;
#128=VECTOR('Line Direction',#127,1.) ;
#145=VECTOR('Line Direction',#144,1.) ;
#154=VECTOR('Line Direction',#153,1.) ;
#161=VECTOR('Line Direction',#160,1.) ;
#175=VECTOR('Line Direction',#174,1.) ;
#201=VECTOR('Line Direction',#200,1.) ;
#208=VECTOR('Line Direction',#207,1.) ;
#215=VECTOR('Line Direction',#214,1.) ;
#284=VECTOR('Line Direction',#283,1.) ;
#289=VECTOR('Line Direction',#288,1.) ;
#327=VECTOR('Line Direction',#326,1.) ;
#332=VECTOR('Line Direction',#331,1.) ;
#450=VECTOR('Line Direction',#449,1.) ;
#459=VECTOR('Line Direction',#458,1.) ;
#466=VECTOR('Line Direction',#465,1.) ;
#473=VECTOR('Line Direction',#472,1.) ;
#499=VECTOR('Line Direction',#498,1.) ;
#504=VECTOR('Line Direction',#503,1.) ;
#542=VECTOR('Line Direction',#541,1.) ;
#547=VECTOR('Line Direction',#546,1.) ;
#571=VECTOR('Line Direction',#570,1.) ;
#580=VECTOR('Line Direction',#579,1.) ;
#585=VECTOR('Line Direction',#584,1.) ;
#602=VECTOR('Line Direction',#601,1.) ;
#609=VECTOR('Line Direction',#608,1.) ;
#626=VECTOR('Line Direction',#625,1.) ;
#633=VECTOR('Line Direction',#632,1.) ;
#650=VECTOR('Line Direction',#649,1.) ;
#713=VECTOR('Line Direction',#712,1.) ;
#720=VECTOR('Line Direction',#719,1.) ;
#727=VECTOR('Line Direction',#726,1.) ;
#751=VECTOR('Line Direction',#750,1.) ;
#775=VECTOR('Line Direction',#774,1.) ;
#792=VECTOR('Line Direction',#791,1.) ;
#801=VECTOR('Line Direction',#800,1.) ;
#808=VECTOR('Line Direction',#807,1.) ;
#822=VECTOR('Line Direction',#821,1.) ;
#854=VECTOR('Line Direction',#853,1.) ;
#870=VECTOR('Line Direction',#869,1.) ;
#911=VECTOR('Line Direction',#910,1.) ;
#927=VECTOR('Line Direction',#926,1.) ;
#968=VECTOR('Line Direction',#967,1.) ;
#984=VECTOR('Line Direction',#983,1.) ;
#1039=VECTOR('Line Direction',#1038,1.) ;
#1063=VECTOR('Line Direction',#1062,1.) ;
#1087=VECTOR('Line Direction',#1086,1.) ;
#1101=VECTOR('Line Direction',#1100,1.) ;
#1118=VECTOR('Line Direction',#1117,1.) ;
#1125=VECTOR('Line Direction',#1124,1.) ;
#1149=VECTOR('Line Direction',#1148,1.) ;
#1166=VECTOR('Line Direction',#1165,1.) ;
#1171=VECTOR('Line Direction',#1170,1.) ;
#1206=VECTOR('Line Direction',#1205,1.) ;
#1213=VECTOR('Line Direction',#1212,1.) ;
#1297=VECTOR('Line Direction',#1296,1.) ;
#1304=VECTOR('Line Direction',#1303,1.) ;
#1335=VECTOR('Line Direction',#1334,1.) ;
#1340=VECTOR('Line Direction',#1339,1.) ;
#1433=VECTOR('Line Direction',#1432,1.) ;
#1440=VECTOR('Line Direction',#1439,1.) ;
#1524=VECTOR('Line Direction',#1523,1.) ;
#1531=VECTOR('Line Direction',#1530,1.) ;
#1615=VECTOR('Line Direction',#1614,1.) ;
#1622=VECTOR('Line Direction',#1621,1.) ;
#1653=VECTOR('Line Direction',#1652,1.) ;
#1660=VECTOR('Line Direction',#1659,1.) ;
#1691=VECTOR('Line Direction',#1690,1.) ;
#1703=VECTOR('Line Direction',#1702,1.) ;
#1855=VECTOR('Line Direction',#1854,1.) ;
#1862=VECTOR('Line Direction',#1861,1.) ;
#1946=VECTOR('Line Direction',#1945,1.) ;
#1953=VECTOR('Line Direction',#1952,1.) ;
#2037=VECTOR('Line Direction',#2036,1.) ;
#2044=VECTOR('Line Direction',#2043,1.) ;
#2128=VECTOR('Line Direction',#2127,1.) ;
#2135=VECTOR('Line Direction',#2134,1.) ;
#2219=VECTOR('Line Direction',#2218,1.) ;
#2235=VECTOR('Line Direction',#2234,1.) ;
#2268=VECTOR('Line Direction',#2267,1.) ;
#2282=VECTOR('Line Direction',#2281,1.) ;
#2299=VECTOR('Line Direction',#2298,1.) ;
#2308=VECTOR('Line Direction',#2307,1.) ;
#2313=VECTOR('Line Direction',#2312,1.) ;
#2344=VECTOR('Line Direction',#2343,1.) ;
#2361=VECTOR('Line Direction',#2360,1.) ;
#2370=VECTOR('Line Direction',#2369,1.) ;
#2375=VECTOR('Line Direction',#2374,1.) ;
#2399=VECTOR('Line Direction',#2398,1.) ;
#2423=VECTOR('Line Direction',#2422,1.) ;
#2430=VECTOR('Line Direction',#2429,1.) ;
#2437=VECTOR('Line Direction',#2436,1.) ;
#2454=VECTOR('Line Direction',#2453,1.) ;
#2485=VECTOR('Line Direction',#2484,1.) ;
#2494=VECTOR('Line Direction',#2493,1.) ;
#2499=VECTOR('Line Direction',#2498,1.) ;
#2516=VECTOR('Line Direction',#2515,1.) ;
#2525=VECTOR('Line Direction',#2524,1.) ;
#2530=VECTOR('Line Direction',#2529,1.) ;
#2569=VECTOR('Line Direction',#2568,1.) ;
#2576=VECTOR('Line Direction',#2575,1.) ;
#2583=VECTOR('Line Direction',#2582,1.) ;
#2600=VECTOR('Line Direction',#2599,1.) ;
#2650=VECTOR('Line Direction',#2649,1.) ;
#2655=VECTOR('Line Direction',#2654,1.) ;
#2686=VECTOR('Line Direction',#2685,1.) ;
#2693=VECTOR('Line Direction',#2692,1.) ;
#2737=VECTOR('Line Direction',#2736,1.) ;
#2754=VECTOR('Line Direction',#2753,1.) ;
#21=UNCERTAINTY_MEASURE_WITH_UNIT(LENGTH_MEASURE(0.005),#17,'distance_accuracy_value','CONFUSED CURVE UNCERTAINTY') ;
#23=UNCERTAINTY_MEASURE_WITH_UNIT(LENGTH_MEASURE(0.005),#17,'distance_accuracy_value','CONFUSED CURVE UNCERTAINTY') ;
#1750=UNCERTAINTY_MEASURE_WITH_UNIT(LENGTH_MEASURE(0.005),#17,'distance_accuracy_value','CONFUSED CURVE UNCERTAINTY') ;
#1739=CONTEXT_DEPENDENT_SHAPE_REPRESENTATION(#1740,#1738) ;
#2780=CONTEXT_DEPENDENT_SHAPE_REPRESENTATION(#2781,#2779) ;
#1736=SHAPE_REPRESENTATION_RELATIONSHIP(' ',' ',#25,#1735) ;
#2777=SHAPE_REPRESENTATION_RELATIONSHIP(' ',' ',#1752,#2776) ;
#75=ORIENTED_EDGE('',*,*,#54,.F.) ;
#76=ORIENTED_EDGE('',*,*,#61,.F.) ;
#77=ORIENTED_EDGE('',*,*,#68,.T.) ;
#78=ORIENTED_EDGE('',*,*,#73,.T.) ;
#92=ORIENTED_EDGE('',*,*,#68,.F.) ;
#93=ORIENTED_EDGE('',*,*,#85,.F.) ;
#94=ORIENTED_EDGE('',*,*,#54,.T.) ;
#95=ORIENTED_EDGE('',*,*,#90,.T.) ;
#132=ORIENTED_EDGE('',*,*,#111,.T.) ;
#133=ORIENTED_EDGE('',*,*,#118,.F.) ;
#134=ORIENTED_EDGE('',*,*,#125,.F.) ;
#135=ORIENTED_EDGE('',*,*,#130,.T.) ;
#186=ORIENTED_EDGE('',*,*,#151,.F.) ;
#187=ORIENTED_EDGE('',*,*,#158,.T.) ;
#188=ORIENTED_EDGE('',*,*,#165,.T.) ;
#189=ORIENTED_EDGE('',*,*,#172,.F.) ;
#190=ORIENTED_EDGE('',*,*,#179,.F.) ;
#191=ORIENTED_EDGE('',*,*,#184,.F.) ;
#219=ORIENTED_EDGE('',*,*,#158,.F.) ;
#220=ORIENTED_EDGE('',*,*,#205,.F.) ;
#221=ORIENTED_EDGE('',*,*,#212,.T.) ;
#222=ORIENTED_EDGE('',*,*,#217,.T.) ;
#245=ORIENTED_EDGE('',*,*,#238,.T.) ;
#246=ORIENTED_EDGE('',*,*,#243,.T.) ;
#264=ORIENTED_EDGE('',*,*,#257,.T.) ;
#265=ORIENTED_EDGE('',*,*,#262,.T.) ;
#293=ORIENTED_EDGE('',*,*,#281,.T.) ;
#294=ORIENTED_EDGE('',*,*,#286,.F.) ;
#295=ORIENTED_EDGE('',*,*,#238,.F.) ;
#296=ORIENTED_EDGE('',*,*,#291,.T.) ;
#305=ORIENTED_EDGE('',*,*,#303,.T.) ;
#306=ORIENTED_EDGE('',*,*,#291,.F.) ;
#307=ORIENTED_EDGE('',*,*,#243,.F.) ;
#308=ORIENTED_EDGE('',*,*,#286,.T.) ;
#336=ORIENTED_EDGE('',*,*,#324,.T.) ;
#337=ORIENTED_EDGE('',*,*,#329,.F.) ;
#338=ORIENTED_EDGE('',*,*,#257,.F.) ;
#339=ORIENTED_EDGE('',*,*,#334,.T.) ;
#348=ORIENTED_EDGE('',*,*,#346,.T.) ;
#349=ORIENTED_EDGE('',*,*,#334,.F.) ;
#350=ORIENTED_EDGE('',*,*,#262,.F.) ;
#351=ORIENTED_EDGE('',*,*,#329,.T.) ;
#374=ORIENTED_EDGE('',*,*,#367,.T.) ;
#375=ORIENTED_EDGE('',*,*,#372,.T.) ;
#393=ORIENTED_EDGE('',*,*,#386,.T.) ;
#394=ORIENTED_EDGE('',*,*,#391,.T.) ;
#417=ORIENTED_EDGE('',*,*,#410,.T.) ;
#418=ORIENTED_EDGE('',*,*,#415,.T.) ;
#421=ORIENTED_EDGE('',*,*,#303,.F.) ;
#422=ORIENTED_EDGE('',*,*,#281,.F.) ;
#440=ORIENTED_EDGE('',*,*,#433,.T.) ;
#441=ORIENTED_EDGE('',*,*,#438,.T.) ;
#444=ORIENTED_EDGE('',*,*,#346,.F.) ;
#445=ORIENTED_EDGE('',*,*,#324,.F.) ;
#477=ORIENTED_EDGE('',*,*,#456,.T.) ;
#478=ORIENTED_EDGE('',*,*,#463,.T.) ;
#479=ORIENTED_EDGE('',*,*,#470,.T.) ;
#480=ORIENTED_EDGE('',*,*,#475,.T.) ;
#508=ORIENTED_EDGE('',*,*,#496,.T.) ;
#509=ORIENTED_EDGE('',*,*,#501,.F.) ;
#510=ORIENTED_EDGE('',*,*,#367,.F.) ;
#511=ORIENTED_EDGE('',*,*,#506,.T.) ;
#520=ORIENTED_EDGE('',*,*,#518,.T.) ;
#521=ORIENTED_EDGE('',*,*,#506,.F.) ;
#522=ORIENTED_EDGE('',*,*,#372,.F.) ;
#523=ORIENTED_EDGE('',*,*,#501,.T.) ;
#551=ORIENTED_EDGE('',*,*,#539,.T.) ;
#552=ORIENTED_EDGE('',*,*,#544,.F.) ;
#553=ORIENTED_EDGE('',*,*,#386,.F.) ;
#554=ORIENTED_EDGE('',*,*,#549,.T.) ;
#563=ORIENTED_EDGE('',*,*,#561,.T.) ;
#564=ORIENTED_EDGE('',*,*,#549,.F.) ;
#565=ORIENTED_EDGE('',*,*,#391,.F.) ;
#566=ORIENTED_EDGE('',*,*,#544,.T.) ;
#589=ORIENTED_EDGE('',*,*,#577,.T.) ;
#590=ORIENTED_EDGE('',*,*,#582,.F.) ;
#591=ORIENTED_EDGE('',*,*,#456,.F.) ;
#592=ORIENTED_EDGE('',*,*,#587,.T.) ;
#613=ORIENTED_EDGE('',*,*,#606,.T.) ;
#614=ORIENTED_EDGE('',*,*,#611,.F.) ;
#615=ORIENTED_EDGE('',*,*,#463,.F.) ;
#616=ORIENTED_EDGE('',*,*,#582,.T.) ;
#637=ORIENTED_EDGE('',*,*,#630,.T.) ;
#638=ORIENTED_EDGE('',*,*,#635,.F.) ;
#639=ORIENTED_EDGE('',*,*,#470,.F.) ;
#640=ORIENTED_EDGE('',*,*,#611,.T.) ;
#654=ORIENTED_EDGE('',*,*,#652,.T.) ;
#655=ORIENTED_EDGE('',*,*,#587,.F.) ;
#656=ORIENTED_EDGE('',*,*,#475,.F.) ;
#657=ORIENTED_EDGE('',*,*,#635,.T.) ;
#675=ORIENTED_EDGE('',*,*,#668,.T.) ;
#676=ORIENTED_EDGE('',*,*,#673,.T.) ;
#679=ORIENTED_EDGE('',*,*,#518,.F.) ;
#680=ORIENTED_EDGE('',*,*,#496,.F.) ;
#698=ORIENTED_EDGE('',*,*,#691,.T.) ;
#699=ORIENTED_EDGE('',*,*,#696,.T.) ;
#702=ORIENTED_EDGE('',*,*,#561,.F.) ;
#703=ORIENTED_EDGE('',*,*,#539,.F.) ;
#731=ORIENTED_EDGE('',*,*,#179,.T.) ;
#732=ORIENTED_EDGE('',*,*,#717,.T.) ;
#733=ORIENTED_EDGE('',*,*,#724,.T.) ;
#734=ORIENTED_EDGE('',*,*,#729,.T.) ;
#755=ORIENTED_EDGE('',*,*,#748,.T.) ;
#756=ORIENTED_EDGE('',*,*,#717,.F.) ;
#757=ORIENTED_EDGE('',*,*,#172,.T.) ;
#758=ORIENTED_EDGE('',*,*,#753,.T.) ;
#779=ORIENTED_EDGE('',*,*,#184,.T.) ;
#780=ORIENTED_EDGE('',*,*,#729,.F.) ;
#781=ORIENTED_EDGE('',*,*,#772,.T.) ;
#782=ORIENTED_EDGE('',*,*,#777,.T.) ;
#833=ORIENTED_EDGE('',*,*,#798,.T.) ;
#834=ORIENTED_EDGE('',*,*,#805,.T.) ;
#835=ORIENTED_EDGE('',*,*,#812,.T.) ;
#836=ORIENTED_EDGE('',*,*,#819,.F.) ;
#837=ORIENTED_EDGE('',*,*,#826,.T.) ;
#838=ORIENTED_EDGE('',*,*,#831,.F.) ;
#841=ORIENTED_EDGE('',*,*,#652,.F.) ;
#842=ORIENTED_EDGE('',*,*,#630,.F.) ;
#843=ORIENTED_EDGE('',*,*,#606,.F.) ;
#844=ORIENTED_EDGE('',*,*,#577,.F.) ;
#881=ORIENTED_EDGE('',*,*,#860,.F.) ;
#882=ORIENTED_EDGE('',*,*,#867,.F.) ;
#883=ORIENTED_EDGE('',*,*,#874,.T.) ;
#884=ORIENTED_EDGE('',*,*,#879,.T.) ;
#898=ORIENTED_EDGE('',*,*,#874,.F.) ;
#899=ORIENTED_EDGE('',*,*,#891,.F.) ;
#900=ORIENTED_EDGE('',*,*,#860,.T.) ;
#901=ORIENTED_EDGE('',*,*,#896,.T.) ;
#938=ORIENTED_EDGE('',*,*,#917,.F.) ;
#939=ORIENTED_EDGE('',*,*,#924,.F.) ;
#940=ORIENTED_EDGE('',*,*,#931,.T.) ;
#941=ORIENTED_EDGE('',*,*,#936,.T.) ;
#955=ORIENTED_EDGE('',*,*,#931,.F.) ;
#956=ORIENTED_EDGE('',*,*,#948,.F.) ;
#957=ORIENTED_EDGE('',*,*,#917,.T.) ;
#958=ORIENTED_EDGE('',*,*,#953,.T.) ;
#995=ORIENTED_EDGE('',*,*,#974,.F.) ;
#996=ORIENTED_EDGE('',*,*,#981,.F.) ;
#997=ORIENTED_EDGE('',*,*,#988,.T.) ;
#998=ORIENTED_EDGE('',*,*,#993,.T.) ;
#1012=ORIENTED_EDGE('',*,*,#988,.F.) ;
#1013=ORIENTED_EDGE('',*,*,#1005,.F.) ;
#1014=ORIENTED_EDGE('',*,*,#974,.T.) ;
#1015=ORIENTED_EDGE('',*,*,#1010,.T.) ;
#1043=ORIENTED_EDGE('',*,*,#1029,.T.) ;
#1044=ORIENTED_EDGE('',*,*,#111,.F.) ;
#1045=ORIENTED_EDGE('',*,*,#1036,.T.) ;
#1046=ORIENTED_EDGE('',*,*,#1041,.T.) ;
#1074=ORIENTED_EDGE('',*,*,#1060,.T.) ;
#1075=ORIENTED_EDGE('',*,*,#1067,.F.) ;
#1076=ORIENTED_EDGE('',*,*,#1072,.T.) ;
#1077=ORIENTED_EDGE('',*,*,#125,.T.) ;
#1105=ORIENTED_EDGE('',*,*,#819,.T.) ;
#1106=ORIENTED_EDGE('',*,*,#1091,.F.) ;
#1107=ORIENTED_EDGE('',*,*,#1098,.T.) ;
#1108=ORIENTED_EDGE('',*,*,#1103,.T.) ;
#1129=ORIENTED_EDGE('',*,*,#1122,.T.) ;
#1130=ORIENTED_EDGE('',*,*,#826,.F.) ;
#1131=ORIENTED_EDGE('',*,*,#1103,.F.) ;
#1132=ORIENTED_EDGE('',*,*,#1127,.T.) ;
#1153=ORIENTED_EDGE('',*,*,#831,.T.) ;
#1154=ORIENTED_EDGE('',*,*,#1122,.F.) ;
#1155=ORIENTED_EDGE('',*,*,#1146,.T.) ;
#1156=ORIENTED_EDGE('',*,*,#1151,.T.) ;
#1175=ORIENTED_EDGE('',*,*,#1036,.F.) ;
#1176=ORIENTED_EDGE('',*,*,#130,.F.) ;
#1177=ORIENTED_EDGE('',*,*,#1072,.F.) ;
#1178=ORIENTED_EDGE('',*,*,#1168,.F.) ;
#1179=ORIENTED_EDGE('',*,*,#212,.F.) ;
#1180=ORIENTED_EDGE('',*,*,#1173,.F.) ;
#1183=ORIENTED_EDGE('',*,*,#61,.T.) ;
#1184=ORIENTED_EDGE('',*,*,#85,.T.) ;
#1187=ORIENTED_EDGE('',*,*,#981,.T.) ;
#1188=ORIENTED_EDGE('',*,*,#1005,.T.) ;
#1191=ORIENTED_EDGE('',*,*,#924,.T.) ;
#1192=ORIENTED_EDGE('',*,*,#948,.T.) ;
#1195=ORIENTED_EDGE('',*,*,#867,.T.) ;
#1196=ORIENTED_EDGE('',*,*,#891,.T.) ;
#1224=ORIENTED_EDGE('',*,*,#1210,.T.) ;
#1225=ORIENTED_EDGE('',*,*,#696,.F.) ;
#1226=ORIENTED_EDGE('',*,*,#1217,.F.) ;
#1227=ORIENTED_EDGE('',*,*,#1222,.F.) ;
#1236=ORIENTED_EDGE('',*,*,#1217,.T.) ;
#1237=ORIENTED_EDGE('',*,*,#691,.F.) ;
#1238=ORIENTED_EDGE('',*,*,#1210,.F.) ;
#1239=ORIENTED_EDGE('',*,*,#1234,.F.) ;
#1267=ORIENTED_EDGE('',*,*,#1222,.T.) ;
#1268=ORIENTED_EDGE('',*,*,#1253,.T.) ;
#1269=ORIENTED_EDGE('',*,*,#1260,.F.) ;
#1270=ORIENTED_EDGE('',*,*,#1265,.F.) ;
#1284=ORIENTED_EDGE('',*,*,#1234,.T.) ;
#1285=ORIENTED_EDGE('',*,*,#1265,.T.) ;
#1286=ORIENTED_EDGE('',*,*,#1282,.F.) ;
#1287=ORIENTED_EDGE('',*,*,#1253,.F.) ;
#1315=ORIENTED_EDGE('',*,*,#1301,.T.) ;
#1316=ORIENTED_EDGE('',*,*,#673,.F.) ;
#1317=ORIENTED_EDGE('',*,*,#1308,.F.) ;
#1318=ORIENTED_EDGE('',*,*,#1313,.F.) ;
#1327=ORIENTED_EDGE('',*,*,#1308,.T.) ;
#1328=ORIENTED_EDGE('',*,*,#668,.F.) ;
#1329=ORIENTED_EDGE('',*,*,#1301,.F.) ;
#1330=ORIENTED_EDGE('',*,*,#1325,.F.) ;
#1344=ORIENTED_EDGE('',*,*,#1337,.T.) ;
#1345=ORIENTED_EDGE('',*,*,#1146,.F.) ;
#1346=ORIENTED_EDGE('',*,*,#1127,.F.) ;
#1347=ORIENTED_EDGE('',*,*,#1098,.F.) ;
#1348=ORIENTED_EDGE('',*,*,#1342,.T.) ;
#1349=ORIENTED_EDGE('',*,*,#1060,.F.) ;
#1350=ORIENTED_EDGE('',*,*,#118,.T.) ;
#1351=ORIENTED_EDGE('',*,*,#1029,.F.) ;
#1368=ORIENTED_EDGE('',*,*,#1361,.T.) ;
#1369=ORIENTED_EDGE('',*,*,#1366,.T.) ;
#1372=ORIENTED_EDGE('',*,*,#1282,.T.) ;
#1373=ORIENTED_EDGE('',*,*,#1260,.T.) ;
#1376=ORIENTED_EDGE('',*,*,#90,.F.) ;
#1377=ORIENTED_EDGE('',*,*,#73,.F.) ;
#1380=ORIENTED_EDGE('',*,*,#1010,.F.) ;
#1381=ORIENTED_EDGE('',*,*,#993,.F.) ;
#1384=ORIENTED_EDGE('',*,*,#953,.F.) ;
#1385=ORIENTED_EDGE('',*,*,#936,.F.) ;
#1388=ORIENTED_EDGE('',*,*,#896,.F.) ;
#1389=ORIENTED_EDGE('',*,*,#879,.F.) ;
#1408=ORIENTED_EDGE('',*,*,#1313,.T.) ;
#1409=ORIENTED_EDGE('',*,*,#1401,.T.) ;
#1410=ORIENTED_EDGE('',*,*,#1366,.F.) ;
#1411=ORIENTED_EDGE('',*,*,#1406,.F.) ;
#1420=ORIENTED_EDGE('',*,*,#1325,.T.) ;
#1421=ORIENTED_EDGE('',*,*,#1406,.T.) ;
#1422=ORIENTED_EDGE('',*,*,#1361,.F.) ;
#1423=ORIENTED_EDGE('',*,*,#1401,.F.) ;
#1451=ORIENTED_EDGE('',*,*,#1437,.T.) ;
#1452=ORIENTED_EDGE('',*,*,#438,.F.) ;
#1453=ORIENTED_EDGE('',*,*,#1444,.F.) ;
#1454=ORIENTED_EDGE('',*,*,#1449,.F.) ;
#1463=ORIENTED_EDGE('',*,*,#1444,.T.) ;
#1464=ORIENTED_EDGE('',*,*,#433,.F.) ;
#1465=ORIENTED_EDGE('',*,*,#1437,.F.) ;
#1466=ORIENTED_EDGE('',*,*,#1461,.F.) ;
#1494=ORIENTED_EDGE('',*,*,#1449,.T.) ;
#1495=ORIENTED_EDGE('',*,*,#1480,.T.) ;
#1496=ORIENTED_EDGE('',*,*,#1487,.F.) ;
#1497=ORIENTED_EDGE('',*,*,#1492,.F.) ;
#1511=ORIENTED_EDGE('',*,*,#1461,.T.) ;
#1512=ORIENTED_EDGE('',*,*,#1492,.T.) ;
#1513=ORIENTED_EDGE('',*,*,#1509,.F.) ;
#1514=ORIENTED_EDGE('',*,*,#1480,.F.) ;
#1542=ORIENTED_EDGE('',*,*,#1528,.T.) ;
#1543=ORIENTED_EDGE('',*,*,#415,.F.) ;
#1544=ORIENTED_EDGE('',*,*,#1535,.F.) ;
#1545=ORIENTED_EDGE('',*,*,#1540,.F.) ;
#1554=ORIENTED_EDGE('',*,*,#1535,.T.) ;
#1555=ORIENTED_EDGE('',*,*,#410,.F.) ;
#1556=ORIENTED_EDGE('',*,*,#1528,.F.) ;
#1557=ORIENTED_EDGE('',*,*,#1552,.F.) ;
#1585=ORIENTED_EDGE('',*,*,#1552,.T.) ;
#1586=ORIENTED_EDGE('',*,*,#1571,.T.) ;
#1587=ORIENTED_EDGE('',*,*,#1578,.F.) ;
#1588=ORIENTED_EDGE('',*,*,#1583,.F.) ;
#1602=ORIENTED_EDGE('',*,*,#1540,.T.) ;
#1603=ORIENTED_EDGE('',*,*,#1583,.T.) ;
#1604=ORIENTED_EDGE('',*,*,#1600,.F.) ;
#1605=ORIENTED_EDGE('',*,*,#1571,.F.) ;
#1633=ORIENTED_EDGE('',*,*,#1619,.T.) ;
#1634=ORIENTED_EDGE('',*,*,#798,.F.) ;
#1635=ORIENTED_EDGE('',*,*,#1151,.F.) ;
#1636=ORIENTED_EDGE('',*,*,#1337,.F.) ;
#1637=ORIENTED_EDGE('',*,*,#1041,.F.) ;
#1638=ORIENTED_EDGE('',*,*,#1173,.T.) ;
#1639=ORIENTED_EDGE('',*,*,#205,.T.) ;
#1640=ORIENTED_EDGE('',*,*,#151,.T.) ;
#1641=ORIENTED_EDGE('',*,*,#777,.F.) ;
#1642=ORIENTED_EDGE('',*,*,#1626,.F.) ;
#1643=ORIENTED_EDGE('',*,*,#1631,.T.) ;
#1671=ORIENTED_EDGE('',*,*,#1657,.T.) ;
#1672=ORIENTED_EDGE('',*,*,#753,.F.) ;
#1673=ORIENTED_EDGE('',*,*,#165,.F.) ;
#1674=ORIENTED_EDGE('',*,*,#217,.F.) ;
#1675=ORIENTED_EDGE('',*,*,#1168,.T.) ;
#1676=ORIENTED_EDGE('',*,*,#1067,.T.) ;
#1677=ORIENTED_EDGE('',*,*,#1342,.F.) ;
#1678=ORIENTED_EDGE('',*,*,#1091,.T.) ;
#1679=ORIENTED_EDGE('',*,*,#812,.F.) ;
#1680=ORIENTED_EDGE('',*,*,#1664,.F.) ;
#1681=ORIENTED_EDGE('',*,*,#1669,.T.) ;
#1695=ORIENTED_EDGE('',*,*,#1693,.T.) ;
#1696=ORIENTED_EDGE('',*,*,#1664,.T.) ;
#1697=ORIENTED_EDGE('',*,*,#805,.F.) ;
#1698=ORIENTED_EDGE('',*,*,#1619,.F.) ;
#1707=ORIENTED_EDGE('',*,*,#1626,.T.) ;
#1708=ORIENTED_EDGE('',*,*,#772,.F.) ;
#1709=ORIENTED_EDGE('',*,*,#724,.F.) ;
#1710=ORIENTED_EDGE('',*,*,#748,.F.) ;
#1711=ORIENTED_EDGE('',*,*,#1657,.F.) ;
#1712=ORIENTED_EDGE('',*,*,#1705,.F.) ;
#1715=ORIENTED_EDGE('',*,*,#1600,.T.) ;
#1716=ORIENTED_EDGE('',*,*,#1578,.T.) ;
#1719=ORIENTED_EDGE('',*,*,#1509,.T.) ;
#1720=ORIENTED_EDGE('',*,*,#1487,.T.) ;
#1729=ORIENTED_EDGE('',*,*,#1693,.F.) ;
#1730=ORIENTED_EDGE('',*,*,#1631,.F.) ;
#1731=ORIENTED_EDGE('',*,*,#1705,.T.) ;
#1732=ORIENTED_EDGE('',*,*,#1669,.F.) ;
#1787=ORIENTED_EDGE('',*,*,#1780,.T.) ;
#1788=ORIENTED_EDGE('',*,*,#1785,.T.) ;
#1806=ORIENTED_EDGE('',*,*,#1799,.T.) ;
#1807=ORIENTED_EDGE('',*,*,#1804,.T.) ;
#1825=ORIENTED_EDGE('',*,*,#1818,.T.) ;
#1826=ORIENTED_EDGE('',*,*,#1823,.T.) ;
#1844=ORIENTED_EDGE('',*,*,#1837,.T.) ;
#1845=ORIENTED_EDGE('',*,*,#1842,.T.) ;
#1873=ORIENTED_EDGE('',*,*,#1859,.T.) ;
#1874=ORIENTED_EDGE('',*,*,#1799,.F.) ;
#1875=ORIENTED_EDGE('',*,*,#1866,.F.) ;
#1876=ORIENTED_EDGE('',*,*,#1871,.F.) ;
#1885=ORIENTED_EDGE('',*,*,#1866,.T.) ;
#1886=ORIENTED_EDGE('',*,*,#1804,.F.) ;
#1887=ORIENTED_EDGE('',*,*,#1859,.F.) ;
#1888=ORIENTED_EDGE('',*,*,#1883,.F.) ;
#1916=ORIENTED_EDGE('',*,*,#1883,.T.) ;
#1917=ORIENTED_EDGE('',*,*,#1902,.T.) ;
#1918=ORIENTED_EDGE('',*,*,#1909,.F.) ;
#1919=ORIENTED_EDGE('',*,*,#1914,.F.) ;
#1933=ORIENTED_EDGE('',*,*,#1871,.T.) ;
#1934=ORIENTED_EDGE('',*,*,#1914,.T.) ;
#1935=ORIENTED_EDGE('',*,*,#1931,.F.) ;
#1936=ORIENTED_EDGE('',*,*,#1902,.F.) ;
#1964=ORIENTED_EDGE('',*,*,#1950,.T.) ;
#1965=ORIENTED_EDGE('',*,*,#1837,.F.) ;
#1966=ORIENTED_EDGE('',*,*,#1957,.F.) ;
#1967=ORIENTED_EDGE('',*,*,#1962,.F.) ;
#1976=ORIENTED_EDGE('',*,*,#1957,.T.) ;
#1977=ORIENTED_EDGE('',*,*,#1842,.F.) ;
#1978=ORIENTED_EDGE('',*,*,#1950,.F.) ;
#1979=ORIENTED_EDGE('',*,*,#1974,.F.) ;
#2007=ORIENTED_EDGE('',*,*,#1962,.T.) ;
#2008=ORIENTED_EDGE('',*,*,#1993,.T.) ;
#2009=ORIENTED_EDGE('',*,*,#2000,.F.) ;
#2010=ORIENTED_EDGE('',*,*,#2005,.F.) ;
#2024=ORIENTED_EDGE('',*,*,#1974,.T.) ;
#2025=ORIENTED_EDGE('',*,*,#2005,.T.) ;
#2026=ORIENTED_EDGE('',*,*,#2022,.F.) ;
#2027=ORIENTED_EDGE('',*,*,#1993,.F.) ;
#2055=ORIENTED_EDGE('',*,*,#2041,.T.) ;
#2056=ORIENTED_EDGE('',*,*,#1818,.F.) ;
#2057=ORIENTED_EDGE('',*,*,#2048,.F.) ;
#2058=ORIENTED_EDGE('',*,*,#2053,.F.) ;
#2067=ORIENTED_EDGE('',*,*,#2048,.T.) ;
#2068=ORIENTED_EDGE('',*,*,#1823,.F.) ;
#2069=ORIENTED_EDGE('',*,*,#2041,.F.) ;
#2070=ORIENTED_EDGE('',*,*,#2065,.F.) ;
#2098=ORIENTED_EDGE('',*,*,#2065,.T.) ;
#2099=ORIENTED_EDGE('',*,*,#2084,.T.) ;
#2100=ORIENTED_EDGE('',*,*,#2091,.F.) ;
#2101=ORIENTED_EDGE('',*,*,#2096,.F.) ;
#2115=ORIENTED_EDGE('',*,*,#2053,.T.) ;
#2116=ORIENTED_EDGE('',*,*,#2096,.T.) ;
#2117=ORIENTED_EDGE('',*,*,#2113,.F.) ;
#2118=ORIENTED_EDGE('',*,*,#2084,.F.) ;
#2146=ORIENTED_EDGE('',*,*,#2132,.T.) ;
#2147=ORIENTED_EDGE('',*,*,#1780,.F.) ;
#2148=ORIENTED_EDGE('',*,*,#2139,.F.) ;
#2149=ORIENTED_EDGE('',*,*,#2144,.F.) ;
#2158=ORIENTED_EDGE('',*,*,#2139,.T.) ;
#2159=ORIENTED_EDGE('',*,*,#1785,.F.) ;
#2160=ORIENTED_EDGE('',*,*,#2132,.F.) ;
#2161=ORIENTED_EDGE('',*,*,#2156,.F.) ;
#2189=ORIENTED_EDGE('',*,*,#2156,.T.) ;
#2190=ORIENTED_EDGE('',*,*,#2175,.T.) ;
#2191=ORIENTED_EDGE('',*,*,#2182,.F.) ;
#2192=ORIENTED_EDGE('',*,*,#2187,.F.) ;
#2206=ORIENTED_EDGE('',*,*,#2144,.T.) ;
#2207=ORIENTED_EDGE('',*,*,#2187,.T.) ;
#2208=ORIENTED_EDGE('',*,*,#2204,.F.) ;
#2209=ORIENTED_EDGE('',*,*,#2175,.F.) ;
#2246=ORIENTED_EDGE('',*,*,#2225,.F.) ;
#2247=ORIENTED_EDGE('',*,*,#2232,.F.) ;
#2248=ORIENTED_EDGE('',*,*,#2239,.T.) ;
#2249=ORIENTED_EDGE('',*,*,#2244,.F.) ;
#2286=ORIENTED_EDGE('',*,*,#2265,.T.) ;
#2287=ORIENTED_EDGE('',*,*,#2272,.F.) ;
#2288=ORIENTED_EDGE('',*,*,#2279,.T.) ;
#2289=ORIENTED_EDGE('',*,*,#2284,.T.) ;
#2317=ORIENTED_EDGE('',*,*,#2305,.T.) ;
#2318=ORIENTED_EDGE('',*,*,#2310,.F.) ;
#2319=ORIENTED_EDGE('',*,*,#2284,.F.) ;
#2320=ORIENTED_EDGE('',*,*,#2315,.T.) ;
#2348=ORIENTED_EDGE('',*,*,#2334,.T.) ;
#2349=ORIENTED_EDGE('',*,*,#2305,.F.) ;
#2350=ORIENTED_EDGE('',*,*,#2341,.T.) ;
#2351=ORIENTED_EDGE('',*,*,#2346,.T.) ;
#2379=ORIENTED_EDGE('',*,*,#2367,.F.) ;
#2380=ORIENTED_EDGE('',*,*,#2372,.T.) ;
#2381=ORIENTED_EDGE('',*,*,#2272,.T.) ;
#2382=ORIENTED_EDGE('',*,*,#2377,.F.) ;
#2410=ORIENTED_EDGE('',*,*,#2396,.T.) ;
#2411=ORIENTED_EDGE('',*,*,#2403,.F.) ;
#2412=ORIENTED_EDGE('',*,*,#2408,.T.) ;
#2413=ORIENTED_EDGE('',*,*,#2367,.T.) ;
#2441=ORIENTED_EDGE('',*,*,#2427,.T.) ;
#2442=ORIENTED_EDGE('',*,*,#2225,.T.) ;
#2443=ORIENTED_EDGE('',*,*,#2434,.F.) ;
#2444=ORIENTED_EDGE('',*,*,#2439,.F.) ;
#2472=ORIENTED_EDGE('',*,*,#2460,.F.) ;
#2473=ORIENTED_EDGE('',*,*,#2465,.F.) ;
#2474=ORIENTED_EDGE('',*,*,#2439,.T.) ;
#2475=ORIENTED_EDGE('',*,*,#2470,.F.) ;
#2503=ORIENTED_EDGE('',*,*,#2491,.T.) ;
#2504=ORIENTED_EDGE('',*,*,#2496,.F.) ;
#2505=ORIENTED_EDGE('',*,*,#2346,.F.) ;
#2506=ORIENTED_EDGE('',*,*,#2501,.T.) ;
#2534=ORIENTED_EDGE('',*,*,#2522,.F.) ;
#2535=ORIENTED_EDGE('',*,*,#2527,.T.) ;
#2536=ORIENTED_EDGE('',*,*,#2403,.T.) ;
#2537=ORIENTED_EDGE('',*,*,#2532,.F.) ;
#2556=ORIENTED_EDGE('',*,*,#2549,.T.) ;
#2557=ORIENTED_EDGE('',*,*,#2491,.F.) ;
#2558=ORIENTED_EDGE('',*,*,#2554,.T.) ;
#2559=ORIENTED_EDGE('',*,*,#2522,.T.) ;
#2587=ORIENTED_EDGE('',*,*,#2573,.T.) ;
#2588=ORIENTED_EDGE('',*,*,#2460,.T.) ;
#2589=ORIENTED_EDGE('',*,*,#2580,.F.) ;
#2590=ORIENTED_EDGE('',*,*,#2585,.F.) ;
#2618=ORIENTED_EDGE('',*,*,#2606,.F.) ;
#2619=ORIENTED_EDGE('',*,*,#2611,.F.) ;
#2620=ORIENTED_EDGE('',*,*,#2585,.T.) ;
#2621=ORIENTED_EDGE('',*,*,#2616,.F.) ;
#2630=ORIENTED_EDGE('',*,*,#2532,.T.) ;
#2631=ORIENTED_EDGE('',*,*,#2396,.F.) ;
#2632=ORIENTED_EDGE('',*,*,#2377,.T.) ;
#2633=ORIENTED_EDGE('',*,*,#2265,.F.) ;
#2634=ORIENTED_EDGE('',*,*,#2310,.T.) ;
#2635=ORIENTED_EDGE('',*,*,#2334,.F.) ;
#2636=ORIENTED_EDGE('',*,*,#2496,.T.) ;
#2637=ORIENTED_EDGE('',*,*,#2549,.F.) ;
#2659=ORIENTED_EDGE('',*,*,#2647,.T.) ;
#2660=ORIENTED_EDGE('',*,*,#2652,.F.) ;
#2661=ORIENTED_EDGE('',*,*,#2232,.T.) ;
#2662=ORIENTED_EDGE('',*,*,#2427,.F.) ;
#2663=ORIENTED_EDGE('',*,*,#2465,.T.) ;
#2664=ORIENTED_EDGE('',*,*,#2573,.F.) ;
#2665=ORIENTED_EDGE('',*,*,#2611,.T.) ;
#2666=ORIENTED_EDGE('',*,*,#2657,.F.) ;
#2675=ORIENTED_EDGE('',*,*,#2554,.F.) ;
#2676=ORIENTED_EDGE('',*,*,#2501,.F.) ;
#2677=ORIENTED_EDGE('',*,*,#2341,.F.) ;
#2678=ORIENTED_EDGE('',*,*,#2315,.F.) ;
#2679=ORIENTED_EDGE('',*,*,#2279,.F.) ;
#2680=ORIENTED_EDGE('',*,*,#2372,.F.) ;
#2681=ORIENTED_EDGE('',*,*,#2408,.F.) ;
#2682=ORIENTED_EDGE('',*,*,#2527,.F.) ;
#2704=ORIENTED_EDGE('',*,*,#2690,.T.) ;
#2705=ORIENTED_EDGE('',*,*,#2616,.T.) ;
#2706=ORIENTED_EDGE('',*,*,#2580,.T.) ;
#2707=ORIENTED_EDGE('',*,*,#2470,.T.) ;
#2708=ORIENTED_EDGE('',*,*,#2434,.T.) ;
#2709=ORIENTED_EDGE('',*,*,#2244,.T.) ;
#2710=ORIENTED_EDGE('',*,*,#2697,.T.) ;
#2711=ORIENTED_EDGE('',*,*,#2702,.T.) ;
#2714=ORIENTED_EDGE('',*,*,#2182,.T.) ;
#2715=ORIENTED_EDGE('',*,*,#2204,.T.) ;
#2718=ORIENTED_EDGE('',*,*,#2091,.T.) ;
#2719=ORIENTED_EDGE('',*,*,#2113,.T.) ;
#2722=ORIENTED_EDGE('',*,*,#2000,.T.) ;
#2723=ORIENTED_EDGE('',*,*,#2022,.T.) ;
#2726=ORIENTED_EDGE('',*,*,#1909,.T.) ;
#2727=ORIENTED_EDGE('',*,*,#1931,.T.) ;
#2741=ORIENTED_EDGE('',*,*,#2697,.F.) ;
#2742=ORIENTED_EDGE('',*,*,#2239,.F.) ;
#2743=ORIENTED_EDGE('',*,*,#2652,.T.) ;
#2744=ORIENTED_EDGE('',*,*,#2739,.T.) ;
#2758=ORIENTED_EDGE('',*,*,#2657,.T.) ;
#2759=ORIENTED_EDGE('',*,*,#2606,.T.) ;
#2760=ORIENTED_EDGE('',*,*,#2690,.F.) ;
#2761=ORIENTED_EDGE('',*,*,#2756,.F.) ;
#2770=ORIENTED_EDGE('',*,*,#2739,.F.) ;
#2771=ORIENTED_EDGE('',*,*,#2647,.F.) ;
#2772=ORIENTED_EDGE('',*,*,#2756,.T.) ;
#2773=ORIENTED_EDGE('',*,*,#2702,.F.) ;
#423=FACE_BOUND('',#420,.T.) ;
#446=FACE_BOUND('',#443,.T.) ;
#681=FACE_BOUND('',#678,.T.) ;
#704=FACE_BOUND('',#701,.T.) ;
#845=FACE_BOUND('',#840,.T.) ;
#1185=FACE_BOUND('',#1182,.T.) ;
#1189=FACE_BOUND('',#1186,.T.) ;
#1193=FACE_BOUND('',#1190,.T.) ;
#1197=FACE_BOUND('',#1194,.T.) ;
#1370=FACE_BOUND('',#1367,.T.) ;
#1374=FACE_BOUND('',#1371,.T.) ;
#1378=FACE_BOUND('',#1375,.T.) ;
#1382=FACE_BOUND('',#1379,.T.) ;
#1386=FACE_BOUND('',#1383,.T.) ;
#1390=FACE_BOUND('',#1387,.T.) ;
#1717=FACE_BOUND('',#1714,.T.) ;
#1721=FACE_BOUND('',#1718,.T.) ;
#2667=FACE_BOUND('',#2658,.T.) ;
#2712=FACE_BOUND('',#2703,.T.) ;
#2716=FACE_BOUND('',#2713,.T.) ;
#2720=FACE_BOUND('',#2717,.T.) ;
#2724=FACE_BOUND('',#2721,.T.) ;
#2728=FACE_BOUND('',#2725,.T.) ;
#40=CLOSED_SHELL('Closed Shell',(#80,#97,#137,#193,#224,#248,#267,#298,#310,#341,#353,#377,#396,#424,#447,#482,#513,#525,#556,#568,#594,#618,#642,#659,#682,#705,#736,#760,#784,#846,#886,#903,#943,#960,#1000,#1017,#1048,#1079,#1110,#1134,#1158,#1198,#1229,#1241,#1272,#1289,#1320,#1332,#1391,#1413,#1425,#1456,#1468,#1499,#1516,#1547,#1559,#1590,#1607,#1645,#1683,#1700,#1722,#1734)) ;
#1766=CLOSED_SHELL('Closed Shell',(#1790,#1809,#1828,#1847,#1878,#1890,#1921,#1938,#1969,#1981,#2012,#2029,#2060,#2072,#2103,#2120,#2151,#2163,#2194,#2211,#2251,#2291,#2322,#2353,#2384,#2415,#2446,#2477,#2508,#2539,#2561,#2592,#2623,#2668,#2729,#2746,#2763,#2775)) ;
#1735=ADVANCED_BREP_SHAPE_REPRESENTATION('NONE',(#31),#24) ;
#2776=ADVANCED_BREP_SHAPE_REPRESENTATION('NONE',(#1758),#1751) ;
#80=ADVANCED_FACE('PartBody',(#79),#45,.F.) ;
#97=ADVANCED_FACE('PartBody',(#96),#45,.F.) ;
#137=ADVANCED_FACE('PartBody',(#136),#102,.F.) ;
#193=ADVANCED_FACE('PartBody',(#192),#142,.T.) ;
#224=ADVANCED_FACE('PartBody',(#223),#198,.F.) ;
#248=ADVANCED_FACE('PartBody',(#247),#229,.T.) ;
#267=ADVANCED_FACE('PartBody',(#266),#229,.T.) ;
#298=ADVANCED_FACE('PartBody',(#297),#272,.F.) ;
#310=ADVANCED_FACE('PartBody',(#309),#272,.F.) ;
#341=ADVANCED_FACE('PartBody',(#340),#315,.F.) ;
#353=ADVANCED_FACE('PartBody',(#352),#315,.F.) ;
#377=ADVANCED_FACE('PartBody',(#376),#358,.T.) ;
#396=ADVANCED_FACE('PartBody',(#395),#358,.T.) ;
#424=ADVANCED_FACE('PartBody',(#419,#423),#401,.T.) ;
#447=ADVANCED_FACE('PartBody',(#442,#446),#401,.T.) ;
#482=ADVANCED_FACE('PartBody',(#481),#358,.T.) ;
#513=ADVANCED_FACE('PartBody',(#512),#487,.F.) ;
#525=ADVANCED_FACE('PartBody',(#524),#487,.F.) ;
#556=ADVANCED_FACE('PartBody',(#555),#530,.F.) ;
#568=ADVANCED_FACE('PartBody',(#567),#530,.F.) ;
#594=ADVANCED_FACE('PartBody',(#593),#198,.T.) ;
#618=ADVANCED_FACE('PartBody',(#617),#599,.T.) ;
#642=ADVANCED_FACE('PartBody',(#641),#623,.T.) ;
#659=ADVANCED_FACE('PartBody',(#658),#647,.T.) ;
#682=ADVANCED_FACE('PartBody',(#677,#681),#401,.T.) ;
#705=ADVANCED_FACE('PartBody',(#700,#704),#401,.T.) ;
#736=ADVANCED_FACE('PartBody',(#735),#710,.T.) ;
#760=ADVANCED_FACE('PartBody',(#759),#741,.T.) ;
#784=ADVANCED_FACE('PartBody',(#783),#765,.T.) ;
#846=ADVANCED_FACE('PartBody',(#839,#845),#789,.T.) ;
#886=ADVANCED_FACE('PartBody',(#885),#851,.F.) ;
#903=ADVANCED_FACE('PartBody',(#902),#851,.F.) ;
#943=ADVANCED_FACE('PartBody',(#942),#908,.F.) ;
#960=ADVANCED_FACE('PartBody',(#959),#908,.F.) ;
#1000=ADVANCED_FACE('PartBody',(#999),#965,.F.) ;
#1017=ADVANCED_FACE('PartBody',(#1016),#965,.F.) ;
#1048=ADVANCED_FACE('PartBody',(#1047),#1022,.T.) ;
#1079=ADVANCED_FACE('PartBody',(#1078),#1053,.T.) ;
#1110=ADVANCED_FACE('PartBody',(#1109),#1084,.T.) ;
#1134=ADVANCED_FACE('PartBody',(#1133),#1115,.F.) ;
#1158=ADVANCED_FACE('PartBody',(#1157),#1139,.T.) ;
#1198=ADVANCED_FACE('PartBody',(#1181,#1185,#1189,#1193,#1197),#1163,.F.) ;
#1229=ADVANCED_FACE('PartBody',(#1228),#1203,.T.) ;
#1241=ADVANCED_FACE('PartBody',(#1240),#1203,.T.) ;
#1272=ADVANCED_FACE('PartBody',(#1271),#1246,.F.) ;
#1289=ADVANCED_FACE('PartBody',(#1288),#1277,.F.) ;
#1320=ADVANCED_FACE('PartBody',(#1319),#1294,.T.) ;
#1332=ADVANCED_FACE('PartBody',(#1331),#1294,.T.) ;
#1391=ADVANCED_FACE('PartBody',(#1352,#1370,#1374,#1378,#1382,#1386,#1390),#358,.T.) ;
#1413=ADVANCED_FACE('PartBody',(#1412),#1396,.F.) ;
#1425=ADVANCED_FACE('PartBody',(#1424),#1418,.F.) ;
#1456=ADVANCED_FACE('PartBody',(#1455),#1430,.T.) ;
#1468=ADVANCED_FACE('PartBody',(#1467),#1430,.T.) ;
#1499=ADVANCED_FACE('PartBody',(#1498),#1473,.F.) ;
#1516=ADVANCED_FACE('PartBody',(#1515),#1504,.F.) ;
#1547=ADVANCED_FACE('PartBody',(#1546),#1521,.T.) ;
#1559=ADVANCED_FACE('PartBody',(#1558),#1521,.T.) ;
#1590=ADVANCED_FACE('PartBody',(#1589),#1564,.F.) ;
#1607=ADVANCED_FACE('PartBody',(#1606),#1595,.F.) ;
#1645=ADVANCED_FACE('PartBody',(#1644),#1612,.F.) ;
#1683=ADVANCED_FACE('PartBody',(#1682),#1650,.F.) ;
#1700=ADVANCED_FACE('PartBody',(#1699),#1688,.F.) ;
#1722=ADVANCED_FACE('PartBody',(#1713,#1717,#1721),#229,.T.) ;
#1734=ADVANCED_FACE('PartBody',(#1733),#1727,.F.) ;
#1790=ADVANCED_FACE('PartBody',(#1789),#1771,.T.) ;
#1809=ADVANCED_FACE('PartBody',(#1808),#1771,.T.) ;
#1828=ADVANCED_FACE('PartBody',(#1827),#1771,.T.) ;
#1847=ADVANCED_FACE('PartBody',(#1846),#1771,.T.) ;
#1878=ADVANCED_FACE('PartBody',(#1877),#1852,.T.) ;
#1890=ADVANCED_FACE('PartBody',(#1889),#1852,.T.) ;
#1921=ADVANCED_FACE('PartBody',(#1920),#1895,.F.) ;
#1938=ADVANCED_FACE('PartBody',(#1937),#1926,.F.) ;
#1969=ADVANCED_FACE('PartBody',(#1968),#1943,.T.) ;
#1981=ADVANCED_FACE('PartBody',(#1980),#1943,.T.) ;
#2012=ADVANCED_FACE('PartBody',(#2011),#1986,.F.) ;
#2029=ADVANCED_FACE('PartBody',(#2028),#2017,.F.) ;
#2060=ADVANCED_FACE('PartBody',(#2059),#2034,.T.) ;
#2072=ADVANCED_FACE('PartBody',(#2071),#2034,.T.) ;
#2103=ADVANCED_FACE('PartBody',(#2102),#2077,.F.) ;
#2120=ADVANCED_FACE('PartBody',(#2119),#2108,.F.) ;
#2151=ADVANCED_FACE('PartBody',(#2150),#2125,.T.) ;
#2163=ADVANCED_FACE('PartBody',(#2162),#2125,.T.) ;
#2194=ADVANCED_FACE('PartBody',(#2193),#2168,.F.) ;
#2211=ADVANCED_FACE('PartBody',(#2210),#2199,.F.) ;
#2251=ADVANCED_FACE('PartBody',(#2250),#2216,.F.) ;
#2291=ADVANCED_FACE('PartBody',(#2290),#2256,.T.) ;
#2322=ADVANCED_FACE('PartBody',(#2321),#2296,.F.) ;
#2353=ADVANCED_FACE('PartBody',(#2352),#2327,.T.) ;
#2384=ADVANCED_FACE('PartBody',(#2383),#2358,.F.) ;
#2415=ADVANCED_FACE('PartBody',(#2414),#2389,.T.) ;
#2446=ADVANCED_FACE('PartBody',(#2445),#2420,.T.) ;
#2477=ADVANCED_FACE('PartBody',(#2476),#2451,.F.) ;
#2508=ADVANCED_FACE('PartBody',(#2507),#2482,.F.) ;
#2539=ADVANCED_FACE('PartBody',(#2538),#2513,.F.) ;
#2561=ADVANCED_FACE('PartBody',(#2560),#2544,.T.) ;
#2592=ADVANCED_FACE('PartBody',(#2591),#2566,.T.) ;
#2623=ADVANCED_FACE('PartBody',(#2622),#2597,.F.) ;
#2668=ADVANCED_FACE('PartBody',(#2638,#2667),#2628,.T.) ;
#2729=ADVANCED_FACE('PartBody',(#2683,#2712,#2716,#2720,#2724,#2728),#2673,.F.) ;
#2746=ADVANCED_FACE('PartBody',(#2745),#2734,.T.) ;
#2763=ADVANCED_FACE('PartBody',(#2762),#2751,.T.) ;
#2775=ADVANCED_FACE('PartBody',(#2774),#2768,.F.) ;
#4=APPLICATION_PROTOCOL_DEFINITION('international standard','automotive_design',2001,#1) ;
#31=MANIFOLD_SOLID_BREP('PartBody',#40) ;
#1758=MANIFOLD_SOLID_BREP('PartBody',#1766) ;
#58=CIRCLE('generated circle',#57,2.) ;
#72=CIRCLE('generated circle',#71,2.) ;
#84=CIRCLE('generated circle',#83,2.) ;
#89=CIRCLE('generated circle',#88,2.) ;
#169=CIRCLE('generated circle',#168,4.) ;
#183=CIRCLE('generated circle',#182,4.) ;
#233=CIRCLE('generated circle',#232,2.5) ;
#242=CIRCLE('generated circle',#241,2.5) ;
#252=CIRCLE('generated circle',#251,2.5) ;
#261=CIRCLE('generated circle',#260,2.5) ;
#276=CIRCLE('generated circle',#275,2.5) ;
#302=CIRCLE('generated circle',#301,2.5) ;
#319=CIRCLE('generated circle',#318,2.5) ;
#345=CIRCLE('generated circle',#344,2.5) ;
#362=CIRCLE('generated circle',#361,2.5) ;
#371=CIRCLE('generated circle',#370,2.5) ;
#381=CIRCLE('generated circle',#380,2.5) ;
#390=CIRCLE('generated circle',#389,2.5) ;
#405=CIRCLE('generated circle',#404,4.5) ;
#414=CIRCLE('generated circle',#413,4.5) ;
#428=CIRCLE('generated circle',#427,4.5) ;
#437=CIRCLE('generated circle',#436,4.5) ;
#491=CIRCLE('generated circle',#490,2.5) ;
#517=CIRCLE('generated circle',#516,2.5) ;
#534=CIRCLE('generated circle',#533,2.5) ;
#560=CIRCLE('generated circle',#559,2.5) ;
#663=CIRCLE('generated circle',#662,4.5) ;
#672=CIRCLE('generated circle',#671,4.5) ;
#686=CIRCLE('generated circle',#685,4.5) ;
#695=CIRCLE('generated circle',#694,4.5) ;
#745=CIRCLE('generated circle',#744,4.) ;
#769=CIRCLE('generated circle',#768,4.) ;
#816=CIRCLE('generated circle',#815,2.) ;
#830=CIRCLE('generated circle',#829,2.) ;
#864=CIRCLE('generated circle',#863,2.) ;
#878=CIRCLE('generated circle',#877,2.) ;
#890=CIRCLE('generated circle',#889,2.) ;
#895=CIRCLE('generated circle',#894,2.) ;
#921=CIRCLE('generated circle',#920,2.) ;
#935=CIRCLE('generated circle',#934,2.) ;
#947=CIRCLE('generated circle',#946,2.) ;
#952=CIRCLE('generated circle',#951,2.) ;
#978=CIRCLE('generated circle',#977,2.) ;
#992=CIRCLE('generated circle',#991,2.) ;
#1004=CIRCLE('generated circle',#1003,2.) ;
#1009=CIRCLE('generated circle',#1008,2.) ;
#1026=CIRCLE('generated circle',#1025,4.) ;
#1033=CIRCLE('generated circle',#1032,4.) ;
#1057=CIRCLE('generated circle',#1056,4.) ;
#1071=CIRCLE('generated circle',#1070,4.) ;
#1095=CIRCLE('generated circle',#1094,2.) ;
#1143=CIRCLE('generated circle',#1142,2.) ;
#1221=CIRCLE('generated circle',#1220,4.5) ;
#1233=CIRCLE('generated circle',#1232,4.5) ;
#1250=CIRCLE('generated circle',#1249,0.5) ;
#1257=CIRCLE('generated circle',#1256,5.) ;
#1264=CIRCLE('generated circle',#1263,0.5) ;
#1281=CIRCLE('generated circle',#1280,5.) ;
#1312=CIRCLE('generated circle',#1311,4.5) ;
#1324=CIRCLE('generated circle',#1323,4.5) ;
#1356=CIRCLE('generated circle',#1355,5.) ;
#1365=CIRCLE('generated circle',#1364,5.) ;
#1400=CIRCLE('generated circle',#1399,0.5) ;
#1405=CIRCLE('generated circle',#1404,0.5) ;
#1448=CIRCLE('generated circle',#1447,4.5) ;
#1460=CIRCLE('generated circle',#1459,4.5) ;
#1477=CIRCLE('generated circle',#1476,1.) ;
#1484=CIRCLE('generated circle',#1483,5.5) ;
#1491=CIRCLE('generated circle',#1490,1.) ;
#1508=CIRCLE('generated circle',#1507,5.5) ;
#1539=CIRCLE('generated circle',#1538,4.5) ;
#1551=CIRCLE('generated circle',#1550,4.5) ;
#1568=CIRCLE('generated circle',#1567,1.) ;
#1575=CIRCLE('generated circle',#1574,5.5) ;
#1582=CIRCLE('generated circle',#1581,1.) ;
#1599=CIRCLE('generated circle',#1598,5.5) ;
#1630=CIRCLE('generated circle',#1629,1.) ;
#1668=CIRCLE('generated circle',#1667,1.) ;
#1775=CIRCLE('generated circle',#1774,2.25) ;
#1784=CIRCLE('generated circle',#1783,2.25) ;
#1794=CIRCLE('generated circle',#1793,2.25) ;
#1803=CIRCLE('generated circle',#1802,2.25) ;
#1813=CIRCLE('generated circle',#1812,2.25) ;
#1822=CIRCLE('generated circle',#1821,2.25) ;
#1832=CIRCLE('generated circle',#1831,2.25) ;
#1841=CIRCLE('generated circle',#1840,2.25) ;
#1870=CIRCLE('generated circle',#1869,2.25) ;
#1882=CIRCLE('generated circle',#1881,2.25) ;
#1899=CIRCLE('generated circle',#1898,0.2) ;
#1906=CIRCLE('generated circle',#1905,2.45) ;
#1913=CIRCLE('generated circle',#1912,0.2) ;
#1930=CIRCLE('generated circle',#1929,2.45) ;
#1961=CIRCLE('generated circle',#1960,2.25) ;
#1973=CIRCLE('generated circle',#1972,2.25) ;
#1990=CIRCLE('generated circle',#1989,0.2) ;
#1997=CIRCLE('generated circle',#1996,2.45) ;
#2004=CIRCLE('generated circle',#2003,0.2) ;
#2021=CIRCLE('generated circle',#2020,2.45) ;
#2052=CIRCLE('generated circle',#2051,2.25) ;
#2064=CIRCLE('generated circle',#2063,2.25) ;
#2081=CIRCLE('generated circle',#2080,0.2) ;
#2088=CIRCLE('generated circle',#2087,2.45) ;
#2095=CIRCLE('generated circle',#2094,0.2) ;
#2112=CIRCLE('generated circle',#2111,2.45) ;
#2143=CIRCLE('generated circle',#2142,2.25) ;
#2155=CIRCLE('generated circle',#2154,2.25) ;
#2172=CIRCLE('generated circle',#2171,0.2) ;
#2179=CIRCLE('generated circle',#2178,2.45) ;
#2186=CIRCLE('generated circle',#2185,0.2) ;
#2203=CIRCLE('generated circle',#2202,2.45) ;
#2229=CIRCLE('generated circle',#2228,2.) ;
#2243=CIRCLE('generated circle',#2242,2.) ;
#2260=CIRCLE('generated circle',#2259,2.) ;
#2276=CIRCLE('generated circle',#2275,2.) ;
#2331=CIRCLE('generated circle',#2330,2.) ;
#2338=CIRCLE('generated circle',#2337,2.) ;
#2393=CIRCLE('generated circle',#2392,2.) ;
#2407=CIRCLE('generated circle',#2406,2.) ;
#2464=CIRCLE('generated circle',#2463,2.) ;
#2469=CIRCLE('generated circle',#2468,2.) ;
#2548=CIRCLE('generated circle',#2547,2.) ;
#2553=CIRCLE('generated circle',#2552,2.) ;
#2610=CIRCLE('generated circle',#2609,2.) ;
#2615=CIRCLE('generated circle',#2614,2.) ;
#2642=CIRCLE('generated circle',#2641,2.) ;
#2701=CIRCLE('generated circle',#2700,2.) ;
#32=COLOUR_RGB('Colour',0.823529411765,0.823529411765,1.) ;
#45=CYLINDRICAL_SURFACE('generated cylinder',#44,2.) ;
#272=CYLINDRICAL_SURFACE('generated cylinder',#271,2.5) ;
#315=CYLINDRICAL_SURFACE('generated cylinder',#314,2.5) ;
#487=CYLINDRICAL_SURFACE('generated cylinder',#486,2.5) ;
#530=CYLINDRICAL_SURFACE('generated cylinder',#529,2.5) ;
#741=CYLINDRICAL_SURFACE('generated cylinder',#740,4.) ;
#765=CYLINDRICAL_SURFACE('generated cylinder',#764,4.) ;
#851=CYLINDRICAL_SURFACE('generated cylinder',#850,2.) ;
#908=CYLINDRICAL_SURFACE('generated cylinder',#907,2.) ;
#965=CYLINDRICAL_SURFACE('generated cylinder',#964,2.) ;
#1022=CYLINDRICAL_SURFACE('generated cylinder',#1021,4.) ;
#1053=CYLINDRICAL_SURFACE('generated cylinder',#1052,4.) ;
#1084=CYLINDRICAL_SURFACE('generated cylinder',#1083,2.) ;
#1139=CYLINDRICAL_SURFACE('generated cylinder',#1138,2.) ;
#1203=CYLINDRICAL_SURFACE('generated cylinder',#1202,4.5) ;
#1294=CYLINDRICAL_SURFACE('generated cylinder',#1293,4.5) ;
#1430=CYLINDRICAL_SURFACE('generated cylinder',#1429,4.5) ;
#1521=CYLINDRICAL_SURFACE('generated cylinder',#1520,4.5) ;
#1727=CYLINDRICAL_SURFACE('generated cylinder',#1726,1.) ;
#1852=CYLINDRICAL_SURFACE('generated cylinder',#1851,2.25) ;
#1943=CYLINDRICAL_SURFACE('generated cylinder',#1942,2.25) ;
#2034=CYLINDRICAL_SURFACE('generated cylinder',#2033,2.25) ;
#2125=CYLINDRICAL_SURFACE('generated cylinder',#2124,2.25) ;
#2216=CYLINDRICAL_SURFACE('generated cylinder',#2215,2.) ;
#2256=CYLINDRICAL_SURFACE('generated cylinder',#2255,2.) ;
#2327=CYLINDRICAL_SURFACE('generated cylinder',#2326,2.) ;
#2389=CYLINDRICAL_SURFACE('generated cylinder',#2388,2.) ;
#2451=CYLINDRICAL_SURFACE('generated cylinder',#2450,2.) ;
#2544=CYLINDRICAL_SURFACE('generated cylinder',#2543,2.) ;
#2597=CYLINDRICAL_SURFACE('generated cylinder',#2596,2.) ;
#2768=CYLINDRICAL_SURFACE('generated cylinder',#2767,2.) ;
#1246=TOROIDAL_SURFACE('homeo Torus',#1245,5.,0.5) ;
#1277=TOROIDAL_SURFACE('homeo Torus',#1276,5.,0.5) ;
#1396=TOROIDAL_SURFACE('homeo Torus',#1395,5.,0.5) ;
#1418=TOROIDAL_SURFACE('homeo Torus',#1417,5.,0.5) ;
#1473=TOROIDAL_SURFACE('homeo Torus',#1472,5.5,1.) ;
#1504=TOROIDAL_SURFACE('homeo Torus',#1503,5.5,1.) ;
#1564=TOROIDAL_SURFACE('homeo Torus',#1563,5.5,1.) ;
#1595=TOROIDAL_SURFACE('homeo Torus',#1594,5.5,1.) ;
#1895=TOROIDAL_SURFACE('homeo Torus',#1894,2.45,0.2) ;
#1926=TOROIDAL_SURFACE('homeo Torus',#1925,2.45,0.2) ;
#1986=TOROIDAL_SURFACE('homeo Torus',#1985,2.45,0.2) ;
#2017=TOROIDAL_SURFACE('homeo Torus',#2016,2.45,0.2) ;
#2077=TOROIDAL_SURFACE('homeo Torus',#2076,2.45,0.2) ;
#2108=TOROIDAL_SURFACE('homeo Torus',#2107,2.45,0.2) ;
#2168=TOROIDAL_SURFACE('homeo Torus',#2167,2.45,0.2) ;
#2199=TOROIDAL_SURFACE('homeo Torus',#2198,2.45,0.2) ;
#54=EDGE_CURVE('',#51,#53,#49,.F.) ;
#61=EDGE_CURVE('',#60,#51,#58,.F.) ;
#68=EDGE_CURVE('',#60,#67,#65,.F.) ;
#73=EDGE_CURVE('',#67,#53,#72,.F.) ;
#85=EDGE_CURVE('',#51,#60,#84,.F.) ;
#90=EDGE_CURVE('',#53,#67,#89,.F.) ;
#111=EDGE_CURVE('',#108,#110,#106,.T.) ;
#118=EDGE_CURVE('',#117,#110,#115,.F.) ;
#125=EDGE_CURVE('',#124,#117,#122,.T.) ;
#130=EDGE_CURVE('',#124,#108,#129,.F.) ;
#151=EDGE_CURVE('',#148,#150,#146,.T.) ;
#158=EDGE_CURVE('',#148,#157,#155,.T.) ;
#165=EDGE_CURVE('',#157,#164,#162,.T.) ;
#172=EDGE_CURVE('',#171,#164,#169,.F.) ;
#179=EDGE_CURVE('',#178,#171,#176,.T.) ;
#184=EDGE_CURVE('',#150,#178,#183,.F.) ;
#205=EDGE_CURVE('',#204,#148,#202,.T.) ;
#212=EDGE_CURVE('',#204,#211,#209,.F.) ;
#217=EDGE_CURVE('',#211,#157,#216,.T.) ;
#238=EDGE_CURVE('',#235,#237,#233,.T.) ;
#243=EDGE_CURVE('',#237,#235,#242,.T.) ;
#257=EDGE_CURVE('',#254,#256,#252,.T.) ;
#262=EDGE_CURVE('',#256,#254,#261,.T.) ;
#281=EDGE_CURVE('',#278,#280,#276,.T.) ;
#286=EDGE_CURVE('',#237,#280,#285,.T.) ;
#291=EDGE_CURVE('',#235,#278,#290,.T.) ;
#303=EDGE_CURVE('',#280,#278,#302,.T.) ;
#324=EDGE_CURVE('',#321,#323,#319,.T.) ;
#329=EDGE_CURVE('',#256,#323,#328,.T.) ;
#334=EDGE_CURVE('',#254,#321,#333,.T.) ;
#346=EDGE_CURVE('',#323,#321,#345,.T.) ;
#367=EDGE_CURVE('',#364,#366,#362,.T.) ;
#372=EDGE_CURVE('',#366,#364,#371,.T.) ;
#386=EDGE_CURVE('',#383,#385,#381,.T.) ;
#391=EDGE_CURVE('',#385,#383,#390,.T.) ;
#410=EDGE_CURVE('',#407,#409,#405,.T.) ;
#415=EDGE_CURVE('',#409,#407,#414,.T.) ;
#433=EDGE_CURVE('',#430,#432,#428,.T.) ;
#438=EDGE_CURVE('',#432,#430,#437,.T.) ;
#456=EDGE_CURVE('',#453,#455,#451,.F.) ;
#463=EDGE_CURVE('',#455,#462,#460,.F.) ;
#470=EDGE_CURVE('',#462,#469,#467,.F.) ;
#475=EDGE_CURVE('',#469,#453,#474,.F.) ;
#496=EDGE_CURVE('',#493,#495,#491,.T.) ;
#501=EDGE_CURVE('',#366,#495,#500,.T.) ;
#506=EDGE_CURVE('',#364,#493,#505,.T.) ;
#518=EDGE_CURVE('',#495,#493,#517,.T.) ;
#539=EDGE_CURVE('',#536,#538,#534,.T.) ;
#544=EDGE_CURVE('',#385,#538,#543,.T.) ;
#549=EDGE_CURVE('',#383,#536,#548,.T.) ;
#561=EDGE_CURVE('',#538,#536,#560,.T.) ;
#577=EDGE_CURVE('',#574,#576,#572,.F.) ;
#582=EDGE_CURVE('',#455,#576,#581,.T.) ;
#587=EDGE_CURVE('',#453,#574,#586,.T.) ;
#606=EDGE_CURVE('',#576,#605,#603,.F.) ;
#611=EDGE_CURVE('',#462,#605,#610,.T.) ;
#630=EDGE_CURVE('',#605,#629,#627,.F.) ;
#635=EDGE_CURVE('',#469,#629,#634,.T.) ;
#652=EDGE_CURVE('',#629,#574,#651,.F.) ;
#668=EDGE_CURVE('',#665,#667,#663,.T.) ;
#673=EDGE_CURVE('',#667,#665,#672,.T.) ;
#691=EDGE_CURVE('',#688,#690,#686,.T.) ;
#696=EDGE_CURVE('',#690,#688,#695,.T.) ;
#717=EDGE_CURVE('',#171,#716,#714,.T.) ;
#724=EDGE_CURVE('',#716,#723,#721,.T.) ;
#729=EDGE_CURVE('',#723,#178,#728,.T.) ;
#748=EDGE_CURVE('',#747,#716,#745,.F.) ;
#753=EDGE_CURVE('',#164,#747,#752,.T.) ;
#772=EDGE_CURVE('',#723,#771,#769,.T.) ;
#777=EDGE_CURVE('',#771,#150,#776,.T.) ;
#798=EDGE_CURVE('',#795,#797,#793,.F.) ;
#805=EDGE_CURVE('',#797,#804,#802,.F.) ;
#812=EDGE_CURVE('',#804,#811,#809,.F.) ;
#819=EDGE_CURVE('',#818,#811,#816,.F.) ;
#826=EDGE_CURVE('',#818,#825,#823,.F.) ;
#831=EDGE_CURVE('',#795,#825,#830,.F.) ;
#860=EDGE_CURVE('',#857,#859,#855,.F.) ;
#867=EDGE_CURVE('',#866,#857,#864,.F.) ;
#874=EDGE_CURVE('',#866,#873,#871,.F.) ;
#879=EDGE_CURVE('',#873,#859,#878,.F.) ;
#891=EDGE_CURVE('',#857,#866,#890,.F.) ;
#896=EDGE_CURVE('',#859,#873,#895,.F.) ;
#917=EDGE_CURVE('',#914,#916,#912,.F.) ;
#924=EDGE_CURVE('',#923,#914,#921,.F.) ;
#931=EDGE_CURVE('',#923,#930,#928,.F.) ;
#936=EDGE_CURVE('',#930,#916,#935,.F.) ;
#948=EDGE_CURVE('',#914,#923,#947,.F.) ;
#953=EDGE_CURVE('',#916,#930,#952,.F.) ;
#974=EDGE_CURVE('',#971,#973,#969,.F.) ;
#981=EDGE_CURVE('',#980,#971,#978,.F.) ;
#988=EDGE_CURVE('',#980,#987,#985,.F.) ;
#993=EDGE_CURVE('',#987,#973,#992,.F.) ;
#1005=EDGE_CURVE('',#971,#980,#1004,.F.) ;
#1010=EDGE_CURVE('',#973,#987,#1009,.F.) ;
#1029=EDGE_CURVE('',#1028,#110,#1026,.F.) ;
#1036=EDGE_CURVE('',#108,#1035,#1033,.T.) ;
#1041=EDGE_CURVE('',#1035,#1028,#1040,.T.) ;
#1060=EDGE_CURVE('',#117,#1059,#1057,.F.) ;
#1067=EDGE_CURVE('',#1066,#1059,#1064,.T.) ;
#1072=EDGE_CURVE('',#1066,#124,#1071,.T.) ;
#1091=EDGE_CURVE('',#1090,#811,#1088,.T.) ;
#1098=EDGE_CURVE('',#1090,#1097,#1095,.T.) ;
#1103=EDGE_CURVE('',#1097,#818,#1102,.T.) ;
#1122=EDGE_CURVE('',#1121,#825,#1119,.T.) ;
#1127=EDGE_CURVE('',#1097,#1121,#1126,.F.) ;
#1146=EDGE_CURVE('',#1121,#1145,#1143,.T.) ;
#1151=EDGE_CURVE('',#1145,#795,#1150,.T.) ;
#1168=EDGE_CURVE('',#211,#1066,#1167,.F.) ;
#1173=EDGE_CURVE('',#1035,#204,#1172,.F.) ;
#1210=EDGE_CURVE('',#1209,#688,#1207,.T.) ;
#1217=EDGE_CURVE('',#1216,#690,#1214,.T.) ;
#1222=EDGE_CURVE('',#1209,#1216,#1221,.F.) ;
#1234=EDGE_CURVE('',#1216,#1209,#1233,.F.) ;
#1253=EDGE_CURVE('',#1216,#1252,#1250,.T.) ;
#1260=EDGE_CURVE('',#1259,#1252,#1257,.F.) ;
#1265=EDGE_CURVE('',#1209,#1259,#1264,.T.) ;
#1282=EDGE_CURVE('',#1252,#1259,#1281,.F.) ;
#1301=EDGE_CURVE('',#1300,#665,#1298,.T.) ;
#1308=EDGE_CURVE('',#1307,#667,#1305,.T.) ;
#1313=EDGE_CURVE('',#1300,#1307,#1312,.F.) ;
#1325=EDGE_CURVE('',#1307,#1300,#1324,.F.) ;
#1337=EDGE_CURVE('',#1028,#1145,#1336,.F.) ;
#1342=EDGE_CURVE('',#1090,#1059,#1341,.F.) ;
#1361=EDGE_CURVE('',#1358,#1360,#1356,.F.) ;
#1366=EDGE_CURVE('',#1360,#1358,#1365,.F.) ;
#1401=EDGE_CURVE('',#1307,#1358,#1400,.T.) ;
#1406=EDGE_CURVE('',#1300,#1360,#1405,.T.) ;
#1437=EDGE_CURVE('',#1436,#430,#1434,.T.) ;
#1444=EDGE_CURVE('',#1443,#432,#1441,.T.) ;
#1449=EDGE_CURVE('',#1436,#1443,#1448,.F.) ;
#1461=EDGE_CURVE('',#1443,#1436,#1460,.F.) ;
#1480=EDGE_CURVE('',#1443,#1479,#1477,.T.) ;
#1487=EDGE_CURVE('',#1486,#1479,#1484,.F.) ;
#1492=EDGE_CURVE('',#1436,#1486,#1491,.T.) ;
#1509=EDGE_CURVE('',#1479,#1486,#1508,.F.) ;
#1528=EDGE_CURVE('',#1527,#407,#1525,.T.) ;
#1535=EDGE_CURVE('',#1534,#409,#1532,.T.) ;
#1540=EDGE_CURVE('',#1527,#1534,#1539,.F.) ;
#1552=EDGE_CURVE('',#1534,#1527,#1551,.F.) ;
#1571=EDGE_CURVE('',#1527,#1570,#1568,.T.) ;
#1578=EDGE_CURVE('',#1577,#1570,#1575,.F.) ;
#1583=EDGE_CURVE('',#1534,#1577,#1582,.T.) ;
#1600=EDGE_CURVE('',#1570,#1577,#1599,.F.) ;
#1619=EDGE_CURVE('',#1618,#797,#1616,.T.) ;
#1626=EDGE_CURVE('',#1625,#771,#1623,.T.) ;
#1631=EDGE_CURVE('',#1625,#1618,#1630,.T.) ;
#1657=EDGE_CURVE('',#1656,#747,#1654,.T.) ;
#1664=EDGE_CURVE('',#1663,#804,#1661,.T.) ;
#1669=EDGE_CURVE('',#1663,#1656,#1668,.T.) ;
#1693=EDGE_CURVE('',#1618,#1663,#1692,.F.) ;
#1705=EDGE_CURVE('',#1625,#1656,#1704,.F.) ;
#1780=EDGE_CURVE('',#1777,#1779,#1775,.T.) ;
#1785=EDGE_CURVE('',#1779,#1777,#1784,.T.) ;
#1799=EDGE_CURVE('',#1796,#1798,#1794,.T.) ;
#1804=EDGE_CURVE('',#1798,#1796,#1803,.T.) ;
#1818=EDGE_CURVE('',#1815,#1817,#1813,.T.) ;
#1823=EDGE_CURVE('',#1817,#1815,#1822,.T.) ;
#1837=EDGE_CURVE('',#1834,#1836,#1832,.T.) ;
#1842=EDGE_CURVE('',#1836,#1834,#1841,.T.) ;
#1859=EDGE_CURVE('',#1858,#1798,#1856,.T.) ;
#1866=EDGE_CURVE('',#1865,#1796,#1863,.T.) ;
#1871=EDGE_CURVE('',#1858,#1865,#1870,.F.) ;
#1883=EDGE_CURVE('',#1865,#1858,#1882,.F.) ;
#1902=EDGE_CURVE('',#1858,#1901,#1899,.F.) ;
#1909=EDGE_CURVE('',#1908,#1901,#1906,.T.) ;
#1914=EDGE_CURVE('',#1865,#1908,#1913,.F.) ;
#1931=EDGE_CURVE('',#1901,#1908,#1930,.T.) ;
#1950=EDGE_CURVE('',#1949,#1836,#1947,.T.) ;
#1957=EDGE_CURVE('',#1956,#1834,#1954,.T.) ;
#1962=EDGE_CURVE('',#1949,#1956,#1961,.F.) ;
#1974=EDGE_CURVE('',#1956,#1949,#1973,.F.) ;
#1993=EDGE_CURVE('',#1956,#1992,#1990,.F.) ;
#2000=EDGE_CURVE('',#1999,#1992,#1997,.T.) ;
#2005=EDGE_CURVE('',#1949,#1999,#2004,.F.) ;
#2022=EDGE_CURVE('',#1992,#1999,#2021,.T.) ;
#2041=EDGE_CURVE('',#2040,#1817,#2038,.T.) ;
#2048=EDGE_CURVE('',#2047,#1815,#2045,.T.) ;
#2053=EDGE_CURVE('',#2040,#2047,#2052,.F.) ;
#2065=EDGE_CURVE('',#2047,#2040,#2064,.F.) ;
#2084=EDGE_CURVE('',#2040,#2083,#2081,.F.) ;
#2091=EDGE_CURVE('',#2090,#2083,#2088,.T.) ;
#2096=EDGE_CURVE('',#2047,#2090,#2095,.F.) ;
#2113=EDGE_CURVE('',#2083,#2090,#2112,.T.) ;
#2132=EDGE_CURVE('',#2131,#1779,#2129,.T.) ;
#2139=EDGE_CURVE('',#2138,#1777,#2136,.T.) ;
#2144=EDGE_CURVE('',#2131,#2138,#2143,.F.) ;
#2156=EDGE_CURVE('',#2138,#2131,#2155,.F.) ;
#2175=EDGE_CURVE('',#2131,#2174,#2172,.F.) ;
#2182=EDGE_CURVE('',#2181,#2174,#2179,.T.) ;
#2187=EDGE_CURVE('',#2138,#2181,#2186,.F.) ;
#2204=EDGE_CURVE('',#2174,#2181,#2203,.T.) ;
#2225=EDGE_CURVE('',#2222,#2224,#2220,.F.) ;
#2232=EDGE_CURVE('',#2231,#2222,#2229,.F.) ;
#2239=EDGE_CURVE('',#2231,#2238,#2236,.F.) ;
#2244=EDGE_CURVE('',#2224,#2238,#2243,.T.) ;
#2265=EDGE_CURVE('',#2262,#2264,#2260,.F.) ;
#2272=EDGE_CURVE('',#2271,#2264,#2269,.T.) ;
#2279=EDGE_CURVE('',#2271,#2278,#2276,.T.) ;
#2284=EDGE_CURVE('',#2278,#2262,#2283,.T.) ;
#2305=EDGE_CURVE('',#2302,#2304,#2300,.T.) ;
#2310=EDGE_CURVE('',#2262,#2304,#2309,.F.) ;
#2315=EDGE_CURVE('',#2278,#2302,#2314,.F.) ;
#2334=EDGE_CURVE('',#2333,#2304,#2331,.F.) ;
#2341=EDGE_CURVE('',#2302,#2340,#2338,.T.) ;
#2346=EDGE_CURVE('',#2340,#2333,#2345,.T.) ;
#2367=EDGE_CURVE('',#2364,#2366,#2362,.T.) ;
#2372=EDGE_CURVE('',#2364,#2271,#2371,.F.) ;
#2377=EDGE_CURVE('',#2366,#2264,#2376,.F.) ;
#2396=EDGE_CURVE('',#2366,#2395,#2393,.F.) ;
#2403=EDGE_CURVE('',#2402,#2395,#2400,.T.) ;
#2408=EDGE_CURVE('',#2402,#2364,#2407,.T.) ;
#2427=EDGE_CURVE('',#2426,#2222,#2424,.F.) ;
#2434=EDGE_CURVE('',#2433,#2224,#2431,.F.) ;
#2439=EDGE_CURVE('',#2426,#2433,#2438,.F.) ;
#2460=EDGE_CURVE('',#2457,#2459,#2455,.F.) ;
#2465=EDGE_CURVE('',#2426,#2457,#2464,.F.) ;
#2470=EDGE_CURVE('',#2459,#2433,#2469,.T.) ;
#2491=EDGE_CURVE('',#2488,#2490,#2486,.T.) ;
#2496=EDGE_CURVE('',#2333,#2490,#2495,.F.) ;
#2501=EDGE_CURVE('',#2340,#2488,#2500,.F.) ;
#2522=EDGE_CURVE('',#2519,#2521,#2517,.T.) ;
#2527=EDGE_CURVE('',#2519,#2402,#2526,.F.) ;
#2532=EDGE_CURVE('',#2521,#2395,#2531,.F.) ;
#2549=EDGE_CURVE('',#2521,#2490,#2548,.F.) ;
#2554=EDGE_CURVE('',#2488,#2519,#2553,.T.) ;
#2573=EDGE_CURVE('',#2572,#2457,#2570,.F.) ;
#2580=EDGE_CURVE('',#2579,#2459,#2577,.F.) ;
#2585=EDGE_CURVE('',#2572,#2579,#2584,.F.) ;
#2606=EDGE_CURVE('',#2603,#2605,#2601,.F.) ;
#2611=EDGE_CURVE('',#2572,#2603,#2610,.F.) ;
#2616=EDGE_CURVE('',#2605,#2579,#2615,.T.) ;
#2647=EDGE_CURVE('',#2644,#2646,#2642,.F.) ;
#2652=EDGE_CURVE('',#2231,#2646,#2651,.F.) ;
#2657=EDGE_CURVE('',#2644,#2603,#2656,.F.) ;
#2690=EDGE_CURVE('',#2689,#2605,#2687,.F.) ;
#2697=EDGE_CURVE('',#2238,#2696,#2694,.F.) ;
#2702=EDGE_CURVE('',#2696,#2689,#2701,.T.) ;
#2739=EDGE_CURVE('',#2646,#2696,#2738,.F.) ;
#2756=EDGE_CURVE('',#2644,#2689,#2755,.F.) ;
#74=EDGE_LOOP('',(#75,#76,#77,#78)) ;
#91=EDGE_LOOP('',(#92,#93,#94,#95)) ;
#131=EDGE_LOOP('',(#132,#133,#134,#135)) ;
#185=EDGE_LOOP('',(#186,#187,#188,#189,#190,#191)) ;
#218=EDGE_LOOP('',(#219,#220,#221,#222)) ;
#244=EDGE_LOOP('',(#245,#246)) ;
#263=EDGE_LOOP('',(#264,#265)) ;
#292=EDGE_LOOP('',(#293,#294,#295,#296)) ;
#304=EDGE_LOOP('',(#305,#306,#307,#308)) ;
#335=EDGE_LOOP('',(#336,#337,#338,#339)) ;
#347=EDGE_LOOP('',(#348,#349,#350,#351)) ;
#373=EDGE_LOOP('',(#374,#375)) ;
#392=EDGE_LOOP('',(#393,#394)) ;
#416=EDGE_LOOP('',(#417,#418)) ;
#420=EDGE_LOOP('',(#421,#422)) ;
#439=EDGE_LOOP('',(#440,#441)) ;
#443=EDGE_LOOP('',(#444,#445)) ;
#476=EDGE_LOOP('',(#477,#478,#479,#480)) ;
#507=EDGE_LOOP('',(#508,#509,#510,#511)) ;
#519=EDGE_LOOP('',(#520,#521,#522,#523)) ;
#550=EDGE_LOOP('',(#551,#552,#553,#554)) ;
#562=EDGE_LOOP('',(#563,#564,#565,#566)) ;
#588=EDGE_LOOP('',(#589,#590,#591,#592)) ;
#612=EDGE_LOOP('',(#613,#614,#615,#616)) ;
#636=EDGE_LOOP('',(#637,#638,#639,#640)) ;
#653=EDGE_LOOP('',(#654,#655,#656,#657)) ;
#674=EDGE_LOOP('',(#675,#676)) ;
#678=EDGE_LOOP('',(#679,#680)) ;
#697=EDGE_LOOP('',(#698,#699)) ;
#701=EDGE_LOOP('',(#702,#703)) ;
#730=EDGE_LOOP('',(#731,#732,#733,#734)) ;
#754=EDGE_LOOP('',(#755,#756,#757,#758)) ;
#778=EDGE_LOOP('',(#779,#780,#781,#782)) ;
#832=EDGE_LOOP('',(#833,#834,#835,#836,#837,#838)) ;
#840=EDGE_LOOP('',(#841,#842,#843,#844)) ;
#880=EDGE_LOOP('',(#881,#882,#883,#884)) ;
#897=EDGE_LOOP('',(#898,#899,#900,#901)) ;
#937=EDGE_LOOP('',(#938,#939,#940,#941)) ;
#954=EDGE_LOOP('',(#955,#956,#957,#958)) ;
#994=EDGE_LOOP('',(#995,#996,#997,#998)) ;
#1011=EDGE_LOOP('',(#1012,#1013,#1014,#1015)) ;
#1042=EDGE_LOOP('',(#1043,#1044,#1045,#1046)) ;
#1073=EDGE_LOOP('',(#1074,#1075,#1076,#1077)) ;
#1104=EDGE_LOOP('',(#1105,#1106,#1107,#1108)) ;
#1128=EDGE_LOOP('',(#1129,#1130,#1131,#1132)) ;
#1152=EDGE_LOOP('',(#1153,#1154,#1155,#1156)) ;
#1174=EDGE_LOOP('',(#1175,#1176,#1177,#1178,#1179,#1180)) ;
#1182=EDGE_LOOP('',(#1183,#1184)) ;
#1186=EDGE_LOOP('',(#1187,#1188)) ;
#1190=EDGE_LOOP('',(#1191,#1192)) ;
#1194=EDGE_LOOP('',(#1195,#1196)) ;
#1223=EDGE_LOOP('',(#1224,#1225,#1226,#1227)) ;
#1235=EDGE_LOOP('',(#1236,#1237,#1238,#1239)) ;
#1266=EDGE_LOOP('',(#1267,#1268,#1269,#1270)) ;
#1283=EDGE_LOOP('',(#1284,#1285,#1286,#1287)) ;
#1314=EDGE_LOOP('',(#1315,#1316,#1317,#1318)) ;
#1326=EDGE_LOOP('',(#1327,#1328,#1329,#1330)) ;
#1343=EDGE_LOOP('',(#1344,#1345,#1346,#1347,#1348,#1349,#1350,#1351)) ;
#1367=EDGE_LOOP('',(#1368,#1369)) ;
#1371=EDGE_LOOP('',(#1372,#1373)) ;
#1375=EDGE_LOOP('',(#1376,#1377)) ;
#1379=EDGE_LOOP('',(#1380,#1381)) ;
#1383=EDGE_LOOP('',(#1384,#1385)) ;
#1387=EDGE_LOOP('',(#1388,#1389)) ;
#1407=EDGE_LOOP('',(#1408,#1409,#1410,#1411)) ;
#1419=EDGE_LOOP('',(#1420,#1421,#1422,#1423)) ;
#1450=EDGE_LOOP('',(#1451,#1452,#1453,#1454)) ;
#1462=EDGE_LOOP('',(#1463,#1464,#1465,#1466)) ;
#1493=EDGE_LOOP('',(#1494,#1495,#1496,#1497)) ;
#1510=EDGE_LOOP('',(#1511,#1512,#1513,#1514)) ;
#1541=EDGE_LOOP('',(#1542,#1543,#1544,#1545)) ;
#1553=EDGE_LOOP('',(#1554,#1555,#1556,#1557)) ;
#1584=EDGE_LOOP('',(#1585,#1586,#1587,#1588)) ;
#1601=EDGE_LOOP('',(#1602,#1603,#1604,#1605)) ;
#1632=EDGE_LOOP('',(#1633,#1634,#1635,#1636,#1637,#1638,#1639,#1640,#1641,#1642,#1643)) ;
#1670=EDGE_LOOP('',(#1671,#1672,#1673,#1674,#1675,#1676,#1677,#1678,#1679,#1680,#1681)) ;
#1694=EDGE_LOOP('',(#1695,#1696,#1697,#1698)) ;
#1706=EDGE_LOOP('',(#1707,#1708,#1709,#1710,#1711,#1712)) ;
#1714=EDGE_LOOP('',(#1715,#1716)) ;
#1718=EDGE_LOOP('',(#1719,#1720)) ;
#1728=EDGE_LOOP('',(#1729,#1730,#1731,#1732)) ;
#1786=EDGE_LOOP('',(#1787,#1788)) ;
#1805=EDGE_LOOP('',(#1806,#1807)) ;
#1824=EDGE_LOOP('',(#1825,#1826)) ;
#1843=EDGE_LOOP('',(#1844,#1845)) ;
#1872=EDGE_LOOP('',(#1873,#1874,#1875,#1876)) ;
#1884=EDGE_LOOP('',(#1885,#1886,#1887,#1888)) ;
#1915=EDGE_LOOP('',(#1916,#1917,#1918,#1919)) ;
#1932=EDGE_LOOP('',(#1933,#1934,#1935,#1936)) ;
#1963=EDGE_LOOP('',(#1964,#1965,#1966,#1967)) ;
#1975=EDGE_LOOP('',(#1976,#1977,#1978,#1979)) ;
#2006=EDGE_LOOP('',(#2007,#2008,#2009,#2010)) ;
#2023=EDGE_LOOP('',(#2024,#2025,#2026,#2027)) ;
#2054=EDGE_LOOP('',(#2055,#2056,#2057,#2058)) ;
#2066=EDGE_LOOP('',(#2067,#2068,#2069,#2070)) ;
#2097=EDGE_LOOP('',(#2098,#2099,#2100,#2101)) ;
#2114=EDGE_LOOP('',(#2115,#2116,#2117,#2118)) ;
#2145=EDGE_LOOP('',(#2146,#2147,#2148,#2149)) ;
#2157=EDGE_LOOP('',(#2158,#2159,#2160,#2161)) ;
#2188=EDGE_LOOP('',(#2189,#2190,#2191,#2192)) ;
#2205=EDGE_LOOP('',(#2206,#2207,#2208,#2209)) ;
#2245=EDGE_LOOP('',(#2246,#2247,#2248,#2249)) ;
#2285=EDGE_LOOP('',(#2286,#2287,#2288,#2289)) ;
#2316=EDGE_LOOP('',(#2317,#2318,#2319,#2320)) ;
#2347=EDGE_LOOP('',(#2348,#2349,#2350,#2351)) ;
#2378=EDGE_LOOP('',(#2379,#2380,#2381,#2382)) ;
#2409=EDGE_LOOP('',(#2410,#2411,#2412,#2413)) ;
#2440=EDGE_LOOP('',(#2441,#2442,#2443,#2444)) ;
#2471=EDGE_LOOP('',(#2472,#2473,#2474,#2475)) ;
#2502=EDGE_LOOP('',(#2503,#2504,#2505,#2506)) ;
#2533=EDGE_LOOP('',(#2534,#2535,#2536,#2537)) ;
#2555=EDGE_LOOP('',(#2556,#2557,#2558,#2559)) ;
#2586=EDGE_LOOP('',(#2587,#2588,#2589,#2590)) ;
#2617=EDGE_LOOP('',(#2618,#2619,#2620,#2621)) ;
#2629=EDGE_LOOP('',(#2630,#2631,#2632,#2633,#2634,#2635,#2636,#2637)) ;
#2658=EDGE_LOOP('',(#2659,#2660,#2661,#2662,#2663,#2664,#2665,#2666)) ;
#2674=EDGE_LOOP('',(#2675,#2676,#2677,#2678,#2679,#2680,#2681,#2682)) ;
#2703=EDGE_LOOP('',(#2704,#2705,#2706,#2707,#2708,#2709,#2710,#2711)) ;
#2713=EDGE_LOOP('',(#2714,#2715)) ;
#2717=EDGE_LOOP('',(#2718,#2719)) ;
#2721=EDGE_LOOP('',(#2722,#2723)) ;
#2725=EDGE_LOOP('',(#2726,#2727)) ;
#2740=EDGE_LOOP('',(#2741,#2742,#2743,#2744)) ;
#2757=EDGE_LOOP('',(#2758,#2759,#2760,#2761)) ;
#2769=EDGE_LOOP('',(#2770,#2771,#2772,#2773)) ;
#79=FACE_OUTER_BOUND('',#74,.T.) ;
#96=FACE_OUTER_BOUND('',#91,.T.) ;
#136=FACE_OUTER_BOUND('',#131,.T.) ;
#192=FACE_OUTER_BOUND('',#185,.T.) ;
#223=FACE_OUTER_BOUND('',#218,.T.) ;
#247=FACE_OUTER_BOUND('',#244,.T.) ;
#266=FACE_OUTER_BOUND('',#263,.T.) ;
#297=FACE_OUTER_BOUND('',#292,.T.) ;
#309=FACE_OUTER_BOUND('',#304,.T.) ;
#340=FACE_OUTER_BOUND('',#335,.T.) ;
#352=FACE_OUTER_BOUND('',#347,.T.) ;
#376=FACE_OUTER_BOUND('',#373,.T.) ;
#395=FACE_OUTER_BOUND('',#392,.T.) ;
#419=FACE_OUTER_BOUND('',#416,.T.) ;
#442=FACE_OUTER_BOUND('',#439,.T.) ;
#481=FACE_OUTER_BOUND('',#476,.T.) ;
#512=FACE_OUTER_BOUND('',#507,.T.) ;
#524=FACE_OUTER_BOUND('',#519,.T.) ;
#555=FACE_OUTER_BOUND('',#550,.T.) ;
#567=FACE_OUTER_BOUND('',#562,.T.) ;
#593=FACE_OUTER_BOUND('',#588,.T.) ;
#617=FACE_OUTER_BOUND('',#612,.T.) ;
#641=FACE_OUTER_BOUND('',#636,.T.) ;
#658=FACE_OUTER_BOUND('',#653,.T.) ;
#677=FACE_OUTER_BOUND('',#674,.T.) ;
#700=FACE_OUTER_BOUND('',#697,.T.) ;
#735=FACE_OUTER_BOUND('',#730,.T.) ;
#759=FACE_OUTER_BOUND('',#754,.T.) ;
#783=FACE_OUTER_BOUND('',#778,.T.) ;
#839=FACE_OUTER_BOUND('',#832,.T.) ;
#885=FACE_OUTER_BOUND('',#880,.T.) ;
#902=FACE_OUTER_BOUND('',#897,.T.) ;
#942=FACE_OUTER_BOUND('',#937,.T.) ;
#959=FACE_OUTER_BOUND('',#954,.T.) ;
#999=FACE_OUTER_BOUND('',#994,.T.) ;
#1016=FACE_OUTER_BOUND('',#1011,.T.) ;
#1047=FACE_OUTER_BOUND('',#1042,.T.) ;
#1078=FACE_OUTER_BOUND('',#1073,.T.) ;
#1109=FACE_OUTER_BOUND('',#1104,.T.) ;
#1133=FACE_OUTER_BOUND('',#1128,.T.) ;
#1157=FACE_OUTER_BOUND('',#1152,.T.) ;
#1181=FACE_OUTER_BOUND('',#1174,.T.) ;
#1228=FACE_OUTER_BOUND('',#1223,.T.) ;
#1240=FACE_OUTER_BOUND('',#1235,.T.) ;
#1271=FACE_OUTER_BOUND('',#1266,.T.) ;
#1288=FACE_OUTER_BOUND('',#1283,.T.) ;
#1319=FACE_OUTER_BOUND('',#1314,.T.) ;
#1331=FACE_OUTER_BOUND('',#1326,.T.) ;
#1352=FACE_OUTER_BOUND('',#1343,.T.) ;
#1412=FACE_OUTER_BOUND('',#1407,.T.) ;
#1424=FACE_OUTER_BOUND('',#1419,.T.) ;
#1455=FACE_OUTER_BOUND('',#1450,.T.) ;
#1467=FACE_OUTER_BOUND('',#1462,.T.) ;
#1498=FACE_OUTER_BOUND('',#1493,.T.) ;
#1515=FACE_OUTER_BOUND('',#1510,.T.) ;
#1546=FACE_OUTER_BOUND('',#1541,.T.) ;
#1558=FACE_OUTER_BOUND('',#1553,.T.) ;
#1589=FACE_OUTER_BOUND('',#1584,.T.) ;
#1606=FACE_OUTER_BOUND('',#1601,.T.) ;
#1644=FACE_OUTER_BOUND('',#1632,.T.) ;
#1682=FACE_OUTER_BOUND('',#1670,.T.) ;
#1699=FACE_OUTER_BOUND('',#1694,.T.) ;
#1713=FACE_OUTER_BOUND('',#1706,.T.) ;
#1733=FACE_OUTER_BOUND('',#1728,.T.) ;
#1789=FACE_OUTER_BOUND('',#1786,.T.) ;
#1808=FACE_OUTER_BOUND('',#1805,.T.) ;
#1827=FACE_OUTER_BOUND('',#1824,.T.) ;
#1846=FACE_OUTER_BOUND('',#1843,.T.) ;
#1877=FACE_OUTER_BOUND('',#1872,.T.) ;
#1889=FACE_OUTER_BOUND('',#1884,.T.) ;
#1920=FACE_OUTER_BOUND('',#1915,.T.) ;
#1937=FACE_OUTER_BOUND('',#1932,.T.) ;
#1968=FACE_OUTER_BOUND('',#1963,.T.) ;
#1980=FACE_OUTER_BOUND('',#1975,.T.) ;
#2011=FACE_OUTER_BOUND('',#2006,.T.) ;
#2028=FACE_OUTER_BOUND('',#2023,.T.) ;
#2059=FACE_OUTER_BOUND('',#2054,.T.) ;
#2071=FACE_OUTER_BOUND('',#2066,.T.) ;
#2102=FACE_OUTER_BOUND('',#2097,.T.) ;
#2119=FACE_OUTER_BOUND('',#2114,.T.) ;
#2150=FACE_OUTER_BOUND('',#2145,.T.) ;
#2162=FACE_OUTER_BOUND('',#2157,.T.) ;
#2193=FACE_OUTER_BOUND('',#2188,.T.) ;
#2210=FACE_OUTER_BOUND('',#2205,.T.) ;
#2250=FACE_OUTER_BOUND('',#2245,.T.) ;
#2290=FACE_OUTER_BOUND('',#2285,.T.) ;
#2321=FACE_OUTER_BOUND('',#2316,.T.) ;
#2352=FACE_OUTER_BOUND('',#2347,.T.) ;
#2383=FACE_OUTER_BOUND('',#2378,.T.) ;
#2414=FACE_OUTER_BOUND('',#2409,.T.) ;
#2445=FACE_OUTER_BOUND('',#2440,.T.) ;
#2476=FACE_OUTER_BOUND('',#2471,.T.) ;
#2507=FACE_OUTER_BOUND('',#2502,.T.) ;
#2538=FACE_OUTER_BOUND('',#2533,.T.) ;
#2560=FACE_OUTER_BOUND('',#2555,.T.) ;
#2591=FACE_OUTER_BOUND('',#2586,.T.) ;
#2622=FACE_OUTER_BOUND('',#2617,.T.) ;
#2638=FACE_OUTER_BOUND('',#2629,.T.) ;
#2683=FACE_OUTER_BOUND('',#2674,.T.) ;
#2745=FACE_OUTER_BOUND('',#2740,.T.) ;
#2762=FACE_OUTER_BOUND('',#2757,.T.) ;
#2774=FACE_OUTER_BOUND('',#2769,.T.) ;
#49=LINE('Line',#46,#48) ;
#65=LINE('Line',#62,#64) ;
#106=LINE('Line',#103,#105) ;
#115=LINE('Line',#112,#114) ;
#122=LINE('Line',#119,#121) ;
#129=LINE('Line',#126,#128) ;
#146=LINE('Line',#143,#145) ;
#155=LINE('Line',#152,#154) ;
#162=LINE('Line',#159,#161) ;
#176=LINE('Line',#173,#175) ;
#202=LINE('Line',#199,#201) ;
#209=LINE('Line',#206,#208) ;
#216=LINE('Line',#213,#215) ;
#285=LINE('Line',#282,#284) ;
#290=LINE('Line',#287,#289) ;
#328=LINE('Line',#325,#327) ;
#333=LINE('Line',#330,#332) ;
#451=LINE('Line',#448,#450) ;
#460=LINE('Line',#457,#459) ;
#467=LINE('Line',#464,#466) ;
#474=LINE('Line',#471,#473) ;
#500=LINE('Line',#497,#499) ;
#505=LINE('Line',#502,#504) ;
#543=LINE('Line',#540,#542) ;
#548=LINE('Line',#545,#547) ;
#572=LINE('Line',#569,#571) ;
#581=LINE('Line',#578,#580) ;
#586=LINE('Line',#583,#585) ;
#603=LINE('Line',#600,#602) ;
#610=LINE('Line',#607,#609) ;
#627=LINE('Line',#624,#626) ;
#634=LINE('Line',#631,#633) ;
#651=LINE('Line',#648,#650) ;
#714=LINE('Line',#711,#713) ;
#721=LINE('Line',#718,#720) ;
#728=LINE('Line',#725,#727) ;
#752=LINE('Line',#749,#751) ;
#776=LINE('Line',#773,#775) ;
#793=LINE('Line',#790,#792) ;
#802=LINE('Line',#799,#801) ;
#809=LINE('Line',#806,#808) ;
#823=LINE('Line',#820,#822) ;
#855=LINE('Line',#852,#854) ;
#871=LINE('Line',#868,#870) ;
#912=LINE('Line',#909,#911) ;
#928=LINE('Line',#925,#927) ;
#969=LINE('Line',#966,#968) ;
#985=LINE('Line',#982,#984) ;
#1040=LINE('Line',#1037,#1039) ;
#1064=LINE('Line',#1061,#1063) ;
#1088=LINE('Line',#1085,#1087) ;
#1102=LINE('Line',#1099,#1101) ;
#1119=LINE('Line',#1116,#1118) ;
#1126=LINE('Line',#1123,#1125) ;
#1150=LINE('Line',#1147,#1149) ;
#1167=LINE('Line',#1164,#1166) ;
#1172=LINE('Line',#1169,#1171) ;
#1207=LINE('Line',#1204,#1206) ;
#1214=LINE('Line',#1211,#1213) ;
#1298=LINE('Line',#1295,#1297) ;
#1305=LINE('Line',#1302,#1304) ;
#1336=LINE('Line',#1333,#1335) ;
#1341=LINE('Line',#1338,#1340) ;
#1434=LINE('Line',#1431,#1433) ;
#1441=LINE('Line',#1438,#1440) ;
#1525=LINE('Line',#1522,#1524) ;
#1532=LINE('Line',#1529,#1531) ;
#1616=LINE('Line',#1613,#1615) ;
#1623=LINE('Line',#1620,#1622) ;
#1654=LINE('Line',#1651,#1653) ;
#1661=LINE('Line',#1658,#1660) ;
#1692=LINE('Line',#1689,#1691) ;
#1704=LINE('Line',#1701,#1703) ;
#1856=LINE('Line',#1853,#1855) ;
#1863=LINE('Line',#1860,#1862) ;
#1947=LINE('Line',#1944,#1946) ;
#1954=LINE('Line',#1951,#1953) ;
#2038=LINE('Line',#2035,#2037) ;
#2045=LINE('Line',#2042,#2044) ;
#2129=LINE('Line',#2126,#2128) ;
#2136=LINE('Line',#2133,#2135) ;
#2220=LINE('Line',#2217,#2219) ;
#2236=LINE('Line',#2233,#2235) ;
#2269=LINE('Line',#2266,#2268) ;
#2283=LINE('Line',#2280,#2282) ;
#2300=LINE('Line',#2297,#2299) ;
#2309=LINE('Line',#2306,#2308) ;
#2314=LINE('Line',#2311,#2313) ;
#2345=LINE('Line',#2342,#2344) ;
#2362=LINE('Line',#2359,#2361) ;
#2371=LINE('Line',#2368,#2370) ;
#2376=LINE('Line',#2373,#2375) ;
#2400=LINE('Line',#2397,#2399) ;
#2424=LINE('Line',#2421,#2423) ;
#2431=LINE('Line',#2428,#2430) ;
#2438=LINE('Line',#2435,#2437) ;
#2455=LINE('Line',#2452,#2454) ;
#2486=LINE('Line',#2483,#2485) ;
#2495=LINE('Line',#2492,#2494) ;
#2500=LINE('Line',#2497,#2499) ;
#2517=LINE('Line',#2514,#2516) ;
#2526=LINE('Line',#2523,#2525) ;
#2531=LINE('Line',#2528,#2530) ;
#2570=LINE('Line',#2567,#2569) ;
#2577=LINE('Line',#2574,#2576) ;
#2584=LINE('Line',#2581,#2583) ;
#2601=LINE('Line',#2598,#2600) ;
#2651=LINE('Line',#2648,#2650) ;
#2656=LINE('Line',#2653,#2655) ;
#2687=LINE('Line',#2684,#2686) ;
#2694=LINE('Line',#2691,#2693) ;
#2738=LINE('Line',#2735,#2737) ;
#2755=LINE('Line',#2752,#2754) ;
#1737=NEXT_ASSEMBLY_USAGE_OCCURRENCE('1st level.1','1st level.1','',#13,#29,' ') ;
#2778=NEXT_ASSEMBLY_USAGE_OCCURRENCE('Part2.1','Part2.1','',#13,#1756,' ') ;
#102=PLANE('',#101) ;
#142=PLANE('',#141) ;
#198=PLANE('',#197) ;
#229=PLANE('',#228) ;
#358=PLANE('',#357) ;
#401=PLANE('',#400) ;
#599=PLANE('',#598) ;
#623=PLANE('',#622) ;
#647=PLANE('',#646) ;
#710=PLANE('',#709) ;
#789=PLANE('',#788) ;
#1115=PLANE('',#1114) ;
#1163=PLANE('',#1162) ;
#1612=PLANE('',#1611) ;
#1650=PLANE('',#1649) ;
#1688=PLANE('',#1687) ;
#1771=PLANE('',#1770) ;
#2296=PLANE('',#2295) ;
#2358=PLANE('',#2357) ;
#2420=PLANE('',#2419) ;
#2482=PLANE('',#2481) ;
#2513=PLANE('',#2512) ;
#2566=PLANE('',#2565) ;
#2628=PLANE('',#2627) ;
#2673=PLANE('',#2672) ;
#2734=PLANE('',#2733) ;
#2751=PLANE('',#2750) ;
#19=PLANE_ANGLE_MEASURE_WITH_UNIT(PLANE_ANGLE_MEASURE(0.0174532925199),#18) ;
#9=PRODUCT_CATEGORY_RELATIONSHIP(' ',' ',#7,#8) ;
#12=PRODUCT_CATEGORY_RELATIONSHIP(' ',' ',#10,#11) ;
#6=PRODUCT_DEFINITION_FORMATION_WITH_SPECIFIED_SOURCE('',' ',#5,.NOT_KNOWN.) ;
#28=PRODUCT_DEFINITION_FORMATION_WITH_SPECIFIED_SOURCE('',' ',#27,.NOT_KNOWN.) ;
#1755=PRODUCT_DEFINITION_FORMATION_WITH_SPECIFIED_SOURCE('',' ',#1754,.NOT_KNOWN.) ;
#14=SHAPE_DEFINITION_REPRESENTATION(#16,#15) ;
#26=SHAPE_DEFINITION_REPRESENTATION(#30,#25) ;
#1753=SHAPE_DEFINITION_REPRESENTATION(#1757,#1752) ;
#51=VERTEX_POINT('',#50) ;
#53=VERTEX_POINT('',#52) ;
#60=VERTEX_POINT('',#59) ;
#67=VERTEX_POINT('',#66) ;
#108=VERTEX_POINT('',#107) ;
#110=VERTEX_POINT('',#109) ;
#117=VERTEX_POINT('',#116) ;
#124=VERTEX_POINT('',#123) ;
#148=VERTEX_POINT('',#147) ;
#150=VERTEX_POINT('',#149) ;
#157=VERTEX_POINT('',#156) ;
#164=VERTEX_POINT('',#163) ;
#171=VERTEX_POINT('',#170) ;
#178=VERTEX_POINT('',#177) ;
#204=VERTEX_POINT('',#203) ;
#211=VERTEX_POINT('',#210) ;
#235=VERTEX_POINT('',#234) ;
#237=VERTEX_POINT('',#236) ;
#254=VERTEX_POINT('',#253) ;
#256=VERTEX_POINT('',#255) ;
#278=VERTEX_POINT('',#277) ;
#280=VERTEX_POINT('',#279) ;
#321=VERTEX_POINT('',#320) ;
#323=VERTEX_POINT('',#322) ;
#364=VERTEX_POINT('',#363) ;
#366=VERTEX_POINT('',#365) ;
#383=VERTEX_POINT('',#382) ;
#385=VERTEX_POINT('',#384) ;
#407=VERTEX_POINT('',#406) ;
#409=VERTEX_POINT('',#408) ;
#430=VERTEX_POINT('',#429) ;
#432=VERTEX_POINT('',#431) ;
#453=VERTEX_POINT('',#452) ;
#455=VERTEX_POINT('',#454) ;
#462=VERTEX_POINT('',#461) ;
#469=VERTEX_POINT('',#468) ;
#493=VERTEX_POINT('',#492) ;
#495=VERTEX_POINT('',#494) ;
#536=VERTEX_POINT('',#535) ;
#538=VERTEX_POINT('',#537) ;
#574=VERTEX_POINT('',#573) ;
#576=VERTEX_POINT('',#575) ;
#605=VERTEX_POINT('',#604) ;
#629=VERTEX_POINT('',#628) ;
#665=VERTEX_POINT('',#664) ;
#667=VERTEX_POINT('',#666) ;
#688=VERTEX_POINT('',#687) ;
#690=VERTEX_POINT('',#689) ;
#716=VERTEX_POINT('',#715) ;
#723=VERTEX_POINT('',#722) ;
#747=VERTEX_POINT('',#746) ;
#771=VERTEX_POINT('',#770) ;
#795=VERTEX_POINT('',#794) ;
#797=VERTEX_POINT('',#796) ;
#804=VERTEX_POINT('',#803) ;
#811=VERTEX_POINT('',#810) ;
#818=VERTEX_POINT('',#817) ;
#825=VERTEX_POINT('',#824) ;
#857=VERTEX_POINT('',#856) ;
#859=VERTEX_POINT('',#858) ;
#866=VERTEX_POINT('',#865) ;
#873=VERTEX_POINT('',#872) ;
#914=VERTEX_POINT('',#913) ;
#916=VERTEX_POINT('',#915) ;
#923=VERTEX_POINT('',#922) ;
#930=VERTEX_POINT('',#929) ;
#971=VERTEX_POINT('',#970) ;
#973=VERTEX_POINT('',#972) ;
#980=VERTEX_POINT('',#979) ;
#987=VERTEX_POINT('',#986) ;
#1028=VERTEX_POINT('',#1027) ;
#1035=VERTEX_POINT('',#1034) ;
#1059=VERTEX_POINT('',#1058) ;
#1066=VERTEX_POINT('',#1065) ;
#1090=VERTEX_POINT('',#1089) ;
#1097=VERTEX_POINT('',#1096) ;
#1121=VERTEX_POINT('',#1120) ;
#1145=VERTEX_POINT('',#1144) ;
#1209=VERTEX_POINT('',#1208) ;
#1216=VERTEX_POINT('',#1215) ;
#1252=VERTEX_POINT('',#1251) ;
#1259=VERTEX_POINT('',#1258) ;
#1300=VERTEX_POINT('',#1299) ;
#1307=VERTEX_POINT('',#1306) ;
#1358=VERTEX_POINT('',#1357) ;
#1360=VERTEX_POINT('',#1359) ;
#1436=VERTEX_POINT('',#1435) ;
#1443=VERTEX_POINT('',#1442) ;
#1479=VERTEX_POINT('',#1478) ;
#1486=VERTEX_POINT('',#1485) ;
#1527=VERTEX_POINT('',#1526) ;
#1534=VERTEX_POINT('',#1533) ;
#1570=VERTEX_POINT('',#1569) ;
#1577=VERTEX_POINT('',#1576) ;
#1618=VERTEX_POINT('',#1617) ;
#1625=VERTEX_POINT('',#1624) ;
#1656=VERTEX_POINT('',#1655) ;
#1663=VERTEX_POINT('',#1662) ;
#1777=VERTEX_POINT('',#1776) ;
#1779=VERTEX_POINT('',#1778) ;
#1796=VERTEX_POINT('',#1795) ;
#1798=VERTEX_POINT('',#1797) ;
#1815=VERTEX_POINT('',#1814) ;
#1817=VERTEX_POINT('',#1816) ;
#1834=VERTEX_POINT('',#1833) ;
#1836=VERTEX_POINT('',#1835) ;
#1858=VERTEX_POINT('',#1857) ;
#1865=VERTEX_POINT('',#1864) ;
#1901=VERTEX_POINT('',#1900) ;
#1908=VERTEX_POINT('',#1907) ;
#1949=VERTEX_POINT('',#1948) ;
#1956=VERTEX_POINT('',#1955) ;
#1992=VERTEX_POINT('',#1991) ;
#1999=VERTEX_POINT('',#1998) ;
#2040=VERTEX_POINT('',#2039) ;
#2047=VERTEX_POINT('',#2046) ;
#2083=VERTEX_POINT('',#2082) ;
#2090=VERTEX_POINT('',#2089) ;
#2131=VERTEX_POINT('',#2130) ;
#2138=VERTEX_POINT('',#2137) ;
#2174=VERTEX_POINT('',#2173) ;
#2181=VERTEX_POINT('',#2180) ;
#2222=VERTEX_POINT('',#2221) ;
#2224=VERTEX_POINT('',#2223) ;
#2231=VERTEX_POINT('',#2230) ;
#2238=VERTEX_POINT('',#2237) ;
#2262=VERTEX_POINT('',#2261) ;
#2264=VERTEX_POINT('',#2263) ;
#2271=VERTEX_POINT('',#2270) ;
#2278=VERTEX_POINT('',#2277) ;
#2302=VERTEX_POINT('',#2301) ;
#2304=VERTEX_POINT('',#2303) ;
#2333=VERTEX_POINT('',#2332) ;
#2340=VERTEX_POINT('',#2339) ;
#2364=VERTEX_POINT('',#2363) ;
#2366=VERTEX_POINT('',#2365) ;
#2395=VERTEX_POINT('',#2394) ;
#2402=VERTEX_POINT('',#2401) ;
#2426=VERTEX_POINT('',#2425) ;
#2433=VERTEX_POINT('',#2432) ;
#2457=VERTEX_POINT('',#2456) ;
#2459=VERTEX_POINT('',#2458) ;
#2488=VERTEX_POINT('',#2487) ;
#2490=VERTEX_POINT('',#2489) ;
#2519=VERTEX_POINT('',#2518) ;
#2521=VERTEX_POINT('',#2520) ;
#2572=VERTEX_POINT('',#2571) ;
#2579=VERTEX_POINT('',#2578) ;
#2603=VERTEX_POINT('',#2602) ;
#2605=VERTEX_POINT('',#2604) ;
#2644=VERTEX_POINT('',#2643) ;
#2646=VERTEX_POINT('',#2645) ;
#2689=VERTEX_POINT('',#2688) ;
#2696=VERTEX_POINT('',#2695) ;
#17=(LENGTH_UNIT()NAMED_UNIT(*)SI_UNIT(.MILLI.,.METRE.)) ;
#18=(NAMED_UNIT(*)PLANE_ANGLE_UNIT()SI_UNIT($,.RADIAN.)) ;
#20=(NAMED_UNIT(*)SI_UNIT($,.STERADIAN.)SOLID_ANGLE_UNIT()) ;
#22=(GEOMETRIC_REPRESENTATION_CONTEXT(3)GLOBAL_UNCERTAINTY_ASSIGNED_CONTEXT((#21))GLOBAL_UNIT_ASSIGNED_CONTEXT((#17,#18,#20))REPRESENTATION_CONTEXT(' ',' ')) ;
#24=(GEOMETRIC_REPRESENTATION_CONTEXT(3)GLOBAL_UNCERTAINTY_ASSIGNED_CONTEXT((#23))GLOBAL_UNIT_ASSIGNED_CONTEXT((#17,#18,#20))REPRESENTATION_CONTEXT(' ',' ')) ;
#1751=(GEOMETRIC_REPRESENTATION_CONTEXT(3)GLOBAL_UNCERTAINTY_ASSIGNED_CONTEXT((#1750))GLOBAL_UNIT_ASSIGNED_CONTEXT((#17,#18,#20))REPRESENTATION_CONTEXT(' ',' ')) ;
#1740=(REPRESENTATION_RELATIONSHIP(' ',' ',#25,#15)REPRESENTATION_RELATIONSHIP_WITH_TRANSFORMATION(#1741)SHAPE_REPRESENTATION_RELATIONSHIP()) ;
#2781=(REPRESENTATION_RELATIONSHIP(' ',' ',#1752,#15)REPRESENTATION_RELATIONSHIP_WITH_TRANSFORMATION(#2782)SHAPE_REPRESENTATION_RELATIONSHIP()) ;
ENDSEC;
END-ISO-10303-21;
