solid CATIA STL
  facet normal  0.000000e+000  0.000000e+000  1.000000e+000
    outer loop
      vertex  8.858578e+001  6.941422e+001  2.000000e+000
      vertex  9.141422e+001  6.941422e+001  2.000000e+000
      vertex  9.000000e+001  7.000000e+001  2.000000e+000
    endloop
  endfacet
  facet normal  -0.000000e+000  0.000000e+000  1.000000e+000
    outer loop
      vertex  9.141422e+001  6.941422e+001  2.000000e+000
      vertex  8.858578e+001  6.941422e+001  2.000000e+000
      vertex  9.200000e+001  6.800000e+001  2.000000e+000
    endloop
  endfacet
  facet normal  0.000000e+000  0.000000e+000  9.999999e-001
    outer loop
      vertex  9.200000e+001  6.800000e+001  2.000000e+000
      vertex  8.858578e+001  6.941422e+001  2.000000e+000
      vertex  8.800000e+001  6.800000e+001  2.000000e+000
    endloop
  endfacet
  facet normal  -0.000000e+000  0.000000e+000  9.999999e-001
    outer loop
      vertex  9.200000e+001  6.800000e+001  2.000000e+000
      vertex  8.800000e+001  6.800000e+001  2.000000e+000
      vertex  9.141422e+001  6.658578e+001  2.000000e+000
    endloop
  endfacet
  facet normal  0.000000e+000  0.000000e+000  1.000000e+000
    outer loop
      vertex  9.141422e+001  6.658578e+001  2.000000e+000
      vertex  8.800000e+001  6.800000e+001  2.000000e+000
      vertex  8.858578e+001  6.658578e+001  2.000000e+000
    endloop
  endfacet
  facet normal  -0.000000e+000  0.000000e+000  1.000000e+000
    outer loop
      vertex  9.141422e+001  6.658578e+001  2.000000e+000
      vertex  8.858578e+001  6.658578e+001  2.000000e+000
      vertex  9.000000e+001  6.600000e+001  2.000000e+000
    endloop
  endfacet
  facet normal  0.000000e+000  0.000000e+000  1.000000e+000
    outer loop
      vertex  8.858578e+001  1.141421e+001  2.000000e+000
      vertex  9.141422e+001  1.141421e+001  2.000000e+000
      vertex  9.000000e+001  1.200000e+001  2.000000e+000
    endloop
  endfacet
  facet normal  -0.000000e+000  0.000000e+000  1.000000e+000
    outer loop
      vertex  9.141422e+001  1.141421e+001  2.000000e+000
      vertex  8.858578e+001  1.141421e+001  2.000000e+000
      vertex  9.200000e+001  1.000000e+001  2.000000e+000
    endloop
  endfacet
  facet normal  0.000000e+000  0.000000e+000  9.999999e-001
    outer loop
      vertex  9.200000e+001  1.000000e+001  2.000000e+000
      vertex  8.858578e+001  1.141421e+001  2.000000e+000
      vertex  8.800000e+001  1.000000e+001  2.000000e+000
    endloop
  endfacet
  facet normal  -0.000000e+000  0.000000e+000  9.999999e-001
    outer loop
      vertex  9.200000e+001  1.000000e+001  2.000000e+000
      vertex  8.800000e+001  1.000000e+001  2.000000e+000
      vertex  9.141422e+001  8.585787e+000  2.000000e+000
    endloop
  endfacet
  facet normal  0.000000e+000  0.000000e+000  1.000000e+000
    outer loop
      vertex  9.141422e+001  8.585787e+000  2.000000e+000
      vertex  8.800000e+001  1.000000e+001  2.000000e+000
      vertex  8.858578e+001  8.585787e+000  2.000000e+000
    endloop
  endfacet
  facet normal  -0.000000e+000  0.000000e+000  1.000000e+000
    outer loop
      vertex  9.141422e+001  8.585787e+000  2.000000e+000
      vertex  8.858578e+001  8.585787e+000  2.000000e+000
      vertex  9.000000e+001  8.000000e+000  2.000000e+000
    endloop
  endfacet
  facet normal  0.000000e+000  0.000000e+000  1.000000e+000
    outer loop
      vertex  8.585787e+000  6.941422e+001  2.000000e+000
      vertex  1.141421e+001  6.941422e+001  2.000000e+000
      vertex  1.000000e+001  7.000000e+001  2.000000e+000
    endloop
  endfacet
  facet normal  -0.000000e+000  0.000000e+000  1.000000e+000
    outer loop
      vertex  1.141421e+001  6.941422e+001  2.000000e+000
      vertex  8.585787e+000  6.941422e+001  2.000000e+000
      vertex  1.200000e+001  6.800000e+001  2.000000e+000
    endloop
  endfacet
  facet normal  0.000000e+000  0.000000e+000  9.999999e-001
    outer loop
      vertex  1.200000e+001  6.800000e+001  2.000000e+000
      vertex  8.585787e+000  6.941422e+001  2.000000e+000
      vertex  8.000000e+000  6.800000e+001  2.000000e+000
    endloop
  endfacet
  facet normal  -0.000000e+000  0.000000e+000  9.999999e-001
    outer loop
      vertex  1.200000e+001  6.800000e+001  2.000000e+000
      vertex  8.000000e+000  6.800000e+001  2.000000e+000
      vertex  1.141421e+001  6.658578e+001  2.000000e+000
    endloop
  endfacet
  facet normal  0.000000e+000  0.000000e+000  1.000000e+000
    outer loop
      vertex  1.141421e+001  6.658578e+001  2.000000e+000
      vertex  8.000000e+000  6.800000e+001  2.000000e+000
      vertex  8.585787e+000  6.658578e+001  2.000000e+000
    endloop
  endfacet
  facet normal  -0.000000e+000  0.000000e+000  1.000000e+000
    outer loop
      vertex  1.141421e+001  6.658578e+001  2.000000e+000
      vertex  8.585787e+000  6.658578e+001  2.000000e+000
      vertex  1.000000e+001  6.600000e+001  2.000000e+000
    endloop
  endfacet
  facet normal  0.000000e+000  0.000000e+000  1.000000e+000
    outer loop
      vertex  8.585787e+000  1.141421e+001  2.000000e+000
      vertex  1.141421e+001  1.141421e+001  2.000000e+000
      vertex  1.000000e+001  1.200000e+001  2.000000e+000
    endloop
  endfacet
  facet normal  -0.000000e+000  0.000000e+000  1.000000e+000
    outer loop
      vertex  1.141421e+001  1.141421e+001  2.000000e+000
      vertex  8.585787e+000  1.141421e+001  2.000000e+000
      vertex  1.200000e+001  1.000000e+001  2.000000e+000
    endloop
  endfacet
  facet normal  0.000000e+000  0.000000e+000  9.999999e-001
    outer loop
      vertex  1.200000e+001  1.000000e+001  2.000000e+000
      vertex  8.585787e+000  1.141421e+001  2.000000e+000
      vertex  8.000000e+000  1.000000e+001  2.000000e+000
    endloop
  endfacet
  facet normal  -0.000000e+000  0.000000e+000  9.999999e-001
    outer loop
      vertex  1.200000e+001  1.000000e+001  2.000000e+000
      vertex  8.000000e+000  1.000000e+001  2.000000e+000
      vertex  1.141421e+001  8.585787e+000  2.000000e+000
    endloop
  endfacet
  facet normal  0.000000e+000  0.000000e+000  1.000000e+000
    outer loop
      vertex  1.141421e+001  8.585787e+000  2.000000e+000
      vertex  8.000000e+000  1.000000e+001  2.000000e+000
      vertex  8.585787e+000  8.585787e+000  2.000000e+000
    endloop
  endfacet
  facet normal  -0.000000e+000  0.000000e+000  1.000000e+000
    outer loop
      vertex  1.141421e+001  8.585787e+000  2.000000e+000
      vertex  8.585787e+000  8.585787e+000  2.000000e+000
      vertex  1.000000e+001  8.000000e+000  2.000000e+000
    endloop
  endfacet
  facet normal  -0.000000e+000  0.000000e+000  1.000000e+000
    outer loop
      vertex  1.192000e+002  1.440000e+001  2.000000e+000
      vertex  9.242705e+001  1.176336e+001  2.000000e+000
      vertex  1.005333e+002  4.000000e-001  2.000000e+000
    endloop
  endfacet
  facet normal  -0.000000e+000  0.000000e+000  1.000000e+000
    outer loop
      vertex  1.192000e+002  1.440000e+001  2.000000e+000
      vertex  9.092705e+001  1.285317e+001  2.000000e+000
      vertex  9.242705e+001  1.176336e+001  2.000000e+000
    endloop
  endfacet
  facet normal  0.000000e+000  0.000000e+000  1.000000e+000
    outer loop
      vertex  6.500000e+001  5.800000e+001  2.000000e+000
      vertex  8.757295e+001  6.623664e+001  2.000000e+000
      vertex  8.700000e+001  6.800000e+001  2.000000e+000
    endloop
  endfacet
  facet normal  0.000000e+000  0.000000e+000  1.000000e+000
    outer loop
      vertex  6.500000e+001  5.800000e+001  2.000000e+000
      vertex  8.907295e+001  6.514683e+001  2.000000e+000
      vertex  8.757295e+001  6.623664e+001  2.000000e+000
    endloop
  endfacet
  facet normal  0.000000e+000  -0.000000e+000  1.000000e+000
    outer loop
      vertex  6.500000e+001  2.000000e+001  2.000000e+000
      vertex  8.757295e+001  1.176336e+001  2.000000e+000
      vertex  8.907295e+001  1.285317e+001  2.000000e+000
    endloop
  endfacet
  facet normal  0.000000e+000  0.000000e+000  9.999999e-001
    outer loop
      vertex  1.300000e+001  1.000000e+001  2.000000e+000
      vertex  1.242705e+001  8.236644e+000  2.000000e+000
      vertex  6.500000e+001  2.000000e+001  2.000000e+000
    endloop
  endfacet
  facet normal  0.000000e+000  0.000000e+000  1.000000e+000
    outer loop
      vertex  1.300000e+001  6.800000e+001  2.000000e+000
      vertex  6.500000e+001  5.800000e+001  2.000000e+000
      vertex  1.242705e+001  6.976336e+001  2.000000e+000
    endloop
  endfacet
  facet normal  0.000000e+000  0.000000e+000  1.000000e+000
    outer loop
      vertex  1.000000e+001  2.000000e+001  2.000000e+000
      vertex  7.572949e+000  1.176336e+001  2.000000e+000
      vertex  9.072949e+000  1.285317e+001  2.000000e+000
    endloop
  endfacet
  facet normal  0.000000e+000  0.000000e+000  1.000000e+000
    outer loop
      vertex  1.000000e+001  2.000000e+001  2.000000e+000
      vertex  9.072949e+000  1.285317e+001  2.000000e+000
      vertex  1.092705e+001  1.285317e+001  2.000000e+000
    endloop
  endfacet
  facet normal  -0.000000e+000  -0.000000e+000  1.000000e+000
    outer loop
      vertex  1.000000e+001  2.000000e+001  2.000000e+000
      vertex  1.092705e+001  1.285317e+001  2.000000e+000
      vertex  1.242705e+001  1.176336e+001  2.000000e+000
    endloop
  endfacet
  facet normal  -0.000000e+000  -0.000000e+000  9.999999e-001
    outer loop
      vertex  1.000000e+001  2.000000e+001  2.000000e+000
      vertex  1.242705e+001  1.176336e+001  2.000000e+000
      vertex  1.300000e+001  1.000000e+001  2.000000e+000
    endloop
  endfacet
  facet normal  0.000000e+000  -0.000000e+000  1.000000e+000
    outer loop
      vertex  1.000000e+001  2.000000e+001  2.000000e+000
      vertex  1.300000e+001  1.000000e+001  2.000000e+000
      vertex  6.500000e+001  2.000000e+001  2.000000e+000
    endloop
  endfacet
  facet normal  0.000000e+000  -0.000000e+000  1.000000e+000
    outer loop
      vertex  2.000000e+000  0.000000e+000  2.000000e+000
      vertex  9.933334e+001  0.000000e+000  2.000000e+000
      vertex  1.005333e+002  4.000000e-001  2.000000e+000
    endloop
  endfacet
  facet normal  0.000000e+000  0.000000e+000  1.000000e+000
    outer loop
      vertex  2.000000e+000  0.000000e+000  2.000000e+000
      vertex  1.005333e+002  4.000000e-001  2.000000e+000
      vertex  9.092705e+001  7.146831e+000  2.000000e+000
    endloop
  endfacet
  facet normal  0.000000e+000  0.000000e+000  1.000000e+000
    outer loop
      vertex  2.000000e+000  0.000000e+000  2.000000e+000
      vertex  9.092705e+001  7.146831e+000  2.000000e+000
      vertex  8.907295e+001  7.146831e+000  2.000000e+000
    endloop
  endfacet
  facet normal  0.000000e+000  0.000000e+000  1.000000e+000
    outer loop
      vertex  2.000000e+000  0.000000e+000  2.000000e+000
      vertex  8.907295e+001  7.146831e+000  2.000000e+000
      vertex  8.757295e+001  8.236644e+000  2.000000e+000
    endloop
  endfacet
  facet normal  0.000000e+000  0.000000e+000  1.000000e+000
    outer loop
      vertex  2.000000e+000  0.000000e+000  2.000000e+000
      vertex  8.757295e+001  8.236644e+000  2.000000e+000
      vertex  8.700000e+001  1.000000e+001  2.000000e+000
    endloop
  endfacet
  facet normal  0.000000e+000  -0.000000e+000  1.000000e+000
    outer loop
      vertex  2.000000e+000  0.000000e+000  2.000000e+000
      vertex  8.700000e+001  1.000000e+001  2.000000e+000
      vertex  8.757295e+001  1.176336e+001  2.000000e+000
    endloop
  endfacet
  facet normal  0.000000e+000  0.000000e+000  1.000000e+000
    outer loop
      vertex  2.000000e+000  0.000000e+000  2.000000e+000
      vertex  8.757295e+001  1.176336e+001  2.000000e+000
      vertex  6.500000e+001  2.000000e+001  2.000000e+000
    endloop
  endfacet
  facet normal  0.000000e+000  0.000000e+000  1.000000e+000
    outer loop
      vertex  2.000000e+000  0.000000e+000  2.000000e+000
      vertex  6.500000e+001  2.000000e+001  2.000000e+000
      vertex  1.242705e+001  8.236644e+000  2.000000e+000
    endloop
  endfacet
  facet normal  0.000000e+000  0.000000e+000  1.000000e+000
    outer loop
      vertex  2.000000e+000  0.000000e+000  2.000000e+000
      vertex  1.242705e+001  8.236644e+000  2.000000e+000
      vertex  1.092705e+001  7.146831e+000  2.000000e+000
    endloop
  endfacet
  facet normal  0.000000e+000  0.000000e+000  1.000000e+000
    outer loop
      vertex  2.000000e+000  0.000000e+000  2.000000e+000
      vertex  1.092705e+001  7.146831e+000  2.000000e+000
      vertex  9.072949e+000  7.146831e+000  2.000000e+000
    endloop
  endfacet
  facet normal  0.000000e+000  0.000000e+000  1.000000e+000
    outer loop
      vertex  2.000000e+000  0.000000e+000  2.000000e+000
      vertex  9.072949e+000  7.146831e+000  2.000000e+000
      vertex  0.000000e+000  2.000000e+000  2.000000e+000
    endloop
  endfacet
  facet normal  0.000000e+000  0.000000e+000  1.000000e+000
    outer loop
      vertex  2.000000e+000  0.000000e+000  2.000000e+000
      vertex  0.000000e+000  2.000000e+000  2.000000e+000
      vertex  5.857865e-001  5.857865e-001  2.000000e+000
    endloop
  endfacet
  facet normal  -0.000000e+000  0.000000e+000  1.000000e+000
    outer loop
      vertex  2.000000e+000  7.800000e+001  2.000000e+000
      vertex  5.857865e-001  7.741422e+001  2.000000e+000
      vertex  0.000000e+000  7.600000e+001  2.000000e+000
    endloop
  endfacet
  facet normal  -0.000000e+000  0.000000e+000  1.000000e+000
    outer loop
      vertex  2.000000e+000  7.800000e+001  2.000000e+000
      vertex  0.000000e+000  7.600000e+001  2.000000e+000
      vertex  9.072949e+000  7.085317e+001  2.000000e+000
    endloop
  endfacet
  facet normal  0.000000e+000  -0.000000e+000  1.000000e+000
    outer loop
      vertex  2.000000e+000  7.800000e+001  2.000000e+000
      vertex  9.072949e+000  7.085317e+001  2.000000e+000
      vertex  1.092705e+001  7.085317e+001  2.000000e+000
    endloop
  endfacet
  facet normal  -0.000000e+000  -0.000000e+000  1.000000e+000
    outer loop
      vertex  2.000000e+000  7.800000e+001  2.000000e+000
      vertex  1.092705e+001  7.085317e+001  2.000000e+000
      vertex  1.242705e+001  6.976336e+001  2.000000e+000
    endloop
  endfacet
  facet normal  -0.000000e+000  -0.000000e+000  1.000000e+000
    outer loop
      vertex  2.000000e+000  7.800000e+001  2.000000e+000
      vertex  1.242705e+001  6.976336e+001  2.000000e+000
      vertex  6.500000e+001  5.800000e+001  2.000000e+000
    endloop
  endfacet
  facet normal  0.000000e+000  -0.000000e+000  1.000000e+000
    outer loop
      vertex  2.000000e+000  7.800000e+001  2.000000e+000
      vertex  6.500000e+001  5.800000e+001  2.000000e+000
      vertex  8.700000e+001  6.800000e+001  2.000000e+000
    endloop
  endfacet
  facet normal  0.000000e+000  -0.000000e+000  1.000000e+000
    outer loop
      vertex  2.000000e+000  7.800000e+001  2.000000e+000
      vertex  8.700000e+001  6.800000e+001  2.000000e+000
      vertex  8.757295e+001  6.976336e+001  2.000000e+000
    endloop
  endfacet
  facet normal  0.000000e+000  -0.000000e+000  9.999999e-001
    outer loop
      vertex  2.000000e+000  7.800000e+001  2.000000e+000
      vertex  8.757295e+001  6.976336e+001  2.000000e+000
      vertex  8.907295e+001  7.085317e+001  2.000000e+000
    endloop
  endfacet
  facet normal  0.000000e+000  -0.000000e+000  1.000000e+000
    outer loop
      vertex  2.000000e+000  7.800000e+001  2.000000e+000
      vertex  8.907295e+001  7.085317e+001  2.000000e+000
      vertex  9.092705e+001  7.085317e+001  2.000000e+000
    endloop
  endfacet
  facet normal  0.000000e+000  -0.000000e+000  1.000000e+000
    outer loop
      vertex  2.000000e+000  7.800000e+001  2.000000e+000
      vertex  9.092705e+001  7.085317e+001  2.000000e+000
      vertex  1.005333e+002  7.760000e+001  2.000000e+000
    endloop
  endfacet
  facet normal  0.000000e+000  0.000000e+000  1.000000e+000
    outer loop
      vertex  2.000000e+000  7.800000e+001  2.000000e+000
      vertex  1.005333e+002  7.760000e+001  2.000000e+000
      vertex  9.933334e+001  7.800000e+001  2.000000e+000
    endloop
  endfacet
  facet normal  0.000000e+000  0.000000e+000  1.000000e+000
    outer loop
      vertex  0.000000e+000  2.000000e+000  2.000000e+000
      vertex  9.072949e+000  7.146831e+000  2.000000e+000
      vertex  7.572949e+000  8.236644e+000  2.000000e+000
    endloop
  endfacet
  facet normal  0.000000e+000  0.000000e+000  1.000000e+000
    outer loop
      vertex  0.000000e+000  2.000000e+000  2.000000e+000
      vertex  7.572949e+000  8.236644e+000  2.000000e+000
      vertex  7.000000e+000  1.000000e+001  2.000000e+000
    endloop
  endfacet
  facet normal  0.000000e+000  -0.000000e+000  1.000000e+000
    outer loop
      vertex  0.000000e+000  2.000000e+000  2.000000e+000
      vertex  7.000000e+000  1.000000e+001  2.000000e+000
      vertex  7.572949e+000  1.176336e+001  2.000000e+000
    endloop
  endfacet
  facet normal  0.000000e+000  -0.000000e+000  1.000000e+000
    outer loop
      vertex  0.000000e+000  2.000000e+000  2.000000e+000
      vertex  7.572949e+000  1.176336e+001  2.000000e+000
      vertex  1.000000e+001  2.000000e+001  2.000000e+000
    endloop
  endfacet
  facet normal  0.000000e+000  -0.000000e+000  1.000000e+000
    outer loop
      vertex  0.000000e+000  2.000000e+000  2.000000e+000
      vertex  1.000000e+001  2.000000e+001  2.000000e+000
      vertex  1.000000e+001  5.800000e+001  2.000000e+000
    endloop
  endfacet
  facet normal  0.000000e+000  -0.000000e+000  9.999999e-001
    outer loop
      vertex  0.000000e+000  2.000000e+000  2.000000e+000
      vertex  1.000000e+001  5.800000e+001  2.000000e+000
      vertex  1.092705e+001  6.514683e+001  2.000000e+000
    endloop
  endfacet
  facet normal  0.000000e+000  0.000000e+000  9.999999e-001
    outer loop
      vertex  0.000000e+000  2.000000e+000  2.000000e+000
      vertex  1.092705e+001  6.514683e+001  2.000000e+000
      vertex  9.072949e+000  6.514683e+001  2.000000e+000
    endloop
  endfacet
  facet normal  0.000000e+000  0.000000e+000  1.000000e+000
    outer loop
      vertex  0.000000e+000  2.000000e+000  2.000000e+000
      vertex  9.072949e+000  6.514683e+001  2.000000e+000
      vertex  7.572949e+000  6.623664e+001  2.000000e+000
    endloop
  endfacet
  facet normal  0.000000e+000  0.000000e+000  1.000000e+000
    outer loop
      vertex  0.000000e+000  2.000000e+000  2.000000e+000
      vertex  7.572949e+000  6.623664e+001  2.000000e+000
      vertex  7.000000e+000  6.800000e+001  2.000000e+000
    endloop
  endfacet
  facet normal  0.000000e+000  0.000000e+000  1.000000e+000
    outer loop
      vertex  0.000000e+000  7.600000e+001  2.000000e+000
      vertex  0.000000e+000  2.000000e+000  2.000000e+000
      vertex  7.000000e+000  6.800000e+001  2.000000e+000
    endloop
  endfacet
  facet normal  0.000000e+000  -0.000000e+000  1.000000e+000
    outer loop
      vertex  0.000000e+000  7.600000e+001  2.000000e+000
      vertex  7.000000e+000  6.800000e+001  2.000000e+000
      vertex  7.572949e+000  6.976336e+001  2.000000e+000
    endloop
  endfacet
  facet normal  0.000000e+000  -0.000000e+000  1.000000e+000
    outer loop
      vertex  0.000000e+000  7.600000e+001  2.000000e+000
      vertex  7.572949e+000  6.976336e+001  2.000000e+000
      vertex  9.072949e+000  7.085317e+001  2.000000e+000
    endloop
  endfacet
  facet normal  0.000000e+000  0.000000e+000  1.000000e+000
    outer loop
      vertex  1.005333e+002  4.000000e-001  2.000000e+000
      vertex  9.242705e+001  1.176336e+001  2.000000e+000
      vertex  9.300000e+001  1.000000e+001  2.000000e+000
    endloop
  endfacet
  facet normal  0.000000e+000  0.000000e+000  1.000000e+000
    outer loop
      vertex  1.005333e+002  4.000000e-001  2.000000e+000
      vertex  9.300000e+001  1.000000e+001  2.000000e+000
      vertex  9.242705e+001  8.236644e+000  2.000000e+000
    endloop
  endfacet
  facet normal  0.000000e+000  0.000000e+000  1.000000e+000
    outer loop
      vertex  1.005333e+002  4.000000e-001  2.000000e+000
      vertex  9.242705e+001  8.236644e+000  2.000000e+000
      vertex  9.092705e+001  7.146831e+000  2.000000e+000
    endloop
  endfacet
  facet normal  0.000000e+000  0.000000e+000  1.000000e+000
    outer loop
      vertex  1.192000e+002  6.360000e+001  2.000000e+000
      vertex  1.005333e+002  7.760000e+001  2.000000e+000
      vertex  9.092705e+001  7.085317e+001  2.000000e+000
    endloop
  endfacet
  facet normal  0.000000e+000  0.000000e+000  1.000000e+000
    outer loop
      vertex  1.192000e+002  6.360000e+001  2.000000e+000
      vertex  9.092705e+001  7.085317e+001  2.000000e+000
      vertex  9.242705e+001  6.976336e+001  2.000000e+000
    endloop
  endfacet
  facet normal  0.000000e+000  0.000000e+000  1.000000e+000
    outer loop
      vertex  1.192000e+002  6.360000e+001  2.000000e+000
      vertex  9.242705e+001  6.976336e+001  2.000000e+000
      vertex  9.300000e+001  6.800000e+001  2.000000e+000
    endloop
  endfacet
  facet normal  0.000000e+000  0.000000e+000  1.000000e+000
    outer loop
      vertex  1.192000e+002  6.360000e+001  2.000000e+000
      vertex  9.300000e+001  6.800000e+001  2.000000e+000
      vertex  9.242705e+001  6.623664e+001  2.000000e+000
    endloop
  endfacet
  facet normal  0.000000e+000  0.000000e+000  1.000000e+000
    outer loop
      vertex  1.192000e+002  6.360000e+001  2.000000e+000
      vertex  9.242705e+001  6.623664e+001  2.000000e+000
      vertex  9.092705e+001  6.514683e+001  2.000000e+000
    endloop
  endfacet
  facet normal  0.000000e+000  0.000000e+000  1.000000e+000
    outer loop
      vertex  1.200000e+002  1.600000e+001  2.000000e+000
      vertex  1.200000e+002  6.200000e+001  2.000000e+000
      vertex  1.197889e+002  1.510557e+001  2.000000e+000
    endloop
  endfacet
  facet normal  0.000000e+000  0.000000e+000  1.000000e+000
    outer loop
      vertex  1.197889e+002  1.510557e+001  2.000000e+000
      vertex  1.200000e+002  6.200000e+001  2.000000e+000
      vertex  1.197889e+002  6.289443e+001  2.000000e+000
    endloop
  endfacet
  facet normal  0.000000e+000  0.000000e+000  1.000000e+000
    outer loop
      vertex  1.197889e+002  1.510557e+001  2.000000e+000
      vertex  1.197889e+002  6.289443e+001  2.000000e+000
      vertex  1.192000e+002  1.440000e+001  2.000000e+000
    endloop
  endfacet
  facet normal  0.000000e+000  0.000000e+000  1.000000e+000
    outer loop
      vertex  1.192000e+002  1.440000e+001  2.000000e+000
      vertex  1.197889e+002  6.289443e+001  2.000000e+000
      vertex  1.192000e+002  6.360000e+001  2.000000e+000
    endloop
  endfacet
  facet normal  0.000000e+000  0.000000e+000  1.000000e+000
    outer loop
      vertex  1.192000e+002  1.440000e+001  2.000000e+000
      vertex  1.192000e+002  6.360000e+001  2.000000e+000
      vertex  9.092705e+001  1.285317e+001  2.000000e+000
    endloop
  endfacet
  facet normal  0.000000e+000  0.000000e+000  1.000000e+000
    outer loop
      vertex  9.092705e+001  1.285317e+001  2.000000e+000
      vertex  1.192000e+002  6.360000e+001  2.000000e+000
      vertex  9.092705e+001  6.514683e+001  2.000000e+000
    endloop
  endfacet
  facet normal  0.000000e+000  0.000000e+000  1.000000e+000
    outer loop
      vertex  9.092705e+001  1.285317e+001  2.000000e+000
      vertex  9.092705e+001  6.514683e+001  2.000000e+000
      vertex  8.907295e+001  1.285317e+001  2.000000e+000
    endloop
  endfacet
  facet normal  0.000000e+000  0.000000e+000  1.000000e+000
    outer loop
      vertex  8.907295e+001  1.285317e+001  2.000000e+000
      vertex  9.092705e+001  6.514683e+001  2.000000e+000
      vertex  8.907295e+001  6.514683e+001  2.000000e+000
    endloop
  endfacet
  facet normal  0.000000e+000  0.000000e+000  1.000000e+000
    outer loop
      vertex  8.907295e+001  1.285317e+001  2.000000e+000
      vertex  8.907295e+001  6.514683e+001  2.000000e+000
      vertex  6.500000e+001  2.000000e+001  2.000000e+000
    endloop
  endfacet
  facet normal  0.000000e+000  0.000000e+000  9.999999e-001
    outer loop
      vertex  6.500000e+001  2.000000e+001  2.000000e+000
      vertex  8.907295e+001  6.514683e+001  2.000000e+000
      vertex  6.500000e+001  5.800000e+001  2.000000e+000
    endloop
  endfacet
  facet normal  0.000000e+000  0.000000e+000  1.000000e+000
    outer loop
      vertex  6.500000e+001  5.800000e+001  2.000000e+000
      vertex  1.300000e+001  6.800000e+001  2.000000e+000
      vertex  1.000000e+001  5.800000e+001  2.000000e+000
    endloop
  endfacet
  facet normal  0.000000e+000  0.000000e+000  1.000000e+000
    outer loop
      vertex  1.000000e+001  5.800000e+001  2.000000e+000
      vertex  1.300000e+001  6.800000e+001  2.000000e+000
      vertex  1.242705e+001  6.623664e+001  2.000000e+000
    endloop
  endfacet
  facet normal  0.000000e+000  0.000000e+000  9.999999e-001
    outer loop
      vertex  1.000000e+001  5.800000e+001  2.000000e+000
      vertex  1.242705e+001  6.623664e+001  2.000000e+000
      vertex  1.092705e+001  6.514683e+001  2.000000e+000
    endloop
  endfacet
  facet normal  3.826822e-001 -9.238800e-001  0.000000e+000
    outer loop
      vertex  9.000000e+001  7.000000e+001  2.000000e+000
      vertex  8.858578e+001  6.941422e+001  2.600000e+001
      vertex  8.858578e+001  6.941422e+001  2.000000e+000
    endloop
  endfacet
  facet normal  9.238800e-001 -3.826822e-001  0.000000e+000
    outer loop
      vertex  8.858578e+001  6.941422e+001  2.000000e+000
      vertex  8.858578e+001  6.941422e+001  2.600000e+001
      vertex  8.800000e+001  6.800000e+001  2.600000e+001
    endloop
  endfacet
  facet normal  9.238800e-001 -3.826822e-001  0.000000e+000
    outer loop
      vertex  8.858578e+001  6.941422e+001  2.000000e+000
      vertex  8.800000e+001  6.800000e+001  2.600000e+001
      vertex  8.800000e+001  6.800000e+001  2.000000e+000
    endloop
  endfacet
  facet normal  3.826822e-001 -9.238800e-001  0.000000e+000
    outer loop
      vertex  8.858578e+001  6.941422e+001  2.600000e+001
      vertex  9.000000e+001  7.000000e+001  2.000000e+000
      vertex  9.000000e+001  7.000000e+001  2.600000e+001
    endloop
  endfacet
  facet normal -3.826822e-001 -9.238800e-001  -0.000000e+000
    outer loop
      vertex  9.000000e+001  7.000000e+001  2.600000e+001
      vertex  9.000000e+001  7.000000e+001  2.000000e+000
      vertex  9.141422e+001  6.941422e+001  2.000000e+000
    endloop
  endfacet
  facet normal -3.826822e-001 -9.238800e-001  0.000000e+000
    outer loop
      vertex  9.000000e+001  7.000000e+001  2.600000e+001
      vertex  9.141422e+001  6.941422e+001  2.000000e+000
      vertex  9.141422e+001  6.941422e+001  2.600000e+001
    endloop
  endfacet
  facet normal -9.238800e-001 -3.826822e-001  -0.000000e+000
    outer loop
      vertex  9.141422e+001  6.941422e+001  2.600000e+001
      vertex  9.141422e+001  6.941422e+001  2.000000e+000
      vertex  9.200000e+001  6.800000e+001  2.000000e+000
    endloop
  endfacet
  facet normal -9.238800e-001 -3.826822e-001  0.000000e+000
    outer loop
      vertex  9.141422e+001  6.941422e+001  2.600000e+001
      vertex  9.200000e+001  6.800000e+001  2.000000e+000
      vertex  9.200000e+001  6.800000e+001  2.600000e+001
    endloop
  endfacet
  facet normal -3.826822e-001  9.238800e-001  0.000000e+000
    outer loop
      vertex  9.000000e+001  6.600000e+001  2.000000e+000
      vertex  9.141422e+001  6.658578e+001  2.600000e+001
      vertex  9.141422e+001  6.658578e+001  2.000000e+000
    endloop
  endfacet
  facet normal -9.238800e-001  3.826822e-001  0.000000e+000
    outer loop
      vertex  9.141422e+001  6.658578e+001  2.000000e+000
      vertex  9.141422e+001  6.658578e+001  2.600000e+001
      vertex  9.200000e+001  6.800000e+001  2.600000e+001
    endloop
  endfacet
  facet normal -9.238800e-001  3.826822e-001  0.000000e+000
    outer loop
      vertex  9.141422e+001  6.658578e+001  2.000000e+000
      vertex  9.200000e+001  6.800000e+001  2.600000e+001
      vertex  9.200000e+001  6.800000e+001  2.000000e+000
    endloop
  endfacet
  facet normal -3.826822e-001  9.238800e-001  0.000000e+000
    outer loop
      vertex  9.141422e+001  6.658578e+001  2.600000e+001
      vertex  9.000000e+001  6.600000e+001  2.000000e+000
      vertex  9.000000e+001  6.600000e+001  2.600000e+001
    endloop
  endfacet
  facet normal  3.826822e-001  9.238800e-001  0.000000e+000
    outer loop
      vertex  9.000000e+001  6.600000e+001  2.600000e+001
      vertex  9.000000e+001  6.600000e+001  2.000000e+000
      vertex  8.858578e+001  6.658578e+001  2.000000e+000
    endloop
  endfacet
  facet normal  3.826822e-001  9.238800e-001  -0.000000e+000
    outer loop
      vertex  9.000000e+001  6.600000e+001  2.600000e+001
      vertex  8.858578e+001  6.658578e+001  2.000000e+000
      vertex  8.858578e+001  6.658578e+001  2.600000e+001
    endloop
  endfacet
  facet normal  9.238800e-001  3.826822e-001  0.000000e+000
    outer loop
      vertex  8.858578e+001  6.658578e+001  2.600000e+001
      vertex  8.858578e+001  6.658578e+001  2.000000e+000
      vertex  8.800000e+001  6.800000e+001  2.000000e+000
    endloop
  endfacet
  facet normal  9.238800e-001  3.826822e-001  -0.000000e+000
    outer loop
      vertex  8.858578e+001  6.658578e+001  2.600000e+001
      vertex  8.800000e+001  6.800000e+001  2.000000e+000
      vertex  8.800000e+001  6.800000e+001  2.600000e+001
    endloop
  endfacet
  facet normal  9.510562e-001 -3.090181e-001  0.000000e+000
    outer loop
      vertex  9.300000e+001  6.800000e+001  2.000000e+000
      vertex  9.300000e+001  6.800000e+001  2.600000e+001
      vertex  9.242705e+001  6.623664e+001  2.000000e+000
    endloop
  endfacet
  facet normal  9.510562e-001 -3.090181e-001  0.000000e+000
    outer loop
      vertex  9.242705e+001  6.623664e+001  2.000000e+000
      vertex  9.300000e+001  6.800000e+001  2.600000e+001
      vertex  9.242705e+001  6.623664e+001  2.600000e+001
    endloop
  endfacet
  facet normal  5.877851e-001 -8.090171e-001  0.000000e+000
    outer loop
      vertex  9.242705e+001  6.623664e+001  2.000000e+000
      vertex  9.242705e+001  6.623664e+001  2.600000e+001
      vertex  9.092705e+001  6.514683e+001  2.000000e+000
    endloop
  endfacet
  facet normal  5.877851e-001 -8.090171e-001  0.000000e+000
    outer loop
      vertex  9.092705e+001  6.514683e+001  2.000000e+000
      vertex  9.242705e+001  6.623664e+001  2.600000e+001
      vertex  9.092705e+001  6.514683e+001  2.600000e+001
    endloop
  endfacet
  facet normal  0.000000e+000 -1.000000e+000  -0.000000e+000
    outer loop
      vertex  9.092705e+001  6.514683e+001  2.000000e+000
      vertex  9.092705e+001  6.514683e+001  2.600000e+001
      vertex  8.907295e+001  6.514683e+001  2.000000e+000
    endloop
  endfacet
  facet normal  0.000000e+000 -1.000000e+000  0.000000e+000
    outer loop
      vertex  8.907295e+001  6.514683e+001  2.000000e+000
      vertex  9.092705e+001  6.514683e+001  2.600000e+001
      vertex  8.907295e+001  6.514683e+001  2.600000e+001
    endloop
  endfacet
  facet normal -5.877851e-001 -8.090171e-001  -0.000000e+000
    outer loop
      vertex  8.907295e+001  6.514683e+001  2.000000e+000
      vertex  8.907295e+001  6.514683e+001  2.600000e+001
      vertex  8.757295e+001  6.623664e+001  2.000000e+000
    endloop
  endfacet
  facet normal -5.877851e-001 -8.090171e-001  0.000000e+000
    outer loop
      vertex  8.757295e+001  6.623664e+001  2.000000e+000
      vertex  8.907295e+001  6.514683e+001  2.600000e+001
      vertex  8.757295e+001  6.623664e+001  2.600000e+001
    endloop
  endfacet
  facet normal -9.510562e-001 -3.090181e-001  -0.000000e+000
    outer loop
      vertex  8.757295e+001  6.623664e+001  2.000000e+000
      vertex  8.757295e+001  6.623664e+001  2.600000e+001
      vertex  8.700000e+001  6.800000e+001  2.000000e+000
    endloop
  endfacet
  facet normal -9.510562e-001 -3.090181e-001  0.000000e+000
    outer loop
      vertex  8.700000e+001  6.800000e+001  2.000000e+000
      vertex  8.757295e+001  6.623664e+001  2.600000e+001
      vertex  8.700000e+001  6.800000e+001  2.600000e+001
    endloop
  endfacet
  facet normal -9.510562e-001  3.090181e-001  0.000000e+000
    outer loop
      vertex  8.700000e+001  6.800000e+001  2.000000e+000
      vertex  8.700000e+001  6.800000e+001  2.600000e+001
      vertex  8.757295e+001  6.976336e+001  2.000000e+000
    endloop
  endfacet
  facet normal -9.510562e-001  3.090181e-001  0.000000e+000
    outer loop
      vertex  8.757295e+001  6.976336e+001  2.000000e+000
      vertex  8.700000e+001  6.800000e+001  2.600000e+001
      vertex  8.757295e+001  6.976336e+001  2.600000e+001
    endloop
  endfacet
  facet normal -5.877851e-001  8.090171e-001  0.000000e+000
    outer loop
      vertex  8.757295e+001  6.976336e+001  2.000000e+000
      vertex  8.757295e+001  6.976336e+001  2.600000e+001
      vertex  8.907295e+001  7.085317e+001  2.000000e+000
    endloop
  endfacet
  facet normal -5.877851e-001  8.090171e-001  0.000000e+000
    outer loop
      vertex  8.907295e+001  7.085317e+001  2.000000e+000
      vertex  8.757295e+001  6.976336e+001  2.600000e+001
      vertex  8.907295e+001  7.085317e+001  2.600000e+001
    endloop
  endfacet
  facet normal  0.000000e+000  1.000000e+000  0.000000e+000
    outer loop
      vertex  8.907295e+001  7.085317e+001  2.000000e+000
      vertex  8.907295e+001  7.085317e+001  2.600000e+001
      vertex  9.092705e+001  7.085317e+001  2.000000e+000
    endloop
  endfacet
  facet normal  0.000000e+000  1.000000e+000  -0.000000e+000
    outer loop
      vertex  9.092705e+001  7.085317e+001  2.000000e+000
      vertex  8.907295e+001  7.085317e+001  2.600000e+001
      vertex  9.092705e+001  7.085317e+001  2.600000e+001
    endloop
  endfacet
  facet normal  5.877851e-001  8.090171e-001  0.000000e+000
    outer loop
      vertex  9.092705e+001  7.085317e+001  2.000000e+000
      vertex  9.092705e+001  7.085317e+001  2.600000e+001
      vertex  9.242705e+001  6.976336e+001  2.000000e+000
    endloop
  endfacet
  facet normal  5.877851e-001  8.090171e-001  -0.000000e+000
    outer loop
      vertex  9.242705e+001  6.976336e+001  2.000000e+000
      vertex  9.092705e+001  7.085317e+001  2.600000e+001
      vertex  9.242705e+001  6.976336e+001  2.600000e+001
    endloop
  endfacet
  facet normal  9.510562e-001  3.090181e-001  0.000000e+000
    outer loop
      vertex  9.242705e+001  6.976336e+001  2.000000e+000
      vertex  9.242705e+001  6.976336e+001  2.600000e+001
      vertex  9.300000e+001  6.800000e+001  2.000000e+000
    endloop
  endfacet
  facet normal  9.510562e-001  3.090181e-001  -0.000000e+000
    outer loop
      vertex  9.300000e+001  6.800000e+001  2.000000e+000
      vertex  9.242705e+001  6.976336e+001  2.600000e+001
      vertex  9.300000e+001  6.800000e+001  2.600000e+001
    endloop
  endfacet
  facet normal  3.826833e-001 -9.238796e-001  0.000000e+000
    outer loop
      vertex  9.000000e+001  1.200000e+001  2.000000e+000
      vertex  8.858578e+001  1.141421e+001  2.600000e+001
      vertex  8.858578e+001  1.141421e+001  2.000000e+000
    endloop
  endfacet
  facet normal  9.238798e-001 -3.826827e-001  0.000000e+000
    outer loop
      vertex  8.858578e+001  1.141421e+001  2.000000e+000
      vertex  8.858578e+001  1.141421e+001  2.600000e+001
      vertex  8.800000e+001  1.000000e+001  2.600000e+001
    endloop
  endfacet
  facet normal  9.238798e-001 -3.826827e-001  0.000000e+000
    outer loop
      vertex  8.858578e+001  1.141421e+001  2.000000e+000
      vertex  8.800000e+001  1.000000e+001  2.600000e+001
      vertex  8.800000e+001  1.000000e+001  2.000000e+000
    endloop
  endfacet
  facet normal  3.826833e-001 -9.238796e-001  0.000000e+000
    outer loop
      vertex  8.858578e+001  1.141421e+001  2.600000e+001
      vertex  9.000000e+001  1.200000e+001  2.000000e+000
      vertex  9.000000e+001  1.200000e+001  2.600000e+001
    endloop
  endfacet
  facet normal -3.826833e-001 -9.238796e-001  -0.000000e+000
    outer loop
      vertex  9.000000e+001  1.200000e+001  2.600000e+001
      vertex  9.000000e+001  1.200000e+001  2.000000e+000
      vertex  9.141422e+001  1.141421e+001  2.000000e+000
    endloop
  endfacet
  facet normal -3.826833e-001 -9.238796e-001  0.000000e+000
    outer loop
      vertex  9.000000e+001  1.200000e+001  2.600000e+001
      vertex  9.141422e+001  1.141421e+001  2.000000e+000
      vertex  9.141422e+001  1.141421e+001  2.600000e+001
    endloop
  endfacet
  facet normal -9.238798e-001 -3.826827e-001  -0.000000e+000
    outer loop
      vertex  9.141422e+001  1.141421e+001  2.600000e+001
      vertex  9.141422e+001  1.141421e+001  2.000000e+000
      vertex  9.200000e+001  1.000000e+001  2.000000e+000
    endloop
  endfacet
  facet normal -9.238798e-001 -3.826827e-001  0.000000e+000
    outer loop
      vertex  9.141422e+001  1.141421e+001  2.600000e+001
      vertex  9.200000e+001  1.000000e+001  2.000000e+000
      vertex  9.200000e+001  1.000000e+001  2.600000e+001
    endloop
  endfacet
  facet normal -3.826833e-001  9.238796e-001  0.000000e+000
    outer loop
      vertex  9.000000e+001  8.000000e+000  2.000000e+000
      vertex  9.141422e+001  8.585787e+000  2.600000e+001
      vertex  9.141422e+001  8.585787e+000  2.000000e+000
    endloop
  endfacet
  facet normal -9.238798e-001  3.826827e-001  0.000000e+000
    outer loop
      vertex  9.141422e+001  8.585787e+000  2.000000e+000
      vertex  9.141422e+001  8.585787e+000  2.600000e+001
      vertex  9.200000e+001  1.000000e+001  2.600000e+001
    endloop
  endfacet
  facet normal -9.238798e-001  3.826827e-001  0.000000e+000
    outer loop
      vertex  9.141422e+001  8.585787e+000  2.000000e+000
      vertex  9.200000e+001  1.000000e+001  2.600000e+001
      vertex  9.200000e+001  1.000000e+001  2.000000e+000
    endloop
  endfacet
  facet normal -3.826833e-001  9.238796e-001  0.000000e+000
    outer loop
      vertex  9.141422e+001  8.585787e+000  2.600000e+001
      vertex  9.000000e+001  8.000000e+000  2.000000e+000
      vertex  9.000000e+001  8.000000e+000  2.600000e+001
    endloop
  endfacet
  facet normal  3.826833e-001  9.238796e-001  0.000000e+000
    outer loop
      vertex  9.000000e+001  8.000000e+000  2.600000e+001
      vertex  9.000000e+001  8.000000e+000  2.000000e+000
      vertex  8.858578e+001  8.585787e+000  2.000000e+000
    endloop
  endfacet
  facet normal  3.826833e-001  9.238796e-001  -0.000000e+000
    outer loop
      vertex  9.000000e+001  8.000000e+000  2.600000e+001
      vertex  8.858578e+001  8.585787e+000  2.000000e+000
      vertex  8.858578e+001  8.585787e+000  2.600000e+001
    endloop
  endfacet
  facet normal  9.238798e-001  3.826827e-001  0.000000e+000
    outer loop
      vertex  8.858578e+001  8.585787e+000  2.600000e+001
      vertex  8.858578e+001  8.585787e+000  2.000000e+000
      vertex  8.800000e+001  1.000000e+001  2.000000e+000
    endloop
  endfacet
  facet normal  9.238798e-001  3.826827e-001  -0.000000e+000
    outer loop
      vertex  8.858578e+001  8.585787e+000  2.600000e+001
      vertex  8.800000e+001  1.000000e+001  2.000000e+000
      vertex  8.800000e+001  1.000000e+001  2.600000e+001
    endloop
  endfacet
  facet normal  9.510561e-001 -3.090185e-001  0.000000e+000
    outer loop
      vertex  9.300000e+001  1.000000e+001  2.000000e+000
      vertex  9.300000e+001  1.000000e+001  2.600000e+001
      vertex  9.242705e+001  8.236644e+000  2.000000e+000
    endloop
  endfacet
  facet normal  9.510561e-001 -3.090185e-001  0.000000e+000
    outer loop
      vertex  9.242705e+001  8.236644e+000  2.000000e+000
      vertex  9.300000e+001  1.000000e+001  2.600000e+001
      vertex  9.242705e+001  8.236644e+000  2.600000e+001
    endloop
  endfacet
  facet normal  5.877851e-001 -8.090171e-001  0.000000e+000
    outer loop
      vertex  9.242705e+001  8.236644e+000  2.000000e+000
      vertex  9.242705e+001  8.236644e+000  2.600000e+001
      vertex  9.092705e+001  7.146831e+000  2.000000e+000
    endloop
  endfacet
  facet normal  5.877851e-001 -8.090171e-001  0.000000e+000
    outer loop
      vertex  9.092705e+001  7.146831e+000  2.000000e+000
      vertex  9.242705e+001  8.236644e+000  2.600000e+001
      vertex  9.092705e+001  7.146831e+000  2.600000e+001
    endloop
  endfacet
  facet normal  0.000000e+000 -1.000000e+000  -0.000000e+000
    outer loop
      vertex  9.092705e+001  7.146831e+000  2.000000e+000
      vertex  9.092705e+001  7.146831e+000  2.600000e+001
      vertex  8.907295e+001  7.146831e+000  2.000000e+000
    endloop
  endfacet
  facet normal  0.000000e+000 -1.000000e+000  0.000000e+000
    outer loop
      vertex  8.907295e+001  7.146831e+000  2.000000e+000
      vertex  9.092705e+001  7.146831e+000  2.600000e+001
      vertex  8.907295e+001  7.146831e+000  2.600000e+001
    endloop
  endfacet
  facet normal -5.877851e-001 -8.090171e-001  -0.000000e+000
    outer loop
      vertex  8.907295e+001  7.146831e+000  2.000000e+000
      vertex  8.907295e+001  7.146831e+000  2.600000e+001
      vertex  8.757295e+001  8.236644e+000  2.000000e+000
    endloop
  endfacet
  facet normal -5.877851e-001 -8.090171e-001  0.000000e+000
    outer loop
      vertex  8.757295e+001  8.236644e+000  2.000000e+000
      vertex  8.907295e+001  7.146831e+000  2.600000e+001
      vertex  8.757295e+001  8.236644e+000  2.600000e+001
    endloop
  endfacet
  facet normal -9.510561e-001 -3.090185e-001  -0.000000e+000
    outer loop
      vertex  8.757295e+001  8.236644e+000  2.000000e+000
      vertex  8.757295e+001  8.236644e+000  2.600000e+001
      vertex  8.700000e+001  1.000000e+001  2.000000e+000
    endloop
  endfacet
  facet normal -9.510561e-001 -3.090185e-001  0.000000e+000
    outer loop
      vertex  8.700000e+001  1.000000e+001  2.000000e+000
      vertex  8.757295e+001  8.236644e+000  2.600000e+001
      vertex  8.700000e+001  1.000000e+001  2.600000e+001
    endloop
  endfacet
  facet normal -9.510561e-001  3.090185e-001  0.000000e+000
    outer loop
      vertex  8.700000e+001  1.000000e+001  2.000000e+000
      vertex  8.700000e+001  1.000000e+001  2.600000e+001
      vertex  8.757295e+001  1.176336e+001  2.000000e+000
    endloop
  endfacet
  facet normal -9.510561e-001  3.090185e-001  0.000000e+000
    outer loop
      vertex  8.757295e+001  1.176336e+001  2.000000e+000
      vertex  8.700000e+001  1.000000e+001  2.600000e+001
      vertex  8.757295e+001  1.176336e+001  2.600000e+001
    endloop
  endfacet
  facet normal -5.877851e-001  8.090171e-001  0.000000e+000
    outer loop
      vertex  8.757295e+001  1.176336e+001  2.000000e+000
      vertex  8.757295e+001  1.176336e+001  2.600000e+001
      vertex  8.907295e+001  1.285317e+001  2.000000e+000
    endloop
  endfacet
  facet normal -5.877851e-001  8.090171e-001  0.000000e+000
    outer loop
      vertex  8.907295e+001  1.285317e+001  2.000000e+000
      vertex  8.757295e+001  1.176336e+001  2.600000e+001
      vertex  8.907295e+001  1.285317e+001  2.600000e+001
    endloop
  endfacet
  facet normal  0.000000e+000  1.000000e+000  0.000000e+000
    outer loop
      vertex  8.907295e+001  1.285317e+001  2.000000e+000
      vertex  8.907295e+001  1.285317e+001  2.600000e+001
      vertex  9.092705e+001  1.285317e+001  2.000000e+000
    endloop
  endfacet
  facet normal  0.000000e+000  1.000000e+000  -0.000000e+000
    outer loop
      vertex  9.092705e+001  1.285317e+001  2.000000e+000
      vertex  8.907295e+001  1.285317e+001  2.600000e+001
      vertex  9.092705e+001  1.285317e+001  2.600000e+001
    endloop
  endfacet
  facet normal  5.877851e-001  8.090171e-001  0.000000e+000
    outer loop
      vertex  9.092705e+001  1.285317e+001  2.000000e+000
      vertex  9.092705e+001  1.285317e+001  2.600000e+001
      vertex  9.242705e+001  1.176336e+001  2.000000e+000
    endloop
  endfacet
  facet normal  5.877851e-001  8.090171e-001  -0.000000e+000
    outer loop
      vertex  9.242705e+001  1.176336e+001  2.000000e+000
      vertex  9.092705e+001  1.285317e+001  2.600000e+001
      vertex  9.242705e+001  1.176336e+001  2.600000e+001
    endloop
  endfacet
  facet normal  9.510561e-001  3.090185e-001  0.000000e+000
    outer loop
      vertex  9.242705e+001  1.176336e+001  2.000000e+000
      vertex  9.242705e+001  1.176336e+001  2.600000e+001
      vertex  9.300000e+001  1.000000e+001  2.000000e+000
    endloop
  endfacet
  facet normal  9.510561e-001  3.090185e-001  -0.000000e+000
    outer loop
      vertex  9.300000e+001  1.000000e+001  2.000000e+000
      vertex  9.242705e+001  1.176336e+001  2.600000e+001
      vertex  9.300000e+001  1.000000e+001  2.600000e+001
    endloop
  endfacet
  facet normal  3.826827e-001 -9.238798e-001  0.000000e+000
    outer loop
      vertex  1.000000e+001  7.000000e+001  2.000000e+000
      vertex  8.585787e+000  6.941422e+001  2.600000e+001
      vertex  8.585787e+000  6.941422e+001  2.000000e+000
    endloop
  endfacet
  facet normal  9.238796e-001 -3.826833e-001  0.000000e+000
    outer loop
      vertex  8.585787e+000  6.941422e+001  2.000000e+000
      vertex  8.585787e+000  6.941422e+001  2.600000e+001
      vertex  8.000000e+000  6.800000e+001  2.600000e+001
    endloop
  endfacet
  facet normal  9.238796e-001 -3.826833e-001  0.000000e+000
    outer loop
      vertex  8.585787e+000  6.941422e+001  2.000000e+000
      vertex  8.000000e+000  6.800000e+001  2.600000e+001
      vertex  8.000000e+000  6.800000e+001  2.000000e+000
    endloop
  endfacet
  facet normal  3.826827e-001 -9.238798e-001  0.000000e+000
    outer loop
      vertex  8.585787e+000  6.941422e+001  2.600000e+001
      vertex  1.000000e+001  7.000000e+001  2.000000e+000
      vertex  1.000000e+001  7.000000e+001  2.600000e+001
    endloop
  endfacet
  facet normal -3.826827e-001 -9.238798e-001  -0.000000e+000
    outer loop
      vertex  1.000000e+001  7.000000e+001  2.600000e+001
      vertex  1.000000e+001  7.000000e+001  2.000000e+000
      vertex  1.141421e+001  6.941422e+001  2.000000e+000
    endloop
  endfacet
  facet normal -3.826827e-001 -9.238798e-001  0.000000e+000
    outer loop
      vertex  1.000000e+001  7.000000e+001  2.600000e+001
      vertex  1.141421e+001  6.941422e+001  2.000000e+000
      vertex  1.141421e+001  6.941422e+001  2.600000e+001
    endloop
  endfacet
  facet normal -9.238796e-001 -3.826833e-001  -0.000000e+000
    outer loop
      vertex  1.141421e+001  6.941422e+001  2.600000e+001
      vertex  1.141421e+001  6.941422e+001  2.000000e+000
      vertex  1.200000e+001  6.800000e+001  2.000000e+000
    endloop
  endfacet
  facet normal -9.238796e-001 -3.826833e-001  0.000000e+000
    outer loop
      vertex  1.141421e+001  6.941422e+001  2.600000e+001
      vertex  1.200000e+001  6.800000e+001  2.000000e+000
      vertex  1.200000e+001  6.800000e+001  2.600000e+001
    endloop
  endfacet
  facet normal -3.826827e-001  9.238798e-001  0.000000e+000
    outer loop
      vertex  1.000000e+001  6.600000e+001  2.000000e+000
      vertex  1.141421e+001  6.658578e+001  2.600000e+001
      vertex  1.141421e+001  6.658578e+001  2.000000e+000
    endloop
  endfacet
  facet normal -9.238796e-001  3.826833e-001  0.000000e+000
    outer loop
      vertex  1.141421e+001  6.658578e+001  2.000000e+000
      vertex  1.141421e+001  6.658578e+001  2.600000e+001
      vertex  1.200000e+001  6.800000e+001  2.600000e+001
    endloop
  endfacet
  facet normal -9.238796e-001  3.826833e-001  0.000000e+000
    outer loop
      vertex  1.141421e+001  6.658578e+001  2.000000e+000
      vertex  1.200000e+001  6.800000e+001  2.600000e+001
      vertex  1.200000e+001  6.800000e+001  2.000000e+000
    endloop
  endfacet
  facet normal -3.826827e-001  9.238798e-001  0.000000e+000
    outer loop
      vertex  1.141421e+001  6.658578e+001  2.600000e+001
      vertex  1.000000e+001  6.600000e+001  2.000000e+000
      vertex  1.000000e+001  6.600000e+001  2.600000e+001
    endloop
  endfacet
  facet normal  3.826827e-001  9.238798e-001  0.000000e+000
    outer loop
      vertex  1.000000e+001  6.600000e+001  2.600000e+001
      vertex  1.000000e+001  6.600000e+001  2.000000e+000
      vertex  8.585787e+000  6.658578e+001  2.000000e+000
    endloop
  endfacet
  facet normal  3.826827e-001  9.238798e-001  -0.000000e+000
    outer loop
      vertex  1.000000e+001  6.600000e+001  2.600000e+001
      vertex  8.585787e+000  6.658578e+001  2.000000e+000
      vertex  8.585787e+000  6.658578e+001  2.600000e+001
    endloop
  endfacet
  facet normal  9.238796e-001  3.826833e-001  0.000000e+000
    outer loop
      vertex  8.585787e+000  6.658578e+001  2.600000e+001
      vertex  8.585787e+000  6.658578e+001  2.000000e+000
      vertex  8.000000e+000  6.800000e+001  2.000000e+000
    endloop
  endfacet
  facet normal  9.238796e-001  3.826833e-001  -0.000000e+000
    outer loop
      vertex  8.585787e+000  6.658578e+001  2.600000e+001
      vertex  8.000000e+000  6.800000e+001  2.000000e+000
      vertex  8.000000e+000  6.800000e+001  2.600000e+001
    endloop
  endfacet
  facet normal  9.510567e-001 -3.090167e-001  0.000000e+000
    outer loop
      vertex  1.300000e+001  6.800000e+001  2.000000e+000
      vertex  1.300000e+001  6.800000e+001  2.600000e+001
      vertex  1.242705e+001  6.623664e+001  2.000000e+000
    endloop
  endfacet
  facet normal  9.510567e-001 -3.090167e-001  0.000000e+000
    outer loop
      vertex  1.242705e+001  6.623664e+001  2.000000e+000
      vertex  1.300000e+001  6.800000e+001  2.600000e+001
      vertex  1.242705e+001  6.623664e+001  2.600000e+001
    endloop
  endfacet
  facet normal  5.877851e-001 -8.090171e-001  0.000000e+000
    outer loop
      vertex  1.242705e+001  6.623664e+001  2.000000e+000
      vertex  1.242705e+001  6.623664e+001  2.600000e+001
      vertex  1.092705e+001  6.514683e+001  2.000000e+000
    endloop
  endfacet
  facet normal  5.877851e-001 -8.090171e-001  0.000000e+000
    outer loop
      vertex  1.092705e+001  6.514683e+001  2.000000e+000
      vertex  1.242705e+001  6.623664e+001  2.600000e+001
      vertex  1.092705e+001  6.514683e+001  2.600000e+001
    endloop
  endfacet
  facet normal  0.000000e+000 -1.000000e+000  -0.000000e+000
    outer loop
      vertex  1.092705e+001  6.514683e+001  2.000000e+000
      vertex  1.092705e+001  6.514683e+001  2.600000e+001
      vertex  9.072949e+000  6.514683e+001  2.000000e+000
    endloop
  endfacet
  facet normal  0.000000e+000 -1.000000e+000  0.000000e+000
    outer loop
      vertex  9.072949e+000  6.514683e+001  2.000000e+000
      vertex  1.092705e+001  6.514683e+001  2.600000e+001
      vertex  9.072949e+000  6.514683e+001  2.600000e+001
    endloop
  endfacet
  facet normal -5.877849e-001 -8.090172e-001  -0.000000e+000
    outer loop
      vertex  9.072949e+000  6.514683e+001  2.000000e+000
      vertex  9.072949e+000  6.514683e+001  2.600000e+001
      vertex  7.572949e+000  6.623664e+001  2.000000e+000
    endloop
  endfacet
  facet normal -5.877849e-001 -8.090172e-001  0.000000e+000
    outer loop
      vertex  7.572949e+000  6.623664e+001  2.000000e+000
      vertex  9.072949e+000  6.514683e+001  2.600000e+001
      vertex  7.572949e+000  6.623664e+001  2.600000e+001
    endloop
  endfacet
  facet normal -9.510567e-001 -3.090164e-001  -0.000000e+000
    outer loop
      vertex  7.572949e+000  6.623664e+001  2.000000e+000
      vertex  7.572949e+000  6.623664e+001  2.600000e+001
      vertex  7.000000e+000  6.800000e+001  2.000000e+000
    endloop
  endfacet
  facet normal -9.510567e-001 -3.090164e-001  0.000000e+000
    outer loop
      vertex  7.000000e+000  6.800000e+001  2.000000e+000
      vertex  7.572949e+000  6.623664e+001  2.600000e+001
      vertex  7.000000e+000  6.800000e+001  2.600000e+001
    endloop
  endfacet
  facet normal -9.510567e-001  3.090164e-001  0.000000e+000
    outer loop
      vertex  7.000000e+000  6.800000e+001  2.000000e+000
      vertex  7.000000e+000  6.800000e+001  2.600000e+001
      vertex  7.572949e+000  6.976336e+001  2.000000e+000
    endloop
  endfacet
  facet normal -9.510567e-001  3.090164e-001  0.000000e+000
    outer loop
      vertex  7.572949e+000  6.976336e+001  2.000000e+000
      vertex  7.000000e+000  6.800000e+001  2.600000e+001
      vertex  7.572949e+000  6.976336e+001  2.600000e+001
    endloop
  endfacet
  facet normal -5.877849e-001  8.090172e-001  0.000000e+000
    outer loop
      vertex  7.572949e+000  6.976336e+001  2.000000e+000
      vertex  7.572949e+000  6.976336e+001  2.600000e+001
      vertex  9.072949e+000  7.085317e+001  2.000000e+000
    endloop
  endfacet
  facet normal -5.877849e-001  8.090172e-001  0.000000e+000
    outer loop
      vertex  9.072949e+000  7.085317e+001  2.000000e+000
      vertex  7.572949e+000  6.976336e+001  2.600000e+001
      vertex  9.072949e+000  7.085317e+001  2.600000e+001
    endloop
  endfacet
  facet normal  0.000000e+000  1.000000e+000  0.000000e+000
    outer loop
      vertex  9.072949e+000  7.085317e+001  2.000000e+000
      vertex  9.072949e+000  7.085317e+001  2.600000e+001
      vertex  1.092705e+001  7.085317e+001  2.000000e+000
    endloop
  endfacet
  facet normal  0.000000e+000  1.000000e+000  -0.000000e+000
    outer loop
      vertex  1.092705e+001  7.085317e+001  2.000000e+000
      vertex  9.072949e+000  7.085317e+001  2.600000e+001
      vertex  1.092705e+001  7.085317e+001  2.600000e+001
    endloop
  endfacet
  facet normal  5.877851e-001  8.090171e-001  0.000000e+000
    outer loop
      vertex  1.092705e+001  7.085317e+001  2.000000e+000
      vertex  1.092705e+001  7.085317e+001  2.600000e+001
      vertex  1.242705e+001  6.976336e+001  2.000000e+000
    endloop
  endfacet
  facet normal  5.877851e-001  8.090171e-001  -0.000000e+000
    outer loop
      vertex  1.242705e+001  6.976336e+001  2.000000e+000
      vertex  1.092705e+001  7.085317e+001  2.600000e+001
      vertex  1.242705e+001  6.976336e+001  2.600000e+001
    endloop
  endfacet
  facet normal  9.510567e-001  3.090167e-001  0.000000e+000
    outer loop
      vertex  1.242705e+001  6.976336e+001  2.000000e+000
      vertex  1.242705e+001  6.976336e+001  2.600000e+001
      vertex  1.300000e+001  6.800000e+001  2.000000e+000
    endloop
  endfacet
  facet normal  9.510567e-001  3.090167e-001  -0.000000e+000
    outer loop
      vertex  1.300000e+001  6.800000e+001  2.000000e+000
      vertex  1.242705e+001  6.976336e+001  2.600000e+001
      vertex  1.300000e+001  6.800000e+001  2.600000e+001
    endloop
  endfacet
  facet normal  3.826837e-001 -9.238794e-001  0.000000e+000
    outer loop
      vertex  1.000000e+001  1.200000e+001  2.000000e+000
      vertex  8.585787e+000  1.141421e+001  2.600000e+001
      vertex  8.585787e+000  1.141421e+001  2.000000e+000
    endloop
  endfacet
  facet normal  9.238794e-001 -3.826837e-001  0.000000e+000
    outer loop
      vertex  8.585787e+000  1.141421e+001  2.000000e+000
      vertex  8.585787e+000  1.141421e+001  2.600000e+001
      vertex  8.000000e+000  1.000000e+001  2.600000e+001
    endloop
  endfacet
  facet normal  9.238794e-001 -3.826837e-001  0.000000e+000
    outer loop
      vertex  8.585787e+000  1.141421e+001  2.000000e+000
      vertex  8.000000e+000  1.000000e+001  2.600000e+001
      vertex  8.000000e+000  1.000000e+001  2.000000e+000
    endloop
  endfacet
  facet normal  3.826837e-001 -9.238794e-001  0.000000e+000
    outer loop
      vertex  8.585787e+000  1.141421e+001  2.600000e+001
      vertex  1.000000e+001  1.200000e+001  2.000000e+000
      vertex  1.000000e+001  1.200000e+001  2.600000e+001
    endloop
  endfacet
  facet normal -3.826837e-001 -9.238794e-001  -0.000000e+000
    outer loop
      vertex  1.000000e+001  1.200000e+001  2.600000e+001
      vertex  1.000000e+001  1.200000e+001  2.000000e+000
      vertex  1.141421e+001  1.141421e+001  2.000000e+000
    endloop
  endfacet
  facet normal -3.826837e-001 -9.238794e-001  0.000000e+000
    outer loop
      vertex  1.000000e+001  1.200000e+001  2.600000e+001
      vertex  1.141421e+001  1.141421e+001  2.000000e+000
      vertex  1.141421e+001  1.141421e+001  2.600000e+001
    endloop
  endfacet
  facet normal -9.238794e-001 -3.826837e-001  -0.000000e+000
    outer loop
      vertex  1.141421e+001  1.141421e+001  2.600000e+001
      vertex  1.141421e+001  1.141421e+001  2.000000e+000
      vertex  1.200000e+001  1.000000e+001  2.000000e+000
    endloop
  endfacet
  facet normal -9.238794e-001 -3.826837e-001  0.000000e+000
    outer loop
      vertex  1.141421e+001  1.141421e+001  2.600000e+001
      vertex  1.200000e+001  1.000000e+001  2.000000e+000
      vertex  1.200000e+001  1.000000e+001  2.600000e+001
    endloop
  endfacet
  facet normal -3.826837e-001  9.238794e-001  0.000000e+000
    outer loop
      vertex  1.000000e+001  8.000000e+000  2.000000e+000
      vertex  1.141421e+001  8.585787e+000  2.600000e+001
      vertex  1.141421e+001  8.585787e+000  2.000000e+000
    endloop
  endfacet
  facet normal -9.238794e-001  3.826837e-001  0.000000e+000
    outer loop
      vertex  1.141421e+001  8.585787e+000  2.000000e+000
      vertex  1.141421e+001  8.585787e+000  2.600000e+001
      vertex  1.200000e+001  1.000000e+001  2.600000e+001
    endloop
  endfacet
  facet normal -9.238794e-001  3.826837e-001  0.000000e+000
    outer loop
      vertex  1.141421e+001  8.585787e+000  2.000000e+000
      vertex  1.200000e+001  1.000000e+001  2.600000e+001
      vertex  1.200000e+001  1.000000e+001  2.000000e+000
    endloop
  endfacet
  facet normal -3.826837e-001  9.238794e-001  0.000000e+000
    outer loop
      vertex  1.141421e+001  8.585787e+000  2.600000e+001
      vertex  1.000000e+001  8.000000e+000  2.000000e+000
      vertex  1.000000e+001  8.000000e+000  2.600000e+001
    endloop
  endfacet
  facet normal  3.826837e-001  9.238794e-001  0.000000e+000
    outer loop
      vertex  1.000000e+001  8.000000e+000  2.600000e+001
      vertex  1.000000e+001  8.000000e+000  2.000000e+000
      vertex  8.585787e+000  8.585787e+000  2.000000e+000
    endloop
  endfacet
  facet normal  3.826837e-001  9.238794e-001  -0.000000e+000
    outer loop
      vertex  1.000000e+001  8.000000e+000  2.600000e+001
      vertex  8.585787e+000  8.585787e+000  2.000000e+000
      vertex  8.585787e+000  8.585787e+000  2.600000e+001
    endloop
  endfacet
  facet normal  9.238794e-001  3.826837e-001  0.000000e+000
    outer loop
      vertex  8.585787e+000  8.585787e+000  2.600000e+001
      vertex  8.585787e+000  8.585787e+000  2.000000e+000
      vertex  8.000000e+000  1.000000e+001  2.000000e+000
    endloop
  endfacet
  facet normal  9.238794e-001  3.826837e-001  -0.000000e+000
    outer loop
      vertex  8.585787e+000  8.585787e+000  2.600000e+001
      vertex  8.000000e+000  1.000000e+001  2.000000e+000
      vertex  8.000000e+000  1.000000e+001  2.600000e+001
    endloop
  endfacet
  facet normal  9.510565e-001 -3.090171e-001  0.000000e+000
    outer loop
      vertex  1.300000e+001  1.000000e+001  2.000000e+000
      vertex  1.300000e+001  1.000000e+001  2.600000e+001
      vertex  1.242705e+001  8.236644e+000  2.000000e+000
    endloop
  endfacet
  facet normal  9.510565e-001 -3.090171e-001  0.000000e+000
    outer loop
      vertex  1.242705e+001  8.236644e+000  2.000000e+000
      vertex  1.300000e+001  1.000000e+001  2.600000e+001
      vertex  1.242705e+001  8.236644e+000  2.600000e+001
    endloop
  endfacet
  facet normal  5.877851e-001 -8.090171e-001  0.000000e+000
    outer loop
      vertex  1.242705e+001  8.236644e+000  2.000000e+000
      vertex  1.242705e+001  8.236644e+000  2.600000e+001
      vertex  1.092705e+001  7.146831e+000  2.000000e+000
    endloop
  endfacet
  facet normal  5.877851e-001 -8.090171e-001  0.000000e+000
    outer loop
      vertex  1.092705e+001  7.146831e+000  2.000000e+000
      vertex  1.242705e+001  8.236644e+000  2.600000e+001
      vertex  1.092705e+001  7.146831e+000  2.600000e+001
    endloop
  endfacet
  facet normal  0.000000e+000 -1.000000e+000  -0.000000e+000
    outer loop
      vertex  1.092705e+001  7.146831e+000  2.000000e+000
      vertex  1.092705e+001  7.146831e+000  2.600000e+001
      vertex  9.072949e+000  7.146831e+000  2.000000e+000
    endloop
  endfacet
  facet normal  0.000000e+000 -1.000000e+000  0.000000e+000
    outer loop
      vertex  9.072949e+000  7.146831e+000  2.000000e+000
      vertex  1.092705e+001  7.146831e+000  2.600000e+001
      vertex  9.072949e+000  7.146831e+000  2.600000e+001
    endloop
  endfacet
  facet normal -5.877849e-001 -8.090172e-001  -0.000000e+000
    outer loop
      vertex  9.072949e+000  7.146831e+000  2.000000e+000
      vertex  9.072949e+000  7.146831e+000  2.600000e+001
      vertex  7.572949e+000  8.236644e+000  2.000000e+000
    endloop
  endfacet
  facet normal -5.877849e-001 -8.090172e-001  0.000000e+000
    outer loop
      vertex  7.572949e+000  8.236644e+000  2.000000e+000
      vertex  9.072949e+000  7.146831e+000  2.600000e+001
      vertex  7.572949e+000  8.236644e+000  2.600000e+001
    endloop
  endfacet
  facet normal -9.510566e-001 -3.090169e-001  -0.000000e+000
    outer loop
      vertex  7.572949e+000  8.236644e+000  2.000000e+000
      vertex  7.572949e+000  8.236644e+000  2.600000e+001
      vertex  7.000000e+000  1.000000e+001  2.000000e+000
    endloop
  endfacet
  facet normal -9.510566e-001 -3.090169e-001  0.000000e+000
    outer loop
      vertex  7.000000e+000  1.000000e+001  2.000000e+000
      vertex  7.572949e+000  8.236644e+000  2.600000e+001
      vertex  7.000000e+000  1.000000e+001  2.600000e+001
    endloop
  endfacet
  facet normal -9.510566e-001  3.090169e-001  0.000000e+000
    outer loop
      vertex  7.000000e+000  1.000000e+001  2.000000e+000
      vertex  7.000000e+000  1.000000e+001  2.600000e+001
      vertex  7.572949e+000  1.176336e+001  2.000000e+000
    endloop
  endfacet
  facet normal -9.510566e-001  3.090169e-001  0.000000e+000
    outer loop
      vertex  7.572949e+000  1.176336e+001  2.000000e+000
      vertex  7.000000e+000  1.000000e+001  2.600000e+001
      vertex  7.572949e+000  1.176336e+001  2.600000e+001
    endloop
  endfacet
  facet normal -5.877849e-001  8.090172e-001  0.000000e+000
    outer loop
      vertex  7.572949e+000  1.176336e+001  2.000000e+000
      vertex  7.572949e+000  1.176336e+001  2.600000e+001
      vertex  9.072949e+000  1.285317e+001  2.000000e+000
    endloop
  endfacet
  facet normal -5.877849e-001  8.090172e-001  0.000000e+000
    outer loop
      vertex  9.072949e+000  1.285317e+001  2.000000e+000
      vertex  7.572949e+000  1.176336e+001  2.600000e+001
      vertex  9.072949e+000  1.285317e+001  2.600000e+001
    endloop
  endfacet
  facet normal  0.000000e+000  1.000000e+000  0.000000e+000
    outer loop
      vertex  9.072949e+000  1.285317e+001  2.000000e+000
      vertex  9.072949e+000  1.285317e+001  2.600000e+001
      vertex  1.092705e+001  1.285317e+001  2.000000e+000
    endloop
  endfacet
  facet normal  0.000000e+000  1.000000e+000  -0.000000e+000
    outer loop
      vertex  1.092705e+001  1.285317e+001  2.000000e+000
      vertex  9.072949e+000  1.285317e+001  2.600000e+001
      vertex  1.092705e+001  1.285317e+001  2.600000e+001
    endloop
  endfacet
  facet normal  5.877851e-001  8.090171e-001  0.000000e+000
    outer loop
      vertex  1.092705e+001  1.285317e+001  2.000000e+000
      vertex  1.092705e+001  1.285317e+001  2.600000e+001
      vertex  1.242705e+001  1.176336e+001  2.000000e+000
    endloop
  endfacet
  facet normal  5.877851e-001  8.090171e-001  -0.000000e+000
    outer loop
      vertex  1.242705e+001  1.176336e+001  2.000000e+000
      vertex  1.092705e+001  1.285317e+001  2.600000e+001
      vertex  1.242705e+001  1.176336e+001  2.600000e+001
    endloop
  endfacet
  facet normal  9.510565e-001  3.090171e-001  0.000000e+000
    outer loop
      vertex  1.242705e+001  1.176336e+001  2.000000e+000
      vertex  1.242705e+001  1.176336e+001  2.600000e+001
      vertex  1.300000e+001  1.000000e+001  2.000000e+000
    endloop
  endfacet
  facet normal  9.510565e-001  3.090171e-001  -0.000000e+000
    outer loop
      vertex  1.300000e+001  1.000000e+001  2.000000e+000
      vertex  1.242705e+001  1.176336e+001  2.600000e+001
      vertex  1.300000e+001  1.000000e+001  2.600000e+001
    endloop
  endfacet
  facet normal  0.000000e+000  -0.000000e+000  1.000000e+000
    outer loop
      vertex  9.000000e+001  6.600000e+001  2.600000e+001
      vertex  9.092705e+001  6.514683e+001  2.600000e+001
      vertex  9.242705e+001  6.623664e+001  2.600000e+001
    endloop
  endfacet
  facet normal  -0.000000e+000  0.000000e+000  1.000000e+000
    outer loop
      vertex  9.092705e+001  7.085317e+001  2.600000e+001
      vertex  8.907295e+001  7.085317e+001  2.600000e+001
      vertex  9.000000e+001  7.000000e+001  2.600000e+001
    endloop
  endfacet
  facet normal  0.000000e+000  0.000000e+000  1.000000e+000
    outer loop
      vertex  9.000000e+001  7.000000e+001  2.600000e+001
      vertex  8.907295e+001  7.085317e+001  2.600000e+001
      vertex  8.757295e+001  6.976336e+001  2.600000e+001
    endloop
  endfacet
  facet normal  -0.000000e+000  0.000000e+000  1.000000e+000
    outer loop
      vertex  9.000000e+001  7.000000e+001  2.600000e+001
      vertex  8.757295e+001  6.976336e+001  2.600000e+001
      vertex  8.858578e+001  6.941422e+001  2.600000e+001
    endloop
  endfacet
  facet normal  0.000000e+000  0.000000e+000  1.000000e+000
    outer loop
      vertex  8.858578e+001  6.941422e+001  2.600000e+001
      vertex  8.757295e+001  6.976336e+001  2.600000e+001
      vertex  8.800000e+001  6.800000e+001  2.600000e+001
    endloop
  endfacet
  facet normal  0.000000e+000  0.000000e+000  9.999999e-001
    outer loop
      vertex  8.800000e+001  6.800000e+001  2.600000e+001
      vertex  8.757295e+001  6.976336e+001  2.600000e+001
      vertex  8.700000e+001  6.800000e+001  2.600000e+001
    endloop
  endfacet
  facet normal  -0.000000e+000  0.000000e+000  9.999999e-001
    outer loop
      vertex  8.800000e+001  6.800000e+001  2.600000e+001
      vertex  8.700000e+001  6.800000e+001  2.600000e+001
      vertex  8.858578e+001  6.658578e+001  2.600000e+001
    endloop
  endfacet
  facet normal  0.000000e+000  0.000000e+000  1.000000e+000
    outer loop
      vertex  8.858578e+001  6.658578e+001  2.600000e+001
      vertex  8.700000e+001  6.800000e+001  2.600000e+001
      vertex  8.757295e+001  6.623664e+001  2.600000e+001
    endloop
  endfacet
  facet normal  -0.000000e+000  0.000000e+000  1.000000e+000
    outer loop
      vertex  8.858578e+001  6.658578e+001  2.600000e+001
      vertex  8.757295e+001  6.623664e+001  2.600000e+001
      vertex  9.000000e+001  6.600000e+001  2.600000e+001
    endloop
  endfacet
  facet normal  0.000000e+000  0.000000e+000  1.000000e+000
    outer loop
      vertex  9.000000e+001  6.600000e+001  2.600000e+001
      vertex  8.757295e+001  6.623664e+001  2.600000e+001
      vertex  8.907295e+001  6.514683e+001  2.600000e+001
    endloop
  endfacet
  facet normal  0.000000e+000  0.000000e+000  1.000000e+000
    outer loop
      vertex  9.000000e+001  6.600000e+001  2.600000e+001
      vertex  8.907295e+001  6.514683e+001  2.600000e+001
      vertex  9.092705e+001  6.514683e+001  2.600000e+001
    endloop
  endfacet
  facet normal  -0.000000e+000  0.000000e+000  1.000000e+000
    outer loop
      vertex  9.092705e+001  7.085317e+001  2.600000e+001
      vertex  9.000000e+001  7.000000e+001  2.600000e+001
      vertex  9.242705e+001  6.976336e+001  2.600000e+001
    endloop
  endfacet
  facet normal  0.000000e+000  0.000000e+000  1.000000e+000
    outer loop
      vertex  9.242705e+001  6.976336e+001  2.600000e+001
      vertex  9.000000e+001  7.000000e+001  2.600000e+001
      vertex  9.141422e+001  6.941422e+001  2.600000e+001
    endloop
  endfacet
  facet normal  -0.000000e+000  0.000000e+000  1.000000e+000
    outer loop
      vertex  9.242705e+001  6.976336e+001  2.600000e+001
      vertex  9.141422e+001  6.941422e+001  2.600000e+001
      vertex  9.300000e+001  6.800000e+001  2.600000e+001
    endloop
  endfacet
  facet normal  0.000000e+000  0.000000e+000  9.999999e-001
    outer loop
      vertex  9.300000e+001  6.800000e+001  2.600000e+001
      vertex  9.141422e+001  6.941422e+001  2.600000e+001
      vertex  9.200000e+001  6.800000e+001  2.600000e+001
    endloop
  endfacet
  facet normal  -0.000000e+000  0.000000e+000  9.999999e-001
    outer loop
      vertex  9.300000e+001  6.800000e+001  2.600000e+001
      vertex  9.200000e+001  6.800000e+001  2.600000e+001
      vertex  9.242705e+001  6.623664e+001  2.600000e+001
    endloop
  endfacet
  facet normal  0.000000e+000  0.000000e+000  1.000000e+000
    outer loop
      vertex  9.242705e+001  6.623664e+001  2.600000e+001
      vertex  9.200000e+001  6.800000e+001  2.600000e+001
      vertex  9.141422e+001  6.658578e+001  2.600000e+001
    endloop
  endfacet
  facet normal  0.000000e+000  0.000000e+000  1.000000e+000
    outer loop
      vertex  9.242705e+001  6.623664e+001  2.600000e+001
      vertex  9.141422e+001  6.658578e+001  2.600000e+001
      vertex  9.000000e+001  6.600000e+001  2.600000e+001
    endloop
  endfacet
  facet normal  0.000000e+000  -0.000000e+000  1.000000e+000
    outer loop
      vertex  9.000000e+001  8.000000e+000  2.600000e+001
      vertex  9.092705e+001  7.146831e+000  2.600000e+001
      vertex  9.242705e+001  8.236644e+000  2.600000e+001
    endloop
  endfacet
  facet normal  -0.000000e+000  0.000000e+000  1.000000e+000
    outer loop
      vertex  9.092705e+001  1.285317e+001  2.600000e+001
      vertex  8.907295e+001  1.285317e+001  2.600000e+001
      vertex  9.000000e+001  1.200000e+001  2.600000e+001
    endloop
  endfacet
  facet normal  0.000000e+000  0.000000e+000  1.000000e+000
    outer loop
      vertex  9.000000e+001  1.200000e+001  2.600000e+001
      vertex  8.907295e+001  1.285317e+001  2.600000e+001
      vertex  8.757295e+001  1.176336e+001  2.600000e+001
    endloop
  endfacet
  facet normal  -0.000000e+000  0.000000e+000  1.000000e+000
    outer loop
      vertex  9.000000e+001  1.200000e+001  2.600000e+001
      vertex  8.757295e+001  1.176336e+001  2.600000e+001
      vertex  8.858578e+001  1.141421e+001  2.600000e+001
    endloop
  endfacet
  facet normal  0.000000e+000  0.000000e+000  1.000000e+000
    outer loop
      vertex  8.858578e+001  1.141421e+001  2.600000e+001
      vertex  8.757295e+001  1.176336e+001  2.600000e+001
      vertex  8.800000e+001  1.000000e+001  2.600000e+001
    endloop
  endfacet
  facet normal  0.000000e+000  0.000000e+000  1.000000e+000
    outer loop
      vertex  8.800000e+001  1.000000e+001  2.600000e+001
      vertex  8.757295e+001  1.176336e+001  2.600000e+001
      vertex  8.700000e+001  1.000000e+001  2.600000e+001
    endloop
  endfacet
  facet normal  -0.000000e+000  0.000000e+000  9.999999e-001
    outer loop
      vertex  8.800000e+001  1.000000e+001  2.600000e+001
      vertex  8.700000e+001  1.000000e+001  2.600000e+001
      vertex  8.858578e+001  8.585787e+000  2.600000e+001
    endloop
  endfacet
  facet normal  0.000000e+000  0.000000e+000  9.999999e-001
    outer loop
      vertex  8.858578e+001  8.585787e+000  2.600000e+001
      vertex  8.700000e+001  1.000000e+001  2.600000e+001
      vertex  8.757295e+001  8.236644e+000  2.600000e+001
    endloop
  endfacet
  facet normal  -0.000000e+000  0.000000e+000  1.000000e+000
    outer loop
      vertex  8.858578e+001  8.585787e+000  2.600000e+001
      vertex  8.757295e+001  8.236644e+000  2.600000e+001
      vertex  9.000000e+001  8.000000e+000  2.600000e+001
    endloop
  endfacet
  facet normal  0.000000e+000  0.000000e+000  1.000000e+000
    outer loop
      vertex  9.000000e+001  8.000000e+000  2.600000e+001
      vertex  8.757295e+001  8.236644e+000  2.600000e+001
      vertex  8.907295e+001  7.146831e+000  2.600000e+001
    endloop
  endfacet
  facet normal  0.000000e+000  0.000000e+000  1.000000e+000
    outer loop
      vertex  9.000000e+001  8.000000e+000  2.600000e+001
      vertex  8.907295e+001  7.146831e+000  2.600000e+001
      vertex  9.092705e+001  7.146831e+000  2.600000e+001
    endloop
  endfacet
  facet normal  -0.000000e+000  0.000000e+000  1.000000e+000
    outer loop
      vertex  9.092705e+001  1.285317e+001  2.600000e+001
      vertex  9.000000e+001  1.200000e+001  2.600000e+001
      vertex  9.242705e+001  1.176336e+001  2.600000e+001
    endloop
  endfacet
  facet normal  0.000000e+000  0.000000e+000  1.000000e+000
    outer loop
      vertex  9.242705e+001  1.176336e+001  2.600000e+001
      vertex  9.000000e+001  1.200000e+001  2.600000e+001
      vertex  9.141422e+001  1.141421e+001  2.600000e+001
    endloop
  endfacet
  facet normal  -0.000000e+000  0.000000e+000  9.999999e-001
    outer loop
      vertex  9.242705e+001  1.176336e+001  2.600000e+001
      vertex  9.141422e+001  1.141421e+001  2.600000e+001
      vertex  9.300000e+001  1.000000e+001  2.600000e+001
    endloop
  endfacet
  facet normal  0.000000e+000  0.000000e+000  9.999999e-001
    outer loop
      vertex  9.300000e+001  1.000000e+001  2.600000e+001
      vertex  9.141422e+001  1.141421e+001  2.600000e+001
      vertex  9.200000e+001  1.000000e+001  2.600000e+001
    endloop
  endfacet
  facet normal  -0.000000e+000  0.000000e+000  1.000000e+000
    outer loop
      vertex  9.300000e+001  1.000000e+001  2.600000e+001
      vertex  9.200000e+001  1.000000e+001  2.600000e+001
      vertex  9.242705e+001  8.236644e+000  2.600000e+001
    endloop
  endfacet
  facet normal  0.000000e+000  0.000000e+000  1.000000e+000
    outer loop
      vertex  9.242705e+001  8.236644e+000  2.600000e+001
      vertex  9.200000e+001  1.000000e+001  2.600000e+001
      vertex  9.141422e+001  8.585787e+000  2.600000e+001
    endloop
  endfacet
  facet normal  0.000000e+000  0.000000e+000  1.000000e+000
    outer loop
      vertex  9.242705e+001  8.236644e+000  2.600000e+001
      vertex  9.141422e+001  8.585787e+000  2.600000e+001
      vertex  9.000000e+001  8.000000e+000  2.600000e+001
    endloop
  endfacet
  facet normal  0.000000e+000  -0.000000e+000  1.000000e+000
    outer loop
      vertex  1.000000e+001  6.600000e+001  2.600000e+001
      vertex  1.092705e+001  6.514683e+001  2.600000e+001
      vertex  1.242705e+001  6.623664e+001  2.600000e+001
    endloop
  endfacet
  facet normal  -0.000000e+000  0.000000e+000  1.000000e+000
    outer loop
      vertex  1.092705e+001  7.085317e+001  2.600000e+001
      vertex  9.072949e+000  7.085317e+001  2.600000e+001
      vertex  1.000000e+001  7.000000e+001  2.600000e+001
    endloop
  endfacet
  facet normal  0.000000e+000  0.000000e+000  1.000000e+000
    outer loop
      vertex  1.000000e+001  7.000000e+001  2.600000e+001
      vertex  9.072949e+000  7.085317e+001  2.600000e+001
      vertex  7.572949e+000  6.976336e+001  2.600000e+001
    endloop
  endfacet
  facet normal  -0.000000e+000  0.000000e+000  9.999999e-001
    outer loop
      vertex  1.000000e+001  7.000000e+001  2.600000e+001
      vertex  7.572949e+000  6.976336e+001  2.600000e+001
      vertex  8.585787e+000  6.941422e+001  2.600000e+001
    endloop
  endfacet
  facet normal  0.000000e+000  0.000000e+000  1.000000e+000
    outer loop
      vertex  8.585787e+000  6.941422e+001  2.600000e+001
      vertex  7.572949e+000  6.976336e+001  2.600000e+001
      vertex  8.000000e+000  6.800000e+001  2.600000e+001
    endloop
  endfacet
  facet normal  0.000000e+000  0.000000e+000  9.999999e-001
    outer loop
      vertex  8.000000e+000  6.800000e+001  2.600000e+001
      vertex  7.572949e+000  6.976336e+001  2.600000e+001
      vertex  7.000000e+000  6.800000e+001  2.600000e+001
    endloop
  endfacet
  facet normal  -0.000000e+000  0.000000e+000  9.999999e-001
    outer loop
      vertex  8.000000e+000  6.800000e+001  2.600000e+001
      vertex  7.000000e+000  6.800000e+001  2.600000e+001
      vertex  8.585787e+000  6.658578e+001  2.600000e+001
    endloop
  endfacet
  facet normal  0.000000e+000  0.000000e+000  1.000000e+000
    outer loop
      vertex  8.585787e+000  6.658578e+001  2.600000e+001
      vertex  7.000000e+000  6.800000e+001  2.600000e+001
      vertex  7.572949e+000  6.623664e+001  2.600000e+001
    endloop
  endfacet
  facet normal  -0.000000e+000  0.000000e+000  9.999999e-001
    outer loop
      vertex  8.585787e+000  6.658578e+001  2.600000e+001
      vertex  7.572949e+000  6.623664e+001  2.600000e+001
      vertex  1.000000e+001  6.600000e+001  2.600000e+001
    endloop
  endfacet
  facet normal  0.000000e+000  0.000000e+000  1.000000e+000
    outer loop
      vertex  1.000000e+001  6.600000e+001  2.600000e+001
      vertex  7.572949e+000  6.623664e+001  2.600000e+001
      vertex  9.072949e+000  6.514683e+001  2.600000e+001
    endloop
  endfacet
  facet normal  0.000000e+000  0.000000e+000  1.000000e+000
    outer loop
      vertex  1.000000e+001  6.600000e+001  2.600000e+001
      vertex  9.072949e+000  6.514683e+001  2.600000e+001
      vertex  1.092705e+001  6.514683e+001  2.600000e+001
    endloop
  endfacet
  facet normal  -0.000000e+000  0.000000e+000  1.000000e+000
    outer loop
      vertex  1.092705e+001  7.085317e+001  2.600000e+001
      vertex  1.000000e+001  7.000000e+001  2.600000e+001
      vertex  1.242705e+001  6.976336e+001  2.600000e+001
    endloop
  endfacet
  facet normal  0.000000e+000  0.000000e+000  1.000000e+000
    outer loop
      vertex  1.242705e+001  6.976336e+001  2.600000e+001
      vertex  1.000000e+001  7.000000e+001  2.600000e+001
      vertex  1.141421e+001  6.941422e+001  2.600000e+001
    endloop
  endfacet
  facet normal  -0.000000e+000  0.000000e+000  1.000000e+000
    outer loop
      vertex  1.242705e+001  6.976336e+001  2.600000e+001
      vertex  1.141421e+001  6.941422e+001  2.600000e+001
      vertex  1.300000e+001  6.800000e+001  2.600000e+001
    endloop
  endfacet
  facet normal  0.000000e+000  0.000000e+000  9.999999e-001
    outer loop
      vertex  1.300000e+001  6.800000e+001  2.600000e+001
      vertex  1.141421e+001  6.941422e+001  2.600000e+001
      vertex  1.200000e+001  6.800000e+001  2.600000e+001
    endloop
  endfacet
  facet normal  -0.000000e+000  0.000000e+000  9.999999e-001
    outer loop
      vertex  1.300000e+001  6.800000e+001  2.600000e+001
      vertex  1.200000e+001  6.800000e+001  2.600000e+001
      vertex  1.242705e+001  6.623664e+001  2.600000e+001
    endloop
  endfacet
  facet normal  0.000000e+000  0.000000e+000  1.000000e+000
    outer loop
      vertex  1.242705e+001  6.623664e+001  2.600000e+001
      vertex  1.200000e+001  6.800000e+001  2.600000e+001
      vertex  1.141421e+001  6.658578e+001  2.600000e+001
    endloop
  endfacet
  facet normal  0.000000e+000  0.000000e+000  1.000000e+000
    outer loop
      vertex  1.242705e+001  6.623664e+001  2.600000e+001
      vertex  1.141421e+001  6.658578e+001  2.600000e+001
      vertex  1.000000e+001  6.600000e+001  2.600000e+001
    endloop
  endfacet
  facet normal  0.000000e+000  -0.000000e+000  1.000000e+000
    outer loop
      vertex  1.000000e+001  8.000000e+000  2.600000e+001
      vertex  1.092705e+001  7.146831e+000  2.600000e+001
      vertex  1.242705e+001  8.236644e+000  2.600000e+001
    endloop
  endfacet
  facet normal  -0.000000e+000  0.000000e+000  1.000000e+000
    outer loop
      vertex  1.092705e+001  1.285317e+001  2.600000e+001
      vertex  9.072949e+000  1.285317e+001  2.600000e+001
      vertex  1.000000e+001  1.200000e+001  2.600000e+001
    endloop
  endfacet
  facet normal  0.000000e+000  0.000000e+000  1.000000e+000
    outer loop
      vertex  1.000000e+001  1.200000e+001  2.600000e+001
      vertex  9.072949e+000  1.285317e+001  2.600000e+001
      vertex  7.572949e+000  1.176336e+001  2.600000e+001
    endloop
  endfacet
  facet normal  -0.000000e+000  0.000000e+000  1.000000e+000
    outer loop
      vertex  1.000000e+001  1.200000e+001  2.600000e+001
      vertex  7.572949e+000  1.176336e+001  2.600000e+001
      vertex  8.585787e+000  1.141421e+001  2.600000e+001
    endloop
  endfacet
  facet normal  0.000000e+000  0.000000e+000  1.000000e+000
    outer loop
      vertex  8.585787e+000  1.141421e+001  2.600000e+001
      vertex  7.572949e+000  1.176336e+001  2.600000e+001
      vertex  8.000000e+000  1.000000e+001  2.600000e+001
    endloop
  endfacet
  facet normal  0.000000e+000  0.000000e+000  1.000000e+000
    outer loop
      vertex  8.000000e+000  1.000000e+001  2.600000e+001
      vertex  7.572949e+000  1.176336e+001  2.600000e+001
      vertex  7.000000e+000  1.000000e+001  2.600000e+001
    endloop
  endfacet
  facet normal  -0.000000e+000  0.000000e+000  9.999999e-001
    outer loop
      vertex  8.000000e+000  1.000000e+001  2.600000e+001
      vertex  7.000000e+000  1.000000e+001  2.600000e+001
      vertex  8.585787e+000  8.585787e+000  2.600000e+001
    endloop
  endfacet
  facet normal  0.000000e+000  0.000000e+000  1.000000e+000
    outer loop
      vertex  8.585787e+000  8.585787e+000  2.600000e+001
      vertex  7.000000e+000  1.000000e+001  2.600000e+001
      vertex  7.572949e+000  8.236644e+000  2.600000e+001
    endloop
  endfacet
  facet normal  -0.000000e+000  0.000000e+000  1.000000e+000
    outer loop
      vertex  8.585787e+000  8.585787e+000  2.600000e+001
      vertex  7.572949e+000  8.236644e+000  2.600000e+001
      vertex  1.000000e+001  8.000000e+000  2.600000e+001
    endloop
  endfacet
  facet normal  0.000000e+000  0.000000e+000  1.000000e+000
    outer loop
      vertex  1.000000e+001  8.000000e+000  2.600000e+001
      vertex  7.572949e+000  8.236644e+000  2.600000e+001
      vertex  9.072949e+000  7.146831e+000  2.600000e+001
    endloop
  endfacet
  facet normal  0.000000e+000  0.000000e+000  1.000000e+000
    outer loop
      vertex  1.000000e+001  8.000000e+000  2.600000e+001
      vertex  9.072949e+000  7.146831e+000  2.600000e+001
      vertex  1.092705e+001  7.146831e+000  2.600000e+001
    endloop
  endfacet
  facet normal  -0.000000e+000  0.000000e+000  1.000000e+000
    outer loop
      vertex  1.092705e+001  1.285317e+001  2.600000e+001
      vertex  1.000000e+001  1.200000e+001  2.600000e+001
      vertex  1.242705e+001  1.176336e+001  2.600000e+001
    endloop
  endfacet
  facet normal  0.000000e+000  0.000000e+000  1.000000e+000
    outer loop
      vertex  1.242705e+001  1.176336e+001  2.600000e+001
      vertex  1.000000e+001  1.200000e+001  2.600000e+001
      vertex  1.141421e+001  1.141421e+001  2.600000e+001
    endloop
  endfacet
  facet normal  -0.000000e+000  0.000000e+000  1.000000e+000
    outer loop
      vertex  1.242705e+001  1.176336e+001  2.600000e+001
      vertex  1.141421e+001  1.141421e+001  2.600000e+001
      vertex  1.300000e+001  1.000000e+001  2.600000e+001
    endloop
  endfacet
  facet normal  0.000000e+000  0.000000e+000  9.999999e-001
    outer loop
      vertex  1.300000e+001  1.000000e+001  2.600000e+001
      vertex  1.141421e+001  1.141421e+001  2.600000e+001
      vertex  1.200000e+001  1.000000e+001  2.600000e+001
    endloop
  endfacet
  facet normal  -0.000000e+000  0.000000e+000  1.000000e+000
    outer loop
      vertex  1.300000e+001  1.000000e+001  2.600000e+001
      vertex  1.200000e+001  1.000000e+001  2.600000e+001
      vertex  1.242705e+001  8.236644e+000  2.600000e+001
    endloop
  endfacet
  facet normal  0.000000e+000  0.000000e+000  1.000000e+000
    outer loop
      vertex  1.242705e+001  8.236644e+000  2.600000e+001
      vertex  1.200000e+001  1.000000e+001  2.600000e+001
      vertex  1.141421e+001  8.585787e+000  2.600000e+001
    endloop
  endfacet
  facet normal  0.000000e+000  0.000000e+000  1.000000e+000
    outer loop
      vertex  1.242705e+001  8.236644e+000  2.600000e+001
      vertex  1.141421e+001  8.585787e+000  2.600000e+001
      vertex  1.000000e+001  8.000000e+000  2.600000e+001
    endloop
  endfacet
  facet normal  -0.000000e+000  0.000000e+000 -1.000000e+000
    outer loop
      vertex  2.000000e+001  4.750000e+001  0.000000e+000
      vertex  2.000000e+001  4.250000e+001  0.000000e+000
      vertex  1.823223e+001  4.176777e+001  0.000000e+000
    endloop
  endfacet
  facet normal  -0.000000e+000  0.000000e+000 -1.000000e+000
    outer loop
      vertex  2.000000e+001  3.750000e+001  0.000000e+000
      vertex  2.000000e+001  3.250000e+001  0.000000e+000
      vertex  1.823223e+001  3.176777e+001  0.000000e+000
    endloop
  endfacet
  facet normal  0.000000e+000  0.000000e+000 -1.000000e+000
    outer loop
      vertex  2.000000e+000  0.000000e+000  0.000000e+000
      vertex  5.857865e-001  5.857865e-001  0.000000e+000
      vertex  0.000000e+000  2.000000e+000  0.000000e+000
    endloop
  endfacet
  facet normal  0.000000e+000  0.000000e+000 -1.000000e+000
    outer loop
      vertex  2.000000e+000  0.000000e+000  0.000000e+000
      vertex  0.000000e+000  2.000000e+000  0.000000e+000
      vertex  2.000000e+001  2.750000e+001  0.000000e+000
    endloop
  endfacet
  facet normal  0.000000e+000  -0.000000e+000 -1.000000e+000
    outer loop
      vertex  2.000000e+000  0.000000e+000  0.000000e+000
      vertex  2.000000e+001  2.750000e+001  0.000000e+000
      vertex  3.000000e+001  2.750000e+001  0.000000e+000
    endloop
  endfacet
  facet normal  0.000000e+000  -0.000000e+000 -1.000000e+000
    outer loop
      vertex  2.000000e+000  0.000000e+000  0.000000e+000
      vertex  3.000000e+001  2.750000e+001  0.000000e+000
      vertex  4.000000e+001  2.750000e+001  0.000000e+000
    endloop
  endfacet
  facet normal  0.000000e+000  -0.000000e+000 -1.000000e+000
    outer loop
      vertex  2.000000e+000  0.000000e+000  0.000000e+000
      vertex  4.000000e+001  2.750000e+001  0.000000e+000
      vertex  5.000000e+001  2.750000e+001  0.000000e+000
    endloop
  endfacet
  facet normal  0.000000e+000  -0.000000e+000 -1.000000e+000
    outer loop
      vertex  2.000000e+000  0.000000e+000  0.000000e+000
      vertex  5.000000e+001  2.750000e+001  0.000000e+000
      vertex  9.933334e+001  0.000000e+000  0.000000e+000
    endloop
  endfacet
  facet normal  -0.000000e+000  0.000000e+000 -1.000000e+000
    outer loop
      vertex  5.000000e+001  2.750000e+001  0.000000e+000
      vertex  1.200000e+002  1.600000e+001  0.000000e+000
      vertex  1.197889e+002  1.510557e+001  0.000000e+000
    endloop
  endfacet
  facet normal  -0.000000e+000  0.000000e+000 -1.000000e+000
    outer loop
      vertex  5.000000e+001  2.750000e+001  0.000000e+000
      vertex  1.197889e+002  1.510557e+001  0.000000e+000
      vertex  1.192000e+002  1.440000e+001  0.000000e+000
    endloop
  endfacet
  facet normal  -0.000000e+000  0.000000e+000 -1.000000e+000
    outer loop
      vertex  5.000000e+001  2.750000e+001  0.000000e+000
      vertex  1.192000e+002  1.440000e+001  0.000000e+000
      vertex  1.005333e+002  4.000000e-001  0.000000e+000
    endloop
  endfacet
  facet normal  -0.000000e+000  0.000000e+000 -9.999999e-001
    outer loop
      vertex  5.000000e+001  2.750000e+001  0.000000e+000
      vertex  1.005333e+002  4.000000e-001  0.000000e+000
      vertex  9.933334e+001  0.000000e+000  0.000000e+000
    endloop
  endfacet
  facet normal  -0.000000e+000  0.000000e+000 -1.000000e+000
    outer loop
      vertex  2.000000e+000  7.800000e+001  0.000000e+000
      vertex  9.933334e+001  7.800000e+001  0.000000e+000
      vertex  5.000000e+001  5.250000e+001  0.000000e+000
    endloop
  endfacet
  facet normal  0.000000e+000  0.000000e+000 -1.000000e+000
    outer loop
      vertex  2.000000e+000  7.800000e+001  0.000000e+000
      vertex  5.000000e+001  5.250000e+001  0.000000e+000
      vertex  4.000000e+001  5.250000e+001  0.000000e+000
    endloop
  endfacet
  facet normal  0.000000e+000  0.000000e+000 -1.000000e+000
    outer loop
      vertex  2.000000e+000  7.800000e+001  0.000000e+000
      vertex  4.000000e+001  5.250000e+001  0.000000e+000
      vertex  3.000000e+001  5.250000e+001  0.000000e+000
    endloop
  endfacet
  facet normal  0.000000e+000  0.000000e+000 -1.000000e+000
    outer loop
      vertex  2.000000e+000  7.800000e+001  0.000000e+000
      vertex  3.000000e+001  5.250000e+001  0.000000e+000
      vertex  2.000000e+001  5.250000e+001  0.000000e+000
    endloop
  endfacet
  facet normal  0.000000e+000  0.000000e+000 -1.000000e+000
    outer loop
      vertex  2.000000e+000  7.800000e+001  0.000000e+000
      vertex  2.000000e+001  5.250000e+001  0.000000e+000
      vertex  5.857865e-001  7.741422e+001  0.000000e+000
    endloop
  endfacet
  facet normal  0.000000e+000  -0.000000e+000 -1.000000e+000
    outer loop
      vertex  0.000000e+000  2.000000e+000  0.000000e+000
      vertex  1.750000e+001  5.000000e+001  0.000000e+000
      vertex  1.823223e+001  4.823223e+001  0.000000e+000
    endloop
  endfacet
  facet normal  0.000000e+000  -0.000000e+000 -1.000000e+000
    outer loop
      vertex  0.000000e+000  2.000000e+000  0.000000e+000
      vertex  1.823223e+001  4.823223e+001  0.000000e+000
      vertex  2.000000e+001  4.750000e+001  0.000000e+000
    endloop
  endfacet
  facet normal  0.000000e+000  0.000000e+000 -1.000000e+000
    outer loop
      vertex  0.000000e+000  2.000000e+000  0.000000e+000
      vertex  2.000000e+001  4.750000e+001  0.000000e+000
      vertex  1.823223e+001  4.176777e+001  0.000000e+000
    endloop
  endfacet
  facet normal  0.000000e+000  0.000000e+000 -1.000000e+000
    outer loop
      vertex  0.000000e+000  2.000000e+000  0.000000e+000
      vertex  1.823223e+001  4.176777e+001  0.000000e+000
      vertex  1.750000e+001  4.000000e+001  0.000000e+000
    endloop
  endfacet
  facet normal  0.000000e+000  -0.000000e+000 -1.000000e+000
    outer loop
      vertex  0.000000e+000  2.000000e+000  0.000000e+000
      vertex  1.750000e+001  4.000000e+001  0.000000e+000
      vertex  1.823223e+001  3.823223e+001  0.000000e+000
    endloop
  endfacet
  facet normal  0.000000e+000  -0.000000e+000 -1.000000e+000
    outer loop
      vertex  0.000000e+000  2.000000e+000  0.000000e+000
      vertex  1.823223e+001  3.823223e+001  0.000000e+000
      vertex  2.000000e+001  3.750000e+001  0.000000e+000
    endloop
  endfacet
  facet normal  0.000000e+000  0.000000e+000 -9.999999e-001
    outer loop
      vertex  0.000000e+000  2.000000e+000  0.000000e+000
      vertex  2.000000e+001  3.750000e+001  0.000000e+000
      vertex  1.823223e+001  3.176777e+001  0.000000e+000
    endloop
  endfacet
  facet normal  0.000000e+000  0.000000e+000 -1.000000e+000
    outer loop
      vertex  0.000000e+000  2.000000e+000  0.000000e+000
      vertex  1.823223e+001  3.176777e+001  0.000000e+000
      vertex  1.750000e+001  3.000000e+001  0.000000e+000
    endloop
  endfacet
  facet normal  0.000000e+000  -0.000000e+000 -1.000000e+000
    outer loop
      vertex  0.000000e+000  2.000000e+000  0.000000e+000
      vertex  1.750000e+001  3.000000e+001  0.000000e+000
      vertex  1.823223e+001  2.823223e+001  0.000000e+000
    endloop
  endfacet
  facet normal  0.000000e+000  -0.000000e+000 -1.000000e+000
    outer loop
      vertex  0.000000e+000  2.000000e+000  0.000000e+000
      vertex  1.823223e+001  2.823223e+001  0.000000e+000
      vertex  2.000000e+001  2.750000e+001  0.000000e+000
    endloop
  endfacet
  facet normal  0.000000e+000  -0.000000e+000 -1.000000e+000
    outer loop
      vertex  0.000000e+000  7.600000e+001  0.000000e+000
      vertex  5.857865e-001  7.741422e+001  0.000000e+000
      vertex  2.000000e+001  5.250000e+001  0.000000e+000
    endloop
  endfacet
  facet normal  -0.000000e+000  0.000000e+000 -1.000000e+000
    outer loop
      vertex  0.000000e+000  7.600000e+001  0.000000e+000
      vertex  2.000000e+001  5.250000e+001  0.000000e+000
      vertex  1.823223e+001  5.176777e+001  0.000000e+000
    endloop
  endfacet
  facet normal  -0.000000e+000  0.000000e+000 -1.000000e+000
    outer loop
      vertex  0.000000e+000  7.600000e+001  0.000000e+000
      vertex  1.823223e+001  5.176777e+001  0.000000e+000
      vertex  1.750000e+001  5.000000e+001  0.000000e+000
    endloop
  endfacet
  facet normal  -0.000000e+000  0.000000e+000 -1.000000e+000
    outer loop
      vertex  0.000000e+000  7.600000e+001  0.000000e+000
      vertex  1.750000e+001  5.000000e+001  0.000000e+000
      vertex  0.000000e+000  2.000000e+000  0.000000e+000
    endloop
  endfacet
  facet normal  0.000000e+000  -0.000000e+000 -1.000000e+000
    outer loop
      vertex  5.000000e+001  5.250000e+001  0.000000e+000
      vertex  9.933334e+001  7.800000e+001  0.000000e+000
      vertex  1.005333e+002  7.760000e+001  0.000000e+000
    endloop
  endfacet
  facet normal  0.000000e+000  -0.000000e+000 -1.000000e+000
    outer loop
      vertex  5.000000e+001  5.250000e+001  0.000000e+000
      vertex  1.005333e+002  7.760000e+001  0.000000e+000
      vertex  1.192000e+002  6.360000e+001  0.000000e+000
    endloop
  endfacet
  facet normal  0.000000e+000  -0.000000e+000 -1.000000e+000
    outer loop
      vertex  5.000000e+001  5.250000e+001  0.000000e+000
      vertex  1.192000e+002  6.360000e+001  0.000000e+000
      vertex  1.197889e+002  6.289443e+001  0.000000e+000
    endloop
  endfacet
  facet normal  0.000000e+000  -0.000000e+000 -1.000000e+000
    outer loop
      vertex  5.000000e+001  5.250000e+001  0.000000e+000
      vertex  1.197889e+002  6.289443e+001  0.000000e+000
      vertex  1.200000e+002  6.200000e+001  0.000000e+000
    endloop
  endfacet
  facet normal  0.000000e+000  0.000000e+000 -1.000000e+000
    outer loop
      vertex  5.000000e+001  5.250000e+001  0.000000e+000
      vertex  1.200000e+002  6.200000e+001  0.000000e+000
      vertex  5.176777e+001  5.176777e+001  0.000000e+000
    endloop
  endfacet
  facet normal  0.000000e+000  0.000000e+000 -1.000000e+000
    outer loop
      vertex  1.200000e+002  1.600000e+001  0.000000e+000
      vertex  5.000000e+001  2.750000e+001  0.000000e+000
      vertex  5.176777e+001  2.823223e+001  0.000000e+000
    endloop
  endfacet
  facet normal  0.000000e+000  0.000000e+000 -1.000000e+000
    outer loop
      vertex  1.200000e+002  1.600000e+001  0.000000e+000
      vertex  5.176777e+001  2.823223e+001  0.000000e+000
      vertex  5.250000e+001  3.000000e+001  0.000000e+000
    endloop
  endfacet
  facet normal  0.000000e+000  0.000000e+000 -1.000000e+000
    outer loop
      vertex  1.200000e+002  1.600000e+001  0.000000e+000
      vertex  5.250000e+001  3.000000e+001  0.000000e+000
      vertex  5.176777e+001  3.176777e+001  0.000000e+000
    endloop
  endfacet
  facet normal  0.000000e+000  0.000000e+000 -1.000000e+000
    outer loop
      vertex  1.200000e+002  1.600000e+001  0.000000e+000
      vertex  5.176777e+001  3.176777e+001  0.000000e+000
      vertex  5.000000e+001  3.250000e+001  0.000000e+000
    endloop
  endfacet
  facet normal  0.000000e+000  0.000000e+000 -1.000000e+000
    outer loop
      vertex  1.200000e+002  1.600000e+001  0.000000e+000
      vertex  5.000000e+001  3.250000e+001  0.000000e+000
      vertex  5.000000e+001  3.750000e+001  0.000000e+000
    endloop
  endfacet
  facet normal  0.000000e+000  0.000000e+000 -1.000000e+000
    outer loop
      vertex  1.200000e+002  1.600000e+001  0.000000e+000
      vertex  5.000000e+001  3.750000e+001  0.000000e+000
      vertex  5.176777e+001  3.823223e+001  0.000000e+000
    endloop
  endfacet
  facet normal  0.000000e+000  0.000000e+000 -1.000000e+000
    outer loop
      vertex  1.200000e+002  1.600000e+001  0.000000e+000
      vertex  5.176777e+001  3.823223e+001  0.000000e+000
      vertex  5.250000e+001  4.000000e+001  0.000000e+000
    endloop
  endfacet
  facet normal  0.000000e+000  0.000000e+000 -1.000000e+000
    outer loop
      vertex  1.200000e+002  1.600000e+001  0.000000e+000
      vertex  5.250000e+001  4.000000e+001  0.000000e+000
      vertex  5.176777e+001  4.176777e+001  0.000000e+000
    endloop
  endfacet
  facet normal  0.000000e+000  0.000000e+000 -1.000000e+000
    outer loop
      vertex  1.200000e+002  1.600000e+001  0.000000e+000
      vertex  5.176777e+001  4.176777e+001  0.000000e+000
      vertex  5.000000e+001  4.250000e+001  0.000000e+000
    endloop
  endfacet
  facet normal  0.000000e+000  0.000000e+000 -1.000000e+000
    outer loop
      vertex  1.200000e+002  1.600000e+001  0.000000e+000
      vertex  5.000000e+001  4.250000e+001  0.000000e+000
      vertex  5.000000e+001  4.750000e+001  0.000000e+000
    endloop
  endfacet
  facet normal  0.000000e+000  0.000000e+000 -1.000000e+000
    outer loop
      vertex  1.200000e+002  1.600000e+001  0.000000e+000
      vertex  5.000000e+001  4.750000e+001  0.000000e+000
      vertex  5.176777e+001  4.823223e+001  0.000000e+000
    endloop
  endfacet
  facet normal  0.000000e+000  0.000000e+000 -1.000000e+000
    outer loop
      vertex  1.200000e+002  1.600000e+001  0.000000e+000
      vertex  5.176777e+001  4.823223e+001  0.000000e+000
      vertex  5.250000e+001  5.000000e+001  0.000000e+000
    endloop
  endfacet
  facet normal  0.000000e+000  0.000000e+000 -1.000000e+000
    outer loop
      vertex  1.200000e+002  1.600000e+001  0.000000e+000
      vertex  5.250000e+001  5.000000e+001  0.000000e+000
      vertex  5.176777e+001  5.176777e+001  0.000000e+000
    endloop
  endfacet
  facet normal  0.000000e+000  0.000000e+000 -1.000000e+000
    outer loop
      vertex  1.200000e+002  1.600000e+001  0.000000e+000
      vertex  5.176777e+001  5.176777e+001  0.000000e+000
      vertex  1.200000e+002  6.200000e+001  0.000000e+000
    endloop
  endfacet
  facet normal  0.000000e+000  0.000000e+000 -1.000000e+000
    outer loop
      vertex  2.750000e+001  4.000000e+001  0.000000e+000
      vertex  2.176777e+001  4.176777e+001  0.000000e+000
      vertex  2.823223e+001  4.176777e+001  0.000000e+000
    endloop
  endfacet
  facet normal  0.000000e+000  0.000000e+000 -1.000000e+000
    outer loop
      vertex  2.823223e+001  4.176777e+001  0.000000e+000
      vertex  2.176777e+001  4.176777e+001  0.000000e+000
      vertex  2.000000e+001  4.250000e+001  0.000000e+000
    endloop
  endfacet
  facet normal  0.000000e+000  0.000000e+000 -1.000000e+000
    outer loop
      vertex  2.823223e+001  4.176777e+001  0.000000e+000
      vertex  2.000000e+001  4.250000e+001  0.000000e+000
      vertex  3.000000e+001  4.250000e+001  0.000000e+000
    endloop
  endfacet
  facet normal  0.000000e+000  0.000000e+000 -1.000000e+000
    outer loop
      vertex  3.000000e+001  4.250000e+001  0.000000e+000
      vertex  2.000000e+001  4.250000e+001  0.000000e+000
      vertex  2.000000e+001  4.750000e+001  0.000000e+000
    endloop
  endfacet
  facet normal  0.000000e+000  0.000000e+000 -1.000000e+000
    outer loop
      vertex  3.000000e+001  4.250000e+001  0.000000e+000
      vertex  2.000000e+001  4.750000e+001  0.000000e+000
      vertex  3.000000e+001  4.750000e+001  0.000000e+000
    endloop
  endfacet
  facet normal  0.000000e+000  0.000000e+000 -1.000000e+000
    outer loop
      vertex  3.000000e+001  4.750000e+001  0.000000e+000
      vertex  2.000000e+001  4.750000e+001  0.000000e+000
      vertex  2.176777e+001  4.823223e+001  0.000000e+000
    endloop
  endfacet
  facet normal  0.000000e+000  0.000000e+000 -1.000000e+000
    outer loop
      vertex  3.000000e+001  4.750000e+001  0.000000e+000
      vertex  2.176777e+001  4.823223e+001  0.000000e+000
      vertex  2.823223e+001  4.823223e+001  0.000000e+000
    endloop
  endfacet
  facet normal  0.000000e+000  0.000000e+000 -1.000000e+000
    outer loop
      vertex  2.823223e+001  4.823223e+001  0.000000e+000
      vertex  2.176777e+001  4.823223e+001  0.000000e+000
      vertex  2.250000e+001  5.000000e+001  0.000000e+000
    endloop
  endfacet
  facet normal  0.000000e+000  0.000000e+000 -1.000000e+000
    outer loop
      vertex  2.823223e+001  4.823223e+001  0.000000e+000
      vertex  2.250000e+001  5.000000e+001  0.000000e+000
      vertex  2.750000e+001  5.000000e+001  0.000000e+000
    endloop
  endfacet
  facet normal  0.000000e+000  0.000000e+000 -1.000000e+000
    outer loop
      vertex  2.750000e+001  5.000000e+001  0.000000e+000
      vertex  2.250000e+001  5.000000e+001  0.000000e+000
      vertex  2.176777e+001  5.176777e+001  0.000000e+000
    endloop
  endfacet
  facet normal  0.000000e+000  0.000000e+000 -1.000000e+000
    outer loop
      vertex  2.750000e+001  5.000000e+001  0.000000e+000
      vertex  2.176777e+001  5.176777e+001  0.000000e+000
      vertex  2.823223e+001  5.176777e+001  0.000000e+000
    endloop
  endfacet
  facet normal  0.000000e+000  0.000000e+000 -1.000000e+000
    outer loop
      vertex  2.823223e+001  5.176777e+001  0.000000e+000
      vertex  2.176777e+001  5.176777e+001  0.000000e+000
      vertex  2.000000e+001  5.250000e+001  0.000000e+000
    endloop
  endfacet
  facet normal  0.000000e+000  0.000000e+000 -1.000000e+000
    outer loop
      vertex  2.823223e+001  5.176777e+001  0.000000e+000
      vertex  2.000000e+001  5.250000e+001  0.000000e+000
      vertex  3.000000e+001  5.250000e+001  0.000000e+000
    endloop
  endfacet
  facet normal  0.000000e+000  0.000000e+000 -1.000000e+000
    outer loop
      vertex  2.176777e+001  4.176777e+001  0.000000e+000
      vertex  2.750000e+001  4.000000e+001  0.000000e+000
      vertex  2.250000e+001  4.000000e+001  0.000000e+000
    endloop
  endfacet
  facet normal  0.000000e+000  0.000000e+000 -1.000000e+000
    outer loop
      vertex  2.250000e+001  4.000000e+001  0.000000e+000
      vertex  2.750000e+001  4.000000e+001  0.000000e+000
      vertex  2.823223e+001  3.823223e+001  0.000000e+000
    endloop
  endfacet
  facet normal  0.000000e+000  0.000000e+000 -1.000000e+000
    outer loop
      vertex  2.250000e+001  4.000000e+001  0.000000e+000
      vertex  2.823223e+001  3.823223e+001  0.000000e+000
      vertex  2.176777e+001  3.823223e+001  0.000000e+000
    endloop
  endfacet
  facet normal  0.000000e+000  0.000000e+000 -1.000000e+000
    outer loop
      vertex  2.176777e+001  3.823223e+001  0.000000e+000
      vertex  2.823223e+001  3.823223e+001  0.000000e+000
      vertex  3.000000e+001  3.750000e+001  0.000000e+000
    endloop
  endfacet
  facet normal  0.000000e+000  0.000000e+000 -1.000000e+000
    outer loop
      vertex  2.176777e+001  3.823223e+001  0.000000e+000
      vertex  3.000000e+001  3.750000e+001  0.000000e+000
      vertex  2.000000e+001  3.750000e+001  0.000000e+000
    endloop
  endfacet
  facet normal  0.000000e+000  0.000000e+000 -1.000000e+000
    outer loop
      vertex  2.000000e+001  3.750000e+001  0.000000e+000
      vertex  3.000000e+001  3.750000e+001  0.000000e+000
      vertex  3.000000e+001  3.250000e+001  0.000000e+000
    endloop
  endfacet
  facet normal  0.000000e+000  0.000000e+000 -1.000000e+000
    outer loop
      vertex  2.000000e+001  3.750000e+001  0.000000e+000
      vertex  3.000000e+001  3.250000e+001  0.000000e+000
      vertex  2.000000e+001  3.250000e+001  0.000000e+000
    endloop
  endfacet
  facet normal  0.000000e+000  0.000000e+000 -1.000000e+000
    outer loop
      vertex  2.000000e+001  3.250000e+001  0.000000e+000
      vertex  3.000000e+001  3.250000e+001  0.000000e+000
      vertex  2.823223e+001  3.176777e+001  0.000000e+000
    endloop
  endfacet
  facet normal  0.000000e+000  0.000000e+000 -1.000000e+000
    outer loop
      vertex  2.000000e+001  3.250000e+001  0.000000e+000
      vertex  2.823223e+001  3.176777e+001  0.000000e+000
      vertex  2.176777e+001  3.176777e+001  0.000000e+000
    endloop
  endfacet
  facet normal  0.000000e+000  0.000000e+000 -1.000000e+000
    outer loop
      vertex  2.176777e+001  3.176777e+001  0.000000e+000
      vertex  2.823223e+001  3.176777e+001  0.000000e+000
      vertex  2.750000e+001  3.000000e+001  0.000000e+000
    endloop
  endfacet
  facet normal  0.000000e+000  0.000000e+000 -1.000000e+000
    outer loop
      vertex  2.176777e+001  3.176777e+001  0.000000e+000
      vertex  2.750000e+001  3.000000e+001  0.000000e+000
      vertex  2.250000e+001  3.000000e+001  0.000000e+000
    endloop
  endfacet
  facet normal  0.000000e+000  0.000000e+000 -1.000000e+000
    outer loop
      vertex  2.250000e+001  3.000000e+001  0.000000e+000
      vertex  2.750000e+001  3.000000e+001  0.000000e+000
      vertex  2.823223e+001  2.823223e+001  0.000000e+000
    endloop
  endfacet
  facet normal  0.000000e+000  0.000000e+000 -1.000000e+000
    outer loop
      vertex  2.250000e+001  3.000000e+001  0.000000e+000
      vertex  2.823223e+001  2.823223e+001  0.000000e+000
      vertex  2.176777e+001  2.823223e+001  0.000000e+000
    endloop
  endfacet
  facet normal  0.000000e+000  0.000000e+000 -1.000000e+000
    outer loop
      vertex  2.176777e+001  2.823223e+001  0.000000e+000
      vertex  2.823223e+001  2.823223e+001  0.000000e+000
      vertex  3.000000e+001  2.750000e+001  0.000000e+000
    endloop
  endfacet
  facet normal  0.000000e+000  0.000000e+000 -1.000000e+000
    outer loop
      vertex  2.176777e+001  2.823223e+001  0.000000e+000
      vertex  3.000000e+001  2.750000e+001  0.000000e+000
      vertex  2.000000e+001  2.750000e+001  0.000000e+000
    endloop
  endfacet
  facet normal  0.000000e+000  0.000000e+000 -1.000000e+000
    outer loop
      vertex  3.750000e+001  4.000000e+001  0.000000e+000
      vertex  3.176777e+001  4.176777e+001  0.000000e+000
      vertex  3.823223e+001  4.176777e+001  0.000000e+000
    endloop
  endfacet
  facet normal  0.000000e+000  0.000000e+000 -1.000000e+000
    outer loop
      vertex  3.823223e+001  4.176777e+001  0.000000e+000
      vertex  3.176777e+001  4.176777e+001  0.000000e+000
      vertex  3.000000e+001  4.250000e+001  0.000000e+000
    endloop
  endfacet
  facet normal  0.000000e+000  0.000000e+000 -1.000000e+000
    outer loop
      vertex  3.823223e+001  4.176777e+001  0.000000e+000
      vertex  3.000000e+001  4.250000e+001  0.000000e+000
      vertex  4.000000e+001  4.250000e+001  0.000000e+000
    endloop
  endfacet
  facet normal  0.000000e+000  0.000000e+000 -1.000000e+000
    outer loop
      vertex  4.000000e+001  4.250000e+001  0.000000e+000
      vertex  3.000000e+001  4.250000e+001  0.000000e+000
      vertex  3.000000e+001  4.750000e+001  0.000000e+000
    endloop
  endfacet
  facet normal  0.000000e+000  0.000000e+000 -1.000000e+000
    outer loop
      vertex  4.000000e+001  4.250000e+001  0.000000e+000
      vertex  3.000000e+001  4.750000e+001  0.000000e+000
      vertex  4.000000e+001  4.750000e+001  0.000000e+000
    endloop
  endfacet
  facet normal  0.000000e+000  0.000000e+000 -1.000000e+000
    outer loop
      vertex  4.000000e+001  4.750000e+001  0.000000e+000
      vertex  3.000000e+001  4.750000e+001  0.000000e+000
      vertex  3.176777e+001  4.823223e+001  0.000000e+000
    endloop
  endfacet
  facet normal  0.000000e+000  0.000000e+000 -1.000000e+000
    outer loop
      vertex  4.000000e+001  4.750000e+001  0.000000e+000
      vertex  3.176777e+001  4.823223e+001  0.000000e+000
      vertex  3.823223e+001  4.823223e+001  0.000000e+000
    endloop
  endfacet
  facet normal  0.000000e+000  0.000000e+000 -1.000000e+000
    outer loop
      vertex  3.823223e+001  4.823223e+001  0.000000e+000
      vertex  3.176777e+001  4.823223e+001  0.000000e+000
      vertex  3.250000e+001  5.000000e+001  0.000000e+000
    endloop
  endfacet
  facet normal  0.000000e+000  0.000000e+000 -1.000000e+000
    outer loop
      vertex  3.823223e+001  4.823223e+001  0.000000e+000
      vertex  3.250000e+001  5.000000e+001  0.000000e+000
      vertex  3.750000e+001  5.000000e+001  0.000000e+000
    endloop
  endfacet
  facet normal  0.000000e+000  0.000000e+000 -1.000000e+000
    outer loop
      vertex  3.750000e+001  5.000000e+001  0.000000e+000
      vertex  3.250000e+001  5.000000e+001  0.000000e+000
      vertex  3.176777e+001  5.176777e+001  0.000000e+000
    endloop
  endfacet
  facet normal  0.000000e+000  0.000000e+000 -1.000000e+000
    outer loop
      vertex  3.750000e+001  5.000000e+001  0.000000e+000
      vertex  3.176777e+001  5.176777e+001  0.000000e+000
      vertex  3.823223e+001  5.176777e+001  0.000000e+000
    endloop
  endfacet
  facet normal  0.000000e+000  0.000000e+000 -1.000000e+000
    outer loop
      vertex  3.823223e+001  5.176777e+001  0.000000e+000
      vertex  3.176777e+001  5.176777e+001  0.000000e+000
      vertex  3.000000e+001  5.250000e+001  0.000000e+000
    endloop
  endfacet
  facet normal  0.000000e+000  0.000000e+000 -1.000000e+000
    outer loop
      vertex  3.823223e+001  5.176777e+001  0.000000e+000
      vertex  3.000000e+001  5.250000e+001  0.000000e+000
      vertex  4.000000e+001  5.250000e+001  0.000000e+000
    endloop
  endfacet
  facet normal  0.000000e+000  0.000000e+000 -1.000000e+000
    outer loop
      vertex  3.176777e+001  4.176777e+001  0.000000e+000
      vertex  3.750000e+001  4.000000e+001  0.000000e+000
      vertex  3.250000e+001  4.000000e+001  0.000000e+000
    endloop
  endfacet
  facet normal  0.000000e+000  0.000000e+000 -1.000000e+000
    outer loop
      vertex  3.250000e+001  4.000000e+001  0.000000e+000
      vertex  3.750000e+001  4.000000e+001  0.000000e+000
      vertex  3.823223e+001  3.823223e+001  0.000000e+000
    endloop
  endfacet
  facet normal  0.000000e+000  0.000000e+000 -1.000000e+000
    outer loop
      vertex  3.250000e+001  4.000000e+001  0.000000e+000
      vertex  3.823223e+001  3.823223e+001  0.000000e+000
      vertex  3.176777e+001  3.823223e+001  0.000000e+000
    endloop
  endfacet
  facet normal  0.000000e+000  0.000000e+000 -1.000000e+000
    outer loop
      vertex  3.176777e+001  3.823223e+001  0.000000e+000
      vertex  3.823223e+001  3.823223e+001  0.000000e+000
      vertex  4.000000e+001  3.750000e+001  0.000000e+000
    endloop
  endfacet
  facet normal  0.000000e+000  0.000000e+000 -1.000000e+000
    outer loop
      vertex  3.176777e+001  3.823223e+001  0.000000e+000
      vertex  4.000000e+001  3.750000e+001  0.000000e+000
      vertex  3.000000e+001  3.750000e+001  0.000000e+000
    endloop
  endfacet
  facet normal  0.000000e+000  0.000000e+000 -1.000000e+000
    outer loop
      vertex  3.000000e+001  3.750000e+001  0.000000e+000
      vertex  4.000000e+001  3.750000e+001  0.000000e+000
      vertex  4.000000e+001  3.250000e+001  0.000000e+000
    endloop
  endfacet
  facet normal  0.000000e+000  0.000000e+000 -1.000000e+000
    outer loop
      vertex  3.000000e+001  3.750000e+001  0.000000e+000
      vertex  4.000000e+001  3.250000e+001  0.000000e+000
      vertex  3.000000e+001  3.250000e+001  0.000000e+000
    endloop
  endfacet
  facet normal  0.000000e+000  0.000000e+000 -1.000000e+000
    outer loop
      vertex  3.000000e+001  3.250000e+001  0.000000e+000
      vertex  4.000000e+001  3.250000e+001  0.000000e+000
      vertex  3.823223e+001  3.176777e+001  0.000000e+000
    endloop
  endfacet
  facet normal  0.000000e+000  0.000000e+000 -1.000000e+000
    outer loop
      vertex  3.000000e+001  3.250000e+001  0.000000e+000
      vertex  3.823223e+001  3.176777e+001  0.000000e+000
      vertex  3.176777e+001  3.176777e+001  0.000000e+000
    endloop
  endfacet
  facet normal  0.000000e+000  0.000000e+000 -1.000000e+000
    outer loop
      vertex  3.176777e+001  3.176777e+001  0.000000e+000
      vertex  3.823223e+001  3.176777e+001  0.000000e+000
      vertex  3.750000e+001  3.000000e+001  0.000000e+000
    endloop
  endfacet
  facet normal  0.000000e+000  0.000000e+000 -1.000000e+000
    outer loop
      vertex  3.176777e+001  3.176777e+001  0.000000e+000
      vertex  3.750000e+001  3.000000e+001  0.000000e+000
      vertex  3.250000e+001  3.000000e+001  0.000000e+000
    endloop
  endfacet
  facet normal  0.000000e+000  0.000000e+000 -1.000000e+000
    outer loop
      vertex  3.250000e+001  3.000000e+001  0.000000e+000
      vertex  3.750000e+001  3.000000e+001  0.000000e+000
      vertex  3.823223e+001  2.823223e+001  0.000000e+000
    endloop
  endfacet
  facet normal  0.000000e+000  0.000000e+000 -1.000000e+000
    outer loop
      vertex  3.250000e+001  3.000000e+001  0.000000e+000
      vertex  3.823223e+001  2.823223e+001  0.000000e+000
      vertex  3.176777e+001  2.823223e+001  0.000000e+000
    endloop
  endfacet
  facet normal  0.000000e+000  0.000000e+000 -1.000000e+000
    outer loop
      vertex  3.176777e+001  2.823223e+001  0.000000e+000
      vertex  3.823223e+001  2.823223e+001  0.000000e+000
      vertex  4.000000e+001  2.750000e+001  0.000000e+000
    endloop
  endfacet
  facet normal  0.000000e+000  0.000000e+000 -1.000000e+000
    outer loop
      vertex  3.176777e+001  2.823223e+001  0.000000e+000
      vertex  4.000000e+001  2.750000e+001  0.000000e+000
      vertex  3.000000e+001  2.750000e+001  0.000000e+000
    endloop
  endfacet
  facet normal  0.000000e+000  0.000000e+000 -1.000000e+000
    outer loop
      vertex  4.750000e+001  4.000000e+001  0.000000e+000
      vertex  4.176777e+001  4.176777e+001  0.000000e+000
      vertex  4.823223e+001  4.176777e+001  0.000000e+000
    endloop
  endfacet
  facet normal  0.000000e+000  0.000000e+000 -1.000000e+000
    outer loop
      vertex  4.823223e+001  4.176777e+001  0.000000e+000
      vertex  4.176777e+001  4.176777e+001  0.000000e+000
      vertex  4.000000e+001  4.250000e+001  0.000000e+000
    endloop
  endfacet
  facet normal  0.000000e+000  0.000000e+000 -1.000000e+000
    outer loop
      vertex  4.823223e+001  4.176777e+001  0.000000e+000
      vertex  4.000000e+001  4.250000e+001  0.000000e+000
      vertex  5.000000e+001  4.250000e+001  0.000000e+000
    endloop
  endfacet
  facet normal  0.000000e+000  0.000000e+000 -1.000000e+000
    outer loop
      vertex  5.000000e+001  4.250000e+001  0.000000e+000
      vertex  4.000000e+001  4.250000e+001  0.000000e+000
      vertex  4.000000e+001  4.750000e+001  0.000000e+000
    endloop
  endfacet
  facet normal  0.000000e+000  0.000000e+000 -1.000000e+000
    outer loop
      vertex  5.000000e+001  4.250000e+001  0.000000e+000
      vertex  4.000000e+001  4.750000e+001  0.000000e+000
      vertex  5.000000e+001  4.750000e+001  0.000000e+000
    endloop
  endfacet
  facet normal  0.000000e+000  0.000000e+000 -1.000000e+000
    outer loop
      vertex  5.000000e+001  4.750000e+001  0.000000e+000
      vertex  4.000000e+001  4.750000e+001  0.000000e+000
      vertex  4.176777e+001  4.823223e+001  0.000000e+000
    endloop
  endfacet
  facet normal  0.000000e+000  0.000000e+000 -1.000000e+000
    outer loop
      vertex  5.000000e+001  4.750000e+001  0.000000e+000
      vertex  4.176777e+001  4.823223e+001  0.000000e+000
      vertex  4.823223e+001  4.823223e+001  0.000000e+000
    endloop
  endfacet
  facet normal  0.000000e+000  0.000000e+000 -1.000000e+000
    outer loop
      vertex  4.823223e+001  4.823223e+001  0.000000e+000
      vertex  4.176777e+001  4.823223e+001  0.000000e+000
      vertex  4.250000e+001  5.000000e+001  0.000000e+000
    endloop
  endfacet
  facet normal  0.000000e+000  0.000000e+000 -1.000000e+000
    outer loop
      vertex  4.823223e+001  4.823223e+001  0.000000e+000
      vertex  4.250000e+001  5.000000e+001  0.000000e+000
      vertex  4.750000e+001  5.000000e+001  0.000000e+000
    endloop
  endfacet
  facet normal  0.000000e+000  0.000000e+000 -1.000000e+000
    outer loop
      vertex  4.750000e+001  5.000000e+001  0.000000e+000
      vertex  4.250000e+001  5.000000e+001  0.000000e+000
      vertex  4.176777e+001  5.176777e+001  0.000000e+000
    endloop
  endfacet
  facet normal  0.000000e+000  0.000000e+000 -1.000000e+000
    outer loop
      vertex  4.750000e+001  5.000000e+001  0.000000e+000
      vertex  4.176777e+001  5.176777e+001  0.000000e+000
      vertex  4.823223e+001  5.176777e+001  0.000000e+000
    endloop
  endfacet
  facet normal  0.000000e+000  0.000000e+000 -1.000000e+000
    outer loop
      vertex  4.823223e+001  5.176777e+001  0.000000e+000
      vertex  4.176777e+001  5.176777e+001  0.000000e+000
      vertex  4.000000e+001  5.250000e+001  0.000000e+000
    endloop
  endfacet
  facet normal  0.000000e+000  0.000000e+000 -1.000000e+000
    outer loop
      vertex  4.823223e+001  5.176777e+001  0.000000e+000
      vertex  4.000000e+001  5.250000e+001  0.000000e+000
      vertex  5.000000e+001  5.250000e+001  0.000000e+000
    endloop
  endfacet
  facet normal  0.000000e+000  0.000000e+000 -1.000000e+000
    outer loop
      vertex  4.176777e+001  4.176777e+001  0.000000e+000
      vertex  4.750000e+001  4.000000e+001  0.000000e+000
      vertex  4.250000e+001  4.000000e+001  0.000000e+000
    endloop
  endfacet
  facet normal  0.000000e+000  0.000000e+000 -1.000000e+000
    outer loop
      vertex  4.250000e+001  4.000000e+001  0.000000e+000
      vertex  4.750000e+001  4.000000e+001  0.000000e+000
      vertex  4.823223e+001  3.823223e+001  0.000000e+000
    endloop
  endfacet
  facet normal  0.000000e+000  0.000000e+000 -1.000000e+000
    outer loop
      vertex  4.250000e+001  4.000000e+001  0.000000e+000
      vertex  4.823223e+001  3.823223e+001  0.000000e+000
      vertex  4.176777e+001  3.823223e+001  0.000000e+000
    endloop
  endfacet
  facet normal  0.000000e+000  0.000000e+000 -1.000000e+000
    outer loop
      vertex  4.176777e+001  3.823223e+001  0.000000e+000
      vertex  4.823223e+001  3.823223e+001  0.000000e+000
      vertex  5.000000e+001  3.750000e+001  0.000000e+000
    endloop
  endfacet
  facet normal  0.000000e+000  0.000000e+000 -1.000000e+000
    outer loop
      vertex  4.176777e+001  3.823223e+001  0.000000e+000
      vertex  5.000000e+001  3.750000e+001  0.000000e+000
      vertex  4.000000e+001  3.750000e+001  0.000000e+000
    endloop
  endfacet
  facet normal  0.000000e+000  0.000000e+000 -1.000000e+000
    outer loop
      vertex  4.000000e+001  3.750000e+001  0.000000e+000
      vertex  5.000000e+001  3.750000e+001  0.000000e+000
      vertex  5.000000e+001  3.250000e+001  0.000000e+000
    endloop
  endfacet
  facet normal  0.000000e+000  0.000000e+000 -1.000000e+000
    outer loop
      vertex  4.000000e+001  3.750000e+001  0.000000e+000
      vertex  5.000000e+001  3.250000e+001  0.000000e+000
      vertex  4.000000e+001  3.250000e+001  0.000000e+000
    endloop
  endfacet
  facet normal  0.000000e+000  0.000000e+000 -1.000000e+000
    outer loop
      vertex  4.000000e+001  3.250000e+001  0.000000e+000
      vertex  5.000000e+001  3.250000e+001  0.000000e+000
      vertex  4.823223e+001  3.176777e+001  0.000000e+000
    endloop
  endfacet
  facet normal  0.000000e+000  0.000000e+000 -1.000000e+000
    outer loop
      vertex  4.000000e+001  3.250000e+001  0.000000e+000
      vertex  4.823223e+001  3.176777e+001  0.000000e+000
      vertex  4.176777e+001  3.176777e+001  0.000000e+000
    endloop
  endfacet
  facet normal  0.000000e+000  0.000000e+000 -1.000000e+000
    outer loop
      vertex  4.176777e+001  3.176777e+001  0.000000e+000
      vertex  4.823223e+001  3.176777e+001  0.000000e+000
      vertex  4.750000e+001  3.000000e+001  0.000000e+000
    endloop
  endfacet
  facet normal  0.000000e+000  0.000000e+000 -1.000000e+000
    outer loop
      vertex  4.176777e+001  3.176777e+001  0.000000e+000
      vertex  4.750000e+001  3.000000e+001  0.000000e+000
      vertex  4.250000e+001  3.000000e+001  0.000000e+000
    endloop
  endfacet
  facet normal  0.000000e+000  0.000000e+000 -1.000000e+000
    outer loop
      vertex  4.250000e+001  3.000000e+001  0.000000e+000
      vertex  4.750000e+001  3.000000e+001  0.000000e+000
      vertex  4.823223e+001  2.823223e+001  0.000000e+000
    endloop
  endfacet
  facet normal  0.000000e+000  0.000000e+000 -1.000000e+000
    outer loop
      vertex  4.250000e+001  3.000000e+001  0.000000e+000
      vertex  4.823223e+001  2.823223e+001  0.000000e+000
      vertex  4.176777e+001  2.823223e+001  0.000000e+000
    endloop
  endfacet
  facet normal  0.000000e+000  0.000000e+000 -1.000000e+000
    outer loop
      vertex  4.176777e+001  2.823223e+001  0.000000e+000
      vertex  4.823223e+001  2.823223e+001  0.000000e+000
      vertex  5.000000e+001  2.750000e+001  0.000000e+000
    endloop
  endfacet
  facet normal  0.000000e+000  0.000000e+000 -1.000000e+000
    outer loop
      vertex  4.176777e+001  2.823223e+001  0.000000e+000
      vertex  5.000000e+001  2.750000e+001  0.000000e+000
      vertex  4.000000e+001  2.750000e+001  0.000000e+000
    endloop
  endfacet
  facet normal -1.000000e+000  0.000000e+000  0.000000e+000
    outer loop
      vertex  0.000000e+000  7.600000e+001  2.000000e+000
      vertex  0.000000e+000  7.600000e+001  0.000000e+000
      vertex  0.000000e+000  2.000000e+000  2.000000e+000
    endloop
  endfacet
  facet normal -1.000000e+000  0.000000e+000  0.000000e+000
    outer loop
      vertex  0.000000e+000  2.000000e+000  2.000000e+000
      vertex  0.000000e+000  7.600000e+001  0.000000e+000
      vertex  0.000000e+000  2.000000e+000  0.000000e+000
    endloop
  endfacet
  facet normal  0.000000e+000 -1.000000e+000  0.000000e+000
    outer loop
      vertex  2.000000e+000  0.000000e+000  2.000000e+000
      vertex  2.000000e+000  0.000000e+000  0.000000e+000
      vertex  9.933334e+001  0.000000e+000  2.000000e+000
    endloop
  endfacet
  facet normal  0.000000e+000 -1.000000e+000  -0.000000e+000
    outer loop
      vertex  9.933334e+001  0.000000e+000  2.000000e+000
      vertex  2.000000e+000  0.000000e+000  0.000000e+000
      vertex  9.933334e+001  0.000000e+000  0.000000e+000
    endloop
  endfacet
  facet normal -3.826835e-001 -9.238796e-001  -0.000000e+000
    outer loop
      vertex  2.000000e+000  0.000000e+000  0.000000e+000
      vertex  2.000000e+000  0.000000e+000  2.000000e+000
      vertex  5.857865e-001  5.857865e-001  0.000000e+000
    endloop
  endfacet
  facet normal -3.826835e-001 -9.238796e-001  0.000000e+000
    outer loop
      vertex  5.857865e-001  5.857865e-001  0.000000e+000
      vertex  2.000000e+000  0.000000e+000  2.000000e+000
      vertex  5.857865e-001  5.857865e-001  2.000000e+000
    endloop
  endfacet
  facet normal -9.238796e-001 -3.826835e-001  -0.000000e+000
    outer loop
      vertex  5.857865e-001  5.857865e-001  0.000000e+000
      vertex  5.857865e-001  5.857865e-001  2.000000e+000
      vertex  0.000000e+000  2.000000e+000  0.000000e+000
    endloop
  endfacet
  facet normal -9.238796e-001 -3.826835e-001  0.000000e+000
    outer loop
      vertex  0.000000e+000  2.000000e+000  0.000000e+000
      vertex  5.857865e-001  5.857865e-001  2.000000e+000
      vertex  0.000000e+000  2.000000e+000  2.000000e+000
    endloop
  endfacet
  facet normal  0.000000e+000  1.000000e+000  0.000000e+000
    outer loop
      vertex  2.000000e+000  7.800000e+001  2.000000e+000
      vertex  9.933334e+001  7.800000e+001  2.000000e+000
      vertex  2.000000e+000  7.800000e+001  0.000000e+000
    endloop
  endfacet
  facet normal  0.000000e+000  1.000000e+000  0.000000e+000
    outer loop
      vertex  2.000000e+000  7.800000e+001  0.000000e+000
      vertex  9.933334e+001  7.800000e+001  2.000000e+000
      vertex  9.933334e+001  7.800000e+001  0.000000e+000
    endloop
  endfacet
  facet normal -9.238796e-001  3.826831e-001  0.000000e+000
    outer loop
      vertex  0.000000e+000  7.600000e+001  0.000000e+000
      vertex  0.000000e+000  7.600000e+001  2.000000e+000
      vertex  5.857865e-001  7.741422e+001  0.000000e+000
    endloop
  endfacet
  facet normal -9.238796e-001  3.826831e-001  0.000000e+000
    outer loop
      vertex  5.857865e-001  7.741422e+001  0.000000e+000
      vertex  0.000000e+000  7.600000e+001  2.000000e+000
      vertex  5.857865e-001  7.741422e+001  2.000000e+000
    endloop
  endfacet
  facet normal -3.826826e-001  9.238799e-001  0.000000e+000
    outer loop
      vertex  5.857865e-001  7.741422e+001  0.000000e+000
      vertex  5.857865e-001  7.741422e+001  2.000000e+000
      vertex  2.000000e+000  7.800000e+001  0.000000e+000
    endloop
  endfacet
  facet normal -3.826826e-001  9.238799e-001  0.000000e+000
    outer loop
      vertex  2.000000e+000  7.800000e+001  0.000000e+000
      vertex  5.857865e-001  7.741422e+001  2.000000e+000
      vertex  2.000000e+000  7.800000e+001  2.000000e+000
    endloop
  endfacet
  facet normal  6.000001e-001  8.000000e-001  0.000000e+000
    outer loop
      vertex  1.005333e+002  7.760000e+001  2.000000e+000
      vertex  1.192000e+002  6.360000e+001  2.000000e+000
      vertex  1.005333e+002  7.760000e+001  0.000000e+000
    endloop
  endfacet
  facet normal  6.000001e-001  8.000000e-001  0.000000e+000
    outer loop
      vertex  1.005333e+002  7.760000e+001  0.000000e+000
      vertex  1.192000e+002  6.360000e+001  2.000000e+000
      vertex  1.192000e+002  6.360000e+001  0.000000e+000
    endloop
  endfacet
  facet normal  3.162296e-001  9.486827e-001  -0.000000e+000
    outer loop
      vertex  1.005333e+002  7.760000e+001  2.000000e+000
      vertex  1.005333e+002  7.760000e+001  0.000000e+000
      vertex  9.933334e+001  7.800000e+001  2.000000e+000
    endloop
  endfacet
  facet normal  3.162296e-001  9.486827e-001  0.000000e+000
    outer loop
      vertex  9.933334e+001  7.800000e+001  2.000000e+000
      vertex  1.005333e+002  7.760000e+001  0.000000e+000
      vertex  9.933334e+001  7.800000e+001  0.000000e+000
    endloop
  endfacet
  facet normal  1.000000e+000  0.000000e+000  0.000000e+000
    outer loop
      vertex  1.200000e+002  1.600000e+001  2.000000e+000
      vertex  1.200000e+002  1.600000e+001  0.000000e+000
      vertex  1.200000e+002  6.200000e+001  2.000000e+000
    endloop
  endfacet
  facet normal  1.000000e+000  0.000000e+000  0.000000e+000
    outer loop
      vertex  1.200000e+002  6.200000e+001  2.000000e+000
      vertex  1.200000e+002  1.600000e+001  0.000000e+000
      vertex  1.200000e+002  6.200000e+001  0.000000e+000
    endloop
  endfacet
  facet normal  7.677478e-001  6.407522e-001  0.000000e+000
    outer loop
      vertex  1.192000e+002  6.360000e+001  0.000000e+000
      vertex  1.192000e+002  6.360000e+001  2.000000e+000
      vertex  1.197889e+002  6.289443e+001  0.000000e+000
    endloop
  endfacet
  facet normal  7.677478e-001  6.407522e-001  -0.000000e+000
    outer loop
      vertex  1.197889e+002  6.289443e+001  0.000000e+000
      vertex  1.192000e+002  6.360000e+001  2.000000e+000
      vertex  1.197889e+002  6.289443e+001  2.000000e+000
    endloop
  endfacet
  facet normal  9.732496e-001  2.297505e-001  0.000000e+000
    outer loop
      vertex  1.197889e+002  6.289443e+001  0.000000e+000
      vertex  1.197889e+002  6.289443e+001  2.000000e+000
      vertex  1.200000e+002  6.200000e+001  0.000000e+000
    endloop
  endfacet
  facet normal  9.732496e-001  2.297505e-001  -0.000000e+000
    outer loop
      vertex  1.200000e+002  6.200000e+001  0.000000e+000
      vertex  1.197889e+002  6.289443e+001  2.000000e+000
      vertex  1.200000e+002  6.200000e+001  2.000000e+000
    endloop
  endfacet
  facet normal  6.000001e-001 -8.000000e-001  0.000000e+000
    outer loop
      vertex  1.005333e+002  4.000000e-001  2.000000e+000
      vertex  1.005333e+002  4.000000e-001  0.000000e+000
      vertex  1.192000e+002  1.440000e+001  2.000000e+000
    endloop
  endfacet
  facet normal  6.000001e-001 -8.000000e-001  0.000000e+000
    outer loop
      vertex  1.192000e+002  1.440000e+001  2.000000e+000
      vertex  1.005333e+002  4.000000e-001  0.000000e+000
      vertex  1.192000e+002  1.440000e+001  0.000000e+000
    endloop
  endfacet
  facet normal  3.162285e-001 -9.486830e-001  0.000000e+000
    outer loop
      vertex  9.933334e+001  0.000000e+000  2.000000e+000
      vertex  9.933334e+001  0.000000e+000  0.000000e+000
      vertex  1.005333e+002  4.000000e-001  2.000000e+000
    endloop
  endfacet
  facet normal  3.162285e-001 -9.486830e-001  0.000000e+000
    outer loop
      vertex  1.005333e+002  4.000000e-001  2.000000e+000
      vertex  9.933334e+001  0.000000e+000  0.000000e+000
      vertex  1.005333e+002  4.000000e-001  0.000000e+000
    endloop
  endfacet
  facet normal  9.732496e-001 -2.297507e-001  0.000000e+000
    outer loop
      vertex  1.200000e+002  1.600000e+001  0.000000e+000
      vertex  1.200000e+002  1.600000e+001  2.000000e+000
      vertex  1.197889e+002  1.510557e+001  0.000000e+000
    endloop
  endfacet
  facet normal  9.732496e-001 -2.297507e-001  0.000000e+000
    outer loop
      vertex  1.197889e+002  1.510557e+001  0.000000e+000
      vertex  1.200000e+002  1.600000e+001  2.000000e+000
      vertex  1.197889e+002  1.510557e+001  2.000000e+000
    endloop
  endfacet
  facet normal  7.677491e-001 -6.407506e-001  0.000000e+000
    outer loop
      vertex  1.197889e+002  1.510557e+001  0.000000e+000
      vertex  1.197889e+002  1.510557e+001  2.000000e+000
      vertex  1.192000e+002  1.440000e+001  0.000000e+000
    endloop
  endfacet
  facet normal  7.677491e-001 -6.407506e-001  0.000000e+000
    outer loop
      vertex  1.192000e+002  1.440000e+001  0.000000e+000
      vertex  1.197889e+002  1.510557e+001  2.000000e+000
      vertex  1.192000e+002  1.440000e+001  2.000000e+000
    endloop
  endfacet
  facet normal  0.000000e+000  -0.000000e+000  1.000000e+000
    outer loop
      vertex  1.823223e+001  3.176777e+001  2.000000e+000
      vertex  2.000000e+001  3.250000e+001  2.000000e+000
      vertex  2.000000e+001  3.750000e+001  2.000000e+000
    endloop
  endfacet
  facet normal  0.000000e+000  0.000000e+000  1.000000e+000
    outer loop
      vertex  5.176777e+001  4.176777e+001  2.000000e+000
      vertex  5.000000e+001  4.750000e+001  2.000000e+000
      vertex  5.000000e+001  4.250000e+001  2.000000e+000
    endloop
  endfacet
  facet normal  0.000000e+000  0.000000e+000  1.000000e+000
    outer loop
      vertex  5.176777e+001  3.176777e+001  2.000000e+000
      vertex  5.000000e+001  3.750000e+001  2.000000e+000
      vertex  5.000000e+001  3.250000e+001  2.000000e+000
    endloop
  endfacet
  facet normal  0.000000e+000  0.000000e+000  1.000000e+000
    outer loop
      vertex  1.150000e+001  2.150000e+001  2.000000e+000
      vertex  6.350000e+001  2.150000e+001  2.000000e+000
      vertex  5.000000e+001  2.750000e+001  2.000000e+000
    endloop
  endfacet
  facet normal  0.000000e+000  0.000000e+000  1.000000e+000
    outer loop
      vertex  1.150000e+001  2.150000e+001  2.000000e+000
      vertex  5.000000e+001  2.750000e+001  2.000000e+000
      vertex  4.000000e+001  2.750000e+001  2.000000e+000
    endloop
  endfacet
  facet normal  0.000000e+000  0.000000e+000  1.000000e+000
    outer loop
      vertex  1.150000e+001  2.150000e+001  2.000000e+000
      vertex  4.000000e+001  2.750000e+001  2.000000e+000
      vertex  3.000000e+001  2.750000e+001  2.000000e+000
    endloop
  endfacet
  facet normal  0.000000e+000  0.000000e+000  1.000000e+000
    outer loop
      vertex  1.150000e+001  2.150000e+001  2.000000e+000
      vertex  3.000000e+001  2.750000e+001  2.000000e+000
      vertex  2.000000e+001  2.750000e+001  2.000000e+000
    endloop
  endfacet
  facet normal  0.000000e+000  0.000000e+000  1.000000e+000
    outer loop
      vertex  1.150000e+001  2.150000e+001  2.000000e+000
      vertex  2.000000e+001  2.750000e+001  2.000000e+000
      vertex  1.823223e+001  2.823223e+001  2.000000e+000
    endloop
  endfacet
  facet normal  0.000000e+000  0.000000e+000  1.000000e+000
    outer loop
      vertex  1.150000e+001  2.150000e+001  2.000000e+000
      vertex  1.823223e+001  2.823223e+001  2.000000e+000
      vertex  1.750000e+001  3.000000e+001  2.000000e+000
    endloop
  endfacet
  facet normal  0.000000e+000  -0.000000e+000  1.000000e+000
    outer loop
      vertex  1.150000e+001  2.150000e+001  2.000000e+000
      vertex  1.750000e+001  3.000000e+001  2.000000e+000
      vertex  1.823223e+001  3.176777e+001  2.000000e+000
    endloop
  endfacet
  facet normal  0.000000e+000  -0.000000e+000  1.000000e+000
    outer loop
      vertex  1.150000e+001  2.150000e+001  2.000000e+000
      vertex  1.823223e+001  3.176777e+001  2.000000e+000
      vertex  2.000000e+001  3.750000e+001  2.000000e+000
    endloop
  endfacet
  facet normal  0.000000e+000  0.000000e+000  1.000000e+000
    outer loop
      vertex  1.150000e+001  2.150000e+001  2.000000e+000
      vertex  2.000000e+001  3.750000e+001  2.000000e+000
      vertex  1.823223e+001  3.823223e+001  2.000000e+000
    endloop
  endfacet
  facet normal  0.000000e+000  0.000000e+000  9.999999e-001
    outer loop
      vertex  1.150000e+001  2.150000e+001  2.000000e+000
      vertex  1.823223e+001  3.823223e+001  2.000000e+000
      vertex  1.750000e+001  4.000000e+001  2.000000e+000
    endloop
  endfacet
  facet normal  0.000000e+000  0.000000e+000  1.000000e+000
    outer loop
      vertex  1.150000e+001  5.650000e+001  2.000000e+000
      vertex  1.150000e+001  2.150000e+001  2.000000e+000
      vertex  1.750000e+001  5.000000e+001  2.000000e+000
    endloop
  endfacet
  facet normal  0.000000e+000  -0.000000e+000  1.000000e+000
    outer loop
      vertex  1.150000e+001  5.650000e+001  2.000000e+000
      vertex  1.750000e+001  5.000000e+001  2.000000e+000
      vertex  1.823223e+001  5.176777e+001  2.000000e+000
    endloop
  endfacet
  facet normal  0.000000e+000  -0.000000e+000  1.000000e+000
    outer loop
      vertex  1.150000e+001  5.650000e+001  2.000000e+000
      vertex  1.823223e+001  5.176777e+001  2.000000e+000
      vertex  2.000000e+001  5.250000e+001  2.000000e+000
    endloop
  endfacet
  facet normal  0.000000e+000  -0.000000e+000  1.000000e+000
    outer loop
      vertex  1.150000e+001  5.650000e+001  2.000000e+000
      vertex  2.000000e+001  5.250000e+001  2.000000e+000
      vertex  3.000000e+001  5.250000e+001  2.000000e+000
    endloop
  endfacet
  facet normal  0.000000e+000  -0.000000e+000  1.000000e+000
    outer loop
      vertex  1.150000e+001  5.650000e+001  2.000000e+000
      vertex  3.000000e+001  5.250000e+001  2.000000e+000
      vertex  4.000000e+001  5.250000e+001  2.000000e+000
    endloop
  endfacet
  facet normal  0.000000e+000  -0.000000e+000  1.000000e+000
    outer loop
      vertex  1.150000e+001  5.650000e+001  2.000000e+000
      vertex  4.000000e+001  5.250000e+001  2.000000e+000
      vertex  5.000000e+001  5.250000e+001  2.000000e+000
    endloop
  endfacet
  facet normal  0.000000e+000  -0.000000e+000  1.000000e+000
    outer loop
      vertex  1.150000e+001  5.650000e+001  2.000000e+000
      vertex  5.000000e+001  5.250000e+001  2.000000e+000
      vertex  6.350000e+001  5.650000e+001  2.000000e+000
    endloop
  endfacet
  facet normal  0.000000e+000  0.000000e+000  1.000000e+000
    outer loop
      vertex  6.350000e+001  2.150000e+001  2.000000e+000
      vertex  5.250000e+001  5.000000e+001  2.000000e+000
      vertex  5.176777e+001  4.823223e+001  2.000000e+000
    endloop
  endfacet
  facet normal  0.000000e+000  0.000000e+000  1.000000e+000
    outer loop
      vertex  6.350000e+001  2.150000e+001  2.000000e+000
      vertex  5.176777e+001  4.823223e+001  2.000000e+000
      vertex  5.000000e+001  4.750000e+001  2.000000e+000
    endloop
  endfacet
  facet normal  0.000000e+000  0.000000e+000  1.000000e+000
    outer loop
      vertex  6.350000e+001  2.150000e+001  2.000000e+000
      vertex  5.000000e+001  4.750000e+001  2.000000e+000
      vertex  5.176777e+001  4.176777e+001  2.000000e+000
    endloop
  endfacet
  facet normal  0.000000e+000  0.000000e+000  1.000000e+000
    outer loop
      vertex  6.350000e+001  2.150000e+001  2.000000e+000
      vertex  5.176777e+001  4.176777e+001  2.000000e+000
      vertex  5.250000e+001  4.000000e+001  2.000000e+000
    endloop
  endfacet
  facet normal  0.000000e+000  0.000000e+000  1.000000e+000
    outer loop
      vertex  6.350000e+001  2.150000e+001  2.000000e+000
      vertex  5.250000e+001  4.000000e+001  2.000000e+000
      vertex  5.176777e+001  3.823223e+001  2.000000e+000
    endloop
  endfacet
  facet normal  0.000000e+000  0.000000e+000  1.000000e+000
    outer loop
      vertex  6.350000e+001  2.150000e+001  2.000000e+000
      vertex  5.176777e+001  3.823223e+001  2.000000e+000
      vertex  5.000000e+001  3.750000e+001  2.000000e+000
    endloop
  endfacet
  facet normal  0.000000e+000  0.000000e+000  1.000000e+000
    outer loop
      vertex  6.350000e+001  2.150000e+001  2.000000e+000
      vertex  5.000000e+001  3.750000e+001  2.000000e+000
      vertex  5.176777e+001  3.176777e+001  2.000000e+000
    endloop
  endfacet
  facet normal  0.000000e+000  0.000000e+000  1.000000e+000
    outer loop
      vertex  6.350000e+001  2.150000e+001  2.000000e+000
      vertex  5.176777e+001  3.176777e+001  2.000000e+000
      vertex  5.250000e+001  3.000000e+001  2.000000e+000
    endloop
  endfacet
  facet normal  0.000000e+000  0.000000e+000  1.000000e+000
    outer loop
      vertex  6.350000e+001  2.150000e+001  2.000000e+000
      vertex  5.250000e+001  3.000000e+001  2.000000e+000
      vertex  5.176777e+001  2.823223e+001  2.000000e+000
    endloop
  endfacet
  facet normal  0.000000e+000  0.000000e+000  1.000000e+000
    outer loop
      vertex  6.350000e+001  2.150000e+001  2.000000e+000
      vertex  5.176777e+001  2.823223e+001  2.000000e+000
      vertex  5.000000e+001  2.750000e+001  2.000000e+000
    endloop
  endfacet
  facet normal  -0.000000e+000  0.000000e+000  1.000000e+000
    outer loop
      vertex  6.350000e+001  5.650000e+001  2.000000e+000
      vertex  5.000000e+001  5.250000e+001  2.000000e+000
      vertex  5.176777e+001  5.176777e+001  2.000000e+000
    endloop
  endfacet
  facet normal  -0.000000e+000  0.000000e+000  1.000000e+000
    outer loop
      vertex  6.350000e+001  5.650000e+001  2.000000e+000
      vertex  5.176777e+001  5.176777e+001  2.000000e+000
      vertex  5.250000e+001  5.000000e+001  2.000000e+000
    endloop
  endfacet
  facet normal  -0.000000e+000  0.000000e+000  1.000000e+000
    outer loop
      vertex  6.350000e+001  5.650000e+001  2.000000e+000
      vertex  5.250000e+001  5.000000e+001  2.000000e+000
      vertex  6.350000e+001  2.150000e+001  2.000000e+000
    endloop
  endfacet
  facet normal  0.000000e+000  0.000000e+000  9.999999e-001
    outer loop
      vertex  1.750000e+001  5.000000e+001  2.000000e+000
      vertex  1.150000e+001  2.150000e+001  2.000000e+000
      vertex  1.823223e+001  4.823223e+001  2.000000e+000
    endloop
  endfacet
  facet normal  0.000000e+000  0.000000e+000  1.000000e+000
    outer loop
      vertex  1.823223e+001  4.823223e+001  2.000000e+000
      vertex  1.150000e+001  2.150000e+001  2.000000e+000
      vertex  1.750000e+001  4.000000e+001  2.000000e+000
    endloop
  endfacet
  facet normal  0.000000e+000  0.000000e+000  9.999999e-001
    outer loop
      vertex  1.823223e+001  4.823223e+001  2.000000e+000
      vertex  1.750000e+001  4.000000e+001  2.000000e+000
      vertex  2.000000e+001  4.750000e+001  2.000000e+000
    endloop
  endfacet
  facet normal  0.000000e+000  0.000000e+000  1.000000e+000
    outer loop
      vertex  2.000000e+001  4.750000e+001  2.000000e+000
      vertex  1.750000e+001  4.000000e+001  2.000000e+000
      vertex  1.823223e+001  4.176777e+001  2.000000e+000
    endloop
  endfacet
  facet normal  0.000000e+000  0.000000e+000  1.000000e+000
    outer loop
      vertex  2.000000e+001  4.750000e+001  2.000000e+000
      vertex  1.823223e+001  4.176777e+001  2.000000e+000
      vertex  2.000000e+001  4.250000e+001  2.000000e+000
    endloop
  endfacet
  facet normal  -0.000000e+000  0.000000e+000  1.000000e+000
    outer loop
      vertex  3.000000e+001  5.250000e+001  2.000000e+000
      vertex  2.000000e+001  5.250000e+001  2.000000e+000
      vertex  2.823223e+001  5.176777e+001  2.000000e+000
    endloop
  endfacet
  facet normal  0.000000e+000  0.000000e+000  1.000000e+000
    outer loop
      vertex  2.823223e+001  5.176777e+001  2.000000e+000
      vertex  2.000000e+001  5.250000e+001  2.000000e+000
      vertex  2.176777e+001  5.176777e+001  2.000000e+000
    endloop
  endfacet
  facet normal  -0.000000e+000  0.000000e+000  1.000000e+000
    outer loop
      vertex  2.823223e+001  5.176777e+001  2.000000e+000
      vertex  2.176777e+001  5.176777e+001  2.000000e+000
      vertex  2.750000e+001  5.000000e+001  2.000000e+000
    endloop
  endfacet
  facet normal  0.000000e+000  0.000000e+000  1.000000e+000
    outer loop
      vertex  2.750000e+001  5.000000e+001  2.000000e+000
      vertex  2.176777e+001  5.176777e+001  2.000000e+000
      vertex  2.250000e+001  5.000000e+001  2.000000e+000
    endloop
  endfacet
  facet normal  -0.000000e+000  0.000000e+000  1.000000e+000
    outer loop
      vertex  2.750000e+001  5.000000e+001  2.000000e+000
      vertex  2.250000e+001  5.000000e+001  2.000000e+000
      vertex  2.823223e+001  4.823223e+001  2.000000e+000
    endloop
  endfacet
  facet normal  0.000000e+000  0.000000e+000  1.000000e+000
    outer loop
      vertex  2.823223e+001  4.823223e+001  2.000000e+000
      vertex  2.250000e+001  5.000000e+001  2.000000e+000
      vertex  2.176777e+001  4.823223e+001  2.000000e+000
    endloop
  endfacet
  facet normal  -0.000000e+000  0.000000e+000  1.000000e+000
    outer loop
      vertex  2.823223e+001  4.823223e+001  2.000000e+000
      vertex  2.176777e+001  4.823223e+001  2.000000e+000
      vertex  3.000000e+001  4.750000e+001  2.000000e+000
    endloop
  endfacet
  facet normal  0.000000e+000  0.000000e+000  1.000000e+000
    outer loop
      vertex  3.000000e+001  4.750000e+001  2.000000e+000
      vertex  2.176777e+001  4.823223e+001  2.000000e+000
      vertex  2.000000e+001  4.750000e+001  2.000000e+000
    endloop
  endfacet
  facet normal  -0.000000e+000  0.000000e+000  1.000000e+000
    outer loop
      vertex  3.000000e+001  4.750000e+001  2.000000e+000
      vertex  2.000000e+001  4.750000e+001  2.000000e+000
      vertex  3.000000e+001  4.250000e+001  2.000000e+000
    endloop
  endfacet
  facet normal  0.000000e+000  0.000000e+000  1.000000e+000
    outer loop
      vertex  3.000000e+001  4.250000e+001  2.000000e+000
      vertex  2.000000e+001  4.750000e+001  2.000000e+000
      vertex  2.000000e+001  4.250000e+001  2.000000e+000
    endloop
  endfacet
  facet normal  -0.000000e+000  0.000000e+000  1.000000e+000
    outer loop
      vertex  3.000000e+001  4.250000e+001  2.000000e+000
      vertex  2.000000e+001  4.250000e+001  2.000000e+000
      vertex  2.823223e+001  4.176777e+001  2.000000e+000
    endloop
  endfacet
  facet normal  0.000000e+000  0.000000e+000  1.000000e+000
    outer loop
      vertex  2.823223e+001  4.176777e+001  2.000000e+000
      vertex  2.000000e+001  4.250000e+001  2.000000e+000
      vertex  2.176777e+001  4.176777e+001  2.000000e+000
    endloop
  endfacet
  facet normal  -0.000000e+000  0.000000e+000  1.000000e+000
    outer loop
      vertex  2.823223e+001  4.176777e+001  2.000000e+000
      vertex  2.176777e+001  4.176777e+001  2.000000e+000
      vertex  2.750000e+001  4.000000e+001  2.000000e+000
    endloop
  endfacet
  facet normal  0.000000e+000  0.000000e+000  1.000000e+000
    outer loop
      vertex  2.750000e+001  4.000000e+001  2.000000e+000
      vertex  2.176777e+001  4.176777e+001  2.000000e+000
      vertex  2.250000e+001  4.000000e+001  2.000000e+000
    endloop
  endfacet
  facet normal  -0.000000e+000  0.000000e+000  1.000000e+000
    outer loop
      vertex  2.750000e+001  4.000000e+001  2.000000e+000
      vertex  2.250000e+001  4.000000e+001  2.000000e+000
      vertex  2.823223e+001  3.823223e+001  2.000000e+000
    endloop
  endfacet
  facet normal  0.000000e+000  0.000000e+000  1.000000e+000
    outer loop
      vertex  2.823223e+001  3.823223e+001  2.000000e+000
      vertex  2.250000e+001  4.000000e+001  2.000000e+000
      vertex  2.176777e+001  3.823223e+001  2.000000e+000
    endloop
  endfacet
  facet normal  -0.000000e+000  0.000000e+000  1.000000e+000
    outer loop
      vertex  2.823223e+001  3.823223e+001  2.000000e+000
      vertex  2.176777e+001  3.823223e+001  2.000000e+000
      vertex  3.000000e+001  3.750000e+001  2.000000e+000
    endloop
  endfacet
  facet normal  0.000000e+000  0.000000e+000  1.000000e+000
    outer loop
      vertex  3.000000e+001  3.750000e+001  2.000000e+000
      vertex  2.176777e+001  3.823223e+001  2.000000e+000
      vertex  2.000000e+001  3.750000e+001  2.000000e+000
    endloop
  endfacet
  facet normal  -0.000000e+000  0.000000e+000  1.000000e+000
    outer loop
      vertex  3.000000e+001  3.750000e+001  2.000000e+000
      vertex  2.000000e+001  3.750000e+001  2.000000e+000
      vertex  3.000000e+001  3.250000e+001  2.000000e+000
    endloop
  endfacet
  facet normal  0.000000e+000  0.000000e+000  1.000000e+000
    outer loop
      vertex  3.000000e+001  3.250000e+001  2.000000e+000
      vertex  2.000000e+001  3.750000e+001  2.000000e+000
      vertex  2.000000e+001  3.250000e+001  2.000000e+000
    endloop
  endfacet
  facet normal  -0.000000e+000  0.000000e+000  1.000000e+000
    outer loop
      vertex  3.000000e+001  3.250000e+001  2.000000e+000
      vertex  2.000000e+001  3.250000e+001  2.000000e+000
      vertex  2.823223e+001  3.176777e+001  2.000000e+000
    endloop
  endfacet
  facet normal  0.000000e+000  0.000000e+000  1.000000e+000
    outer loop
      vertex  2.823223e+001  3.176777e+001  2.000000e+000
      vertex  2.000000e+001  3.250000e+001  2.000000e+000
      vertex  2.176777e+001  3.176777e+001  2.000000e+000
    endloop
  endfacet
  facet normal  -0.000000e+000  0.000000e+000  1.000000e+000
    outer loop
      vertex  2.823223e+001  3.176777e+001  2.000000e+000
      vertex  2.176777e+001  3.176777e+001  2.000000e+000
      vertex  2.750000e+001  3.000000e+001  2.000000e+000
    endloop
  endfacet
  facet normal  0.000000e+000  0.000000e+000  1.000000e+000
    outer loop
      vertex  2.750000e+001  3.000000e+001  2.000000e+000
      vertex  2.176777e+001  3.176777e+001  2.000000e+000
      vertex  2.250000e+001  3.000000e+001  2.000000e+000
    endloop
  endfacet
  facet normal  -0.000000e+000  0.000000e+000  1.000000e+000
    outer loop
      vertex  2.750000e+001  3.000000e+001  2.000000e+000
      vertex  2.250000e+001  3.000000e+001  2.000000e+000
      vertex  2.823223e+001  2.823223e+001  2.000000e+000
    endloop
  endfacet
  facet normal  0.000000e+000  0.000000e+000  1.000000e+000
    outer loop
      vertex  2.823223e+001  2.823223e+001  2.000000e+000
      vertex  2.250000e+001  3.000000e+001  2.000000e+000
      vertex  2.176777e+001  2.823223e+001  2.000000e+000
    endloop
  endfacet
  facet normal  -0.000000e+000  0.000000e+000  1.000000e+000
    outer loop
      vertex  2.823223e+001  2.823223e+001  2.000000e+000
      vertex  2.176777e+001  2.823223e+001  2.000000e+000
      vertex  3.000000e+001  2.750000e+001  2.000000e+000
    endloop
  endfacet
  facet normal  0.000000e+000  0.000000e+000  1.000000e+000
    outer loop
      vertex  3.000000e+001  2.750000e+001  2.000000e+000
      vertex  2.176777e+001  2.823223e+001  2.000000e+000
      vertex  2.000000e+001  2.750000e+001  2.000000e+000
    endloop
  endfacet
  facet normal  -0.000000e+000  0.000000e+000  1.000000e+000
    outer loop
      vertex  4.000000e+001  5.250000e+001  2.000000e+000
      vertex  3.000000e+001  5.250000e+001  2.000000e+000
      vertex  3.823223e+001  5.176777e+001  2.000000e+000
    endloop
  endfacet
  facet normal  0.000000e+000  0.000000e+000  1.000000e+000
    outer loop
      vertex  3.823223e+001  5.176777e+001  2.000000e+000
      vertex  3.000000e+001  5.250000e+001  2.000000e+000
      vertex  3.176777e+001  5.176777e+001  2.000000e+000
    endloop
  endfacet
  facet normal  -0.000000e+000  0.000000e+000  1.000000e+000
    outer loop
      vertex  3.823223e+001  5.176777e+001  2.000000e+000
      vertex  3.176777e+001  5.176777e+001  2.000000e+000
      vertex  3.750000e+001  5.000000e+001  2.000000e+000
    endloop
  endfacet
  facet normal  0.000000e+000  0.000000e+000  1.000000e+000
    outer loop
      vertex  3.750000e+001  5.000000e+001  2.000000e+000
      vertex  3.176777e+001  5.176777e+001  2.000000e+000
      vertex  3.250000e+001  5.000000e+001  2.000000e+000
    endloop
  endfacet
  facet normal  -0.000000e+000  0.000000e+000  1.000000e+000
    outer loop
      vertex  3.750000e+001  5.000000e+001  2.000000e+000
      vertex  3.250000e+001  5.000000e+001  2.000000e+000
      vertex  3.823223e+001  4.823223e+001  2.000000e+000
    endloop
  endfacet
  facet normal  0.000000e+000  0.000000e+000  1.000000e+000
    outer loop
      vertex  3.823223e+001  4.823223e+001  2.000000e+000
      vertex  3.250000e+001  5.000000e+001  2.000000e+000
      vertex  3.176777e+001  4.823223e+001  2.000000e+000
    endloop
  endfacet
  facet normal  -0.000000e+000  0.000000e+000  1.000000e+000
    outer loop
      vertex  3.823223e+001  4.823223e+001  2.000000e+000
      vertex  3.176777e+001  4.823223e+001  2.000000e+000
      vertex  4.000000e+001  4.750000e+001  2.000000e+000
    endloop
  endfacet
  facet normal  0.000000e+000  0.000000e+000  1.000000e+000
    outer loop
      vertex  4.000000e+001  4.750000e+001  2.000000e+000
      vertex  3.176777e+001  4.823223e+001  2.000000e+000
      vertex  3.000000e+001  4.750000e+001  2.000000e+000
    endloop
  endfacet
  facet normal  -0.000000e+000  0.000000e+000  1.000000e+000
    outer loop
      vertex  4.000000e+001  4.750000e+001  2.000000e+000
      vertex  3.000000e+001  4.750000e+001  2.000000e+000
      vertex  4.000000e+001  4.250000e+001  2.000000e+000
    endloop
  endfacet
  facet normal  0.000000e+000  0.000000e+000  1.000000e+000
    outer loop
      vertex  4.000000e+001  4.250000e+001  2.000000e+000
      vertex  3.000000e+001  4.750000e+001  2.000000e+000
      vertex  3.000000e+001  4.250000e+001  2.000000e+000
    endloop
  endfacet
  facet normal  -0.000000e+000  0.000000e+000  1.000000e+000
    outer loop
      vertex  4.000000e+001  4.250000e+001  2.000000e+000
      vertex  3.000000e+001  4.250000e+001  2.000000e+000
      vertex  3.823223e+001  4.176777e+001  2.000000e+000
    endloop
  endfacet
  facet normal  0.000000e+000  0.000000e+000  1.000000e+000
    outer loop
      vertex  3.823223e+001  4.176777e+001  2.000000e+000
      vertex  3.000000e+001  4.250000e+001  2.000000e+000
      vertex  3.176777e+001  4.176777e+001  2.000000e+000
    endloop
  endfacet
  facet normal  -0.000000e+000  0.000000e+000  1.000000e+000
    outer loop
      vertex  3.823223e+001  4.176777e+001  2.000000e+000
      vertex  3.176777e+001  4.176777e+001  2.000000e+000
      vertex  3.750000e+001  4.000000e+001  2.000000e+000
    endloop
  endfacet
  facet normal  0.000000e+000  0.000000e+000  1.000000e+000
    outer loop
      vertex  3.750000e+001  4.000000e+001  2.000000e+000
      vertex  3.176777e+001  4.176777e+001  2.000000e+000
      vertex  3.250000e+001  4.000000e+001  2.000000e+000
    endloop
  endfacet
  facet normal  -0.000000e+000  0.000000e+000  1.000000e+000
    outer loop
      vertex  3.750000e+001  4.000000e+001  2.000000e+000
      vertex  3.250000e+001  4.000000e+001  2.000000e+000
      vertex  3.823223e+001  3.823223e+001  2.000000e+000
    endloop
  endfacet
  facet normal  0.000000e+000  0.000000e+000  1.000000e+000
    outer loop
      vertex  3.823223e+001  3.823223e+001  2.000000e+000
      vertex  3.250000e+001  4.000000e+001  2.000000e+000
      vertex  3.176777e+001  3.823223e+001  2.000000e+000
    endloop
  endfacet
  facet normal  -0.000000e+000  0.000000e+000  1.000000e+000
    outer loop
      vertex  3.823223e+001  3.823223e+001  2.000000e+000
      vertex  3.176777e+001  3.823223e+001  2.000000e+000
      vertex  4.000000e+001  3.750000e+001  2.000000e+000
    endloop
  endfacet
  facet normal  0.000000e+000  0.000000e+000  1.000000e+000
    outer loop
      vertex  4.000000e+001  3.750000e+001  2.000000e+000
      vertex  3.176777e+001  3.823223e+001  2.000000e+000
      vertex  3.000000e+001  3.750000e+001  2.000000e+000
    endloop
  endfacet
  facet normal  -0.000000e+000  0.000000e+000  1.000000e+000
    outer loop
      vertex  4.000000e+001  3.750000e+001  2.000000e+000
      vertex  3.000000e+001  3.750000e+001  2.000000e+000
      vertex  4.000000e+001  3.250000e+001  2.000000e+000
    endloop
  endfacet
  facet normal  0.000000e+000  0.000000e+000  1.000000e+000
    outer loop
      vertex  4.000000e+001  3.250000e+001  2.000000e+000
      vertex  3.000000e+001  3.750000e+001  2.000000e+000
      vertex  3.000000e+001  3.250000e+001  2.000000e+000
    endloop
  endfacet
  facet normal  -0.000000e+000  0.000000e+000  1.000000e+000
    outer loop
      vertex  4.000000e+001  3.250000e+001  2.000000e+000
      vertex  3.000000e+001  3.250000e+001  2.000000e+000
      vertex  3.823223e+001  3.176777e+001  2.000000e+000
    endloop
  endfacet
  facet normal  0.000000e+000  0.000000e+000  1.000000e+000
    outer loop
      vertex  3.823223e+001  3.176777e+001  2.000000e+000
      vertex  3.000000e+001  3.250000e+001  2.000000e+000
      vertex  3.176777e+001  3.176777e+001  2.000000e+000
    endloop
  endfacet
  facet normal  -0.000000e+000  0.000000e+000  1.000000e+000
    outer loop
      vertex  3.823223e+001  3.176777e+001  2.000000e+000
      vertex  3.176777e+001  3.176777e+001  2.000000e+000
      vertex  3.750000e+001  3.000000e+001  2.000000e+000
    endloop
  endfacet
  facet normal  0.000000e+000  0.000000e+000  1.000000e+000
    outer loop
      vertex  3.750000e+001  3.000000e+001  2.000000e+000
      vertex  3.176777e+001  3.176777e+001  2.000000e+000
      vertex  3.250000e+001  3.000000e+001  2.000000e+000
    endloop
  endfacet
  facet normal  -0.000000e+000  0.000000e+000  1.000000e+000
    outer loop
      vertex  3.750000e+001  3.000000e+001  2.000000e+000
      vertex  3.250000e+001  3.000000e+001  2.000000e+000
      vertex  3.823223e+001  2.823223e+001  2.000000e+000
    endloop
  endfacet
  facet normal  0.000000e+000  0.000000e+000  1.000000e+000
    outer loop
      vertex  3.823223e+001  2.823223e+001  2.000000e+000
      vertex  3.250000e+001  3.000000e+001  2.000000e+000
      vertex  3.176777e+001  2.823223e+001  2.000000e+000
    endloop
  endfacet
  facet normal  -0.000000e+000  0.000000e+000  1.000000e+000
    outer loop
      vertex  3.823223e+001  2.823223e+001  2.000000e+000
      vertex  3.176777e+001  2.823223e+001  2.000000e+000
      vertex  4.000000e+001  2.750000e+001  2.000000e+000
    endloop
  endfacet
  facet normal  0.000000e+000  0.000000e+000  1.000000e+000
    outer loop
      vertex  4.000000e+001  2.750000e+001  2.000000e+000
      vertex  3.176777e+001  2.823223e+001  2.000000e+000
      vertex  3.000000e+001  2.750000e+001  2.000000e+000
    endloop
  endfacet
  facet normal  -0.000000e+000  0.000000e+000  1.000000e+000
    outer loop
      vertex  5.000000e+001  5.250000e+001  2.000000e+000
      vertex  4.000000e+001  5.250000e+001  2.000000e+000
      vertex  4.823223e+001  5.176777e+001  2.000000e+000
    endloop
  endfacet
  facet normal  0.000000e+000  0.000000e+000  1.000000e+000
    outer loop
      vertex  4.823223e+001  5.176777e+001  2.000000e+000
      vertex  4.000000e+001  5.250000e+001  2.000000e+000
      vertex  4.176777e+001  5.176777e+001  2.000000e+000
    endloop
  endfacet
  facet normal  -0.000000e+000  0.000000e+000  1.000000e+000
    outer loop
      vertex  4.823223e+001  5.176777e+001  2.000000e+000
      vertex  4.176777e+001  5.176777e+001  2.000000e+000
      vertex  4.750000e+001  5.000000e+001  2.000000e+000
    endloop
  endfacet
  facet normal  0.000000e+000  0.000000e+000  1.000000e+000
    outer loop
      vertex  4.750000e+001  5.000000e+001  2.000000e+000
      vertex  4.176777e+001  5.176777e+001  2.000000e+000
      vertex  4.250000e+001  5.000000e+001  2.000000e+000
    endloop
  endfacet
  facet normal  -0.000000e+000  0.000000e+000  1.000000e+000
    outer loop
      vertex  4.750000e+001  5.000000e+001  2.000000e+000
      vertex  4.250000e+001  5.000000e+001  2.000000e+000
      vertex  4.823223e+001  4.823223e+001  2.000000e+000
    endloop
  endfacet
  facet normal  0.000000e+000  0.000000e+000  1.000000e+000
    outer loop
      vertex  4.823223e+001  4.823223e+001  2.000000e+000
      vertex  4.250000e+001  5.000000e+001  2.000000e+000
      vertex  4.176777e+001  4.823223e+001  2.000000e+000
    endloop
  endfacet
  facet normal  -0.000000e+000  0.000000e+000  1.000000e+000
    outer loop
      vertex  4.823223e+001  4.823223e+001  2.000000e+000
      vertex  4.176777e+001  4.823223e+001  2.000000e+000
      vertex  5.000000e+001  4.750000e+001  2.000000e+000
    endloop
  endfacet
  facet normal  0.000000e+000  0.000000e+000  1.000000e+000
    outer loop
      vertex  5.000000e+001  4.750000e+001  2.000000e+000
      vertex  4.176777e+001  4.823223e+001  2.000000e+000
      vertex  4.000000e+001  4.750000e+001  2.000000e+000
    endloop
  endfacet
  facet normal  -0.000000e+000  0.000000e+000  1.000000e+000
    outer loop
      vertex  5.000000e+001  4.750000e+001  2.000000e+000
      vertex  4.000000e+001  4.750000e+001  2.000000e+000
      vertex  5.000000e+001  4.250000e+001  2.000000e+000
    endloop
  endfacet
  facet normal  0.000000e+000  0.000000e+000  1.000000e+000
    outer loop
      vertex  5.000000e+001  4.250000e+001  2.000000e+000
      vertex  4.000000e+001  4.750000e+001  2.000000e+000
      vertex  4.000000e+001  4.250000e+001  2.000000e+000
    endloop
  endfacet
  facet normal  -0.000000e+000  0.000000e+000  1.000000e+000
    outer loop
      vertex  5.000000e+001  4.250000e+001  2.000000e+000
      vertex  4.000000e+001  4.250000e+001  2.000000e+000
      vertex  4.823223e+001  4.176777e+001  2.000000e+000
    endloop
  endfacet
  facet normal  0.000000e+000  0.000000e+000  1.000000e+000
    outer loop
      vertex  4.823223e+001  4.176777e+001  2.000000e+000
      vertex  4.000000e+001  4.250000e+001  2.000000e+000
      vertex  4.176777e+001  4.176777e+001  2.000000e+000
    endloop
  endfacet
  facet normal  -0.000000e+000  0.000000e+000  1.000000e+000
    outer loop
      vertex  4.823223e+001  4.176777e+001  2.000000e+000
      vertex  4.176777e+001  4.176777e+001  2.000000e+000
      vertex  4.750000e+001  4.000000e+001  2.000000e+000
    endloop
  endfacet
  facet normal  0.000000e+000  0.000000e+000  1.000000e+000
    outer loop
      vertex  4.750000e+001  4.000000e+001  2.000000e+000
      vertex  4.176777e+001  4.176777e+001  2.000000e+000
      vertex  4.250000e+001  4.000000e+001  2.000000e+000
    endloop
  endfacet
  facet normal  -0.000000e+000  0.000000e+000  1.000000e+000
    outer loop
      vertex  4.750000e+001  4.000000e+001  2.000000e+000
      vertex  4.250000e+001  4.000000e+001  2.000000e+000
      vertex  4.823223e+001  3.823223e+001  2.000000e+000
    endloop
  endfacet
  facet normal  0.000000e+000  0.000000e+000  1.000000e+000
    outer loop
      vertex  4.823223e+001  3.823223e+001  2.000000e+000
      vertex  4.250000e+001  4.000000e+001  2.000000e+000
      vertex  4.176777e+001  3.823223e+001  2.000000e+000
    endloop
  endfacet
  facet normal  -0.000000e+000  0.000000e+000  1.000000e+000
    outer loop
      vertex  4.823223e+001  3.823223e+001  2.000000e+000
      vertex  4.176777e+001  3.823223e+001  2.000000e+000
      vertex  5.000000e+001  3.750000e+001  2.000000e+000
    endloop
  endfacet
  facet normal  0.000000e+000  0.000000e+000  1.000000e+000
    outer loop
      vertex  5.000000e+001  3.750000e+001  2.000000e+000
      vertex  4.176777e+001  3.823223e+001  2.000000e+000
      vertex  4.000000e+001  3.750000e+001  2.000000e+000
    endloop
  endfacet
  facet normal  -0.000000e+000  0.000000e+000  1.000000e+000
    outer loop
      vertex  5.000000e+001  3.750000e+001  2.000000e+000
      vertex  4.000000e+001  3.750000e+001  2.000000e+000
      vertex  5.000000e+001  3.250000e+001  2.000000e+000
    endloop
  endfacet
  facet normal  0.000000e+000  0.000000e+000  1.000000e+000
    outer loop
      vertex  5.000000e+001  3.250000e+001  2.000000e+000
      vertex  4.000000e+001  3.750000e+001  2.000000e+000
      vertex  4.000000e+001  3.250000e+001  2.000000e+000
    endloop
  endfacet
  facet normal  -0.000000e+000  0.000000e+000  1.000000e+000
    outer loop
      vertex  5.000000e+001  3.250000e+001  2.000000e+000
      vertex  4.000000e+001  3.250000e+001  2.000000e+000
      vertex  4.823223e+001  3.176777e+001  2.000000e+000
    endloop
  endfacet
  facet normal  0.000000e+000  0.000000e+000  1.000000e+000
    outer loop
      vertex  4.823223e+001  3.176777e+001  2.000000e+000
      vertex  4.000000e+001  3.250000e+001  2.000000e+000
      vertex  4.176777e+001  3.176777e+001  2.000000e+000
    endloop
  endfacet
  facet normal  -0.000000e+000  0.000000e+000  1.000000e+000
    outer loop
      vertex  4.823223e+001  3.176777e+001  2.000000e+000
      vertex  4.176777e+001  3.176777e+001  2.000000e+000
      vertex  4.750000e+001  3.000000e+001  2.000000e+000
    endloop
  endfacet
  facet normal  0.000000e+000  0.000000e+000  1.000000e+000
    outer loop
      vertex  4.750000e+001  3.000000e+001  2.000000e+000
      vertex  4.176777e+001  3.176777e+001  2.000000e+000
      vertex  4.250000e+001  3.000000e+001  2.000000e+000
    endloop
  endfacet
  facet normal  -0.000000e+000  0.000000e+000  1.000000e+000
    outer loop
      vertex  4.750000e+001  3.000000e+001  2.000000e+000
      vertex  4.250000e+001  3.000000e+001  2.000000e+000
      vertex  4.823223e+001  2.823223e+001  2.000000e+000
    endloop
  endfacet
  facet normal  0.000000e+000  0.000000e+000  1.000000e+000
    outer loop
      vertex  4.823223e+001  2.823223e+001  2.000000e+000
      vertex  4.250000e+001  3.000000e+001  2.000000e+000
      vertex  4.176777e+001  2.823223e+001  2.000000e+000
    endloop
  endfacet
  facet normal  -0.000000e+000  0.000000e+000  1.000000e+000
    outer loop
      vertex  4.823223e+001  2.823223e+001  2.000000e+000
      vertex  4.176777e+001  2.823223e+001  2.000000e+000
      vertex  5.000000e+001  2.750000e+001  2.000000e+000
    endloop
  endfacet
  facet normal  0.000000e+000  0.000000e+000  1.000000e+000
    outer loop
      vertex  5.000000e+001  2.750000e+001  2.000000e+000
      vertex  4.176777e+001  2.823223e+001  2.000000e+000
      vertex  4.000000e+001  2.750000e+001  2.000000e+000
    endloop
  endfacet
  facet normal  3.826831e-001 -9.238797e-001  0.000000e+000
    outer loop
      vertex  5.000000e+001  3.250000e+001  0.000000e+000
      vertex  4.823223e+001  3.176777e+001  2.000000e+000
      vertex  4.823223e+001  3.176777e+001  0.000000e+000
    endloop
  endfacet
  facet normal  9.238799e-001 -3.826826e-001  0.000000e+000
    outer loop
      vertex  4.823223e+001  3.176777e+001  0.000000e+000
      vertex  4.823223e+001  3.176777e+001  2.000000e+000
      vertex  4.750000e+001  3.000000e+001  2.000000e+000
    endloop
  endfacet
  facet normal  9.238799e-001 -3.826826e-001  0.000000e+000
    outer loop
      vertex  4.823223e+001  3.176777e+001  0.000000e+000
      vertex  4.750000e+001  3.000000e+001  2.000000e+000
      vertex  4.750000e+001  3.000000e+001  0.000000e+000
    endloop
  endfacet
  facet normal  3.826831e-001 -9.238797e-001  0.000000e+000
    outer loop
      vertex  4.823223e+001  3.176777e+001  2.000000e+000
      vertex  5.000000e+001  3.250000e+001  0.000000e+000
      vertex  5.000000e+001  3.250000e+001  2.000000e+000
    endloop
  endfacet
  facet normal -3.826831e-001 -9.238797e-001  -0.000000e+000
    outer loop
      vertex  5.000000e+001  3.250000e+001  2.000000e+000
      vertex  5.000000e+001  3.250000e+001  0.000000e+000
      vertex  5.176777e+001  3.176777e+001  0.000000e+000
    endloop
  endfacet
  facet normal -3.826831e-001 -9.238797e-001  0.000000e+000
    outer loop
      vertex  5.000000e+001  3.250000e+001  2.000000e+000
      vertex  5.176777e+001  3.176777e+001  0.000000e+000
      vertex  5.176777e+001  3.176777e+001  2.000000e+000
    endloop
  endfacet
  facet normal -9.238799e-001 -3.826826e-001  -0.000000e+000
    outer loop
      vertex  5.176777e+001  3.176777e+001  2.000000e+000
      vertex  5.176777e+001  3.176777e+001  0.000000e+000
      vertex  5.250000e+001  3.000000e+001  0.000000e+000
    endloop
  endfacet
  facet normal -9.238799e-001 -3.826826e-001  0.000000e+000
    outer loop
      vertex  5.176777e+001  3.176777e+001  2.000000e+000
      vertex  5.250000e+001  3.000000e+001  0.000000e+000
      vertex  5.250000e+001  3.000000e+001  2.000000e+000
    endloop
  endfacet
  facet normal -3.826831e-001  9.238797e-001  0.000000e+000
    outer loop
      vertex  5.000000e+001  2.750000e+001  0.000000e+000
      vertex  5.176777e+001  2.823223e+001  2.000000e+000
      vertex  5.176777e+001  2.823223e+001  0.000000e+000
    endloop
  endfacet
  facet normal -9.238799e-001  3.826826e-001  0.000000e+000
    outer loop
      vertex  5.176777e+001  2.823223e+001  0.000000e+000
      vertex  5.176777e+001  2.823223e+001  2.000000e+000
      vertex  5.250000e+001  3.000000e+001  2.000000e+000
    endloop
  endfacet
  facet normal -9.238799e-001  3.826826e-001  0.000000e+000
    outer loop
      vertex  5.176777e+001  2.823223e+001  0.000000e+000
      vertex  5.250000e+001  3.000000e+001  2.000000e+000
      vertex  5.250000e+001  3.000000e+001  0.000000e+000
    endloop
  endfacet
  facet normal -3.826831e-001  9.238797e-001  0.000000e+000
    outer loop
      vertex  5.176777e+001  2.823223e+001  2.000000e+000
      vertex  5.000000e+001  2.750000e+001  0.000000e+000
      vertex  5.000000e+001  2.750000e+001  2.000000e+000
    endloop
  endfacet
  facet normal  3.826831e-001  9.238797e-001  0.000000e+000
    outer loop
      vertex  5.000000e+001  2.750000e+001  2.000000e+000
      vertex  5.000000e+001  2.750000e+001  0.000000e+000
      vertex  4.823223e+001  2.823223e+001  0.000000e+000
    endloop
  endfacet
  facet normal  3.826831e-001  9.238797e-001  -0.000000e+000
    outer loop
      vertex  5.000000e+001  2.750000e+001  2.000000e+000
      vertex  4.823223e+001  2.823223e+001  0.000000e+000
      vertex  4.823223e+001  2.823223e+001  2.000000e+000
    endloop
  endfacet
  facet normal  9.238799e-001  3.826826e-001  0.000000e+000
    outer loop
      vertex  4.823223e+001  2.823223e+001  2.000000e+000
      vertex  4.823223e+001  2.823223e+001  0.000000e+000
      vertex  4.750000e+001  3.000000e+001  0.000000e+000
    endloop
  endfacet
  facet normal  9.238799e-001  3.826826e-001  -0.000000e+000
    outer loop
      vertex  4.823223e+001  2.823223e+001  2.000000e+000
      vertex  4.750000e+001  3.000000e+001  0.000000e+000
      vertex  4.750000e+001  3.000000e+001  2.000000e+000
    endloop
  endfacet
  facet normal  3.826822e-001 -9.238800e-001  0.000000e+000
    outer loop
      vertex  5.000000e+001  4.250000e+001  0.000000e+000
      vertex  4.823223e+001  4.176777e+001  2.000000e+000
      vertex  4.823223e+001  4.176777e+001  0.000000e+000
    endloop
  endfacet
  facet normal  9.238800e-001 -3.826822e-001  0.000000e+000
    outer loop
      vertex  4.823223e+001  4.176777e+001  0.000000e+000
      vertex  4.823223e+001  4.176777e+001  2.000000e+000
      vertex  4.750000e+001  4.000000e+001  2.000000e+000
    endloop
  endfacet
  facet normal  9.238800e-001 -3.826822e-001  0.000000e+000
    outer loop
      vertex  4.823223e+001  4.176777e+001  0.000000e+000
      vertex  4.750000e+001  4.000000e+001  2.000000e+000
      vertex  4.750000e+001  4.000000e+001  0.000000e+000
    endloop
  endfacet
  facet normal  3.826822e-001 -9.238800e-001  0.000000e+000
    outer loop
      vertex  4.823223e+001  4.176777e+001  2.000000e+000
      vertex  5.000000e+001  4.250000e+001  0.000000e+000
      vertex  5.000000e+001  4.250000e+001  2.000000e+000
    endloop
  endfacet
  facet normal -3.826822e-001 -9.238800e-001  -0.000000e+000
    outer loop
      vertex  5.000000e+001  4.250000e+001  2.000000e+000
      vertex  5.000000e+001  4.250000e+001  0.000000e+000
      vertex  5.176777e+001  4.176777e+001  0.000000e+000
    endloop
  endfacet
  facet normal -3.826822e-001 -9.238800e-001  0.000000e+000
    outer loop
      vertex  5.000000e+001  4.250000e+001  2.000000e+000
      vertex  5.176777e+001  4.176777e+001  0.000000e+000
      vertex  5.176777e+001  4.176777e+001  2.000000e+000
    endloop
  endfacet
  facet normal -9.238800e-001 -3.826822e-001  -0.000000e+000
    outer loop
      vertex  5.176777e+001  4.176777e+001  2.000000e+000
      vertex  5.176777e+001  4.176777e+001  0.000000e+000
      vertex  5.250000e+001  4.000000e+001  0.000000e+000
    endloop
  endfacet
  facet normal -9.238800e-001 -3.826822e-001  0.000000e+000
    outer loop
      vertex  5.176777e+001  4.176777e+001  2.000000e+000
      vertex  5.250000e+001  4.000000e+001  0.000000e+000
      vertex  5.250000e+001  4.000000e+001  2.000000e+000
    endloop
  endfacet
  facet normal -3.826822e-001  9.238800e-001  0.000000e+000
    outer loop
      vertex  5.000000e+001  3.750000e+001  0.000000e+000
      vertex  5.176777e+001  3.823223e+001  2.000000e+000
      vertex  5.176777e+001  3.823223e+001  0.000000e+000
    endloop
  endfacet
  facet normal -9.238800e-001  3.826822e-001  0.000000e+000
    outer loop
      vertex  5.176777e+001  3.823223e+001  0.000000e+000
      vertex  5.176777e+001  3.823223e+001  2.000000e+000
      vertex  5.250000e+001  4.000000e+001  2.000000e+000
    endloop
  endfacet
  facet normal -9.238800e-001  3.826822e-001  0.000000e+000
    outer loop
      vertex  5.176777e+001  3.823223e+001  0.000000e+000
      vertex  5.250000e+001  4.000000e+001  2.000000e+000
      vertex  5.250000e+001  4.000000e+001  0.000000e+000
    endloop
  endfacet
  facet normal -3.826822e-001  9.238800e-001  0.000000e+000
    outer loop
      vertex  5.176777e+001  3.823223e+001  2.000000e+000
      vertex  5.000000e+001  3.750000e+001  0.000000e+000
      vertex  5.000000e+001  3.750000e+001  2.000000e+000
    endloop
  endfacet
  facet normal  3.826822e-001  9.238800e-001  0.000000e+000
    outer loop
      vertex  5.000000e+001  3.750000e+001  2.000000e+000
      vertex  5.000000e+001  3.750000e+001  0.000000e+000
      vertex  4.823223e+001  3.823223e+001  0.000000e+000
    endloop
  endfacet
  facet normal  3.826822e-001  9.238800e-001  -0.000000e+000
    outer loop
      vertex  5.000000e+001  3.750000e+001  2.000000e+000
      vertex  4.823223e+001  3.823223e+001  0.000000e+000
      vertex  4.823223e+001  3.823223e+001  2.000000e+000
    endloop
  endfacet
  facet normal  9.238800e-001  3.826822e-001  0.000000e+000
    outer loop
      vertex  4.823223e+001  3.823223e+001  2.000000e+000
      vertex  4.823223e+001  3.823223e+001  0.000000e+000
      vertex  4.750000e+001  4.000000e+001  0.000000e+000
    endloop
  endfacet
  facet normal  9.238800e-001  3.826822e-001  -0.000000e+000
    outer loop
      vertex  4.823223e+001  3.823223e+001  2.000000e+000
      vertex  4.750000e+001  4.000000e+001  0.000000e+000
      vertex  4.750000e+001  4.000000e+001  2.000000e+000
    endloop
  endfacet
  facet normal  3.826831e-001 -9.238797e-001  0.000000e+000
    outer loop
      vertex  4.000000e+001  3.250000e+001  0.000000e+000
      vertex  3.823223e+001  3.176777e+001  2.000000e+000
      vertex  3.823223e+001  3.176777e+001  0.000000e+000
    endloop
  endfacet
  facet normal  9.238799e-001 -3.826826e-001  0.000000e+000
    outer loop
      vertex  3.823223e+001  3.176777e+001  0.000000e+000
      vertex  3.823223e+001  3.176777e+001  2.000000e+000
      vertex  3.750000e+001  3.000000e+001  2.000000e+000
    endloop
  endfacet
  facet normal  9.238799e-001 -3.826826e-001  0.000000e+000
    outer loop
      vertex  3.823223e+001  3.176777e+001  0.000000e+000
      vertex  3.750000e+001  3.000000e+001  2.000000e+000
      vertex  3.750000e+001  3.000000e+001  0.000000e+000
    endloop
  endfacet
  facet normal  3.826831e-001 -9.238797e-001  0.000000e+000
    outer loop
      vertex  3.823223e+001  3.176777e+001  2.000000e+000
      vertex  4.000000e+001  3.250000e+001  0.000000e+000
      vertex  4.000000e+001  3.250000e+001  2.000000e+000
    endloop
  endfacet
  facet normal -3.826831e-001 -9.238797e-001  -0.000000e+000
    outer loop
      vertex  4.000000e+001  3.250000e+001  2.000000e+000
      vertex  4.000000e+001  3.250000e+001  0.000000e+000
      vertex  4.176777e+001  3.176777e+001  0.000000e+000
    endloop
  endfacet
  facet normal -3.826831e-001 -9.238797e-001  0.000000e+000
    outer loop
      vertex  4.000000e+001  3.250000e+001  2.000000e+000
      vertex  4.176777e+001  3.176777e+001  0.000000e+000
      vertex  4.176777e+001  3.176777e+001  2.000000e+000
    endloop
  endfacet
  facet normal -9.238799e-001 -3.826826e-001  -0.000000e+000
    outer loop
      vertex  4.176777e+001  3.176777e+001  2.000000e+000
      vertex  4.176777e+001  3.176777e+001  0.000000e+000
      vertex  4.250000e+001  3.000000e+001  0.000000e+000
    endloop
  endfacet
  facet normal -9.238799e-001 -3.826826e-001  0.000000e+000
    outer loop
      vertex  4.176777e+001  3.176777e+001  2.000000e+000
      vertex  4.250000e+001  3.000000e+001  0.000000e+000
      vertex  4.250000e+001  3.000000e+001  2.000000e+000
    endloop
  endfacet
  facet normal -3.826831e-001  9.238797e-001  0.000000e+000
    outer loop
      vertex  4.000000e+001  2.750000e+001  0.000000e+000
      vertex  4.176777e+001  2.823223e+001  2.000000e+000
      vertex  4.176777e+001  2.823223e+001  0.000000e+000
    endloop
  endfacet
  facet normal -9.238799e-001  3.826826e-001  0.000000e+000
    outer loop
      vertex  4.176777e+001  2.823223e+001  0.000000e+000
      vertex  4.176777e+001  2.823223e+001  2.000000e+000
      vertex  4.250000e+001  3.000000e+001  2.000000e+000
    endloop
  endfacet
  facet normal -9.238799e-001  3.826826e-001  0.000000e+000
    outer loop
      vertex  4.176777e+001  2.823223e+001  0.000000e+000
      vertex  4.250000e+001  3.000000e+001  2.000000e+000
      vertex  4.250000e+001  3.000000e+001  0.000000e+000
    endloop
  endfacet
  facet normal -3.826831e-001  9.238797e-001  0.000000e+000
    outer loop
      vertex  4.176777e+001  2.823223e+001  2.000000e+000
      vertex  4.000000e+001  2.750000e+001  0.000000e+000
      vertex  4.000000e+001  2.750000e+001  2.000000e+000
    endloop
  endfacet
  facet normal  3.826831e-001  9.238797e-001  0.000000e+000
    outer loop
      vertex  4.000000e+001  2.750000e+001  2.000000e+000
      vertex  4.000000e+001  2.750000e+001  0.000000e+000
      vertex  3.823223e+001  2.823223e+001  0.000000e+000
    endloop
  endfacet
  facet normal  3.826831e-001  9.238797e-001  -0.000000e+000
    outer loop
      vertex  4.000000e+001  2.750000e+001  2.000000e+000
      vertex  3.823223e+001  2.823223e+001  0.000000e+000
      vertex  3.823223e+001  2.823223e+001  2.000000e+000
    endloop
  endfacet
  facet normal  9.238799e-001  3.826826e-001  0.000000e+000
    outer loop
      vertex  3.823223e+001  2.823223e+001  2.000000e+000
      vertex  3.823223e+001  2.823223e+001  0.000000e+000
      vertex  3.750000e+001  3.000000e+001  0.000000e+000
    endloop
  endfacet
  facet normal  9.238799e-001  3.826826e-001  -0.000000e+000
    outer loop
      vertex  3.823223e+001  2.823223e+001  2.000000e+000
      vertex  3.750000e+001  3.000000e+001  0.000000e+000
      vertex  3.750000e+001  3.000000e+001  2.000000e+000
    endloop
  endfacet
  facet normal  3.826822e-001 -9.238800e-001  0.000000e+000
    outer loop
      vertex  4.000000e+001  4.250000e+001  0.000000e+000
      vertex  3.823223e+001  4.176777e+001  2.000000e+000
      vertex  3.823223e+001  4.176777e+001  0.000000e+000
    endloop
  endfacet
  facet normal  9.238800e-001 -3.826822e-001  0.000000e+000
    outer loop
      vertex  3.823223e+001  4.176777e+001  0.000000e+000
      vertex  3.823223e+001  4.176777e+001  2.000000e+000
      vertex  3.750000e+001  4.000000e+001  2.000000e+000
    endloop
  endfacet
  facet normal  9.238800e-001 -3.826822e-001  0.000000e+000
    outer loop
      vertex  3.823223e+001  4.176777e+001  0.000000e+000
      vertex  3.750000e+001  4.000000e+001  2.000000e+000
      vertex  3.750000e+001  4.000000e+001  0.000000e+000
    endloop
  endfacet
  facet normal  3.826822e-001 -9.238800e-001  0.000000e+000
    outer loop
      vertex  3.823223e+001  4.176777e+001  2.000000e+000
      vertex  4.000000e+001  4.250000e+001  0.000000e+000
      vertex  4.000000e+001  4.250000e+001  2.000000e+000
    endloop
  endfacet
  facet normal -3.826822e-001 -9.238800e-001  -0.000000e+000
    outer loop
      vertex  4.000000e+001  4.250000e+001  2.000000e+000
      vertex  4.000000e+001  4.250000e+001  0.000000e+000
      vertex  4.176777e+001  4.176777e+001  0.000000e+000
    endloop
  endfacet
  facet normal -3.826822e-001 -9.238800e-001  0.000000e+000
    outer loop
      vertex  4.000000e+001  4.250000e+001  2.000000e+000
      vertex  4.176777e+001  4.176777e+001  0.000000e+000
      vertex  4.176777e+001  4.176777e+001  2.000000e+000
    endloop
  endfacet
  facet normal -9.238800e-001 -3.826822e-001  -0.000000e+000
    outer loop
      vertex  4.176777e+001  4.176777e+001  2.000000e+000
      vertex  4.176777e+001  4.176777e+001  0.000000e+000
      vertex  4.250000e+001  4.000000e+001  0.000000e+000
    endloop
  endfacet
  facet normal -9.238800e-001 -3.826822e-001  0.000000e+000
    outer loop
      vertex  4.176777e+001  4.176777e+001  2.000000e+000
      vertex  4.250000e+001  4.000000e+001  0.000000e+000
      vertex  4.250000e+001  4.000000e+001  2.000000e+000
    endloop
  endfacet
  facet normal -3.826822e-001  9.238800e-001  0.000000e+000
    outer loop
      vertex  4.000000e+001  3.750000e+001  0.000000e+000
      vertex  4.176777e+001  3.823223e+001  2.000000e+000
      vertex  4.176777e+001  3.823223e+001  0.000000e+000
    endloop
  endfacet
  facet normal -9.238800e-001  3.826822e-001  0.000000e+000
    outer loop
      vertex  4.176777e+001  3.823223e+001  0.000000e+000
      vertex  4.176777e+001  3.823223e+001  2.000000e+000
      vertex  4.250000e+001  4.000000e+001  2.000000e+000
    endloop
  endfacet
  facet normal -9.238800e-001  3.826822e-001  0.000000e+000
    outer loop
      vertex  4.176777e+001  3.823223e+001  0.000000e+000
      vertex  4.250000e+001  4.000000e+001  2.000000e+000
      vertex  4.250000e+001  4.000000e+001  0.000000e+000
    endloop
  endfacet
  facet normal -3.826822e-001  9.238800e-001  0.000000e+000
    outer loop
      vertex  4.176777e+001  3.823223e+001  2.000000e+000
      vertex  4.000000e+001  3.750000e+001  0.000000e+000
      vertex  4.000000e+001  3.750000e+001  2.000000e+000
    endloop
  endfacet
  facet normal  3.826822e-001  9.238800e-001  0.000000e+000
    outer loop
      vertex  4.000000e+001  3.750000e+001  2.000000e+000
      vertex  4.000000e+001  3.750000e+001  0.000000e+000
      vertex  3.823223e+001  3.823223e+001  0.000000e+000
    endloop
  endfacet
  facet normal  3.826822e-001  9.238800e-001  -0.000000e+000
    outer loop
      vertex  4.000000e+001  3.750000e+001  2.000000e+000
      vertex  3.823223e+001  3.823223e+001  0.000000e+000
      vertex  3.823223e+001  3.823223e+001  2.000000e+000
    endloop
  endfacet
  facet normal  9.238800e-001  3.826822e-001  0.000000e+000
    outer loop
      vertex  3.823223e+001  3.823223e+001  2.000000e+000
      vertex  3.823223e+001  3.823223e+001  0.000000e+000
      vertex  3.750000e+001  4.000000e+001  0.000000e+000
    endloop
  endfacet
  facet normal  9.238800e-001  3.826822e-001  -0.000000e+000
    outer loop
      vertex  3.823223e+001  3.823223e+001  2.000000e+000
      vertex  3.750000e+001  4.000000e+001  0.000000e+000
      vertex  3.750000e+001  4.000000e+001  2.000000e+000
    endloop
  endfacet
  facet normal  3.826834e-001 -9.238794e-001  0.000000e+000
    outer loop
      vertex  3.000000e+001  3.250000e+001  0.000000e+000
      vertex  2.823223e+001  3.176777e+001  2.000000e+000
      vertex  2.823223e+001  3.176777e+001  0.000000e+000
    endloop
  endfacet
  facet normal  9.238794e-001 -3.826834e-001  0.000000e+000
    outer loop
      vertex  2.823223e+001  3.176777e+001  0.000000e+000
      vertex  2.823223e+001  3.176777e+001  2.000000e+000
      vertex  2.750000e+001  3.000000e+001  2.000000e+000
    endloop
  endfacet
  facet normal  9.238794e-001 -3.826834e-001  0.000000e+000
    outer loop
      vertex  2.823223e+001  3.176777e+001  0.000000e+000
      vertex  2.750000e+001  3.000000e+001  2.000000e+000
      vertex  2.750000e+001  3.000000e+001  0.000000e+000
    endloop
  endfacet
  facet normal  3.826834e-001 -9.238794e-001  0.000000e+000
    outer loop
      vertex  2.823223e+001  3.176777e+001  2.000000e+000
      vertex  3.000000e+001  3.250000e+001  0.000000e+000
      vertex  3.000000e+001  3.250000e+001  2.000000e+000
    endloop
  endfacet
  facet normal -3.826834e-001 -9.238794e-001  -0.000000e+000
    outer loop
      vertex  3.000000e+001  3.250000e+001  2.000000e+000
      vertex  3.000000e+001  3.250000e+001  0.000000e+000
      vertex  3.176777e+001  3.176777e+001  0.000000e+000
    endloop
  endfacet
  facet normal -3.826834e-001 -9.238794e-001  0.000000e+000
    outer loop
      vertex  3.000000e+001  3.250000e+001  2.000000e+000
      vertex  3.176777e+001  3.176777e+001  0.000000e+000
      vertex  3.176777e+001  3.176777e+001  2.000000e+000
    endloop
  endfacet
  facet normal -9.238794e-001 -3.826834e-001  -0.000000e+000
    outer loop
      vertex  3.176777e+001  3.176777e+001  2.000000e+000
      vertex  3.176777e+001  3.176777e+001  0.000000e+000
      vertex  3.250000e+001  3.000000e+001  0.000000e+000
    endloop
  endfacet
  facet normal -9.238794e-001 -3.826834e-001  0.000000e+000
    outer loop
      vertex  3.176777e+001  3.176777e+001  2.000000e+000
      vertex  3.250000e+001  3.000000e+001  0.000000e+000
      vertex  3.250000e+001  3.000000e+001  2.000000e+000
    endloop
  endfacet
  facet normal -3.826834e-001  9.238794e-001  0.000000e+000
    outer loop
      vertex  3.000000e+001  2.750000e+001  0.000000e+000
      vertex  3.176777e+001  2.823223e+001  2.000000e+000
      vertex  3.176777e+001  2.823223e+001  0.000000e+000
    endloop
  endfacet
  facet normal -9.238794e-001  3.826834e-001  0.000000e+000
    outer loop
      vertex  3.176777e+001  2.823223e+001  0.000000e+000
      vertex  3.176777e+001  2.823223e+001  2.000000e+000
      vertex  3.250000e+001  3.000000e+001  2.000000e+000
    endloop
  endfacet
  facet normal -9.238794e-001  3.826834e-001  0.000000e+000
    outer loop
      vertex  3.176777e+001  2.823223e+001  0.000000e+000
      vertex  3.250000e+001  3.000000e+001  2.000000e+000
      vertex  3.250000e+001  3.000000e+001  0.000000e+000
    endloop
  endfacet
  facet normal -3.826834e-001  9.238794e-001  0.000000e+000
    outer loop
      vertex  3.176777e+001  2.823223e+001  2.000000e+000
      vertex  3.000000e+001  2.750000e+001  0.000000e+000
      vertex  3.000000e+001  2.750000e+001  2.000000e+000
    endloop
  endfacet
  facet normal  3.826834e-001  9.238794e-001  0.000000e+000
    outer loop
      vertex  3.000000e+001  2.750000e+001  2.000000e+000
      vertex  3.000000e+001  2.750000e+001  0.000000e+000
      vertex  2.823223e+001  2.823223e+001  0.000000e+000
    endloop
  endfacet
  facet normal  3.826834e-001  9.238794e-001  -0.000000e+000
    outer loop
      vertex  3.000000e+001  2.750000e+001  2.000000e+000
      vertex  2.823223e+001  2.823223e+001  0.000000e+000
      vertex  2.823223e+001  2.823223e+001  2.000000e+000
    endloop
  endfacet
  facet normal  9.238794e-001  3.826834e-001  0.000000e+000
    outer loop
      vertex  2.823223e+001  2.823223e+001  2.000000e+000
      vertex  2.823223e+001  2.823223e+001  0.000000e+000
      vertex  2.750000e+001  3.000000e+001  0.000000e+000
    endloop
  endfacet
  facet normal  9.238794e-001  3.826834e-001  -0.000000e+000
    outer loop
      vertex  2.823223e+001  2.823223e+001  2.000000e+000
      vertex  2.750000e+001  3.000000e+001  0.000000e+000
      vertex  2.750000e+001  3.000000e+001  2.000000e+000
    endloop
  endfacet
  facet normal  3.826826e-001 -9.238799e-001  0.000000e+000
    outer loop
      vertex  3.000000e+001  4.250000e+001  0.000000e+000
      vertex  2.823223e+001  4.176777e+001  2.000000e+000
      vertex  2.823223e+001  4.176777e+001  0.000000e+000
    endloop
  endfacet
  facet normal  9.238797e-001 -3.826831e-001  0.000000e+000
    outer loop
      vertex  2.823223e+001  4.176777e+001  0.000000e+000
      vertex  2.823223e+001  4.176777e+001  2.000000e+000
      vertex  2.750000e+001  4.000000e+001  2.000000e+000
    endloop
  endfacet
  facet normal  9.238797e-001 -3.826831e-001  0.000000e+000
    outer loop
      vertex  2.823223e+001  4.176777e+001  0.000000e+000
      vertex  2.750000e+001  4.000000e+001  2.000000e+000
      vertex  2.750000e+001  4.000000e+001  0.000000e+000
    endloop
  endfacet
  facet normal  3.826826e-001 -9.238799e-001  0.000000e+000
    outer loop
      vertex  2.823223e+001  4.176777e+001  2.000000e+000
      vertex  3.000000e+001  4.250000e+001  0.000000e+000
      vertex  3.000000e+001  4.250000e+001  2.000000e+000
    endloop
  endfacet
  facet normal -3.826826e-001 -9.238799e-001  -0.000000e+000
    outer loop
      vertex  3.000000e+001  4.250000e+001  2.000000e+000
      vertex  3.000000e+001  4.250000e+001  0.000000e+000
      vertex  3.176777e+001  4.176777e+001  0.000000e+000
    endloop
  endfacet
  facet normal -3.826826e-001 -9.238799e-001  0.000000e+000
    outer loop
      vertex  3.000000e+001  4.250000e+001  2.000000e+000
      vertex  3.176777e+001  4.176777e+001  0.000000e+000
      vertex  3.176777e+001  4.176777e+001  2.000000e+000
    endloop
  endfacet
  facet normal -9.238797e-001 -3.826831e-001  -0.000000e+000
    outer loop
      vertex  3.176777e+001  4.176777e+001  2.000000e+000
      vertex  3.176777e+001  4.176777e+001  0.000000e+000
      vertex  3.250000e+001  4.000000e+001  0.000000e+000
    endloop
  endfacet
  facet normal -9.238797e-001 -3.826831e-001  0.000000e+000
    outer loop
      vertex  3.176777e+001  4.176777e+001  2.000000e+000
      vertex  3.250000e+001  4.000000e+001  0.000000e+000
      vertex  3.250000e+001  4.000000e+001  2.000000e+000
    endloop
  endfacet
  facet normal -3.826826e-001  9.238799e-001  0.000000e+000
    outer loop
      vertex  3.000000e+001  3.750000e+001  0.000000e+000
      vertex  3.176777e+001  3.823223e+001  2.000000e+000
      vertex  3.176777e+001  3.823223e+001  0.000000e+000
    endloop
  endfacet
  facet normal -9.238797e-001  3.826831e-001  0.000000e+000
    outer loop
      vertex  3.176777e+001  3.823223e+001  0.000000e+000
      vertex  3.176777e+001  3.823223e+001  2.000000e+000
      vertex  3.250000e+001  4.000000e+001  2.000000e+000
    endloop
  endfacet
  facet normal -9.238797e-001  3.826831e-001  0.000000e+000
    outer loop
      vertex  3.176777e+001  3.823223e+001  0.000000e+000
      vertex  3.250000e+001  4.000000e+001  2.000000e+000
      vertex  3.250000e+001  4.000000e+001  0.000000e+000
    endloop
  endfacet
  facet normal -3.826826e-001  9.238799e-001  0.000000e+000
    outer loop
      vertex  3.176777e+001  3.823223e+001  2.000000e+000
      vertex  3.000000e+001  3.750000e+001  0.000000e+000
      vertex  3.000000e+001  3.750000e+001  2.000000e+000
    endloop
  endfacet
  facet normal  3.826826e-001  9.238799e-001  0.000000e+000
    outer loop
      vertex  3.000000e+001  3.750000e+001  2.000000e+000
      vertex  3.000000e+001  3.750000e+001  0.000000e+000
      vertex  2.823223e+001  3.823223e+001  0.000000e+000
    endloop
  endfacet
  facet normal  3.826826e-001  9.238799e-001  -0.000000e+000
    outer loop
      vertex  3.000000e+001  3.750000e+001  2.000000e+000
      vertex  2.823223e+001  3.823223e+001  0.000000e+000
      vertex  2.823223e+001  3.823223e+001  2.000000e+000
    endloop
  endfacet
  facet normal  9.238797e-001  3.826831e-001  0.000000e+000
    outer loop
      vertex  2.823223e+001  3.823223e+001  2.000000e+000
      vertex  2.823223e+001  3.823223e+001  0.000000e+000
      vertex  2.750000e+001  4.000000e+001  0.000000e+000
    endloop
  endfacet
  facet normal  9.238797e-001  3.826831e-001  -0.000000e+000
    outer loop
      vertex  2.823223e+001  3.823223e+001  2.000000e+000
      vertex  2.750000e+001  4.000000e+001  0.000000e+000
      vertex  2.750000e+001  4.000000e+001  2.000000e+000
    endloop
  endfacet
  facet normal  3.826822e-001 -9.238800e-001  0.000000e+000
    outer loop
      vertex  5.000000e+001  5.250000e+001  0.000000e+000
      vertex  4.823223e+001  5.176777e+001  2.000000e+000
      vertex  4.823223e+001  5.176777e+001  0.000000e+000
    endloop
  endfacet
  facet normal  9.238800e-001 -3.826822e-001  0.000000e+000
    outer loop
      vertex  4.823223e+001  5.176777e+001  0.000000e+000
      vertex  4.823223e+001  5.176777e+001  2.000000e+000
      vertex  4.750000e+001  5.000000e+001  2.000000e+000
    endloop
  endfacet
  facet normal  9.238800e-001 -3.826822e-001  0.000000e+000
    outer loop
      vertex  4.823223e+001  5.176777e+001  0.000000e+000
      vertex  4.750000e+001  5.000000e+001  2.000000e+000
      vertex  4.750000e+001  5.000000e+001  0.000000e+000
    endloop
  endfacet
  facet normal  3.826822e-001 -9.238800e-001  0.000000e+000
    outer loop
      vertex  4.823223e+001  5.176777e+001  2.000000e+000
      vertex  5.000000e+001  5.250000e+001  0.000000e+000
      vertex  5.000000e+001  5.250000e+001  2.000000e+000
    endloop
  endfacet
  facet normal -3.826822e-001 -9.238800e-001  -0.000000e+000
    outer loop
      vertex  5.000000e+001  5.250000e+001  2.000000e+000
      vertex  5.000000e+001  5.250000e+001  0.000000e+000
      vertex  5.176777e+001  5.176777e+001  0.000000e+000
    endloop
  endfacet
  facet normal -3.826822e-001 -9.238800e-001  0.000000e+000
    outer loop
      vertex  5.000000e+001  5.250000e+001  2.000000e+000
      vertex  5.176777e+001  5.176777e+001  0.000000e+000
      vertex  5.176777e+001  5.176777e+001  2.000000e+000
    endloop
  endfacet
  facet normal -9.238800e-001 -3.826822e-001  -0.000000e+000
    outer loop
      vertex  5.176777e+001  5.176777e+001  2.000000e+000
      vertex  5.176777e+001  5.176777e+001  0.000000e+000
      vertex  5.250000e+001  5.000000e+001  0.000000e+000
    endloop
  endfacet
  facet normal -9.238800e-001 -3.826822e-001  0.000000e+000
    outer loop
      vertex  5.176777e+001  5.176777e+001  2.000000e+000
      vertex  5.250000e+001  5.000000e+001  0.000000e+000
      vertex  5.250000e+001  5.000000e+001  2.000000e+000
    endloop
  endfacet
  facet normal -3.826822e-001  9.238800e-001  0.000000e+000
    outer loop
      vertex  5.000000e+001  4.750000e+001  0.000000e+000
      vertex  5.176777e+001  4.823223e+001  2.000000e+000
      vertex  5.176777e+001  4.823223e+001  0.000000e+000
    endloop
  endfacet
  facet normal -9.238800e-001  3.826822e-001  0.000000e+000
    outer loop
      vertex  5.176777e+001  4.823223e+001  0.000000e+000
      vertex  5.176777e+001  4.823223e+001  2.000000e+000
      vertex  5.250000e+001  5.000000e+001  2.000000e+000
    endloop
  endfacet
  facet normal -9.238800e-001  3.826822e-001  0.000000e+000
    outer loop
      vertex  5.176777e+001  4.823223e+001  0.000000e+000
      vertex  5.250000e+001  5.000000e+001  2.000000e+000
      vertex  5.250000e+001  5.000000e+001  0.000000e+000
    endloop
  endfacet
  facet normal -3.826822e-001  9.238800e-001  0.000000e+000
    outer loop
      vertex  5.176777e+001  4.823223e+001  2.000000e+000
      vertex  5.000000e+001  4.750000e+001  0.000000e+000
      vertex  5.000000e+001  4.750000e+001  2.000000e+000
    endloop
  endfacet
  facet normal  3.826822e-001  9.238800e-001  0.000000e+000
    outer loop
      vertex  5.000000e+001  4.750000e+001  2.000000e+000
      vertex  5.000000e+001  4.750000e+001  0.000000e+000
      vertex  4.823223e+001  4.823223e+001  0.000000e+000
    endloop
  endfacet
  facet normal  3.826822e-001  9.238800e-001  -0.000000e+000
    outer loop
      vertex  5.000000e+001  4.750000e+001  2.000000e+000
      vertex  4.823223e+001  4.823223e+001  0.000000e+000
      vertex  4.823223e+001  4.823223e+001  2.000000e+000
    endloop
  endfacet
  facet normal  9.238800e-001  3.826822e-001  0.000000e+000
    outer loop
      vertex  4.823223e+001  4.823223e+001  2.000000e+000
      vertex  4.823223e+001  4.823223e+001  0.000000e+000
      vertex  4.750000e+001  5.000000e+001  0.000000e+000
    endloop
  endfacet
  facet normal  9.238800e-001  3.826822e-001  -0.000000e+000
    outer loop
      vertex  4.823223e+001  4.823223e+001  2.000000e+000
      vertex  4.750000e+001  5.000000e+001  0.000000e+000
      vertex  4.750000e+001  5.000000e+001  2.000000e+000
    endloop
  endfacet
  facet normal  3.826834e-001 -9.238794e-001  0.000000e+000
    outer loop
      vertex  2.000000e+001  3.250000e+001  0.000000e+000
      vertex  1.823223e+001  3.176777e+001  2.000000e+000
      vertex  1.823223e+001  3.176777e+001  0.000000e+000
    endloop
  endfacet
  facet normal  9.238794e-001 -3.826834e-001  0.000000e+000
    outer loop
      vertex  1.823223e+001  3.176777e+001  0.000000e+000
      vertex  1.823223e+001  3.176777e+001  2.000000e+000
      vertex  1.750000e+001  3.000000e+001  2.000000e+000
    endloop
  endfacet
  facet normal  9.238794e-001 -3.826834e-001  0.000000e+000
    outer loop
      vertex  1.823223e+001  3.176777e+001  0.000000e+000
      vertex  1.750000e+001  3.000000e+001  2.000000e+000
      vertex  1.750000e+001  3.000000e+001  0.000000e+000
    endloop
  endfacet
  facet normal  3.826834e-001 -9.238794e-001  0.000000e+000
    outer loop
      vertex  1.823223e+001  3.176777e+001  2.000000e+000
      vertex  2.000000e+001  3.250000e+001  0.000000e+000
      vertex  2.000000e+001  3.250000e+001  2.000000e+000
    endloop
  endfacet
  facet normal -3.826834e-001 -9.238794e-001  -0.000000e+000
    outer loop
      vertex  2.000000e+001  3.250000e+001  2.000000e+000
      vertex  2.000000e+001  3.250000e+001  0.000000e+000
      vertex  2.176777e+001  3.176777e+001  0.000000e+000
    endloop
  endfacet
  facet normal -3.826834e-001 -9.238794e-001  0.000000e+000
    outer loop
      vertex  2.000000e+001  3.250000e+001  2.000000e+000
      vertex  2.176777e+001  3.176777e+001  0.000000e+000
      vertex  2.176777e+001  3.176777e+001  2.000000e+000
    endloop
  endfacet
  facet normal -9.238794e-001 -3.826834e-001  -0.000000e+000
    outer loop
      vertex  2.176777e+001  3.176777e+001  2.000000e+000
      vertex  2.176777e+001  3.176777e+001  0.000000e+000
      vertex  2.250000e+001  3.000000e+001  0.000000e+000
    endloop
  endfacet
  facet normal -9.238794e-001 -3.826834e-001  0.000000e+000
    outer loop
      vertex  2.176777e+001  3.176777e+001  2.000000e+000
      vertex  2.250000e+001  3.000000e+001  0.000000e+000
      vertex  2.250000e+001  3.000000e+001  2.000000e+000
    endloop
  endfacet
  facet normal -3.826834e-001  9.238794e-001  0.000000e+000
    outer loop
      vertex  2.000000e+001  2.750000e+001  0.000000e+000
      vertex  2.176777e+001  2.823223e+001  2.000000e+000
      vertex  2.176777e+001  2.823223e+001  0.000000e+000
    endloop
  endfacet
  facet normal -9.238794e-001  3.826834e-001  0.000000e+000
    outer loop
      vertex  2.176777e+001  2.823223e+001  0.000000e+000
      vertex  2.176777e+001  2.823223e+001  2.000000e+000
      vertex  2.250000e+001  3.000000e+001  2.000000e+000
    endloop
  endfacet
  facet normal -9.238794e-001  3.826834e-001  0.000000e+000
    outer loop
      vertex  2.176777e+001  2.823223e+001  0.000000e+000
      vertex  2.250000e+001  3.000000e+001  2.000000e+000
      vertex  2.250000e+001  3.000000e+001  0.000000e+000
    endloop
  endfacet
  facet normal -3.826834e-001  9.238794e-001  0.000000e+000
    outer loop
      vertex  2.176777e+001  2.823223e+001  2.000000e+000
      vertex  2.000000e+001  2.750000e+001  0.000000e+000
      vertex  2.000000e+001  2.750000e+001  2.000000e+000
    endloop
  endfacet
  facet normal  3.826834e-001  9.238794e-001  0.000000e+000
    outer loop
      vertex  2.000000e+001  2.750000e+001  2.000000e+000
      vertex  2.000000e+001  2.750000e+001  0.000000e+000
      vertex  1.823223e+001  2.823223e+001  0.000000e+000
    endloop
  endfacet
  facet normal  3.826834e-001  9.238794e-001  -0.000000e+000
    outer loop
      vertex  2.000000e+001  2.750000e+001  2.000000e+000
      vertex  1.823223e+001  2.823223e+001  0.000000e+000
      vertex  1.823223e+001  2.823223e+001  2.000000e+000
    endloop
  endfacet
  facet normal  9.238794e-001  3.826834e-001  0.000000e+000
    outer loop
      vertex  1.823223e+001  2.823223e+001  2.000000e+000
      vertex  1.823223e+001  2.823223e+001  0.000000e+000
      vertex  1.750000e+001  3.000000e+001  0.000000e+000
    endloop
  endfacet
  facet normal  9.238794e-001  3.826834e-001  -0.000000e+000
    outer loop
      vertex  1.823223e+001  2.823223e+001  2.000000e+000
      vertex  1.750000e+001  3.000000e+001  0.000000e+000
      vertex  1.750000e+001  3.000000e+001  2.000000e+000
    endloop
  endfacet
  facet normal  3.826826e-001 -9.238799e-001  0.000000e+000
    outer loop
      vertex  2.000000e+001  4.250000e+001  0.000000e+000
      vertex  1.823223e+001  4.176777e+001  2.000000e+000
      vertex  1.823223e+001  4.176777e+001  0.000000e+000
    endloop
  endfacet
  facet normal  9.238797e-001 -3.826831e-001  0.000000e+000
    outer loop
      vertex  1.823223e+001  4.176777e+001  0.000000e+000
      vertex  1.823223e+001  4.176777e+001  2.000000e+000
      vertex  1.750000e+001  4.000000e+001  2.000000e+000
    endloop
  endfacet
  facet normal  9.238797e-001 -3.826831e-001  0.000000e+000
    outer loop
      vertex  1.823223e+001  4.176777e+001  0.000000e+000
      vertex  1.750000e+001  4.000000e+001  2.000000e+000
      vertex  1.750000e+001  4.000000e+001  0.000000e+000
    endloop
  endfacet
  facet normal  3.826826e-001 -9.238799e-001  0.000000e+000
    outer loop
      vertex  1.823223e+001  4.176777e+001  2.000000e+000
      vertex  2.000000e+001  4.250000e+001  0.000000e+000
      vertex  2.000000e+001  4.250000e+001  2.000000e+000
    endloop
  endfacet
  facet normal -3.826826e-001 -9.238799e-001  -0.000000e+000
    outer loop
      vertex  2.000000e+001  4.250000e+001  2.000000e+000
      vertex  2.000000e+001  4.250000e+001  0.000000e+000
      vertex  2.176777e+001  4.176777e+001  0.000000e+000
    endloop
  endfacet
  facet normal -3.826826e-001 -9.238799e-001  0.000000e+000
    outer loop
      vertex  2.000000e+001  4.250000e+001  2.000000e+000
      vertex  2.176777e+001  4.176777e+001  0.000000e+000
      vertex  2.176777e+001  4.176777e+001  2.000000e+000
    endloop
  endfacet
  facet normal -9.238797e-001 -3.826831e-001  -0.000000e+000
    outer loop
      vertex  2.176777e+001  4.176777e+001  2.000000e+000
      vertex  2.176777e+001  4.176777e+001  0.000000e+000
      vertex  2.250000e+001  4.000000e+001  0.000000e+000
    endloop
  endfacet
  facet normal -9.238797e-001 -3.826831e-001  0.000000e+000
    outer loop
      vertex  2.176777e+001  4.176777e+001  2.000000e+000
      vertex  2.250000e+001  4.000000e+001  0.000000e+000
      vertex  2.250000e+001  4.000000e+001  2.000000e+000
    endloop
  endfacet
  facet normal -3.826826e-001  9.238799e-001  0.000000e+000
    outer loop
      vertex  2.000000e+001  3.750000e+001  0.000000e+000
      vertex  2.176777e+001  3.823223e+001  2.000000e+000
      vertex  2.176777e+001  3.823223e+001  0.000000e+000
    endloop
  endfacet
  facet normal -9.238797e-001  3.826831e-001  0.000000e+000
    outer loop
      vertex  2.176777e+001  3.823223e+001  0.000000e+000
      vertex  2.176777e+001  3.823223e+001  2.000000e+000
      vertex  2.250000e+001  4.000000e+001  2.000000e+000
    endloop
  endfacet
  facet normal -9.238797e-001  3.826831e-001  0.000000e+000
    outer loop
      vertex  2.176777e+001  3.823223e+001  0.000000e+000
      vertex  2.250000e+001  4.000000e+001  2.000000e+000
      vertex  2.250000e+001  4.000000e+001  0.000000e+000
    endloop
  endfacet
  facet normal -3.826826e-001  9.238799e-001  0.000000e+000
    outer loop
      vertex  2.176777e+001  3.823223e+001  2.000000e+000
      vertex  2.000000e+001  3.750000e+001  0.000000e+000
      vertex  2.000000e+001  3.750000e+001  2.000000e+000
    endloop
  endfacet
  facet normal  3.826826e-001  9.238799e-001  0.000000e+000
    outer loop
      vertex  2.000000e+001  3.750000e+001  2.000000e+000
      vertex  2.000000e+001  3.750000e+001  0.000000e+000
      vertex  1.823223e+001  3.823223e+001  0.000000e+000
    endloop
  endfacet
  facet normal  3.826826e-001  9.238799e-001  -0.000000e+000
    outer loop
      vertex  2.000000e+001  3.750000e+001  2.000000e+000
      vertex  1.823223e+001  3.823223e+001  0.000000e+000
      vertex  1.823223e+001  3.823223e+001  2.000000e+000
    endloop
  endfacet
  facet normal  9.238797e-001  3.826831e-001  0.000000e+000
    outer loop
      vertex  1.823223e+001  3.823223e+001  2.000000e+000
      vertex  1.823223e+001  3.823223e+001  0.000000e+000
      vertex  1.750000e+001  4.000000e+001  0.000000e+000
    endloop
  endfacet
  facet normal  9.238797e-001  3.826831e-001  -0.000000e+000
    outer loop
      vertex  1.823223e+001  3.823223e+001  2.000000e+000
      vertex  1.750000e+001  4.000000e+001  0.000000e+000
      vertex  1.750000e+001  4.000000e+001  2.000000e+000
    endloop
  endfacet
  facet normal  3.826822e-001 -9.238800e-001  0.000000e+000
    outer loop
      vertex  4.000000e+001  5.250000e+001  0.000000e+000
      vertex  3.823223e+001  5.176777e+001  2.000000e+000
      vertex  3.823223e+001  5.176777e+001  0.000000e+000
    endloop
  endfacet
  facet normal  9.238800e-001 -3.826822e-001  0.000000e+000
    outer loop
      vertex  3.823223e+001  5.176777e+001  0.000000e+000
      vertex  3.823223e+001  5.176777e+001  2.000000e+000
      vertex  3.750000e+001  5.000000e+001  2.000000e+000
    endloop
  endfacet
  facet normal  9.238800e-001 -3.826822e-001  0.000000e+000
    outer loop
      vertex  3.823223e+001  5.176777e+001  0.000000e+000
      vertex  3.750000e+001  5.000000e+001  2.000000e+000
      vertex  3.750000e+001  5.000000e+001  0.000000e+000
    endloop
  endfacet
  facet normal  3.826822e-001 -9.238800e-001  0.000000e+000
    outer loop
      vertex  3.823223e+001  5.176777e+001  2.000000e+000
      vertex  4.000000e+001  5.250000e+001  0.000000e+000
      vertex  4.000000e+001  5.250000e+001  2.000000e+000
    endloop
  endfacet
  facet normal -3.826822e-001 -9.238800e-001  -0.000000e+000
    outer loop
      vertex  4.000000e+001  5.250000e+001  2.000000e+000
      vertex  4.000000e+001  5.250000e+001  0.000000e+000
      vertex  4.176777e+001  5.176777e+001  0.000000e+000
    endloop
  endfacet
  facet normal -3.826822e-001 -9.238800e-001  0.000000e+000
    outer loop
      vertex  4.000000e+001  5.250000e+001  2.000000e+000
      vertex  4.176777e+001  5.176777e+001  0.000000e+000
      vertex  4.176777e+001  5.176777e+001  2.000000e+000
    endloop
  endfacet
  facet normal -9.238800e-001 -3.826822e-001  -0.000000e+000
    outer loop
      vertex  4.176777e+001  5.176777e+001  2.000000e+000
      vertex  4.176777e+001  5.176777e+001  0.000000e+000
      vertex  4.250000e+001  5.000000e+001  0.000000e+000
    endloop
  endfacet
  facet normal -9.238800e-001 -3.826822e-001  0.000000e+000
    outer loop
      vertex  4.176777e+001  5.176777e+001  2.000000e+000
      vertex  4.250000e+001  5.000000e+001  0.000000e+000
      vertex  4.250000e+001  5.000000e+001  2.000000e+000
    endloop
  endfacet
  facet normal -3.826822e-001  9.238800e-001  0.000000e+000
    outer loop
      vertex  4.000000e+001  4.750000e+001  0.000000e+000
      vertex  4.176777e+001  4.823223e+001  2.000000e+000
      vertex  4.176777e+001  4.823223e+001  0.000000e+000
    endloop
  endfacet
  facet normal -9.238800e-001  3.826822e-001  0.000000e+000
    outer loop
      vertex  4.176777e+001  4.823223e+001  0.000000e+000
      vertex  4.176777e+001  4.823223e+001  2.000000e+000
      vertex  4.250000e+001  5.000000e+001  2.000000e+000
    endloop
  endfacet
  facet normal -9.238800e-001  3.826822e-001  0.000000e+000
    outer loop
      vertex  4.176777e+001  4.823223e+001  0.000000e+000
      vertex  4.250000e+001  5.000000e+001  2.000000e+000
      vertex  4.250000e+001  5.000000e+001  0.000000e+000
    endloop
  endfacet
  facet normal -3.826822e-001  9.238800e-001  0.000000e+000
    outer loop
      vertex  4.176777e+001  4.823223e+001  2.000000e+000
      vertex  4.000000e+001  4.750000e+001  0.000000e+000
      vertex  4.000000e+001  4.750000e+001  2.000000e+000
    endloop
  endfacet
  facet normal  3.826822e-001  9.238800e-001  0.000000e+000
    outer loop
      vertex  4.000000e+001  4.750000e+001  2.000000e+000
      vertex  4.000000e+001  4.750000e+001  0.000000e+000
      vertex  3.823223e+001  4.823223e+001  0.000000e+000
    endloop
  endfacet
  facet normal  3.826822e-001  9.238800e-001  -0.000000e+000
    outer loop
      vertex  4.000000e+001  4.750000e+001  2.000000e+000
      vertex  3.823223e+001  4.823223e+001  0.000000e+000
      vertex  3.823223e+001  4.823223e+001  2.000000e+000
    endloop
  endfacet
  facet normal  9.238800e-001  3.826822e-001  0.000000e+000
    outer loop
      vertex  3.823223e+001  4.823223e+001  2.000000e+000
      vertex  3.823223e+001  4.823223e+001  0.000000e+000
      vertex  3.750000e+001  5.000000e+001  0.000000e+000
    endloop
  endfacet
  facet normal  9.238800e-001  3.826822e-001  -0.000000e+000
    outer loop
      vertex  3.823223e+001  4.823223e+001  2.000000e+000
      vertex  3.750000e+001  5.000000e+001  0.000000e+000
      vertex  3.750000e+001  5.000000e+001  2.000000e+000
    endloop
  endfacet
  facet normal  3.826826e-001 -9.238799e-001  0.000000e+000
    outer loop
      vertex  3.000000e+001  5.250000e+001  0.000000e+000
      vertex  2.823223e+001  5.176777e+001  2.000000e+000
      vertex  2.823223e+001  5.176777e+001  0.000000e+000
    endloop
  endfacet
  facet normal  9.238797e-001 -3.826831e-001  0.000000e+000
    outer loop
      vertex  2.823223e+001  5.176777e+001  0.000000e+000
      vertex  2.823223e+001  5.176777e+001  2.000000e+000
      vertex  2.750000e+001  5.000000e+001  2.000000e+000
    endloop
  endfacet
  facet normal  9.238797e-001 -3.826831e-001  0.000000e+000
    outer loop
      vertex  2.823223e+001  5.176777e+001  0.000000e+000
      vertex  2.750000e+001  5.000000e+001  2.000000e+000
      vertex  2.750000e+001  5.000000e+001  0.000000e+000
    endloop
  endfacet
  facet normal  3.826826e-001 -9.238799e-001  0.000000e+000
    outer loop
      vertex  2.823223e+001  5.176777e+001  2.000000e+000
      vertex  3.000000e+001  5.250000e+001  0.000000e+000
      vertex  3.000000e+001  5.250000e+001  2.000000e+000
    endloop
  endfacet
  facet normal -3.826826e-001 -9.238799e-001  -0.000000e+000
    outer loop
      vertex  3.000000e+001  5.250000e+001  2.000000e+000
      vertex  3.000000e+001  5.250000e+001  0.000000e+000
      vertex  3.176777e+001  5.176777e+001  0.000000e+000
    endloop
  endfacet
  facet normal -3.826826e-001 -9.238799e-001  0.000000e+000
    outer loop
      vertex  3.000000e+001  5.250000e+001  2.000000e+000
      vertex  3.176777e+001  5.176777e+001  0.000000e+000
      vertex  3.176777e+001  5.176777e+001  2.000000e+000
    endloop
  endfacet
  facet normal -9.238797e-001 -3.826831e-001  -0.000000e+000
    outer loop
      vertex  3.176777e+001  5.176777e+001  2.000000e+000
      vertex  3.176777e+001  5.176777e+001  0.000000e+000
      vertex  3.250000e+001  5.000000e+001  0.000000e+000
    endloop
  endfacet
  facet normal -9.238797e-001 -3.826831e-001  0.000000e+000
    outer loop
      vertex  3.176777e+001  5.176777e+001  2.000000e+000
      vertex  3.250000e+001  5.000000e+001  0.000000e+000
      vertex  3.250000e+001  5.000000e+001  2.000000e+000
    endloop
  endfacet
  facet normal -3.826826e-001  9.238799e-001  0.000000e+000
    outer loop
      vertex  3.000000e+001  4.750000e+001  0.000000e+000
      vertex  3.176777e+001  4.823223e+001  2.000000e+000
      vertex  3.176777e+001  4.823223e+001  0.000000e+000
    endloop
  endfacet
  facet normal -9.238797e-001  3.826831e-001  0.000000e+000
    outer loop
      vertex  3.176777e+001  4.823223e+001  0.000000e+000
      vertex  3.176777e+001  4.823223e+001  2.000000e+000
      vertex  3.250000e+001  5.000000e+001  2.000000e+000
    endloop
  endfacet
  facet normal -9.238797e-001  3.826831e-001  0.000000e+000
    outer loop
      vertex  3.176777e+001  4.823223e+001  0.000000e+000
      vertex  3.250000e+001  5.000000e+001  2.000000e+000
      vertex  3.250000e+001  5.000000e+001  0.000000e+000
    endloop
  endfacet
  facet normal -3.826826e-001  9.238799e-001  0.000000e+000
    outer loop
      vertex  3.176777e+001  4.823223e+001  2.000000e+000
      vertex  3.000000e+001  4.750000e+001  0.000000e+000
      vertex  3.000000e+001  4.750000e+001  2.000000e+000
    endloop
  endfacet
  facet normal  3.826826e-001  9.238799e-001  0.000000e+000
    outer loop
      vertex  3.000000e+001  4.750000e+001  2.000000e+000
      vertex  3.000000e+001  4.750000e+001  0.000000e+000
      vertex  2.823223e+001  4.823223e+001  0.000000e+000
    endloop
  endfacet
  facet normal  3.826826e-001  9.238799e-001  -0.000000e+000
    outer loop
      vertex  3.000000e+001  4.750000e+001  2.000000e+000
      vertex  2.823223e+001  4.823223e+001  0.000000e+000
      vertex  2.823223e+001  4.823223e+001  2.000000e+000
    endloop
  endfacet
  facet normal  9.238797e-001  3.826831e-001  0.000000e+000
    outer loop
      vertex  2.823223e+001  4.823223e+001  2.000000e+000
      vertex  2.823223e+001  4.823223e+001  0.000000e+000
      vertex  2.750000e+001  5.000000e+001  0.000000e+000
    endloop
  endfacet
  facet normal  9.238797e-001  3.826831e-001  -0.000000e+000
    outer loop
      vertex  2.823223e+001  4.823223e+001  2.000000e+000
      vertex  2.750000e+001  5.000000e+001  0.000000e+000
      vertex  2.750000e+001  5.000000e+001  2.000000e+000
    endloop
  endfacet
  facet normal  3.826826e-001 -9.238799e-001  0.000000e+000
    outer loop
      vertex  2.000000e+001  5.250000e+001  0.000000e+000
      vertex  1.823223e+001  5.176777e+001  2.000000e+000
      vertex  1.823223e+001  5.176777e+001  0.000000e+000
    endloop
  endfacet
  facet normal  9.238797e-001 -3.826831e-001  0.000000e+000
    outer loop
      vertex  1.823223e+001  5.176777e+001  0.000000e+000
      vertex  1.823223e+001  5.176777e+001  2.000000e+000
      vertex  1.750000e+001  5.000000e+001  2.000000e+000
    endloop
  endfacet
  facet normal  9.238797e-001 -3.826831e-001  0.000000e+000
    outer loop
      vertex  1.823223e+001  5.176777e+001  0.000000e+000
      vertex  1.750000e+001  5.000000e+001  2.000000e+000
      vertex  1.750000e+001  5.000000e+001  0.000000e+000
    endloop
  endfacet
  facet normal  3.826826e-001 -9.238799e-001  0.000000e+000
    outer loop
      vertex  1.823223e+001  5.176777e+001  2.000000e+000
      vertex  2.000000e+001  5.250000e+001  0.000000e+000
      vertex  2.000000e+001  5.250000e+001  2.000000e+000
    endloop
  endfacet
  facet normal -3.826826e-001 -9.238799e-001  -0.000000e+000
    outer loop
      vertex  2.000000e+001  5.250000e+001  2.000000e+000
      vertex  2.000000e+001  5.250000e+001  0.000000e+000
      vertex  2.176777e+001  5.176777e+001  0.000000e+000
    endloop
  endfacet
  facet normal -3.826826e-001 -9.238799e-001  0.000000e+000
    outer loop
      vertex  2.000000e+001  5.250000e+001  2.000000e+000
      vertex  2.176777e+001  5.176777e+001  0.000000e+000
      vertex  2.176777e+001  5.176777e+001  2.000000e+000
    endloop
  endfacet
  facet normal -9.238797e-001 -3.826831e-001  -0.000000e+000
    outer loop
      vertex  2.176777e+001  5.176777e+001  2.000000e+000
      vertex  2.176777e+001  5.176777e+001  0.000000e+000
      vertex  2.250000e+001  5.000000e+001  0.000000e+000
    endloop
  endfacet
  facet normal -9.238797e-001 -3.826831e-001  0.000000e+000
    outer loop
      vertex  2.176777e+001  5.176777e+001  2.000000e+000
      vertex  2.250000e+001  5.000000e+001  0.000000e+000
      vertex  2.250000e+001  5.000000e+001  2.000000e+000
    endloop
  endfacet
  facet normal -3.826826e-001  9.238799e-001  0.000000e+000
    outer loop
      vertex  2.000000e+001  4.750000e+001  0.000000e+000
      vertex  2.176777e+001  4.823223e+001  2.000000e+000
      vertex  2.176777e+001  4.823223e+001  0.000000e+000
    endloop
  endfacet
  facet normal -9.238797e-001  3.826831e-001  0.000000e+000
    outer loop
      vertex  2.176777e+001  4.823223e+001  0.000000e+000
      vertex  2.176777e+001  4.823223e+001  2.000000e+000
      vertex  2.250000e+001  5.000000e+001  2.000000e+000
    endloop
  endfacet
  facet normal -9.238797e-001  3.826831e-001  0.000000e+000
    outer loop
      vertex  2.176777e+001  4.823223e+001  0.000000e+000
      vertex  2.250000e+001  5.000000e+001  2.000000e+000
      vertex  2.250000e+001  5.000000e+001  0.000000e+000
    endloop
  endfacet
  facet normal -3.826826e-001  9.238799e-001  0.000000e+000
    outer loop
      vertex  2.176777e+001  4.823223e+001  2.000000e+000
      vertex  2.000000e+001  4.750000e+001  0.000000e+000
      vertex  2.000000e+001  4.750000e+001  2.000000e+000
    endloop
  endfacet
  facet normal  3.826826e-001  9.238799e-001  0.000000e+000
    outer loop
      vertex  2.000000e+001  4.750000e+001  2.000000e+000
      vertex  2.000000e+001  4.750000e+001  0.000000e+000
      vertex  1.823223e+001  4.823223e+001  0.000000e+000
    endloop
  endfacet
  facet normal  3.826826e-001  9.238799e-001  -0.000000e+000
    outer loop
      vertex  2.000000e+001  4.750000e+001  2.000000e+000
      vertex  1.823223e+001  4.823223e+001  0.000000e+000
      vertex  1.823223e+001  4.823223e+001  2.000000e+000
    endloop
  endfacet
  facet normal  9.238797e-001  3.826831e-001  0.000000e+000
    outer loop
      vertex  1.823223e+001  4.823223e+001  2.000000e+000
      vertex  1.823223e+001  4.823223e+001  0.000000e+000
      vertex  1.750000e+001  5.000000e+001  0.000000e+000
    endloop
  endfacet
  facet normal  9.238797e-001  3.826831e-001  -0.000000e+000
    outer loop
      vertex  1.823223e+001  4.823223e+001  2.000000e+000
      vertex  1.750000e+001  5.000000e+001  0.000000e+000
      vertex  1.750000e+001  5.000000e+001  2.000000e+000
    endloop
  endfacet
  facet normal -1.000000e+000  -0.000000e+000  0.000000e+000
    outer loop
      vertex  1.000000e+001  2.000000e+001  8.500000e+000
      vertex  1.000000e+001  3.600000e+001  7.000000e+000
      vertex  1.000000e+001  2.000000e+001  2.000000e+000
    endloop
  endfacet
  facet normal -1.000000e+000  0.000000e+000  0.000000e+000
    outer loop
      vertex  1.000000e+001  2.000000e+001  2.000000e+000
      vertex  1.000000e+001  3.600000e+001  7.000000e+000
      vertex  1.000000e+001  3.600000e+001  3.000000e+000
    endloop
  endfacet
  facet normal -1.000000e+000  0.000000e+000  -0.000000e+000
    outer loop
      vertex  1.000000e+001  2.000000e+001  2.000000e+000
      vertex  1.000000e+001  3.600000e+001  3.000000e+000
      vertex  1.000000e+001  5.800000e+001  2.000000e+000
    endloop
  endfacet
  facet normal -1.000000e+000  0.000000e+000  0.000000e+000
    outer loop
      vertex  1.000000e+001  5.800000e+001  2.000000e+000
      vertex  1.000000e+001  3.600000e+001  3.000000e+000
      vertex  1.000000e+001  4.200000e+001  3.000000e+000
    endloop
  endfacet
  facet normal -1.000000e+000  0.000000e+000  0.000000e+000
    outer loop
      vertex  1.000000e+001  5.800000e+001  2.000000e+000
      vertex  1.000000e+001  4.200000e+001  3.000000e+000
      vertex  1.000000e+001  5.800000e+001  8.500000e+000
    endloop
  endfacet
  facet normal -1.000000e+000  0.000000e+000  0.000000e+000
    outer loop
      vertex  1.000000e+001  5.800000e+001  8.500000e+000
      vertex  1.000000e+001  4.200000e+001  3.000000e+000
      vertex  1.000000e+001  4.200000e+001  7.000000e+000
    endloop
  endfacet
  facet normal -1.000000e+000  0.000000e+000  0.000000e+000
    outer loop
      vertex  1.000000e+001  5.800000e+001  8.500000e+000
      vertex  1.000000e+001  4.200000e+001  7.000000e+000
      vertex  1.000000e+001  2.000000e+001  8.500000e+000
    endloop
  endfacet
  facet normal -1.000000e+000  0.000000e+000  0.000000e+000
    outer loop
      vertex  1.000000e+001  2.000000e+001  8.500000e+000
      vertex  1.000000e+001  4.200000e+001  7.000000e+000
      vertex  1.000000e+001  3.600000e+001  7.000000e+000
    endloop
  endfacet
  facet normal  1.000000e+000  0.000000e+000  0.000000e+000
    outer loop
      vertex  1.150000e+001  5.650000e+001  2.000000e+000
      vertex  1.150000e+001  3.600000e+001  3.000000e+000
      vertex  1.150000e+001  2.150000e+001  2.000000e+000
    endloop
  endfacet
  facet normal  1.000000e+000  0.000000e+000  0.000000e+000
    outer loop
      vertex  1.150000e+001  2.150000e+001  2.000000e+000
      vertex  1.150000e+001  3.600000e+001  3.000000e+000
      vertex  1.150000e+001  3.600000e+001  7.000000e+000
    endloop
  endfacet
  facet normal  1.000000e+000  0.000000e+000  0.000000e+000
    outer loop
      vertex  1.150000e+001  2.150000e+001  2.000000e+000
      vertex  1.150000e+001  3.600000e+001  7.000000e+000
      vertex  1.150000e+001  2.150000e+001  8.500000e+000
    endloop
  endfacet
  facet normal  1.000000e+000  0.000000e+000  0.000000e+000
    outer loop
      vertex  1.150000e+001  3.600000e+001  3.000000e+000
      vertex  1.150000e+001  5.650000e+001  2.000000e+000
      vertex  1.150000e+001  4.200000e+001  3.000000e+000
    endloop
  endfacet
  facet normal  1.000000e+000  -0.000000e+000  0.000000e+000
    outer loop
      vertex  1.150000e+001  4.200000e+001  3.000000e+000
      vertex  1.150000e+001  5.650000e+001  2.000000e+000
      vertex  1.150000e+001  5.650000e+001  8.500000e+000
    endloop
  endfacet
  facet normal  1.000000e+000  0.000000e+000  0.000000e+000
    outer loop
      vertex  1.150000e+001  4.200000e+001  3.000000e+000
      vertex  1.150000e+001  5.650000e+001  8.500000e+000
      vertex  1.150000e+001  4.200000e+001  7.000000e+000
    endloop
  endfacet
  facet normal  1.000000e+000  0.000000e+000  -0.000000e+000
    outer loop
      vertex  1.150000e+001  4.200000e+001  7.000000e+000
      vertex  1.150000e+001  5.650000e+001  8.500000e+000
      vertex  1.150000e+001  2.150000e+001  8.500000e+000
    endloop
  endfacet
  facet normal  1.000000e+000  0.000000e+000  0.000000e+000
    outer loop
      vertex  1.150000e+001  4.200000e+001  7.000000e+000
      vertex  1.150000e+001  2.150000e+001  8.500000e+000
      vertex  1.150000e+001  3.600000e+001  7.000000e+000
    endloop
  endfacet
  facet normal  0.000000e+000  1.000000e+000  -0.000000e+000
    outer loop
      vertex  1.150000e+001  3.600000e+001  7.000000e+000
      vertex  1.150000e+001  3.600000e+001  3.000000e+000
      vertex  1.000000e+001  3.600000e+001  7.000000e+000
    endloop
  endfacet
  facet normal  0.000000e+000  1.000000e+000  0.000000e+000
    outer loop
      vertex  1.000000e+001  3.600000e+001  7.000000e+000
      vertex  1.150000e+001  3.600000e+001  3.000000e+000
      vertex  1.000000e+001  3.600000e+001  3.000000e+000
    endloop
  endfacet
  facet normal  0.000000e+000  0.000000e+000 -1.000000e+000
    outer loop
      vertex  1.150000e+001  3.600000e+001  7.000000e+000
      vertex  1.000000e+001  3.600000e+001  7.000000e+000
      vertex  1.150000e+001  4.200000e+001  7.000000e+000
    endloop
  endfacet
  facet normal  -0.000000e+000  0.000000e+000 -1.000000e+000
    outer loop
      vertex  1.150000e+001  4.200000e+001  7.000000e+000
      vertex  1.000000e+001  3.600000e+001  7.000000e+000
      vertex  1.000000e+001  4.200000e+001  7.000000e+000
    endloop
  endfacet
  facet normal  0.000000e+000 -1.000000e+000  -0.000000e+000
    outer loop
      vertex  1.150000e+001  4.200000e+001  3.000000e+000
      vertex  1.150000e+001  4.200000e+001  7.000000e+000
      vertex  1.000000e+001  4.200000e+001  3.000000e+000
    endloop
  endfacet
  facet normal  0.000000e+000 -1.000000e+000  0.000000e+000
    outer loop
      vertex  1.000000e+001  4.200000e+001  3.000000e+000
      vertex  1.150000e+001  4.200000e+001  7.000000e+000
      vertex  1.000000e+001  4.200000e+001  7.000000e+000
    endloop
  endfacet
  facet normal  -0.000000e+000  0.000000e+000  1.000000e+000
    outer loop
      vertex  1.150000e+001  4.200000e+001  3.000000e+000
      vertex  1.000000e+001  4.200000e+001  3.000000e+000
      vertex  1.150000e+001  3.600000e+001  3.000000e+000
    endloop
  endfacet
  facet normal  0.000000e+000  0.000000e+000  1.000000e+000
    outer loop
      vertex  1.150000e+001  3.600000e+001  3.000000e+000
      vertex  1.000000e+001  4.200000e+001  3.000000e+000
      vertex  1.000000e+001  3.600000e+001  3.000000e+000
    endloop
  endfacet
  facet normal  0.000000e+000  1.000000e+000  0.000000e+000
    outer loop
      vertex  1.150000e+001  2.150000e+001  8.500000e+000
      vertex  6.350000e+001  2.150000e+001  8.500000e+000
      vertex  1.150000e+001  2.150000e+001  2.000000e+000
    endloop
  endfacet
  facet normal  0.000000e+000  1.000000e+000  0.000000e+000
    outer loop
      vertex  1.150000e+001  2.150000e+001  2.000000e+000
      vertex  6.350000e+001  2.150000e+001  8.500000e+000
      vertex  6.350000e+001  2.150000e+001  2.000000e+000
    endloop
  endfacet
  facet normal -1.000000e+000  -0.000000e+000  0.000000e+000
    outer loop
      vertex  6.350000e+001  2.150000e+001  8.500000e+000
      vertex  6.350000e+001  5.650000e+001  8.500000e+000
      vertex  6.350000e+001  2.150000e+001  2.000000e+000
    endloop
  endfacet
  facet normal -1.000000e+000  0.000000e+000  0.000000e+000
    outer loop
      vertex  6.350000e+001  2.150000e+001  2.000000e+000
      vertex  6.350000e+001  5.650000e+001  8.500000e+000
      vertex  6.350000e+001  5.650000e+001  2.000000e+000
    endloop
  endfacet
  facet normal  0.000000e+000 -1.000000e+000  0.000000e+000
    outer loop
      vertex  6.350000e+001  5.650000e+001  8.500000e+000
      vertex  1.150000e+001  5.650000e+001  8.500000e+000
      vertex  6.350000e+001  5.650000e+001  2.000000e+000
    endloop
  endfacet
  facet normal  0.000000e+000 -1.000000e+000  0.000000e+000
    outer loop
      vertex  6.350000e+001  5.650000e+001  2.000000e+000
      vertex  1.150000e+001  5.650000e+001  8.500000e+000
      vertex  1.150000e+001  5.650000e+001  2.000000e+000
    endloop
  endfacet
  facet normal  0.000000e+000  1.000000e+000  -0.000000e+000
    outer loop
      vertex  6.500000e+001  5.800000e+001  8.500000e+000
      vertex  6.500000e+001  5.800000e+001  2.000000e+000
      vertex  1.000000e+001  5.800000e+001  8.500000e+000
    endloop
  endfacet
  facet normal  0.000000e+000  1.000000e+000  0.000000e+000
    outer loop
      vertex  1.000000e+001  5.800000e+001  8.500000e+000
      vertex  6.500000e+001  5.800000e+001  2.000000e+000
      vertex  1.000000e+001  5.800000e+001  2.000000e+000
    endloop
  endfacet
  facet normal  1.000000e+000  0.000000e+000  0.000000e+000
    outer loop
      vertex  6.500000e+001  2.000000e+001  8.500000e+000
      vertex  6.500000e+001  2.000000e+001  2.000000e+000
      vertex  6.500000e+001  5.800000e+001  8.500000e+000
    endloop
  endfacet
  facet normal  1.000000e+000  0.000000e+000  0.000000e+000
    outer loop
      vertex  6.500000e+001  5.800000e+001  8.500000e+000
      vertex  6.500000e+001  2.000000e+001  2.000000e+000
      vertex  6.500000e+001  5.800000e+001  2.000000e+000
    endloop
  endfacet
  facet normal  0.000000e+000 -1.000000e+000  0.000000e+000
    outer loop
      vertex  1.000000e+001  2.000000e+001  8.500000e+000
      vertex  1.000000e+001  2.000000e+001  2.000000e+000
      vertex  6.500000e+001  2.000000e+001  8.500000e+000
    endloop
  endfacet
  facet normal  0.000000e+000 -1.000000e+000  -0.000000e+000
    outer loop
      vertex  6.500000e+001  2.000000e+001  8.500000e+000
      vertex  1.000000e+001  2.000000e+001  2.000000e+000
      vertex  6.500000e+001  2.000000e+001  2.000000e+000
    endloop
  endfacet
  facet normal  0.000000e+000  0.000000e+000  9.999999e-001
    outer loop
      vertex  6.500000e+001  2.000000e+001  8.500000e+000
      vertex  6.350000e+001  2.150000e+001  8.500000e+000
      vertex  1.000000e+001  2.000000e+001  8.500000e+000
    endloop
  endfacet
  facet normal  0.000000e+000  0.000000e+000  1.000000e+000
    outer loop
      vertex  1.000000e+001  2.000000e+001  8.500000e+000
      vertex  6.350000e+001  2.150000e+001  8.500000e+000
      vertex  1.150000e+001  2.150000e+001  8.500000e+000
    endloop
  endfacet
  facet normal  0.000000e+000  0.000000e+000  1.000000e+000
    outer loop
      vertex  1.000000e+001  2.000000e+001  8.500000e+000
      vertex  1.150000e+001  2.150000e+001  8.500000e+000
      vertex  1.000000e+001  5.800000e+001  8.500000e+000
    endloop
  endfacet
  facet normal  0.000000e+000  0.000000e+000  1.000000e+000
    outer loop
      vertex  1.000000e+001  5.800000e+001  8.500000e+000
      vertex  1.150000e+001  2.150000e+001  8.500000e+000
      vertex  1.150000e+001  5.650000e+001  8.500000e+000
    endloop
  endfacet
  facet normal  0.000000e+000  -0.000000e+000  9.999999e-001
    outer loop
      vertex  1.000000e+001  5.800000e+001  8.500000e+000
      vertex  1.150000e+001  5.650000e+001  8.500000e+000
      vertex  6.500000e+001  5.800000e+001  8.500000e+000
    endloop
  endfacet
  facet normal  0.000000e+000  0.000000e+000  1.000000e+000
    outer loop
      vertex  6.500000e+001  5.800000e+001  8.500000e+000
      vertex  1.150000e+001  5.650000e+001  8.500000e+000
      vertex  6.350000e+001  5.650000e+001  8.500000e+000
    endloop
  endfacet
  facet normal  -0.000000e+000  0.000000e+000  1.000000e+000
    outer loop
      vertex  6.500000e+001  5.800000e+001  8.500000e+000
      vertex  6.350000e+001  5.650000e+001  8.500000e+000
      vertex  6.500000e+001  2.000000e+001  8.500000e+000
    endloop
  endfacet
  facet normal  0.000000e+000  0.000000e+000  1.000000e+000
    outer loop
      vertex  6.500000e+001  2.000000e+001  8.500000e+000
      vertex  6.350000e+001  5.650000e+001  8.500000e+000
      vertex  6.350000e+001  2.150000e+001  8.500000e+000
    endloop
  endfacet
endsolid CATIA STL
