solid CATIA STL
  facet normal  0.000000e+000  0.000000e+000  1.000000e+000
    outer loop
      vertex -4.625000e+001 -2.423686e+001  5.500000e+000
      vertex -4.900000e+001  2.350000e+001  5.500000e+000
      vertex -4.900000e+001 -2.350000e+001  5.500000e+000
    endloop
  endfacet
  facet normal  0.000000e+000  -0.000000e+000  1.000000e+000
    outer loop
      vertex -5.450000e+001 -2.900000e+001  5.500000e+000
      vertex -5.376314e+001 -2.625000e+001  5.500000e+000
      vertex -4.900000e+001  2.350000e+001  5.500000e+000
    endloop
  endfacet
  facet normal  0.000000e+000  -0.000000e+000  1.000000e+000
    outer loop
      vertex -5.376314e+001 -2.625000e+001  5.500000e+000
      vertex -5.175000e+001 -2.423686e+001  5.500000e+000
      vertex -4.900000e+001  2.350000e+001  5.500000e+000
    endloop
  endfacet
  facet normal  0.000000e+000  -0.000000e+000  1.000000e+000
    outer loop
      vertex -5.175000e+001 -2.423686e+001  5.500000e+000
      vertex -4.900000e+001 -2.350000e+001  5.500000e+000
      vertex -4.900000e+001  2.350000e+001  5.500000e+000
    endloop
  endfacet
  facet normal  0.000000e+000  0.000000e+000  1.000000e+000
    outer loop
      vertex -5.175000e+001 -3.376314e+001  5.500000e+000
      vertex -5.446410e+001 -3.300000e+001  5.500000e+000
      vertex -5.300000e+001 -3.446410e+001  5.500000e+000
    endloop
  endfacet
  facet normal  -0.000000e+000  0.000000e+000  1.000000e+000
    outer loop
      vertex -5.175000e+001 -3.376314e+001  5.500000e+000
      vertex -5.300000e+001 -3.446410e+001  5.500000e+000
      vertex -4.900000e+001 -3.450000e+001  5.500000e+000
    endloop
  endfacet
  facet normal  0.000000e+000  0.000000e+000  1.000000e+000
    outer loop
      vertex -5.500000e+001  3.100000e+001  5.500000e+000
      vertex -5.500000e+001 -3.100000e+001  5.500000e+000
      vertex -5.450000e+001  2.900000e+001  5.500000e+000
    endloop
  endfacet
  facet normal  0.000000e+000  -0.000000e+000  1.000000e+000
    outer loop
      vertex -5.500000e+001  3.100000e+001  5.500000e+000
      vertex -5.450000e+001  2.900000e+001  5.500000e+000
      vertex -5.376314e+001  3.175000e+001  5.500000e+000
    endloop
  endfacet
  facet normal  0.000000e+000  0.000000e+000  1.000000e+000
    outer loop
      vertex -5.500000e+001  3.100000e+001  5.500000e+000
      vertex -5.376314e+001  3.175000e+001  5.500000e+000
      vertex -5.446410e+001  3.300000e+001  5.500000e+000
    endloop
  endfacet
  facet normal  0.000000e+000  0.000000e+000  1.000000e+000
    outer loop
      vertex -4.300000e+001 -3.500000e+001  5.500000e+000
      vertex -4.350000e+001  2.900000e+001  5.500000e+000
      vertex -4.423686e+001  2.625000e+001  5.500000e+000
    endloop
  endfacet
  facet normal  0.000000e+000  0.000000e+000  9.999999e-001
    outer loop
      vertex -4.300000e+001 -3.500000e+001  5.500000e+000
      vertex -4.423686e+001  2.625000e+001  5.500000e+000
      vertex -4.625000e+001  2.423686e+001  5.500000e+000
    endloop
  endfacet
  facet normal  0.000000e+000  0.000000e+000  1.000000e+000
    outer loop
      vertex -4.300000e+001 -3.500000e+001  5.500000e+000
      vertex -4.625000e+001  2.423686e+001  5.500000e+000
      vertex -4.350000e+001 -2.900000e+001  5.500000e+000
    endloop
  endfacet
  facet normal  0.000000e+000  0.000000e+000  1.000000e+000
    outer loop
      vertex -4.300000e+001 -3.500000e+001  5.500000e+000
      vertex -4.350000e+001 -2.900000e+001  5.500000e+000
      vertex -4.423686e+001 -3.175000e+001  5.500000e+000
    endloop
  endfacet
  facet normal  0.000000e+000  0.000000e+000  1.000000e+000
    outer loop
      vertex -4.300000e+001 -3.500000e+001  5.500000e+000
      vertex -4.423686e+001 -3.175000e+001  5.500000e+000
      vertex -4.625000e+001 -3.376314e+001  5.500000e+000
    endloop
  endfacet
  facet normal  0.000000e+000  0.000000e+000  1.000000e+000
    outer loop
      vertex -4.300000e+001 -3.500000e+001  5.500000e+000
      vertex -4.625000e+001 -3.376314e+001  5.500000e+000
      vertex -4.900000e+001 -3.450000e+001  5.500000e+000
    endloop
  endfacet
  facet normal  0.000000e+000  0.000000e+000  1.000000e+000
    outer loop
      vertex -4.300000e+001 -3.500000e+001  5.500000e+000
      vertex -4.900000e+001 -3.450000e+001  5.500000e+000
      vertex -5.300000e+001 -3.446410e+001  5.500000e+000
    endloop
  endfacet
  facet normal  0.000000e+000  0.000000e+000  1.000000e+000
    outer loop
      vertex -4.300000e+001 -3.500000e+001  5.500000e+000
      vertex -5.300000e+001 -3.446410e+001  5.500000e+000
      vertex -5.100000e+001 -3.500000e+001  5.500000e+000
    endloop
  endfacet
  facet normal  -0.000000e+000  0.000000e+000  1.000000e+000
    outer loop
      vertex -4.300000e+001  3.500000e+001  5.500000e+000
      vertex -5.100000e+001  3.500000e+001  5.500000e+000
      vertex -5.300000e+001  3.446410e+001  5.500000e+000
    endloop
  endfacet
  facet normal  0.000000e+000  0.000000e+000  1.000000e+000
    outer loop
      vertex -4.300000e+001  3.500000e+001  5.500000e+000
      vertex -5.300000e+001  3.446410e+001  5.500000e+000
      vertex -4.900000e+001  3.450000e+001  5.500000e+000
    endloop
  endfacet
  facet normal  -0.000000e+000  0.000000e+000  1.000000e+000
    outer loop
      vertex -4.300000e+001  3.500000e+001  5.500000e+000
      vertex -4.900000e+001  3.450000e+001  5.500000e+000
      vertex -4.625000e+001  3.376314e+001  5.500000e+000
    endloop
  endfacet
  facet normal  -0.000000e+000  0.000000e+000  1.000000e+000
    outer loop
      vertex -4.300000e+001  3.500000e+001  5.500000e+000
      vertex -4.625000e+001  3.376314e+001  5.500000e+000
      vertex -4.423686e+001  3.175000e+001  5.500000e+000
    endloop
  endfacet
  facet normal  -0.000000e+000  0.000000e+000  1.000000e+000
    outer loop
      vertex -4.300000e+001  3.500000e+001  5.500000e+000
      vertex -4.423686e+001  3.175000e+001  5.500000e+000
      vertex -4.350000e+001  2.900000e+001  5.500000e+000
    endloop
  endfacet
  facet normal  -0.000000e+000  0.000000e+000  1.000000e+000
    outer loop
      vertex -4.300000e+001  3.500000e+001  5.500000e+000
      vertex -4.350000e+001  2.900000e+001  5.500000e+000
      vertex -4.300000e+001 -3.500000e+001  5.500000e+000
    endloop
  endfacet
  facet normal  -0.000000e+000  -0.000000e+000  1.000000e+000
    outer loop
      vertex -5.500000e+001 -3.100000e+001  5.500000e+000
      vertex -5.446410e+001 -3.300000e+001  5.500000e+000
      vertex -5.175000e+001 -3.376314e+001  5.500000e+000
    endloop
  endfacet
  facet normal  0.000000e+000  0.000000e+000  9.999999e-001
    outer loop
      vertex -5.500000e+001 -3.100000e+001  5.500000e+000
      vertex -5.175000e+001 -3.376314e+001  5.500000e+000
      vertex -5.376314e+001 -3.175000e+001  5.500000e+000
    endloop
  endfacet
  facet normal  0.000000e+000  0.000000e+000  1.000000e+000
    outer loop
      vertex -5.500000e+001 -3.100000e+001  5.500000e+000
      vertex -5.376314e+001 -3.175000e+001  5.500000e+000
      vertex -5.450000e+001 -2.900000e+001  5.500000e+000
    endloop
  endfacet
  facet normal  0.000000e+000  -0.000000e+000  9.999999e-001
    outer loop
      vertex -5.500000e+001 -3.100000e+001  5.500000e+000
      vertex -5.450000e+001 -2.900000e+001  5.500000e+000
      vertex -4.900000e+001  2.350000e+001  5.500000e+000
    endloop
  endfacet
  facet normal  0.000000e+000  0.000000e+000  1.000000e+000
    outer loop
      vertex -5.500000e+001 -3.100000e+001  5.500000e+000
      vertex -4.900000e+001  2.350000e+001  5.500000e+000
      vertex -5.175000e+001  2.423686e+001  5.500000e+000
    endloop
  endfacet
  facet normal  0.000000e+000  0.000000e+000  1.000000e+000
    outer loop
      vertex -5.500000e+001 -3.100000e+001  5.500000e+000
      vertex -5.175000e+001  2.423686e+001  5.500000e+000
      vertex -5.376314e+001  2.625000e+001  5.500000e+000
    endloop
  endfacet
  facet normal  0.000000e+000  0.000000e+000  1.000000e+000
    outer loop
      vertex -5.500000e+001 -3.100000e+001  5.500000e+000
      vertex -5.376314e+001  2.625000e+001  5.500000e+000
      vertex -5.450000e+001  2.900000e+001  5.500000e+000
    endloop
  endfacet
  facet normal  0.000000e+000  0.000000e+000  1.000000e+000
    outer loop
      vertex -4.350000e+001 -2.900000e+001  5.500000e+000
      vertex -4.625000e+001  2.423686e+001  5.500000e+000
      vertex -4.423686e+001 -2.625000e+001  5.500000e+000
    endloop
  endfacet
  facet normal  0.000000e+000  0.000000e+000  1.000000e+000
    outer loop
      vertex -4.423686e+001 -2.625000e+001  5.500000e+000
      vertex -4.625000e+001  2.423686e+001  5.500000e+000
      vertex -4.900000e+001  2.350000e+001  5.500000e+000
    endloop
  endfacet
  facet normal  0.000000e+000  0.000000e+000  1.000000e+000
    outer loop
      vertex -4.423686e+001 -2.625000e+001  5.500000e+000
      vertex -4.900000e+001  2.350000e+001  5.500000e+000
      vertex -4.625000e+001 -2.423686e+001  5.500000e+000
    endloop
  endfacet
  facet normal  0.000000e+000  -0.000000e+000  1.000000e+000
    outer loop
      vertex -5.446410e+001  3.300000e+001  5.500000e+000
      vertex -5.376314e+001  3.175000e+001  5.500000e+000
      vertex -5.300000e+001  3.446410e+001  5.500000e+000
    endloop
  endfacet
  facet normal  0.000000e+000  0.000000e+000  9.999999e-001
    outer loop
      vertex -5.300000e+001  3.446410e+001  5.500000e+000
      vertex -5.376314e+001  3.175000e+001  5.500000e+000
      vertex -5.175000e+001  3.376314e+001  5.500000e+000
    endloop
  endfacet
  facet normal  0.000000e+000  -0.000000e+000  1.000000e+000
    outer loop
      vertex -5.300000e+001  3.446410e+001  5.500000e+000
      vertex -5.175000e+001  3.376314e+001  5.500000e+000
      vertex -4.900000e+001  3.450000e+001  5.500000e+000
    endloop
  endfacet
  facet normal -1.000000e+000  -0.000000e+000  0.000000e+000
    outer loop
      vertex -4.200000e+001 -3.500000e+001  9.500000e+000
      vertex -4.200000e+001  3.500000e+001  9.500000e+000
      vertex -4.200000e+001 -3.500000e+001  6.500000e+000
    endloop
  endfacet
  facet normal -1.000000e+000  0.000000e+000  0.000000e+000
    outer loop
      vertex -4.200000e+001 -3.500000e+001  6.500000e+000
      vertex -4.200000e+001  3.500000e+001  9.500000e+000
      vertex -4.200000e+001  3.500000e+001  6.500000e+000
    endloop
  endfacet
  facet normal  0.000000e+000 -1.000000e+000  0.000000e+000
    outer loop
      vertex -4.000000e+001 -3.500000e+001  1.500000e+000
      vertex -4.000000e+001 -3.500000e+001  0.000000e+000
      vertex -5.000000e+000 -3.500000e+001  2.500000e+000
    endloop
  endfacet
  facet normal  -0.000000e+000 -9.999999e-001  0.000000e+000
    outer loop
      vertex -4.000000e+001 -3.500000e+001  1.500000e+000
      vertex -5.000000e+000 -3.500000e+001  2.500000e+000
      vertex -5.000000e+000 -3.500000e+001  9.500000e+000
    endloop
  endfacet
  facet normal  -0.000000e+000 -1.000000e+000  0.000000e+000
    outer loop
      vertex -4.000000e+001 -3.500000e+001  1.500000e+000
      vertex -5.000000e+000 -3.500000e+001  9.500000e+000
      vertex -4.200000e+001 -3.500000e+001  9.500000e+000
    endloop
  endfacet
  facet normal  0.000000e+000 -1.000000e+000  0.000000e+000
    outer loop
      vertex -4.000000e+001 -3.500000e+001  1.500000e+000
      vertex -4.200000e+001 -3.500000e+001  9.500000e+000
      vertex -4.200000e+001 -3.500000e+001  6.500000e+000
    endloop
  endfacet
  facet normal  0.000000e+000 -1.000000e+000  -0.000000e+000
    outer loop
      vertex -4.000000e+001 -3.500000e+001  1.500000e+000
      vertex -4.200000e+001 -3.500000e+001  6.500000e+000
      vertex -4.229289e+001 -3.500000e+001  5.792893e+000
    endloop
  endfacet
  facet normal  0.000000e+000 -1.000000e+000  -0.000000e+000
    outer loop
      vertex -4.000000e+001 -3.500000e+001  1.500000e+000
      vertex -4.229289e+001 -3.500000e+001  5.792893e+000
      vertex -4.300000e+001 -3.500000e+001  5.500000e+000
    endloop
  endfacet
  facet normal  -0.000000e+000 -1.000000e+000  -0.000000e+000
    outer loop
      vertex -4.000000e+001 -3.500000e+001  1.500000e+000
      vertex -4.300000e+001 -3.500000e+001  5.500000e+000
      vertex -5.100000e+001 -3.500000e+001  5.500000e+000
    endloop
  endfacet
  facet normal  0.000000e+000 -1.000000e+000  0.000000e+000
    outer loop
      vertex -4.000000e+001 -3.500000e+001  1.500000e+000
      vertex -5.100000e+001 -3.500000e+001  5.500000e+000
      vertex -5.100000e+001 -3.500000e+001  1.500000e+000
    endloop
  endfacet
  facet normal  0.000000e+000 -9.999999e-001  0.000000e+000
    outer loop
      vertex -5.000000e+000 -3.500000e+001  2.500000e+000
      vertex -4.000000e+001 -3.500000e+001  0.000000e+000
      vertex  4.100000e+001 -3.500000e+001  2.500000e+000
    endloop
  endfacet
  facet normal  0.000000e+000 -1.000000e+000  -0.000000e+000
    outer loop
      vertex  4.100000e+001 -3.500000e+001  2.500000e+000
      vertex -4.000000e+001 -3.500000e+001  0.000000e+000
      vertex  4.100000e+001 -3.500000e+001  0.000000e+000
    endloop
  endfacet
  facet normal  0.000000e+000  1.000000e+000  0.000000e+000
    outer loop
      vertex -4.000000e+001  3.500000e+001  1.500000e+000
      vertex -5.100000e+001  3.500000e+001  1.500000e+000
      vertex -5.100000e+001  3.500000e+001  5.500000e+000
    endloop
  endfacet
  facet normal  -0.000000e+000  1.000000e+000  0.000000e+000
    outer loop
      vertex -4.000000e+001  3.500000e+001  1.500000e+000
      vertex -5.100000e+001  3.500000e+001  5.500000e+000
      vertex -4.300000e+001  3.500000e+001  5.500000e+000
    endloop
  endfacet
  facet normal  -0.000000e+000  1.000000e+000  0.000000e+000
    outer loop
      vertex -4.000000e+001  3.500000e+001  1.500000e+000
      vertex -4.300000e+001  3.500000e+001  5.500000e+000
      vertex -4.229289e+001  3.500000e+001  5.792893e+000
    endloop
  endfacet
  facet normal  -0.000000e+000  1.000000e+000  0.000000e+000
    outer loop
      vertex -4.000000e+001  3.500000e+001  1.500000e+000
      vertex -4.229289e+001  3.500000e+001  5.792893e+000
      vertex -4.200000e+001  3.500000e+001  6.500000e+000
    endloop
  endfacet
  facet normal  -0.000000e+000  1.000000e+000  0.000000e+000
    outer loop
      vertex -4.000000e+001  3.500000e+001  1.500000e+000
      vertex -4.200000e+001  3.500000e+001  6.500000e+000
      vertex -4.200000e+001  3.500000e+001  9.500000e+000
    endloop
  endfacet
  facet normal  -0.000000e+000  1.000000e+000  0.000000e+000
    outer loop
      vertex -4.000000e+001  3.500000e+001  1.500000e+000
      vertex -4.200000e+001  3.500000e+001  9.500000e+000
      vertex -5.000000e+000  3.500000e+001  9.500000e+000
    endloop
  endfacet
  facet normal  0.000000e+000  1.000000e+000  0.000000e+000
    outer loop
      vertex -4.000000e+001  3.500000e+001  1.500000e+000
      vertex -5.000000e+000  3.500000e+001  9.500000e+000
      vertex -4.000000e+001  3.500000e+001  0.000000e+000
    endloop
  endfacet
  facet normal  0.000000e+000  9.999999e-001  -0.000000e+000
    outer loop
      vertex -5.000000e+000  3.500000e+001  9.500000e+000
      vertex -5.000000e+000  3.500000e+001  2.500000e+000
      vertex -4.000000e+001  3.500000e+001  0.000000e+000
    endloop
  endfacet
  facet normal  0.000000e+000  9.999999e-001  0.000000e+000
    outer loop
      vertex -4.000000e+001  3.500000e+001  0.000000e+000
      vertex -5.000000e+000  3.500000e+001  2.500000e+000
      vertex  4.100000e+001  3.500000e+001  2.500000e+000
    endloop
  endfacet
  facet normal  0.000000e+000  1.000000e+000  0.000000e+000
    outer loop
      vertex -4.000000e+001  3.500000e+001  0.000000e+000
      vertex  4.100000e+001  3.500000e+001  2.500000e+000
      vertex  4.100000e+001  3.500000e+001  0.000000e+000
    endloop
  endfacet
  facet normal -3.826833e-001  0.000000e+000  9.238796e-001
    outer loop
      vertex -4.300000e+001 -3.500000e+001  5.500000e+000
      vertex -4.229289e+001 -3.500000e+001  5.792893e+000
      vertex -4.300000e+001  3.500000e+001  5.500000e+000
    endloop
  endfacet
  facet normal -3.826833e-001  0.000000e+000  9.238796e-001
    outer loop
      vertex -4.300000e+001  3.500000e+001  5.500000e+000
      vertex -4.229289e+001 -3.500000e+001  5.792893e+000
      vertex -4.229289e+001  3.500000e+001  5.792893e+000
    endloop
  endfacet
  facet normal -9.238799e-001  0.000000e+000  3.826827e-001
    outer loop
      vertex -4.229289e+001 -3.500000e+001  5.792893e+000
      vertex -4.200000e+001 -3.500000e+001  6.500000e+000
      vertex -4.229289e+001  3.500000e+001  5.792893e+000
    endloop
  endfacet
  facet normal -9.238799e-001  0.000000e+000  3.826827e-001
    outer loop
      vertex -4.229289e+001  3.500000e+001  5.792893e+000
      vertex -4.200000e+001 -3.500000e+001  6.500000e+000
      vertex -4.200000e+001  3.500000e+001  6.500000e+000
    endloop
  endfacet
  facet normal -9.659258e-001  2.588193e-001  0.000000e+000
    outer loop
      vertex -5.350000e+001 -2.900000e+001  6.500000e+000
      vertex -5.350000e+001 -2.900000e+001  1.850000e+001
      vertex -5.289711e+001 -2.675000e+001  6.500000e+000
    endloop
  endfacet
  facet normal -9.659258e-001  2.588193e-001  0.000000e+000
    outer loop
      vertex -5.289711e+001 -2.675000e+001  6.500000e+000
      vertex -5.350000e+001 -2.900000e+001  1.850000e+001
      vertex -5.289711e+001 -2.675000e+001  1.850000e+001
    endloop
  endfacet
  facet normal -7.071068e-001  7.071068e-001  0.000000e+000
    outer loop
      vertex -5.289711e+001 -2.675000e+001  6.500000e+000
      vertex -5.289711e+001 -2.675000e+001  1.850000e+001
      vertex -5.125000e+001 -2.510289e+001  6.500000e+000
    endloop
  endfacet
  facet normal -7.071068e-001  7.071068e-001  0.000000e+000
    outer loop
      vertex -5.125000e+001 -2.510289e+001  6.500000e+000
      vertex -5.289711e+001 -2.675000e+001  1.850000e+001
      vertex -5.125000e+001 -2.510289e+001  1.850000e+001
    endloop
  endfacet
  facet normal -2.588193e-001  9.659258e-001  0.000000e+000
    outer loop
      vertex -5.125000e+001 -2.510289e+001  6.500000e+000
      vertex -5.125000e+001 -2.510289e+001  1.850000e+001
      vertex -4.900000e+001 -2.450000e+001  6.500000e+000
    endloop
  endfacet
  facet normal -2.588193e-001  9.659258e-001  0.000000e+000
    outer loop
      vertex -4.900000e+001 -2.450000e+001  6.500000e+000
      vertex -5.125000e+001 -2.510289e+001  1.850000e+001
      vertex -4.900000e+001 -2.450000e+001  1.850000e+001
    endloop
  endfacet
  facet normal  2.588193e-001  9.659258e-001  0.000000e+000
    outer loop
      vertex -4.900000e+001 -2.450000e+001  6.500000e+000
      vertex -4.900000e+001 -2.450000e+001  1.850000e+001
      vertex -4.675000e+001 -2.510289e+001  6.500000e+000
    endloop
  endfacet
  facet normal  2.588193e-001  9.659258e-001  -0.000000e+000
    outer loop
      vertex -4.675000e+001 -2.510289e+001  6.500000e+000
      vertex -4.900000e+001 -2.450000e+001  1.850000e+001
      vertex -4.675000e+001 -2.510289e+001  1.850000e+001
    endloop
  endfacet
  facet normal  7.071068e-001  7.071068e-001  0.000000e+000
    outer loop
      vertex -4.675000e+001 -2.510289e+001  6.500000e+000
      vertex -4.675000e+001 -2.510289e+001  1.850000e+001
      vertex -4.510289e+001 -2.675000e+001  6.500000e+000
    endloop
  endfacet
  facet normal  7.071068e-001  7.071068e-001  -0.000000e+000
    outer loop
      vertex -4.510289e+001 -2.675000e+001  6.500000e+000
      vertex -4.675000e+001 -2.510289e+001  1.850000e+001
      vertex -4.510289e+001 -2.675000e+001  1.850000e+001
    endloop
  endfacet
  facet normal  9.659258e-001  2.588193e-001  0.000000e+000
    outer loop
      vertex -4.510289e+001 -2.675000e+001  6.500000e+000
      vertex -4.510289e+001 -2.675000e+001  1.850000e+001
      vertex -4.450000e+001 -2.900000e+001  6.500000e+000
    endloop
  endfacet
  facet normal  9.659258e-001  2.588193e-001  -0.000000e+000
    outer loop
      vertex -4.450000e+001 -2.900000e+001  6.500000e+000
      vertex -4.510289e+001 -2.675000e+001  1.850000e+001
      vertex -4.450000e+001 -2.900000e+001  1.850000e+001
    endloop
  endfacet
  facet normal  9.659258e-001 -2.588193e-001  0.000000e+000
    outer loop
      vertex -4.450000e+001 -2.900000e+001  6.500000e+000
      vertex -4.450000e+001 -2.900000e+001  1.850000e+001
      vertex -4.510289e+001 -3.125000e+001  6.500000e+000
    endloop
  endfacet
  facet normal  9.659258e-001 -2.588193e-001  0.000000e+000
    outer loop
      vertex -4.510289e+001 -3.125000e+001  6.500000e+000
      vertex -4.450000e+001 -2.900000e+001  1.850000e+001
      vertex -4.510289e+001 -3.125000e+001  1.850000e+001
    endloop
  endfacet
  facet normal  7.071068e-001 -7.071068e-001  0.000000e+000
    outer loop
      vertex -4.510289e+001 -3.125000e+001  6.500000e+000
      vertex -4.510289e+001 -3.125000e+001  1.850000e+001
      vertex -4.675000e+001 -3.289711e+001  6.500000e+000
    endloop
  endfacet
  facet normal  7.071068e-001 -7.071068e-001  0.000000e+000
    outer loop
      vertex -4.675000e+001 -3.289711e+001  6.500000e+000
      vertex -4.510289e+001 -3.125000e+001  1.850000e+001
      vertex -4.675000e+001 -3.289711e+001  1.850000e+001
    endloop
  endfacet
  facet normal  2.588193e-001 -9.659258e-001  0.000000e+000
    outer loop
      vertex -4.675000e+001 -3.289711e+001  6.500000e+000
      vertex -4.675000e+001 -3.289711e+001  1.850000e+001
      vertex -4.900000e+001 -3.350000e+001  6.500000e+000
    endloop
  endfacet
  facet normal  2.588193e-001 -9.659258e-001  0.000000e+000
    outer loop
      vertex -4.900000e+001 -3.350000e+001  6.500000e+000
      vertex -4.675000e+001 -3.289711e+001  1.850000e+001
      vertex -4.900000e+001 -3.350000e+001  1.850000e+001
    endloop
  endfacet
  facet normal -2.588193e-001 -9.659258e-001  -0.000000e+000
    outer loop
      vertex -4.900000e+001 -3.350000e+001  6.500000e+000
      vertex -4.900000e+001 -3.350000e+001  1.850000e+001
      vertex -5.125000e+001 -3.289711e+001  6.500000e+000
    endloop
  endfacet
  facet normal -2.588193e-001 -9.659258e-001  0.000000e+000
    outer loop
      vertex -5.125000e+001 -3.289711e+001  6.500000e+000
      vertex -4.900000e+001 -3.350000e+001  1.850000e+001
      vertex -5.125000e+001 -3.289711e+001  1.850000e+001
    endloop
  endfacet
  facet normal -7.071068e-001 -7.071068e-001  -0.000000e+000
    outer loop
      vertex -5.125000e+001 -3.289711e+001  6.500000e+000
      vertex -5.125000e+001 -3.289711e+001  1.850000e+001
      vertex -5.289711e+001 -3.125000e+001  6.500000e+000
    endloop
  endfacet
  facet normal -7.071068e-001 -7.071068e-001  0.000000e+000
    outer loop
      vertex -5.289711e+001 -3.125000e+001  6.500000e+000
      vertex -5.125000e+001 -3.289711e+001  1.850000e+001
      vertex -5.289711e+001 -3.125000e+001  1.850000e+001
    endloop
  endfacet
  facet normal -9.659258e-001 -2.588193e-001  -0.000000e+000
    outer loop
      vertex -5.289711e+001 -3.125000e+001  6.500000e+000
      vertex -5.289711e+001 -3.125000e+001  1.850000e+001
      vertex -5.350000e+001 -2.900000e+001  6.500000e+000
    endloop
  endfacet
  facet normal -9.659258e-001 -2.588193e-001  0.000000e+000
    outer loop
      vertex -5.350000e+001 -2.900000e+001  6.500000e+000
      vertex -5.289711e+001 -3.125000e+001  1.850000e+001
      vertex -5.350000e+001 -2.900000e+001  1.850000e+001
    endloop
  endfacet
  facet normal  3.812318e-001 -8.701328e-002  9.203755e-001
    outer loop
      vertex -4.420711e+001 -2.900000e+001  5.792893e+000
      vertex -4.468175e+001 -3.107956e+001  5.792893e+000
      vertex -4.350000e+001 -2.900000e+001  5.500000e+000
    endloop
  endfacet
  facet normal  4.218825e-001 -1.130434e-001  8.995756e-001
    outer loop
      vertex -4.468175e+001 -3.107956e+001  5.792893e+000
      vertex -4.423686e+001 -3.175000e+001  5.500000e+000
      vertex -4.350000e+001 -2.900000e+001  5.500000e+000
    endloop
  endfacet
  facet normal -4.218825e-001 -1.130434e-001  8.995756e-001
    outer loop
      vertex -5.376314e+001 -3.175000e+001  5.500000e+000
      vertex -5.331825e+001 -3.107956e+001  5.792893e+000
      vertex -5.450000e+001 -2.900000e+001  5.500000e+000
    endloop
  endfacet
  facet normal -3.812318e-001 -8.701328e-002  9.203755e-001
    outer loop
      vertex -5.331825e+001 -3.107956e+001  5.792893e+000
      vertex -5.379289e+001 -2.900000e+001  5.792893e+000
      vertex -5.450000e+001 -2.900000e+001  5.500000e+000
    endloop
  endfacet
  facet normal -9.040000e-001 -2.063312e-001  3.744482e-001
    outer loop
      vertex -5.379289e+001 -2.900000e+001  5.792893e+000
      vertex -5.331825e+001 -3.107956e+001  5.792893e+000
      vertex -5.350000e+001 -2.900000e+001  6.500000e+000
    endloop
  endfacet
  facet normal -8.594715e-001 -2.302949e-001  4.563695e-001
    outer loop
      vertex -5.331825e+001 -3.107956e+001  5.792893e+000
      vertex -5.289711e+001 -3.125000e+001  6.500000e+000
      vertex -5.350000e+001 -2.900000e+001  6.500000e+000
    endloop
  endfacet
  facet normal  8.594715e-001 -2.302949e-001  4.563695e-001
    outer loop
      vertex -4.510289e+001 -3.125000e+001  6.500000e+000
      vertex -4.468175e+001 -3.107956e+001  5.792893e+000
      vertex -4.450000e+001 -2.900000e+001  6.500000e+000
    endloop
  endfacet
  facet normal  9.040000e-001 -2.063312e-001  3.744482e-001
    outer loop
      vertex -4.468175e+001 -3.107956e+001  5.792893e+000
      vertex -4.420711e+001 -2.900000e+001  5.792893e+000
      vertex -4.450000e+001 -2.900000e+001  6.500000e+000
    endloop
  endfacet
  facet normal -7.456337e-001 -5.946243e-001  3.007527e-001
    outer loop
      vertex -5.331825e+001 -3.107956e+001  5.792893e+000
      vertex -5.198832e+001 -3.274723e+001  5.792893e+000
      vertex -5.289711e+001 -3.125000e+001  6.500000e+000
    endloop
  endfacet
  facet normal -4.197111e-001 -8.715374e-001  2.535054e-001
    outer loop
      vertex -5.198832e+001 -3.274723e+001  5.792893e+000
      vertex -5.006652e+001 -3.367273e+001  5.792893e+000
      vertex -5.125000e+001 -3.289711e+001  6.500000e+000
    endloop
  endfacet
  facet normal -6.094249e-001 -6.094249e-001  5.071512e-001
    outer loop
      vertex -5.289711e+001 -3.125000e+001  6.500000e+000
      vertex -5.198832e+001 -3.274723e+001  5.792893e+000
      vertex -5.125000e+001 -3.289711e+001  6.500000e+000
    endloop
  endfacet
  facet normal -3.324451e-001 -3.324451e-001  8.825874e-001
    outer loop
      vertex -5.376314e+001 -3.175000e+001  5.500000e+000
      vertex -5.175000e+001 -3.376314e+001  5.500000e+000
      vertex -5.198832e+001 -3.274723e+001  5.792893e+000
    endloop
  endfacet
  facet normal -2.792807e-001 -2.227194e-001  9.340227e-001
    outer loop
      vertex -5.331825e+001 -3.107956e+001  5.792893e+000
      vertex -5.376314e+001 -3.175000e+001  5.500000e+000
      vertex -5.198832e+001 -3.274723e+001  5.792893e+000
    endloop
  endfacet
  facet normal  0.000000e+000 -9.714379e-001  2.372942e-001
    outer loop
      vertex -5.006652e+001 -3.367273e+001  5.792893e+000
      vertex -4.793348e+001 -3.367273e+001  5.792893e+000
      vertex -4.900000e+001 -3.350000e+001  6.500000e+000
    endloop
  endfacet
  facet normal -2.193479e-001 -8.186167e-001  5.308043e-001
    outer loop
      vertex -5.125000e+001 -3.289711e+001  6.500000e+000
      vertex -5.006652e+001 -3.367273e+001  5.792893e+000
      vertex -4.900000e+001 -3.350000e+001  6.500000e+000
    endloop
  endfacet
  facet normal -1.264556e-001 -4.719374e-001  8.725160e-001
    outer loop
      vertex -5.175000e+001 -3.376314e+001  5.500000e+000
      vertex -4.900000e+001 -3.450000e+001  5.500000e+000
      vertex -5.006652e+001 -3.367273e+001  5.792893e+000
    endloop
  endfacet
  facet normal -1.472372e-001 -3.057407e-001  9.406614e-001
    outer loop
      vertex -5.198832e+001 -3.274723e+001  5.792893e+000
      vertex -5.175000e+001 -3.376314e+001  5.500000e+000
      vertex -5.006652e+001 -3.367273e+001  5.792893e+000
    endloop
  endfacet
  facet normal  4.197111e-001 -8.715374e-001  2.535054e-001
    outer loop
      vertex -4.793348e+001 -3.367273e+001  5.792893e+000
      vertex -4.601168e+001 -3.274723e+001  5.792893e+000
      vertex -4.675000e+001 -3.289711e+001  6.500000e+000
    endloop
  endfacet
  facet normal  2.193479e-001 -8.186167e-001  5.308043e-001
    outer loop
      vertex -4.900000e+001 -3.350000e+001  6.500000e+000
      vertex -4.793348e+001 -3.367273e+001  5.792893e+000
      vertex -4.675000e+001 -3.289711e+001  6.500000e+000
    endloop
  endfacet
  facet normal  1.264556e-001 -4.719374e-001  8.725160e-001
    outer loop
      vertex -4.900000e+001 -3.450000e+001  5.500000e+000
      vertex -4.625000e+001 -3.376314e+001  5.500000e+000
      vertex -4.793348e+001 -3.367273e+001  5.792893e+000
    endloop
  endfacet
  facet normal  0.000000e+000 -3.337463e-001  9.426630e-001
    outer loop
      vertex -5.006652e+001 -3.367273e+001  5.792893e+000
      vertex -4.900000e+001 -3.450000e+001  5.500000e+000
      vertex -4.793348e+001 -3.367273e+001  5.792893e+000
    endloop
  endfacet
  facet normal  7.456337e-001 -5.946243e-001  3.007527e-001
    outer loop
      vertex -4.601168e+001 -3.274723e+001  5.792893e+000
      vertex -4.468175e+001 -3.107956e+001  5.792893e+000
      vertex -4.510289e+001 -3.125000e+001  6.500000e+000
    endloop
  endfacet
  facet normal  6.094249e-001 -6.094249e-001  5.071512e-001
    outer loop
      vertex -4.675000e+001 -3.289711e+001  6.500000e+000
      vertex -4.601168e+001 -3.274723e+001  5.792893e+000
      vertex -4.510289e+001 -3.125000e+001  6.500000e+000
    endloop
  endfacet
  facet normal  3.324451e-001 -3.324451e-001  8.825874e-001
    outer loop
      vertex -4.625000e+001 -3.376314e+001  5.500000e+000
      vertex -4.423686e+001 -3.175000e+001  5.500000e+000
      vertex -4.601168e+001 -3.274723e+001  5.792893e+000
    endloop
  endfacet
  facet normal  1.472372e-001 -3.057407e-001  9.406614e-001
    outer loop
      vertex -4.793348e+001 -3.367273e+001  5.792893e+000
      vertex -4.625000e+001 -3.376314e+001  5.500000e+000
      vertex -4.601168e+001 -3.274723e+001  5.792893e+000
    endloop
  endfacet
  facet normal  2.792807e-001 -2.227194e-001  9.340227e-001
    outer loop
      vertex -4.601168e+001 -3.274723e+001  5.792893e+000
      vertex -4.423686e+001 -3.175000e+001  5.500000e+000
      vertex -4.468175e+001 -3.107956e+001  5.792893e+000
    endloop
  endfacet
  facet normal -3.812318e-001  8.701328e-002  9.203755e-001
    outer loop
      vertex -5.379289e+001 -2.900000e+001  5.792893e+000
      vertex -5.331825e+001 -2.692044e+001  5.792893e+000
      vertex -5.450000e+001 -2.900000e+001  5.500000e+000
    endloop
  endfacet
  facet normal -4.218825e-001  1.130434e-001  8.995756e-001
    outer loop
      vertex -5.331825e+001 -2.692044e+001  5.792893e+000
      vertex -5.376314e+001 -2.625000e+001  5.500000e+000
      vertex -5.450000e+001 -2.900000e+001  5.500000e+000
    endloop
  endfacet
  facet normal  4.218825e-001  1.130434e-001  8.995756e-001
    outer loop
      vertex -4.423686e+001 -2.625000e+001  5.500000e+000
      vertex -4.468175e+001 -2.692044e+001  5.792893e+000
      vertex -4.350000e+001 -2.900000e+001  5.500000e+000
    endloop
  endfacet
  facet normal  3.812318e-001  8.701328e-002  9.203755e-001
    outer loop
      vertex -4.468175e+001 -2.692044e+001  5.792893e+000
      vertex -4.420711e+001 -2.900000e+001  5.792893e+000
      vertex -4.350000e+001 -2.900000e+001  5.500000e+000
    endloop
  endfacet
  facet normal  9.040000e-001  2.063312e-001  3.744482e-001
    outer loop
      vertex -4.420711e+001 -2.900000e+001  5.792893e+000
      vertex -4.468175e+001 -2.692044e+001  5.792893e+000
      vertex -4.450000e+001 -2.900000e+001  6.500000e+000
    endloop
  endfacet
  facet normal  8.594715e-001  2.302949e-001  4.563695e-001
    outer loop
      vertex -4.468175e+001 -2.692044e+001  5.792893e+000
      vertex -4.510289e+001 -2.675000e+001  6.500000e+000
      vertex -4.450000e+001 -2.900000e+001  6.500000e+000
    endloop
  endfacet
  facet normal -8.594715e-001  2.302949e-001  4.563695e-001
    outer loop
      vertex -5.289711e+001 -2.675000e+001  6.500000e+000
      vertex -5.331825e+001 -2.692044e+001  5.792893e+000
      vertex -5.350000e+001 -2.900000e+001  6.500000e+000
    endloop
  endfacet
  facet normal -9.040000e-001  2.063312e-001  3.744482e-001
    outer loop
      vertex -5.331825e+001 -2.692044e+001  5.792893e+000
      vertex -5.379289e+001 -2.900000e+001  5.792893e+000
      vertex -5.350000e+001 -2.900000e+001  6.500000e+000
    endloop
  endfacet
  facet normal  7.456337e-001  5.946243e-001  3.007527e-001
    outer loop
      vertex -4.468175e+001 -2.692044e+001  5.792893e+000
      vertex -4.601168e+001 -2.525277e+001  5.792893e+000
      vertex -4.510289e+001 -2.675000e+001  6.500000e+000
    endloop
  endfacet
  facet normal  4.197111e-001  8.715374e-001  2.535054e-001
    outer loop
      vertex -4.601168e+001 -2.525277e+001  5.792893e+000
      vertex -4.793348e+001 -2.432727e+001  5.792893e+000
      vertex -4.675000e+001 -2.510289e+001  6.500000e+000
    endloop
  endfacet
  facet normal  6.094249e-001  6.094249e-001  5.071512e-001
    outer loop
      vertex -4.510289e+001 -2.675000e+001  6.500000e+000
      vertex -4.601168e+001 -2.525277e+001  5.792893e+000
      vertex -4.675000e+001 -2.510289e+001  6.500000e+000
    endloop
  endfacet
  facet normal  3.324448e-001  3.324445e-001  8.825877e-001
    outer loop
      vertex -4.423686e+001 -2.625000e+001  5.500000e+000
      vertex -4.625000e+001 -2.423686e+001  5.500000e+000
      vertex -4.601168e+001 -2.525277e+001  5.792893e+000
    endloop
  endfacet
  facet normal  2.792807e-001  2.227194e-001  9.340227e-001
    outer loop
      vertex -4.468175e+001 -2.692044e+001  5.792893e+000
      vertex -4.423686e+001 -2.625000e+001  5.500000e+000
      vertex -4.601168e+001 -2.525277e+001  5.792893e+000
    endloop
  endfacet
  facet normal  -0.000000e+000  9.714379e-001  2.372942e-001
    outer loop
      vertex -4.793348e+001 -2.432727e+001  5.792893e+000
      vertex -5.006652e+001 -2.432727e+001  5.792893e+000
      vertex -4.900000e+001 -2.450000e+001  6.500000e+000
    endloop
  endfacet
  facet normal  2.193479e-001  8.186167e-001  5.308043e-001
    outer loop
      vertex -4.675000e+001 -2.510289e+001  6.500000e+000
      vertex -4.793348e+001 -2.432727e+001  5.792893e+000
      vertex -4.900000e+001 -2.450000e+001  6.500000e+000
    endloop
  endfacet
  facet normal  1.264551e-001  4.719369e-001  8.725163e-001
    outer loop
      vertex -4.625000e+001 -2.423686e+001  5.500000e+000
      vertex -4.900000e+001 -2.350000e+001  5.500000e+000
      vertex -4.793348e+001 -2.432727e+001  5.792893e+000
    endloop
  endfacet
  facet normal  1.472370e-001  3.057401e-001  9.406615e-001
    outer loop
      vertex -4.601168e+001 -2.525277e+001  5.792893e+000
      vertex -4.625000e+001 -2.423686e+001  5.500000e+000
      vertex -4.793348e+001 -2.432727e+001  5.792893e+000
    endloop
  endfacet
  facet normal -4.197111e-001  8.715374e-001  2.535054e-001
    outer loop
      vertex -5.006652e+001 -2.432727e+001  5.792893e+000
      vertex -5.198832e+001 -2.525277e+001  5.792893e+000
      vertex -5.125000e+001 -2.510289e+001  6.500000e+000
    endloop
  endfacet
  facet normal -2.193479e-001  8.186167e-001  5.308043e-001
    outer loop
      vertex -4.900000e+001 -2.450000e+001  6.500000e+000
      vertex -5.006652e+001 -2.432727e+001  5.792893e+000
      vertex -5.125000e+001 -2.510289e+001  6.500000e+000
    endloop
  endfacet
  facet normal -1.264551e-001  4.719369e-001  8.725163e-001
    outer loop
      vertex -4.900000e+001 -2.350000e+001  5.500000e+000
      vertex -5.175000e+001 -2.423686e+001  5.500000e+000
      vertex -5.006652e+001 -2.432727e+001  5.792893e+000
    endloop
  endfacet
  facet normal  0.000000e+000  3.337463e-001  9.426630e-001
    outer loop
      vertex -4.793348e+001 -2.432727e+001  5.792893e+000
      vertex -4.900000e+001 -2.350000e+001  5.500000e+000
      vertex -5.006652e+001 -2.432727e+001  5.792893e+000
    endloop
  endfacet
  facet normal -7.456337e-001  5.946243e-001  3.007527e-001
    outer loop
      vertex -5.198832e+001 -2.525277e+001  5.792893e+000
      vertex -5.331825e+001 -2.692044e+001  5.792893e+000
      vertex -5.289711e+001 -2.675000e+001  6.500000e+000
    endloop
  endfacet
  facet normal -6.094249e-001  6.094249e-001  5.071512e-001
    outer loop
      vertex -5.125000e+001 -2.510289e+001  6.500000e+000
      vertex -5.198832e+001 -2.525277e+001  5.792893e+000
      vertex -5.289711e+001 -2.675000e+001  6.500000e+000
    endloop
  endfacet
  facet normal -3.324448e-001  3.324445e-001  8.825877e-001
    outer loop
      vertex -5.175000e+001 -2.423686e+001  5.500000e+000
      vertex -5.376314e+001 -2.625000e+001  5.500000e+000
      vertex -5.198832e+001 -2.525277e+001  5.792893e+000
    endloop
  endfacet
  facet normal -1.472370e-001  3.057401e-001  9.406615e-001
    outer loop
      vertex -5.006652e+001 -2.432727e+001  5.792893e+000
      vertex -5.175000e+001 -2.423686e+001  5.500000e+000
      vertex -5.198832e+001 -2.525277e+001  5.792893e+000
    endloop
  endfacet
  facet normal -2.792807e-001  2.227194e-001  9.340227e-001
    outer loop
      vertex -5.198832e+001 -2.525277e+001  5.792893e+000
      vertex -5.376314e+001 -2.625000e+001  5.500000e+000
      vertex -5.331825e+001 -2.692044e+001  5.792893e+000
    endloop
  endfacet
  facet normal -9.659258e-001  2.588193e-001  0.000000e+000
    outer loop
      vertex -5.350000e+001  2.900000e+001  6.500000e+000
      vertex -5.350000e+001  2.900000e+001  1.850000e+001
      vertex -5.289711e+001  3.125000e+001  6.500000e+000
    endloop
  endfacet
  facet normal -9.659258e-001  2.588193e-001  0.000000e+000
    outer loop
      vertex -5.289711e+001  3.125000e+001  6.500000e+000
      vertex -5.350000e+001  2.900000e+001  1.850000e+001
      vertex -5.289711e+001  3.125000e+001  1.850000e+001
    endloop
  endfacet
  facet normal -7.071068e-001  7.071068e-001  0.000000e+000
    outer loop
      vertex -5.289711e+001  3.125000e+001  6.500000e+000
      vertex -5.289711e+001  3.125000e+001  1.850000e+001
      vertex -5.125000e+001  3.289711e+001  6.500000e+000
    endloop
  endfacet
  facet normal -7.071068e-001  7.071068e-001  0.000000e+000
    outer loop
      vertex -5.125000e+001  3.289711e+001  6.500000e+000
      vertex -5.289711e+001  3.125000e+001  1.850000e+001
      vertex -5.125000e+001  3.289711e+001  1.850000e+001
    endloop
  endfacet
  facet normal -2.588193e-001  9.659258e-001  0.000000e+000
    outer loop
      vertex -5.125000e+001  3.289711e+001  6.500000e+000
      vertex -5.125000e+001  3.289711e+001  1.850000e+001
      vertex -4.900000e+001  3.350000e+001  6.500000e+000
    endloop
  endfacet
  facet normal -2.588193e-001  9.659258e-001  0.000000e+000
    outer loop
      vertex -4.900000e+001  3.350000e+001  6.500000e+000
      vertex -5.125000e+001  3.289711e+001  1.850000e+001
      vertex -4.900000e+001  3.350000e+001  1.850000e+001
    endloop
  endfacet
  facet normal  2.588193e-001  9.659258e-001  0.000000e+000
    outer loop
      vertex -4.900000e+001  3.350000e+001  6.500000e+000
      vertex -4.900000e+001  3.350000e+001  1.850000e+001
      vertex -4.675000e+001  3.289711e+001  6.500000e+000
    endloop
  endfacet
  facet normal  2.588193e-001  9.659258e-001  -0.000000e+000
    outer loop
      vertex -4.675000e+001  3.289711e+001  6.500000e+000
      vertex -4.900000e+001  3.350000e+001  1.850000e+001
      vertex -4.675000e+001  3.289711e+001  1.850000e+001
    endloop
  endfacet
  facet normal  7.071068e-001  7.071068e-001  0.000000e+000
    outer loop
      vertex -4.675000e+001  3.289711e+001  6.500000e+000
      vertex -4.675000e+001  3.289711e+001  1.850000e+001
      vertex -4.510289e+001  3.125000e+001  6.500000e+000
    endloop
  endfacet
  facet normal  7.071068e-001  7.071068e-001  -0.000000e+000
    outer loop
      vertex -4.510289e+001  3.125000e+001  6.500000e+000
      vertex -4.675000e+001  3.289711e+001  1.850000e+001
      vertex -4.510289e+001  3.125000e+001  1.850000e+001
    endloop
  endfacet
  facet normal  9.659258e-001  2.588193e-001  0.000000e+000
    outer loop
      vertex -4.510289e+001  3.125000e+001  6.500000e+000
      vertex -4.510289e+001  3.125000e+001  1.850000e+001
      vertex -4.450000e+001  2.900000e+001  6.500000e+000
    endloop
  endfacet
  facet normal  9.659258e-001  2.588193e-001  -0.000000e+000
    outer loop
      vertex -4.450000e+001  2.900000e+001  6.500000e+000
      vertex -4.510289e+001  3.125000e+001  1.850000e+001
      vertex -4.450000e+001  2.900000e+001  1.850000e+001
    endloop
  endfacet
  facet normal  9.659258e-001 -2.588193e-001  0.000000e+000
    outer loop
      vertex -4.450000e+001  2.900000e+001  6.500000e+000
      vertex -4.450000e+001  2.900000e+001  1.850000e+001
      vertex -4.510289e+001  2.675000e+001  6.500000e+000
    endloop
  endfacet
  facet normal  9.659258e-001 -2.588193e-001  0.000000e+000
    outer loop
      vertex -4.510289e+001  2.675000e+001  6.500000e+000
      vertex -4.450000e+001  2.900000e+001  1.850000e+001
      vertex -4.510289e+001  2.675000e+001  1.850000e+001
    endloop
  endfacet
  facet normal  7.071068e-001 -7.071068e-001  0.000000e+000
    outer loop
      vertex -4.510289e+001  2.675000e+001  6.500000e+000
      vertex -4.510289e+001  2.675000e+001  1.850000e+001
      vertex -4.675000e+001  2.510289e+001  6.500000e+000
    endloop
  endfacet
  facet normal  7.071068e-001 -7.071068e-001  0.000000e+000
    outer loop
      vertex -4.675000e+001  2.510289e+001  6.500000e+000
      vertex -4.510289e+001  2.675000e+001  1.850000e+001
      vertex -4.675000e+001  2.510289e+001  1.850000e+001
    endloop
  endfacet
  facet normal  2.588193e-001 -9.659258e-001  0.000000e+000
    outer loop
      vertex -4.675000e+001  2.510289e+001  6.500000e+000
      vertex -4.675000e+001  2.510289e+001  1.850000e+001
      vertex -4.900000e+001  2.450000e+001  6.500000e+000
    endloop
  endfacet
  facet normal  2.588193e-001 -9.659258e-001  0.000000e+000
    outer loop
      vertex -4.900000e+001  2.450000e+001  6.500000e+000
      vertex -4.675000e+001  2.510289e+001  1.850000e+001
      vertex -4.900000e+001  2.450000e+001  1.850000e+001
    endloop
  endfacet
  facet normal -2.588193e-001 -9.659258e-001  -0.000000e+000
    outer loop
      vertex -4.900000e+001  2.450000e+001  6.500000e+000
      vertex -4.900000e+001  2.450000e+001  1.850000e+001
      vertex -5.125000e+001  2.510289e+001  6.500000e+000
    endloop
  endfacet
  facet normal -2.588193e-001 -9.659258e-001  0.000000e+000
    outer loop
      vertex -5.125000e+001  2.510289e+001  6.500000e+000
      vertex -4.900000e+001  2.450000e+001  1.850000e+001
      vertex -5.125000e+001  2.510289e+001  1.850000e+001
    endloop
  endfacet
  facet normal -7.071068e-001 -7.071068e-001  -0.000000e+000
    outer loop
      vertex -5.125000e+001  2.510289e+001  6.500000e+000
      vertex -5.125000e+001  2.510289e+001  1.850000e+001
      vertex -5.289711e+001  2.675000e+001  6.500000e+000
    endloop
  endfacet
  facet normal -7.071068e-001 -7.071068e-001  0.000000e+000
    outer loop
      vertex -5.289711e+001  2.675000e+001  6.500000e+000
      vertex -5.125000e+001  2.510289e+001  1.850000e+001
      vertex -5.289711e+001  2.675000e+001  1.850000e+001
    endloop
  endfacet
  facet normal -9.659258e-001 -2.588193e-001  -0.000000e+000
    outer loop
      vertex -5.289711e+001  2.675000e+001  6.500000e+000
      vertex -5.289711e+001  2.675000e+001  1.850000e+001
      vertex -5.350000e+001  2.900000e+001  6.500000e+000
    endloop
  endfacet
  facet normal -9.659258e-001 -2.588193e-001  0.000000e+000
    outer loop
      vertex -5.350000e+001  2.900000e+001  6.500000e+000
      vertex -5.289711e+001  2.675000e+001  1.850000e+001
      vertex -5.350000e+001  2.900000e+001  1.850000e+001
    endloop
  endfacet
  facet normal -3.812318e-001  8.701328e-002  9.203755e-001
    outer loop
      vertex -5.379289e+001  2.900000e+001  5.792893e+000
      vertex -5.331825e+001  3.107956e+001  5.792893e+000
      vertex -5.450000e+001  2.900000e+001  5.500000e+000
    endloop
  endfacet
  facet normal -4.218825e-001  1.130434e-001  8.995756e-001
    outer loop
      vertex -5.331825e+001  3.107956e+001  5.792893e+000
      vertex -5.376314e+001  3.175000e+001  5.500000e+000
      vertex -5.450000e+001  2.900000e+001  5.500000e+000
    endloop
  endfacet
  facet normal  4.218825e-001  1.130434e-001  8.995756e-001
    outer loop
      vertex -4.423686e+001  3.175000e+001  5.500000e+000
      vertex -4.468175e+001  3.107956e+001  5.792893e+000
      vertex -4.350000e+001  2.900000e+001  5.500000e+000
    endloop
  endfacet
  facet normal  3.812318e-001  8.701328e-002  9.203755e-001
    outer loop
      vertex -4.468175e+001  3.107956e+001  5.792893e+000
      vertex -4.420711e+001  2.900000e+001  5.792893e+000
      vertex -4.350000e+001  2.900000e+001  5.500000e+000
    endloop
  endfacet
  facet normal  9.040000e-001  2.063312e-001  3.744482e-001
    outer loop
      vertex -4.420711e+001  2.900000e+001  5.792893e+000
      vertex -4.468175e+001  3.107956e+001  5.792893e+000
      vertex -4.450000e+001  2.900000e+001  6.500000e+000
    endloop
  endfacet
  facet normal  8.594715e-001  2.302949e-001  4.563695e-001
    outer loop
      vertex -4.468175e+001  3.107956e+001  5.792893e+000
      vertex -4.510289e+001  3.125000e+001  6.500000e+000
      vertex -4.450000e+001  2.900000e+001  6.500000e+000
    endloop
  endfacet
  facet normal -8.594715e-001  2.302949e-001  4.563695e-001
    outer loop
      vertex -5.289711e+001  3.125000e+001  6.500000e+000
      vertex -5.331825e+001  3.107956e+001  5.792893e+000
      vertex -5.350000e+001  2.900000e+001  6.500000e+000
    endloop
  endfacet
  facet normal -9.040000e-001  2.063312e-001  3.744482e-001
    outer loop
      vertex -5.331825e+001  3.107956e+001  5.792893e+000
      vertex -5.379289e+001  2.900000e+001  5.792893e+000
      vertex -5.350000e+001  2.900000e+001  6.500000e+000
    endloop
  endfacet
  facet normal  7.456337e-001  5.946243e-001  3.007527e-001
    outer loop
      vertex -4.468175e+001  3.107956e+001  5.792893e+000
      vertex -4.601168e+001  3.274723e+001  5.792893e+000
      vertex -4.510289e+001  3.125000e+001  6.500000e+000
    endloop
  endfacet
  facet normal  4.197111e-001  8.715374e-001  2.535054e-001
    outer loop
      vertex -4.601168e+001  3.274723e+001  5.792893e+000
      vertex -4.793348e+001  3.367273e+001  5.792893e+000
      vertex -4.675000e+001  3.289711e+001  6.500000e+000
    endloop
  endfacet
  facet normal  6.094249e-001  6.094249e-001  5.071512e-001
    outer loop
      vertex -4.510289e+001  3.125000e+001  6.500000e+000
      vertex -4.601168e+001  3.274723e+001  5.792893e+000
      vertex -4.675000e+001  3.289711e+001  6.500000e+000
    endloop
  endfacet
  facet normal  3.324451e-001  3.324451e-001  8.825874e-001
    outer loop
      vertex -4.423686e+001  3.175000e+001  5.500000e+000
      vertex -4.625000e+001  3.376314e+001  5.500000e+000
      vertex -4.601168e+001  3.274723e+001  5.792893e+000
    endloop
  endfacet
  facet normal  2.792807e-001  2.227194e-001  9.340227e-001
    outer loop
      vertex -4.468175e+001  3.107956e+001  5.792893e+000
      vertex -4.423686e+001  3.175000e+001  5.500000e+000
      vertex -4.601168e+001  3.274723e+001  5.792893e+000
    endloop
  endfacet
  facet normal  -0.000000e+000  9.714379e-001  2.372942e-001
    outer loop
      vertex -4.793348e+001  3.367273e+001  5.792893e+000
      vertex -5.006652e+001  3.367273e+001  5.792893e+000
      vertex -4.900000e+001  3.350000e+001  6.500000e+000
    endloop
  endfacet
  facet normal  2.193479e-001  8.186167e-001  5.308043e-001
    outer loop
      vertex -4.675000e+001  3.289711e+001  6.500000e+000
      vertex -4.793348e+001  3.367273e+001  5.792893e+000
      vertex -4.900000e+001  3.350000e+001  6.500000e+000
    endloop
  endfacet
  facet normal  1.264556e-001  4.719374e-001  8.725160e-001
    outer loop
      vertex -4.625000e+001  3.376314e+001  5.500000e+000
      vertex -4.900000e+001  3.450000e+001  5.500000e+000
      vertex -4.793348e+001  3.367273e+001  5.792893e+000
    endloop
  endfacet
  facet normal  1.472372e-001  3.057407e-001  9.406614e-001
    outer loop
      vertex -4.601168e+001  3.274723e+001  5.792893e+000
      vertex -4.625000e+001  3.376314e+001  5.500000e+000
      vertex -4.793348e+001  3.367273e+001  5.792893e+000
    endloop
  endfacet
  facet normal -4.197111e-001  8.715374e-001  2.535054e-001
    outer loop
      vertex -5.006652e+001  3.367273e+001  5.792893e+000
      vertex -5.198832e+001  3.274723e+001  5.792893e+000
      vertex -5.125000e+001  3.289711e+001  6.500000e+000
    endloop
  endfacet
  facet normal -2.193479e-001  8.186167e-001  5.308043e-001
    outer loop
      vertex -4.900000e+001  3.350000e+001  6.500000e+000
      vertex -5.006652e+001  3.367273e+001  5.792893e+000
      vertex -5.125000e+001  3.289711e+001  6.500000e+000
    endloop
  endfacet
  facet normal -1.264556e-001  4.719374e-001  8.725160e-001
    outer loop
      vertex -4.900000e+001  3.450000e+001  5.500000e+000
      vertex -5.175000e+001  3.376314e+001  5.500000e+000
      vertex -5.006652e+001  3.367273e+001  5.792893e+000
    endloop
  endfacet
  facet normal  0.000000e+000  3.337463e-001  9.426630e-001
    outer loop
      vertex -4.793348e+001  3.367273e+001  5.792893e+000
      vertex -4.900000e+001  3.450000e+001  5.500000e+000
      vertex -5.006652e+001  3.367273e+001  5.792893e+000
    endloop
  endfacet
  facet normal -7.456337e-001  5.946243e-001  3.007527e-001
    outer loop
      vertex -5.198832e+001  3.274723e+001  5.792893e+000
      vertex -5.331825e+001  3.107956e+001  5.792893e+000
      vertex -5.289711e+001  3.125000e+001  6.500000e+000
    endloop
  endfacet
  facet normal -6.094249e-001  6.094249e-001  5.071512e-001
    outer loop
      vertex -5.125000e+001  3.289711e+001  6.500000e+000
      vertex -5.198832e+001  3.274723e+001  5.792893e+000
      vertex -5.289711e+001  3.125000e+001  6.500000e+000
    endloop
  endfacet
  facet normal -3.324451e-001  3.324451e-001  8.825874e-001
    outer loop
      vertex -5.175000e+001  3.376314e+001  5.500000e+000
      vertex -5.376314e+001  3.175000e+001  5.500000e+000
      vertex -5.198832e+001  3.274723e+001  5.792893e+000
    endloop
  endfacet
  facet normal -1.472372e-001  3.057407e-001  9.406614e-001
    outer loop
      vertex -5.006652e+001  3.367273e+001  5.792893e+000
      vertex -5.175000e+001  3.376314e+001  5.500000e+000
      vertex -5.198832e+001  3.274723e+001  5.792893e+000
    endloop
  endfacet
  facet normal -2.792807e-001  2.227194e-001  9.340227e-001
    outer loop
      vertex -5.198832e+001  3.274723e+001  5.792893e+000
      vertex -5.376314e+001  3.175000e+001  5.500000e+000
      vertex -5.331825e+001  3.107956e+001  5.792893e+000
    endloop
  endfacet
  facet normal  3.812318e-001 -8.701328e-002  9.203755e-001
    outer loop
      vertex -4.420711e+001  2.900000e+001  5.792893e+000
      vertex -4.468175e+001  2.692044e+001  5.792893e+000
      vertex -4.350000e+001  2.900000e+001  5.500000e+000
    endloop
  endfacet
  facet normal  4.218825e-001 -1.130434e-001  8.995756e-001
    outer loop
      vertex -4.468175e+001  2.692044e+001  5.792893e+000
      vertex -4.423686e+001  2.625000e+001  5.500000e+000
      vertex -4.350000e+001  2.900000e+001  5.500000e+000
    endloop
  endfacet
  facet normal -4.218825e-001 -1.130434e-001  8.995756e-001
    outer loop
      vertex -5.376314e+001  2.625000e+001  5.500000e+000
      vertex -5.331825e+001  2.692044e+001  5.792893e+000
      vertex -5.450000e+001  2.900000e+001  5.500000e+000
    endloop
  endfacet
  facet normal -3.812318e-001 -8.701328e-002  9.203755e-001
    outer loop
      vertex -5.331825e+001  2.692044e+001  5.792893e+000
      vertex -5.379289e+001  2.900000e+001  5.792893e+000
      vertex -5.450000e+001  2.900000e+001  5.500000e+000
    endloop
  endfacet
  facet normal -9.040000e-001 -2.063312e-001  3.744482e-001
    outer loop
      vertex -5.379289e+001  2.900000e+001  5.792893e+000
      vertex -5.331825e+001  2.692044e+001  5.792893e+000
      vertex -5.350000e+001  2.900000e+001  6.500000e+000
    endloop
  endfacet
  facet normal -8.594715e-001 -2.302949e-001  4.563695e-001
    outer loop
      vertex -5.331825e+001  2.692044e+001  5.792893e+000
      vertex -5.289711e+001  2.675000e+001  6.500000e+000
      vertex -5.350000e+001  2.900000e+001  6.500000e+000
    endloop
  endfacet
  facet normal  8.594715e-001 -2.302949e-001  4.563695e-001
    outer loop
      vertex -4.510289e+001  2.675000e+001  6.500000e+000
      vertex -4.468175e+001  2.692044e+001  5.792893e+000
      vertex -4.450000e+001  2.900000e+001  6.500000e+000
    endloop
  endfacet
  facet normal  9.040000e-001 -2.063312e-001  3.744482e-001
    outer loop
      vertex -4.468175e+001  2.692044e+001  5.792893e+000
      vertex -4.420711e+001  2.900000e+001  5.792893e+000
      vertex -4.450000e+001  2.900000e+001  6.500000e+000
    endloop
  endfacet
  facet normal -7.456337e-001 -5.946243e-001  3.007527e-001
    outer loop
      vertex -5.331825e+001  2.692044e+001  5.792893e+000
      vertex -5.198832e+001  2.525277e+001  5.792893e+000
      vertex -5.289711e+001  2.675000e+001  6.500000e+000
    endloop
  endfacet
  facet normal -4.197111e-001 -8.715374e-001  2.535054e-001
    outer loop
      vertex -5.198832e+001  2.525277e+001  5.792893e+000
      vertex -5.006652e+001  2.432727e+001  5.792893e+000
      vertex -5.125000e+001  2.510289e+001  6.500000e+000
    endloop
  endfacet
  facet normal -6.094249e-001 -6.094249e-001  5.071512e-001
    outer loop
      vertex -5.289711e+001  2.675000e+001  6.500000e+000
      vertex -5.198832e+001  2.525277e+001  5.792893e+000
      vertex -5.125000e+001  2.510289e+001  6.500000e+000
    endloop
  endfacet
  facet normal -3.324448e-001 -3.324445e-001  8.825877e-001
    outer loop
      vertex -5.376314e+001  2.625000e+001  5.500000e+000
      vertex -5.175000e+001  2.423686e+001  5.500000e+000
      vertex -5.198832e+001  2.525277e+001  5.792893e+000
    endloop
  endfacet
  facet normal -2.792807e-001 -2.227194e-001  9.340227e-001
    outer loop
      vertex -5.331825e+001  2.692044e+001  5.792893e+000
      vertex -5.376314e+001  2.625000e+001  5.500000e+000
      vertex -5.198832e+001  2.525277e+001  5.792893e+000
    endloop
  endfacet
  facet normal  0.000000e+000 -9.714379e-001  2.372942e-001
    outer loop
      vertex -5.006652e+001  2.432727e+001  5.792893e+000
      vertex -4.793348e+001  2.432727e+001  5.792893e+000
      vertex -4.900000e+001  2.450000e+001  6.500000e+000
    endloop
  endfacet
  facet normal -2.193479e-001 -8.186167e-001  5.308043e-001
    outer loop
      vertex -5.125000e+001  2.510289e+001  6.500000e+000
      vertex -5.006652e+001  2.432727e+001  5.792893e+000
      vertex -4.900000e+001  2.450000e+001  6.500000e+000
    endloop
  endfacet
  facet normal -1.264551e-001 -4.719369e-001  8.725163e-001
    outer loop
      vertex -5.175000e+001  2.423686e+001  5.500000e+000
      vertex -4.900000e+001  2.350000e+001  5.500000e+000
      vertex -5.006652e+001  2.432727e+001  5.792893e+000
    endloop
  endfacet
  facet normal -1.472370e-001 -3.057401e-001  9.406615e-001
    outer loop
      vertex -5.198832e+001  2.525277e+001  5.792893e+000
      vertex -5.175000e+001  2.423686e+001  5.500000e+000
      vertex -5.006652e+001  2.432727e+001  5.792893e+000
    endloop
  endfacet
  facet normal  4.197111e-001 -8.715374e-001  2.535054e-001
    outer loop
      vertex -4.793348e+001  2.432727e+001  5.792893e+000
      vertex -4.601168e+001  2.525277e+001  5.792893e+000
      vertex -4.675000e+001  2.510289e+001  6.500000e+000
    endloop
  endfacet
  facet normal  2.193479e-001 -8.186167e-001  5.308043e-001
    outer loop
      vertex -4.900000e+001  2.450000e+001  6.500000e+000
      vertex -4.793348e+001  2.432727e+001  5.792893e+000
      vertex -4.675000e+001  2.510289e+001  6.500000e+000
    endloop
  endfacet
  facet normal  1.264551e-001 -4.719369e-001  8.725163e-001
    outer loop
      vertex -4.900000e+001  2.350000e+001  5.500000e+000
      vertex -4.625000e+001  2.423686e+001  5.500000e+000
      vertex -4.793348e+001  2.432727e+001  5.792893e+000
    endloop
  endfacet
  facet normal  0.000000e+000 -3.337463e-001  9.426630e-001
    outer loop
      vertex -5.006652e+001  2.432727e+001  5.792893e+000
      vertex -4.900000e+001  2.350000e+001  5.500000e+000
      vertex -4.793348e+001  2.432727e+001  5.792893e+000
    endloop
  endfacet
  facet normal  7.456337e-001 -5.946243e-001  3.007527e-001
    outer loop
      vertex -4.601168e+001  2.525277e+001  5.792893e+000
      vertex -4.468175e+001  2.692044e+001  5.792893e+000
      vertex -4.510289e+001  2.675000e+001  6.500000e+000
    endloop
  endfacet
  facet normal  6.094249e-001 -6.094249e-001  5.071512e-001
    outer loop
      vertex -4.675000e+001  2.510289e+001  6.500000e+000
      vertex -4.601168e+001  2.525277e+001  5.792893e+000
      vertex -4.510289e+001  2.675000e+001  6.500000e+000
    endloop
  endfacet
  facet normal  3.324448e-001 -3.324445e-001  8.825877e-001
    outer loop
      vertex -4.625000e+001  2.423686e+001  5.500000e+000
      vertex -4.423686e+001  2.625000e+001  5.500000e+000
      vertex -4.601168e+001  2.525277e+001  5.792893e+000
    endloop
  endfacet
  facet normal  1.472370e-001 -3.057401e-001  9.406615e-001
    outer loop
      vertex -4.793348e+001  2.432727e+001  5.792893e+000
      vertex -4.625000e+001  2.423686e+001  5.500000e+000
      vertex -4.601168e+001  2.525277e+001  5.792893e+000
    endloop
  endfacet
  facet normal  2.792807e-001 -2.227194e-001  9.340227e-001
    outer loop
      vertex -4.601168e+001  2.525277e+001  5.792893e+000
      vertex -4.423686e+001  2.625000e+001  5.500000e+000
      vertex -4.468175e+001  2.692044e+001  5.792893e+000
    endloop
  endfacet
  facet normal  0.000000e+000  0.000000e+000  1.000000e+000
    outer loop
      vertex  3.466987e+001 -2.650000e+001  2.500000e+000
      vertex  3.466987e+001  2.650000e+001  2.500000e+000
      vertex  3.095885e+001 -2.699483e+001  2.500000e+000
    endloop
  endfacet
  facet normal  0.000000e+000  0.000000e+000  1.000000e+000
    outer loop
      vertex  2.448349e-001 -2.754115e+001  2.500000e+000
      vertex  1.436921e+000 -2.658090e+001  2.500000e+000
      vertex  1.041149e+000  2.674483e+001  2.500000e+000
    endloop
  endfacet
  facet normal  0.000000e+000  -0.000000e+000  1.000000e+000
    outer loop
      vertex  3.650000e+001 -2.466987e+001  2.500000e+000
      vertex  3.900000e+001 -2.400000e+001  2.500000e+000
      vertex  3.900000e+001  2.400000e+001  2.500000e+000
    endloop
  endfacet
  facet normal  0.000000e+000  0.000000e+000  1.000000e+000
    outer loop
      vertex  4.333013e+001 -2.650000e+001  2.500000e+000
      vertex  3.900000e+001  2.400000e+001  2.500000e+000
      vertex  4.150000e+001 -2.466987e+001  2.500000e+000
    endloop
  endfacet
  facet normal  0.000000e+000  0.000000e+000  1.000000e+000
    outer loop
      vertex  4.150000e+001 -2.466987e+001  2.500000e+000
      vertex  3.900000e+001  2.400000e+001  2.500000e+000
      vertex  3.900000e+001 -2.400000e+001  2.500000e+000
    endloop
  endfacet
  facet normal  0.000000e+000  0.000000e+000  1.000000e+000
    outer loop
      vertex  3.400000e+001 -2.900000e+001  2.500000e+000
      vertex  3.466987e+001 -2.650000e+001  2.500000e+000
      vertex  3.095885e+001 -2.699483e+001  2.500000e+000
    endloop
  endfacet
  facet normal  0.000000e+000  0.000000e+000  9.999999e-001
    outer loop
      vertex  3.400000e+001 -2.900000e+001  2.500000e+000
      vertex  3.095885e+001 -2.699483e+001  2.500000e+000
      vertex  3.191910e+001 -2.818692e+001  2.500000e+000
    endloop
  endfacet
  facet normal  0.000000e+000  0.000000e+000  9.999999e-001
    outer loop
      vertex  3.400000e+001 -2.900000e+001  2.500000e+000
      vertex  3.191910e+001 -2.818692e+001  2.500000e+000
      vertex  3.175517e+001 -2.970885e+001  2.500000e+000
    endloop
  endfacet
  facet normal  -0.000000e+000  0.000000e+000  1.000000e+000
    outer loop
      vertex  3.400000e+001 -2.900000e+001  2.500000e+000
      vertex  3.175517e+001 -2.970885e+001  2.500000e+000
      vertex  3.056308e+001 -3.066910e+001  2.500000e+000
    endloop
  endfacet
  facet normal  -0.000000e+000  0.000000e+000  1.000000e+000
    outer loop
      vertex  3.400000e+001 -2.900000e+001  2.500000e+000
      vertex  3.056308e+001 -3.066910e+001  2.500000e+000
      vertex  3.466987e+001 -3.150000e+001  2.500000e+000
    endloop
  endfacet
  facet normal  0.000000e+000  0.000000e+000  1.000000e+000
    outer loop
      vertex  4.500000e+001  3.100000e+001  2.500000e+000
      vertex  4.446410e+001  3.300000e+001  2.500000e+000
      vertex  4.150000e+001  3.333013e+001  2.500000e+000
    endloop
  endfacet
  facet normal  0.000000e+000  0.000000e+000  1.000000e+000
    outer loop
      vertex  4.500000e+001  3.100000e+001  2.500000e+000
      vertex  4.150000e+001  3.333013e+001  2.500000e+000
      vertex  4.333013e+001  3.150000e+001  2.500000e+000
    endloop
  endfacet
  facet normal  0.000000e+000  0.000000e+000  1.000000e+000
    outer loop
      vertex  4.500000e+001  3.100000e+001  2.500000e+000
      vertex  4.333013e+001  3.150000e+001  2.500000e+000
      vertex  4.400000e+001  2.900000e+001  2.500000e+000
    endloop
  endfacet
  facet normal  -0.000000e+000  0.000000e+000  1.000000e+000
    outer loop
      vertex  4.500000e+001  3.100000e+001  2.500000e+000
      vertex  4.400000e+001  2.900000e+001  2.500000e+000
      vertex  4.500000e+001 -3.100000e+001  2.500000e+000
    endloop
  endfacet
  facet normal  0.000000e+000  0.000000e+000  1.000000e+000
    outer loop
      vertex  4.500000e+001 -3.100000e+001  2.500000e+000
      vertex  4.400000e+001  2.900000e+001  2.500000e+000
      vertex  4.333013e+001  2.650000e+001  2.500000e+000
    endloop
  endfacet
  facet normal  0.000000e+000  0.000000e+000  1.000000e+000
    outer loop
      vertex  4.500000e+001 -3.100000e+001  2.500000e+000
      vertex  4.333013e+001  2.650000e+001  2.500000e+000
      vertex  4.150000e+001  2.466987e+001  2.500000e+000
    endloop
  endfacet
  facet normal  0.000000e+000  0.000000e+000  1.000000e+000
    outer loop
      vertex  4.500000e+001 -3.100000e+001  2.500000e+000
      vertex  4.150000e+001  2.466987e+001  2.500000e+000
      vertex  3.900000e+001  2.400000e+001  2.500000e+000
    endloop
  endfacet
  facet normal  0.000000e+000  0.000000e+000  1.000000e+000
    outer loop
      vertex  4.500000e+001 -3.100000e+001  2.500000e+000
      vertex  3.900000e+001  2.400000e+001  2.500000e+000
      vertex  4.333013e+001 -2.650000e+001  2.500000e+000
    endloop
  endfacet
  facet normal  0.000000e+000  0.000000e+000  1.000000e+000
    outer loop
      vertex  4.500000e+001 -3.100000e+001  2.500000e+000
      vertex  4.333013e+001 -2.650000e+001  2.500000e+000
      vertex  4.400000e+001 -2.900000e+001  2.500000e+000
    endloop
  endfacet
  facet normal  0.000000e+000  0.000000e+000  1.000000e+000
    outer loop
      vertex  4.500000e+001 -3.100000e+001  2.500000e+000
      vertex  4.400000e+001 -2.900000e+001  2.500000e+000
      vertex  4.333013e+001 -3.150000e+001  2.500000e+000
    endloop
  endfacet
  facet normal  -0.000000e+000  0.000000e+000  1.000000e+000
    outer loop
      vertex  4.500000e+001 -3.100000e+001  2.500000e+000
      vertex  4.333013e+001 -3.150000e+001  2.500000e+000
      vertex  4.150000e+001 -3.333013e+001  2.500000e+000
    endloop
  endfacet
  facet normal  0.000000e+000  0.000000e+000  1.000000e+000
    outer loop
      vertex  4.500000e+001 -3.100000e+001  2.500000e+000
      vertex  4.150000e+001 -3.333013e+001  2.500000e+000
      vertex  4.446410e+001 -3.300000e+001  2.500000e+000
    endloop
  endfacet
  facet normal  0.000000e+000  0.000000e+000  1.000000e+000
    outer loop
      vertex -3.000000e+000 -3.300000e+001  2.500000e+000
      vertex  1.041149e+000 -3.025517e+001  2.500000e+000
      vertex  8.090074e-002 -2.906308e+001  2.500000e+000
    endloop
  endfacet
  facet normal  0.000000e+000  -0.000000e+000  1.000000e+000
    outer loop
      vertex -3.000000e+000 -3.300000e+001  2.500000e+000
      vertex  8.090074e-002 -2.906308e+001  2.500000e+000
      vertex  2.448349e-001 -2.754115e+001  2.500000e+000
    endloop
  endfacet
  facet normal  0.000000e+000  -0.000000e+000  1.000000e+000
    outer loop
      vertex -3.000000e+000 -3.300000e+001  2.500000e+000
      vertex  2.448349e-001 -2.754115e+001  2.500000e+000
      vertex  1.041149e+000  2.674483e+001  2.500000e+000
    endloop
  endfacet
  facet normal  0.000000e+000  0.000000e+000  1.000000e+000
    outer loop
      vertex -3.000000e+000 -3.300000e+001  2.500000e+000
      vertex  1.041149e+000  2.674483e+001  2.500000e+000
      vertex  8.090074e-002  2.793692e+001  2.500000e+000
    endloop
  endfacet
  facet normal  0.000000e+000  -0.000000e+000  1.000000e+000
    outer loop
      vertex -5.000000e+000 -3.500000e+001  2.500000e+000
      vertex  4.100000e+001 -3.500000e+001  2.500000e+000
      vertex  4.300000e+001 -3.446410e+001  2.500000e+000
    endloop
  endfacet
  facet normal  0.000000e+000  0.000000e+000  1.000000e+000
    outer loop
      vertex -5.000000e+000 -3.500000e+001  2.500000e+000
      vertex  4.300000e+001 -3.446410e+001  2.500000e+000
      vertex  3.900000e+001 -3.400000e+001  2.500000e+000
    endloop
  endfacet
  facet normal  0.000000e+000  0.000000e+000  9.999999e-001
    outer loop
      vertex -5.000000e+000 -3.500000e+001  2.500000e+000
      vertex  3.900000e+001 -3.400000e+001  2.500000e+000
      vertex  3.650000e+001 -3.333013e+001  2.500000e+000
    endloop
  endfacet
  facet normal  0.000000e+000  0.000000e+000  1.000000e+000
    outer loop
      vertex -5.000000e+000 -3.500000e+001  2.500000e+000
      vertex  3.650000e+001 -3.333013e+001  2.500000e+000
      vertex  3.466987e+001 -3.150000e+001  2.500000e+000
    endloop
  endfacet
  facet normal  0.000000e+000  0.000000e+000  1.000000e+000
    outer loop
      vertex -5.000000e+000 -3.500000e+001  2.500000e+000
      vertex  3.466987e+001 -3.150000e+001  2.500000e+000
      vertex  3.056308e+001 -3.066910e+001  2.500000e+000
    endloop
  endfacet
  facet normal  0.000000e+000  0.000000e+000  1.000000e+000
    outer loop
      vertex -5.000000e+000 -3.500000e+001  2.500000e+000
      vertex  3.056308e+001 -3.066910e+001  2.500000e+000
      vertex  2.904115e+001 -3.050517e+001  2.500000e+000
    endloop
  endfacet
  facet normal  0.000000e+000  0.000000e+000  9.999999e-001
    outer loop
      vertex -5.000000e+000 -3.500000e+001  2.500000e+000
      vertex  2.904115e+001 -3.050517e+001  2.500000e+000
      vertex -3.585786e+000 -3.441422e+001  2.500000e+000
    endloop
  endfacet
  facet normal  -0.000000e+000  -0.000000e+000  1.000000e+000
    outer loop
      vertex -5.000000e+000  3.500000e+001  2.500000e+000
      vertex -3.585786e+000  3.441422e+001  2.500000e+000
      vertex  2.943692e+001  3.066910e+001  2.500000e+000
    endloop
  endfacet
  facet normal  -0.000000e+000  -0.000000e+000  9.999999e-001
    outer loop
      vertex -5.000000e+000  3.500000e+001  2.500000e+000
      vertex  2.943692e+001  3.066910e+001  2.500000e+000
      vertex  3.095885e+001  3.050517e+001  2.500000e+000
    endloop
  endfacet
  facet normal  0.000000e+000  -0.000000e+000  1.000000e+000
    outer loop
      vertex -5.000000e+000  3.500000e+001  2.500000e+000
      vertex  3.095885e+001  3.050517e+001  2.500000e+000
      vertex  3.466987e+001  3.150000e+001  2.500000e+000
    endloop
  endfacet
  facet normal  0.000000e+000  -0.000000e+000  1.000000e+000
    outer loop
      vertex -5.000000e+000  3.500000e+001  2.500000e+000
      vertex  3.466987e+001  3.150000e+001  2.500000e+000
      vertex  3.650000e+001  3.333013e+001  2.500000e+000
    endloop
  endfacet
  facet normal  0.000000e+000  -0.000000e+000  9.999999e-001
    outer loop
      vertex -5.000000e+000  3.500000e+001  2.500000e+000
      vertex  3.650000e+001  3.333013e+001  2.500000e+000
      vertex  3.900000e+001  3.400000e+001  2.500000e+000
    endloop
  endfacet
  facet normal  0.000000e+000  -0.000000e+000  1.000000e+000
    outer loop
      vertex -5.000000e+000  3.500000e+001  2.500000e+000
      vertex  3.900000e+001  3.400000e+001  2.500000e+000
      vertex  4.100000e+001  3.500000e+001  2.500000e+000
    endloop
  endfacet
  facet normal  0.000000e+000  0.000000e+000  9.999999e-001
    outer loop
      vertex -3.585786e+000 -3.441422e+001  2.500000e+000
      vertex  2.904115e+001 -3.050517e+001  2.500000e+000
      vertex  2.563079e+000 -3.041910e+001  2.500000e+000
    endloop
  endfacet
  facet normal  0.000000e+000  0.000000e+000  1.000000e+000
    outer loop
      vertex -3.585786e+000 -3.441422e+001  2.500000e+000
      vertex  2.563079e+000 -3.041910e+001  2.500000e+000
      vertex  1.041149e+000 -3.025517e+001  2.500000e+000
    endloop
  endfacet
  facet normal  0.000000e+000  0.000000e+000  1.000000e+000
    outer loop
      vertex -3.585786e+000 -3.441422e+001  2.500000e+000
      vertex  1.041149e+000 -3.025517e+001  2.500000e+000
      vertex -3.000000e+000 -3.300000e+001  2.500000e+000
    endloop
  endfacet
  facet normal  -0.000000e+000  -0.000000e+000  1.000000e+000
    outer loop
      vertex -3.585786e+000  3.441422e+001  2.500000e+000
      vertex -3.000000e+000  3.300000e+001  2.500000e+000
      vertex  1.436921e+000  3.041910e+001  2.500000e+000
    endloop
  endfacet
  facet normal  -0.000000e+000  -0.000000e+000  1.000000e+000
    outer loop
      vertex -3.585786e+000  3.441422e+001  2.500000e+000
      vertex  1.436921e+000  3.041910e+001  2.500000e+000
      vertex  2.958851e+000  3.025517e+001  2.500000e+000
    endloop
  endfacet
  facet normal  -0.000000e+000  -0.000000e+000  1.000000e+000
    outer loop
      vertex -3.585786e+000  3.441422e+001  2.500000e+000
      vertex  2.958851e+000  3.025517e+001  2.500000e+000
      vertex  2.824483e+001  2.970885e+001  2.500000e+000
    endloop
  endfacet
  facet normal  0.000000e+000  -0.000000e+000  1.000000e+000
    outer loop
      vertex -3.585786e+000  3.441422e+001  2.500000e+000
      vertex  2.824483e+001  2.970885e+001  2.500000e+000
      vertex  2.943692e+001  3.066910e+001  2.500000e+000
    endloop
  endfacet
  facet normal  0.000000e+000  0.000000e+000  9.999999e-001
    outer loop
      vertex -3.000000e+000  3.300000e+001  2.500000e+000
      vertex -3.000000e+000 -3.300000e+001  2.500000e+000
      vertex  8.090074e-002  2.793692e+001  2.500000e+000
    endloop
  endfacet
  facet normal  0.000000e+000  -0.000000e+000  1.000000e+000
    outer loop
      vertex -3.000000e+000  3.300000e+001  2.500000e+000
      vertex  8.090074e-002  2.793692e+001  2.500000e+000
      vertex  2.448349e-001  2.945885e+001  2.500000e+000
    endloop
  endfacet
  facet normal  0.000000e+000  -0.000000e+000  1.000000e+000
    outer loop
      vertex -3.000000e+000  3.300000e+001  2.500000e+000
      vertex  2.448349e-001  2.945885e+001  2.500000e+000
      vertex  1.436921e+000  3.041910e+001  2.500000e+000
    endloop
  endfacet
  facet normal  0.000000e+000  0.000000e+000  1.000000e+000
    outer loop
      vertex  3.095885e+001 -2.699483e+001  2.500000e+000
      vertex  3.466987e+001  2.650000e+001  2.500000e+000
      vertex  2.943692e+001 -2.683090e+001  2.500000e+000
    endloop
  endfacet
  facet normal  0.000000e+000  0.000000e+000  9.999999e-001
    outer loop
      vertex  2.943692e+001 -2.683090e+001  2.500000e+000
      vertex  3.466987e+001  2.650000e+001  2.500000e+000
      vertex  3.056308e+001  2.683090e+001  2.500000e+000
    endloop
  endfacet
  facet normal  0.000000e+000  0.000000e+000  9.999999e-001
    outer loop
      vertex  2.943692e+001 -2.683090e+001  2.500000e+000
      vertex  3.056308e+001  2.683090e+001  2.500000e+000
      vertex  2.563079e+000  2.658090e+001  2.500000e+000
    endloop
  endfacet
  facet normal  0.000000e+000  0.000000e+000  1.000000e+000
    outer loop
      vertex  2.563079e+000  2.658090e+001  2.500000e+000
      vertex  3.056308e+001  2.683090e+001  2.500000e+000
      vertex  2.904115e+001  2.699483e+001  2.500000e+000
    endloop
  endfacet
  facet normal  0.000000e+000  0.000000e+000  1.000000e+000
    outer loop
      vertex  2.563079e+000  2.658090e+001  2.500000e+000
      vertex  2.904115e+001  2.699483e+001  2.500000e+000
      vertex  3.755165e+000  2.754115e+001  2.500000e+000
    endloop
  endfacet
  facet normal  0.000000e+000  0.000000e+000  1.000000e+000
    outer loop
      vertex  3.466987e+001  2.650000e+001  2.500000e+000
      vertex  3.466987e+001 -2.650000e+001  2.500000e+000
      vertex  3.650000e+001  2.466987e+001  2.500000e+000
    endloop
  endfacet
  facet normal  0.000000e+000  0.000000e+000  9.999999e-001
    outer loop
      vertex  3.650000e+001  2.466987e+001  2.500000e+000
      vertex  3.466987e+001 -2.650000e+001  2.500000e+000
      vertex  3.650000e+001 -2.466987e+001  2.500000e+000
    endloop
  endfacet
  facet normal  0.000000e+000  0.000000e+000  1.000000e+000
    outer loop
      vertex  3.650000e+001  2.466987e+001  2.500000e+000
      vertex  3.650000e+001 -2.466987e+001  2.500000e+000
      vertex  3.900000e+001  2.400000e+001  2.500000e+000
    endloop
  endfacet
  facet normal  0.000000e+000  0.000000e+000  1.000000e+000
    outer loop
      vertex  2.563079e+000 -3.041910e+001  2.500000e+000
      vertex  2.904115e+001 -3.050517e+001  2.500000e+000
      vertex  3.755165e+000 -2.945885e+001  2.500000e+000
    endloop
  endfacet
  facet normal  -0.000000e+000  0.000000e+000  1.000000e+000
    outer loop
      vertex  3.755165e+000 -2.945885e+001  2.500000e+000
      vertex  2.904115e+001 -3.050517e+001  2.500000e+000
      vertex  2.808090e+001 -2.931308e+001  2.500000e+000
    endloop
  endfacet
  facet normal  0.000000e+000  0.000000e+000  1.000000e+000
    outer loop
      vertex  3.755165e+000 -2.945885e+001  2.500000e+000
      vertex  2.808090e+001 -2.931308e+001  2.500000e+000
      vertex  3.919099e+000 -2.793692e+001  2.500000e+000
    endloop
  endfacet
  facet normal  -0.000000e+000  0.000000e+000  1.000000e+000
    outer loop
      vertex  3.919099e+000 -2.793692e+001  2.500000e+000
      vertex  2.808090e+001 -2.931308e+001  2.500000e+000
      vertex  2.824483e+001 -2.779115e+001  2.500000e+000
    endloop
  endfacet
  facet normal  0.000000e+000  0.000000e+000  1.000000e+000
    outer loop
      vertex  3.919099e+000 -2.793692e+001  2.500000e+000
      vertex  2.824483e+001 -2.779115e+001  2.500000e+000
      vertex  2.958851e+000 -2.674483e+001  2.500000e+000
    endloop
  endfacet
  facet normal  0.000000e+000  0.000000e+000  1.000000e+000
    outer loop
      vertex  2.958851e+000 -2.674483e+001  2.500000e+000
      vertex  2.824483e+001 -2.779115e+001  2.500000e+000
      vertex  2.943692e+001 -2.683090e+001  2.500000e+000
    endloop
  endfacet
  facet normal  0.000000e+000  0.000000e+000  1.000000e+000
    outer loop
      vertex  2.958851e+000 -2.674483e+001  2.500000e+000
      vertex  2.943692e+001 -2.683090e+001  2.500000e+000
      vertex  1.436921e+000 -2.658090e+001  2.500000e+000
    endloop
  endfacet
  facet normal  -0.000000e+000  0.000000e+000  1.000000e+000
    outer loop
      vertex  1.436921e+000 -2.658090e+001  2.500000e+000
      vertex  2.943692e+001 -2.683090e+001  2.500000e+000
      vertex  2.563079e+000  2.658090e+001  2.500000e+000
    endloop
  endfacet
  facet normal  0.000000e+000  0.000000e+000  1.000000e+000
    outer loop
      vertex  1.436921e+000 -2.658090e+001  2.500000e+000
      vertex  2.563079e+000  2.658090e+001  2.500000e+000
      vertex  1.041149e+000  2.674483e+001  2.500000e+000
    endloop
  endfacet
  facet normal  0.000000e+000  0.000000e+000  1.000000e+000
    outer loop
      vertex  2.824483e+001  2.970885e+001  2.500000e+000
      vertex  2.958851e+000  3.025517e+001  2.500000e+000
      vertex  2.808090e+001  2.818692e+001  2.500000e+000
    endloop
  endfacet
  facet normal  0.000000e+000  0.000000e+000  1.000000e+000
    outer loop
      vertex  2.808090e+001  2.818692e+001  2.500000e+000
      vertex  2.958851e+000  3.025517e+001  2.500000e+000
      vertex  3.919099e+000  2.906308e+001  2.500000e+000
    endloop
  endfacet
  facet normal  0.000000e+000  0.000000e+000  1.000000e+000
    outer loop
      vertex  2.808090e+001  2.818692e+001  2.500000e+000
      vertex  3.919099e+000  2.906308e+001  2.500000e+000
      vertex  2.904115e+001  2.699483e+001  2.500000e+000
    endloop
  endfacet
  facet normal  0.000000e+000  0.000000e+000  1.000000e+000
    outer loop
      vertex  2.904115e+001  2.699483e+001  2.500000e+000
      vertex  3.919099e+000  2.906308e+001  2.500000e+000
      vertex  3.755165e+000  2.754115e+001  2.500000e+000
    endloop
  endfacet
  facet normal  -0.000000e+000  0.000000e+000  1.000000e+000
    outer loop
      vertex  3.466987e+001  3.150000e+001  2.500000e+000
      vertex  3.095885e+001  3.050517e+001  2.500000e+000
      vertex  3.400000e+001  2.900000e+001  2.500000e+000
    endloop
  endfacet
  facet normal  0.000000e+000  0.000000e+000  1.000000e+000
    outer loop
      vertex  3.400000e+001  2.900000e+001  2.500000e+000
      vertex  3.095885e+001  3.050517e+001  2.500000e+000
      vertex  3.191910e+001  2.931308e+001  2.500000e+000
    endloop
  endfacet
  facet normal  0.000000e+000  0.000000e+000  1.000000e+000
    outer loop
      vertex  3.400000e+001  2.900000e+001  2.500000e+000
      vertex  3.191910e+001  2.931308e+001  2.500000e+000
      vertex  3.466987e+001  2.650000e+001  2.500000e+000
    endloop
  endfacet
  facet normal  0.000000e+000  0.000000e+000  1.000000e+000
    outer loop
      vertex  3.466987e+001  2.650000e+001  2.500000e+000
      vertex  3.191910e+001  2.931308e+001  2.500000e+000
      vertex  3.175517e+001  2.779115e+001  2.500000e+000
    endloop
  endfacet
  facet normal  0.000000e+000  0.000000e+000  1.000000e+000
    outer loop
      vertex  3.466987e+001  2.650000e+001  2.500000e+000
      vertex  3.175517e+001  2.779115e+001  2.500000e+000
      vertex  3.056308e+001  2.683090e+001  2.500000e+000
    endloop
  endfacet
  facet normal  0.000000e+000  0.000000e+000  1.000000e+000
    outer loop
      vertex  4.150000e+001  3.333013e+001  2.500000e+000
      vertex  4.446410e+001  3.300000e+001  2.500000e+000
      vertex  3.900000e+001  3.400000e+001  2.500000e+000
    endloop
  endfacet
  facet normal  -0.000000e+000  0.000000e+000  1.000000e+000
    outer loop
      vertex  3.900000e+001  3.400000e+001  2.500000e+000
      vertex  4.446410e+001  3.300000e+001  2.500000e+000
      vertex  4.300000e+001  3.446410e+001  2.500000e+000
    endloop
  endfacet
  facet normal  0.000000e+000  0.000000e+000  1.000000e+000
    outer loop
      vertex  3.900000e+001  3.400000e+001  2.500000e+000
      vertex  4.300000e+001  3.446410e+001  2.500000e+000
      vertex  4.100000e+001  3.500000e+001  2.500000e+000
    endloop
  endfacet
  facet normal  0.000000e+000  0.000000e+000  1.000000e+000
    outer loop
      vertex  4.150000e+001 -3.333013e+001  2.500000e+000
      vertex  3.900000e+001 -3.400000e+001  2.500000e+000
      vertex  4.446410e+001 -3.300000e+001  2.500000e+000
    endloop
  endfacet
  facet normal  0.000000e+000  0.000000e+000  1.000000e+000
    outer loop
      vertex  4.446410e+001 -3.300000e+001  2.500000e+000
      vertex  3.900000e+001 -3.400000e+001  2.500000e+000
      vertex  4.300000e+001 -3.446410e+001  2.500000e+000
    endloop
  endfacet
  facet normal -9.659258e-001  2.588193e-001  0.000000e+000
    outer loop
      vertex  3.450000e+001  2.900000e+001  3.000000e+000
      vertex  3.450000e+001  2.900000e+001  1.850000e+001
      vertex  3.510289e+001  3.125000e+001  3.000000e+000
    endloop
  endfacet
  facet normal -9.659258e-001  2.588193e-001  0.000000e+000
    outer loop
      vertex  3.510289e+001  3.125000e+001  3.000000e+000
      vertex  3.450000e+001  2.900000e+001  1.850000e+001
      vertex  3.510289e+001  3.125000e+001  1.850000e+001
    endloop
  endfacet
  facet normal -7.071068e-001  7.071068e-001  0.000000e+000
    outer loop
      vertex  3.510289e+001  3.125000e+001  3.000000e+000
      vertex  3.510289e+001  3.125000e+001  1.850000e+001
      vertex  3.675000e+001  3.289711e+001  3.000000e+000
    endloop
  endfacet
  facet normal -7.071068e-001  7.071068e-001  0.000000e+000
    outer loop
      vertex  3.675000e+001  3.289711e+001  3.000000e+000
      vertex  3.510289e+001  3.125000e+001  1.850000e+001
      vertex  3.675000e+001  3.289711e+001  1.850000e+001
    endloop
  endfacet
  facet normal -2.588193e-001  9.659258e-001  0.000000e+000
    outer loop
      vertex  3.675000e+001  3.289711e+001  3.000000e+000
      vertex  3.675000e+001  3.289711e+001  1.850000e+001
      vertex  3.900000e+001  3.350000e+001  3.000000e+000
    endloop
  endfacet
  facet normal -2.588193e-001  9.659258e-001  0.000000e+000
    outer loop
      vertex  3.900000e+001  3.350000e+001  3.000000e+000
      vertex  3.675000e+001  3.289711e+001  1.850000e+001
      vertex  3.900000e+001  3.350000e+001  1.850000e+001
    endloop
  endfacet
  facet normal  2.588193e-001  9.659258e-001  0.000000e+000
    outer loop
      vertex  3.900000e+001  3.350000e+001  3.000000e+000
      vertex  3.900000e+001  3.350000e+001  1.850000e+001
      vertex  4.125000e+001  3.289711e+001  3.000000e+000
    endloop
  endfacet
  facet normal  2.588193e-001  9.659258e-001  -0.000000e+000
    outer loop
      vertex  4.125000e+001  3.289711e+001  3.000000e+000
      vertex  3.900000e+001  3.350000e+001  1.850000e+001
      vertex  4.125000e+001  3.289711e+001  1.850000e+001
    endloop
  endfacet
  facet normal  7.071068e-001  7.071068e-001  0.000000e+000
    outer loop
      vertex  4.125000e+001  3.289711e+001  3.000000e+000
      vertex  4.125000e+001  3.289711e+001  1.850000e+001
      vertex  4.289711e+001  3.125000e+001  3.000000e+000
    endloop
  endfacet
  facet normal  7.071068e-001  7.071068e-001  -0.000000e+000
    outer loop
      vertex  4.289711e+001  3.125000e+001  3.000000e+000
      vertex  4.125000e+001  3.289711e+001  1.850000e+001
      vertex  4.289711e+001  3.125000e+001  1.850000e+001
    endloop
  endfacet
  facet normal  9.659258e-001  2.588193e-001  0.000000e+000
    outer loop
      vertex  4.289711e+001  3.125000e+001  3.000000e+000
      vertex  4.289711e+001  3.125000e+001  1.850000e+001
      vertex  4.350000e+001  2.900000e+001  3.000000e+000
    endloop
  endfacet
  facet normal  9.659258e-001  2.588193e-001  -0.000000e+000
    outer loop
      vertex  4.350000e+001  2.900000e+001  3.000000e+000
      vertex  4.289711e+001  3.125000e+001  1.850000e+001
      vertex  4.350000e+001  2.900000e+001  1.850000e+001
    endloop
  endfacet
  facet normal  9.659258e-001 -2.588193e-001  0.000000e+000
    outer loop
      vertex  4.350000e+001  2.900000e+001  3.000000e+000
      vertex  4.350000e+001  2.900000e+001  1.850000e+001
      vertex  4.289711e+001  2.675000e+001  3.000000e+000
    endloop
  endfacet
  facet normal  9.659258e-001 -2.588193e-001  0.000000e+000
    outer loop
      vertex  4.289711e+001  2.675000e+001  3.000000e+000
      vertex  4.350000e+001  2.900000e+001  1.850000e+001
      vertex  4.289711e+001  2.675000e+001  1.850000e+001
    endloop
  endfacet
  facet normal  7.071068e-001 -7.071068e-001  0.000000e+000
    outer loop
      vertex  4.289711e+001  2.675000e+001  3.000000e+000
      vertex  4.289711e+001  2.675000e+001  1.850000e+001
      vertex  4.125000e+001  2.510289e+001  3.000000e+000
    endloop
  endfacet
  facet normal  7.071068e-001 -7.071068e-001  0.000000e+000
    outer loop
      vertex  4.125000e+001  2.510289e+001  3.000000e+000
      vertex  4.289711e+001  2.675000e+001  1.850000e+001
      vertex  4.125000e+001  2.510289e+001  1.850000e+001
    endloop
  endfacet
  facet normal  2.588193e-001 -9.659258e-001  0.000000e+000
    outer loop
      vertex  4.125000e+001  2.510289e+001  3.000000e+000
      vertex  4.125000e+001  2.510289e+001  1.850000e+001
      vertex  3.900000e+001  2.450000e+001  3.000000e+000
    endloop
  endfacet
  facet normal  2.588193e-001 -9.659258e-001  0.000000e+000
    outer loop
      vertex  3.900000e+001  2.450000e+001  3.000000e+000
      vertex  4.125000e+001  2.510289e+001  1.850000e+001
      vertex  3.900000e+001  2.450000e+001  1.850000e+001
    endloop
  endfacet
  facet normal -2.588193e-001 -9.659258e-001  -0.000000e+000
    outer loop
      vertex  3.900000e+001  2.450000e+001  3.000000e+000
      vertex  3.900000e+001  2.450000e+001  1.850000e+001
      vertex  3.675000e+001  2.510289e+001  3.000000e+000
    endloop
  endfacet
  facet normal -2.588193e-001 -9.659258e-001  0.000000e+000
    outer loop
      vertex  3.675000e+001  2.510289e+001  3.000000e+000
      vertex  3.900000e+001  2.450000e+001  1.850000e+001
      vertex  3.675000e+001  2.510289e+001  1.850000e+001
    endloop
  endfacet
  facet normal -7.071068e-001 -7.071068e-001  -0.000000e+000
    outer loop
      vertex  3.675000e+001  2.510289e+001  3.000000e+000
      vertex  3.675000e+001  2.510289e+001  1.850000e+001
      vertex  3.510289e+001  2.675000e+001  3.000000e+000
    endloop
  endfacet
  facet normal -7.071068e-001 -7.071068e-001  0.000000e+000
    outer loop
      vertex  3.510289e+001  2.675000e+001  3.000000e+000
      vertex  3.675000e+001  2.510289e+001  1.850000e+001
      vertex  3.510289e+001  2.675000e+001  1.850000e+001
    endloop
  endfacet
  facet normal -9.659258e-001 -2.588193e-001  -0.000000e+000
    outer loop
      vertex  3.510289e+001  2.675000e+001  3.000000e+000
      vertex  3.510289e+001  2.675000e+001  1.850000e+001
      vertex  3.450000e+001  2.900000e+001  3.000000e+000
    endloop
  endfacet
  facet normal -9.659258e-001 -2.588193e-001  0.000000e+000
    outer loop
      vertex  3.450000e+001  2.900000e+001  3.000000e+000
      vertex  3.510289e+001  2.675000e+001  1.850000e+001
      vertex  3.450000e+001  2.900000e+001  1.850000e+001
    endloop
  endfacet
  facet normal -3.806872e-001  1.020047e-001  9.190605e-001
    outer loop
      vertex  3.400000e+001  2.900000e+001  2.500000e+000
      vertex  3.435355e+001  2.900000e+001  2.646447e+000
      vertex  3.466987e+001  3.150000e+001  2.500000e+000
    endloop
  endfacet
  facet normal -3.806871e-001  1.020047e-001  9.190606e-001
    outer loop
      vertex  3.466987e+001  3.150000e+001  2.500000e+000
      vertex  3.435355e+001  2.900000e+001  2.646447e+000
      vertex  3.497606e+001  3.132322e+001  2.646447e+000
    endloop
  endfacet
  facet normal -8.968092e-001  2.402991e-001  3.714697e-001
    outer loop
      vertex  3.435355e+001  2.900000e+001  2.646447e+000
      vertex  3.450000e+001  2.900000e+001  3.000000e+000
      vertex  3.497606e+001  3.132322e+001  2.646447e+000
    endloop
  endfacet
  facet normal -8.968081e-001  2.402992e-001  3.714720e-001
    outer loop
      vertex  3.497606e+001  3.132322e+001  2.646447e+000
      vertex  3.450000e+001  2.900000e+001  3.000000e+000
      vertex  3.510289e+001  3.125000e+001  3.000000e+000
    endloop
  endfacet
  facet normal  3.806871e-001  1.020047e-001  9.190605e-001
    outer loop
      vertex  4.333013e+001  3.150000e+001  2.500000e+000
      vertex  4.302394e+001  3.132322e+001  2.646447e+000
      vertex  4.400000e+001  2.900000e+001  2.500000e+000
    endloop
  endfacet
  facet normal  3.806872e-001  1.020047e-001  9.190606e-001
    outer loop
      vertex  4.400000e+001  2.900000e+001  2.500000e+000
      vertex  4.302394e+001  3.132322e+001  2.646447e+000
      vertex  4.364645e+001  2.900000e+001  2.646447e+000
    endloop
  endfacet
  facet normal  8.968083e-001  2.402988e-001  3.714720e-001
    outer loop
      vertex  4.302394e+001  3.132322e+001  2.646447e+000
      vertex  4.289711e+001  3.125000e+001  3.000000e+000
      vertex  4.364645e+001  2.900000e+001  2.646447e+000
    endloop
  endfacet
  facet normal  8.968092e-001  2.402995e-001  3.714696e-001
    outer loop
      vertex  4.364645e+001  2.900000e+001  2.646447e+000
      vertex  4.289711e+001  3.125000e+001  3.000000e+000
      vertex  4.350000e+001  2.900000e+001  3.000000e+000
    endloop
  endfacet
  facet normal  2.786823e-001  2.786823e-001  9.190606e-001
    outer loop
      vertex  4.150000e+001  3.333013e+001  2.500000e+000
      vertex  4.132322e+001  3.302394e+001  2.646447e+000
      vertex  4.333013e+001  3.150000e+001  2.500000e+000
    endloop
  endfacet
  facet normal  2.786823e-001  2.786823e-001  9.190606e-001
    outer loop
      vertex  4.333013e+001  3.150000e+001  2.500000e+000
      vertex  4.132322e+001  3.302394e+001  2.646447e+000
      vertex  4.302394e+001  3.132322e+001  2.646447e+000
    endloop
  endfacet
  facet normal  6.565093e-001  6.565093e-001  3.714714e-001
    outer loop
      vertex  4.132322e+001  3.302394e+001  2.646447e+000
      vertex  4.125000e+001  3.289711e+001  3.000000e+000
      vertex  4.302394e+001  3.132322e+001  2.646447e+000
    endloop
  endfacet
  facet normal  6.565093e-001  6.565093e-001  3.714714e-001
    outer loop
      vertex  4.302394e+001  3.132322e+001  2.646447e+000
      vertex  4.125000e+001  3.289711e+001  3.000000e+000
      vertex  4.289711e+001  3.125000e+001  3.000000e+000
    endloop
  endfacet
  facet normal  1.020047e-001  3.806872e-001  9.190605e-001
    outer loop
      vertex  3.900000e+001  3.400000e+001  2.500000e+000
      vertex  3.900000e+001  3.364645e+001  2.646447e+000
      vertex  4.150000e+001  3.333013e+001  2.500000e+000
    endloop
  endfacet
  facet normal  1.020047e-001  3.806871e-001  9.190606e-001
    outer loop
      vertex  4.150000e+001  3.333013e+001  2.500000e+000
      vertex  3.900000e+001  3.364645e+001  2.646447e+000
      vertex  4.132322e+001  3.302394e+001  2.646447e+000
    endloop
  endfacet
  facet normal  2.402991e-001  8.968092e-001  3.714697e-001
    outer loop
      vertex  3.900000e+001  3.364645e+001  2.646447e+000
      vertex  3.900000e+001  3.350000e+001  3.000000e+000
      vertex  4.132322e+001  3.302394e+001  2.646447e+000
    endloop
  endfacet
  facet normal  2.402992e-001  8.968081e-001  3.714720e-001
    outer loop
      vertex  4.132322e+001  3.302394e+001  2.646447e+000
      vertex  3.900000e+001  3.350000e+001  3.000000e+000
      vertex  4.125000e+001  3.289711e+001  3.000000e+000
    endloop
  endfacet
  facet normal -1.020047e-001  3.806871e-001  9.190605e-001
    outer loop
      vertex  3.650000e+001  3.333013e+001  2.500000e+000
      vertex  3.667678e+001  3.302394e+001  2.646447e+000
      vertex  3.900000e+001  3.400000e+001  2.500000e+000
    endloop
  endfacet
  facet normal -1.020047e-001  3.806872e-001  9.190606e-001
    outer loop
      vertex  3.900000e+001  3.400000e+001  2.500000e+000
      vertex  3.667678e+001  3.302394e+001  2.646447e+000
      vertex  3.900000e+001  3.364645e+001  2.646447e+000
    endloop
  endfacet
  facet normal -2.402988e-001  8.968083e-001  3.714720e-001
    outer loop
      vertex  3.667678e+001  3.302394e+001  2.646447e+000
      vertex  3.675000e+001  3.289711e+001  3.000000e+000
      vertex  3.900000e+001  3.364645e+001  2.646447e+000
    endloop
  endfacet
  facet normal -2.402995e-001  8.968092e-001  3.714696e-001
    outer loop
      vertex  3.900000e+001  3.364645e+001  2.646447e+000
      vertex  3.675000e+001  3.289711e+001  3.000000e+000
      vertex  3.900000e+001  3.350000e+001  3.000000e+000
    endloop
  endfacet
  facet normal -2.786823e-001  2.786823e-001  9.190606e-001
    outer loop
      vertex  3.466987e+001  3.150000e+001  2.500000e+000
      vertex  3.497606e+001  3.132322e+001  2.646447e+000
      vertex  3.650000e+001  3.333013e+001  2.500000e+000
    endloop
  endfacet
  facet normal -2.786823e-001  2.786823e-001  9.190606e-001
    outer loop
      vertex  3.650000e+001  3.333013e+001  2.500000e+000
      vertex  3.497606e+001  3.132322e+001  2.646447e+000
      vertex  3.667678e+001  3.302394e+001  2.646447e+000
    endloop
  endfacet
  facet normal -6.565093e-001  6.565093e-001  3.714714e-001
    outer loop
      vertex  3.497606e+001  3.132322e+001  2.646447e+000
      vertex  3.510289e+001  3.125000e+001  3.000000e+000
      vertex  3.667678e+001  3.302394e+001  2.646447e+000
    endloop
  endfacet
  facet normal -6.565093e-001  6.565093e-001  3.714714e-001
    outer loop
      vertex  3.667678e+001  3.302394e+001  2.646447e+000
      vertex  3.510289e+001  3.125000e+001  3.000000e+000
      vertex  3.675000e+001  3.289711e+001  3.000000e+000
    endloop
  endfacet
  facet normal  3.806872e-001 -1.020047e-001  9.190605e-001
    outer loop
      vertex  4.400000e+001  2.900000e+001  2.500000e+000
      vertex  4.364645e+001  2.900000e+001  2.646447e+000
      vertex  4.333013e+001  2.650000e+001  2.500000e+000
    endloop
  endfacet
  facet normal  3.806871e-001 -1.020047e-001  9.190606e-001
    outer loop
      vertex  4.333013e+001  2.650000e+001  2.500000e+000
      vertex  4.364645e+001  2.900000e+001  2.646447e+000
      vertex  4.302394e+001  2.667678e+001  2.646447e+000
    endloop
  endfacet
  facet normal  8.968092e-001 -2.402991e-001  3.714697e-001
    outer loop
      vertex  4.364645e+001  2.900000e+001  2.646447e+000
      vertex  4.350000e+001  2.900000e+001  3.000000e+000
      vertex  4.302394e+001  2.667678e+001  2.646447e+000
    endloop
  endfacet
  facet normal  8.968081e-001 -2.402992e-001  3.714720e-001
    outer loop
      vertex  4.302394e+001  2.667678e+001  2.646447e+000
      vertex  4.350000e+001  2.900000e+001  3.000000e+000
      vertex  4.289711e+001  2.675000e+001  3.000000e+000
    endloop
  endfacet
  facet normal -3.806871e-001 -1.020047e-001  9.190605e-001
    outer loop
      vertex  3.466987e+001  2.650000e+001  2.500000e+000
      vertex  3.497606e+001  2.667678e+001  2.646447e+000
      vertex  3.400000e+001  2.900000e+001  2.500000e+000
    endloop
  endfacet
  facet normal -3.806872e-001 -1.020047e-001  9.190606e-001
    outer loop
      vertex  3.400000e+001  2.900000e+001  2.500000e+000
      vertex  3.497606e+001  2.667678e+001  2.646447e+000
      vertex  3.435355e+001  2.900000e+001  2.646447e+000
    endloop
  endfacet
  facet normal -8.968083e-001 -2.402988e-001  3.714720e-001
    outer loop
      vertex  3.497606e+001  2.667678e+001  2.646447e+000
      vertex  3.510289e+001  2.675000e+001  3.000000e+000
      vertex  3.435355e+001  2.900000e+001  2.646447e+000
    endloop
  endfacet
  facet normal -8.968092e-001 -2.402995e-001  3.714696e-001
    outer loop
      vertex  3.435355e+001  2.900000e+001  2.646447e+000
      vertex  3.510289e+001  2.675000e+001  3.000000e+000
      vertex  3.450000e+001  2.900000e+001  3.000000e+000
    endloop
  endfacet
  facet normal -2.786823e-001 -2.786823e-001  9.190606e-001
    outer loop
      vertex  3.650000e+001  2.466987e+001  2.500000e+000
      vertex  3.667678e+001  2.497606e+001  2.646447e+000
      vertex  3.466987e+001  2.650000e+001  2.500000e+000
    endloop
  endfacet
  facet normal -2.786823e-001 -2.786823e-001  9.190606e-001
    outer loop
      vertex  3.466987e+001  2.650000e+001  2.500000e+000
      vertex  3.667678e+001  2.497606e+001  2.646447e+000
      vertex  3.497606e+001  2.667678e+001  2.646447e+000
    endloop
  endfacet
  facet normal -6.565093e-001 -6.565093e-001  3.714714e-001
    outer loop
      vertex  3.667678e+001  2.497606e+001  2.646447e+000
      vertex  3.675000e+001  2.510289e+001  3.000000e+000
      vertex  3.497606e+001  2.667678e+001  2.646447e+000
    endloop
  endfacet
  facet normal -6.565093e-001 -6.565093e-001  3.714714e-001
    outer loop
      vertex  3.497606e+001  2.667678e+001  2.646447e+000
      vertex  3.675000e+001  2.510289e+001  3.000000e+000
      vertex  3.510289e+001  2.675000e+001  3.000000e+000
    endloop
  endfacet
  facet normal -1.020047e-001 -3.806872e-001  9.190605e-001
    outer loop
      vertex  3.900000e+001  2.400000e+001  2.500000e+000
      vertex  3.900000e+001  2.435355e+001  2.646447e+000
      vertex  3.650000e+001  2.466987e+001  2.500000e+000
    endloop
  endfacet
  facet normal -1.020047e-001 -3.806871e-001  9.190606e-001
    outer loop
      vertex  3.650000e+001  2.466987e+001  2.500000e+000
      vertex  3.900000e+001  2.435355e+001  2.646447e+000
      vertex  3.667678e+001  2.497606e+001  2.646447e+000
    endloop
  endfacet
  facet normal -2.402991e-001 -8.968092e-001  3.714697e-001
    outer loop
      vertex  3.900000e+001  2.435355e+001  2.646447e+000
      vertex  3.900000e+001  2.450000e+001  3.000000e+000
      vertex  3.667678e+001  2.497606e+001  2.646447e+000
    endloop
  endfacet
  facet normal -2.402992e-001 -8.968081e-001  3.714720e-001
    outer loop
      vertex  3.667678e+001  2.497606e+001  2.646447e+000
      vertex  3.900000e+001  2.450000e+001  3.000000e+000
      vertex  3.675000e+001  2.510289e+001  3.000000e+000
    endloop
  endfacet
  facet normal  1.020047e-001 -3.806871e-001  9.190605e-001
    outer loop
      vertex  4.150000e+001  2.466987e+001  2.500000e+000
      vertex  4.132322e+001  2.497606e+001  2.646447e+000
      vertex  3.900000e+001  2.400000e+001  2.500000e+000
    endloop
  endfacet
  facet normal  1.020047e-001 -3.806872e-001  9.190606e-001
    outer loop
      vertex  3.900000e+001  2.400000e+001  2.500000e+000
      vertex  4.132322e+001  2.497606e+001  2.646447e+000
      vertex  3.900000e+001  2.435355e+001  2.646447e+000
    endloop
  endfacet
  facet normal  2.402988e-001 -8.968083e-001  3.714720e-001
    outer loop
      vertex  4.132322e+001  2.497606e+001  2.646447e+000
      vertex  4.125000e+001  2.510289e+001  3.000000e+000
      vertex  3.900000e+001  2.435355e+001  2.646447e+000
    endloop
  endfacet
  facet normal  2.402995e-001 -8.968092e-001  3.714696e-001
    outer loop
      vertex  3.900000e+001  2.435355e+001  2.646447e+000
      vertex  4.125000e+001  2.510289e+001  3.000000e+000
      vertex  3.900000e+001  2.450000e+001  3.000000e+000
    endloop
  endfacet
  facet normal  2.786823e-001 -2.786823e-001  9.190606e-001
    outer loop
      vertex  4.333013e+001  2.650000e+001  2.500000e+000
      vertex  4.302394e+001  2.667678e+001  2.646447e+000
      vertex  4.150000e+001  2.466987e+001  2.500000e+000
    endloop
  endfacet
  facet normal  2.786823e-001 -2.786823e-001  9.190606e-001
    outer loop
      vertex  4.150000e+001  2.466987e+001  2.500000e+000
      vertex  4.302394e+001  2.667678e+001  2.646447e+000
      vertex  4.132322e+001  2.497606e+001  2.646447e+000
    endloop
  endfacet
  facet normal  6.565093e-001 -6.565093e-001  3.714714e-001
    outer loop
      vertex  4.302394e+001  2.667678e+001  2.646447e+000
      vertex  4.289711e+001  2.675000e+001  3.000000e+000
      vertex  4.132322e+001  2.497606e+001  2.646447e+000
    endloop
  endfacet
  facet normal  6.565093e-001 -6.565093e-001  3.714714e-001
    outer loop
      vertex  4.132322e+001  2.497606e+001  2.646447e+000
      vertex  4.289711e+001  2.675000e+001  3.000000e+000
      vertex  4.125000e+001  2.510289e+001  3.000000e+000
    endloop
  endfacet
  facet normal -9.659258e-001  2.588193e-001  0.000000e+000
    outer loop
      vertex  3.450000e+001 -2.900000e+001  3.000000e+000
      vertex  3.450000e+001 -2.900000e+001  1.850000e+001
      vertex  3.510289e+001 -2.675000e+001  3.000000e+000
    endloop
  endfacet
  facet normal -9.659258e-001  2.588193e-001  0.000000e+000
    outer loop
      vertex  3.510289e+001 -2.675000e+001  3.000000e+000
      vertex  3.450000e+001 -2.900000e+001  1.850000e+001
      vertex  3.510289e+001 -2.675000e+001  1.850000e+001
    endloop
  endfacet
  facet normal -7.071068e-001  7.071068e-001  0.000000e+000
    outer loop
      vertex  3.510289e+001 -2.675000e+001  3.000000e+000
      vertex  3.510289e+001 -2.675000e+001  1.850000e+001
      vertex  3.675000e+001 -2.510289e+001  3.000000e+000
    endloop
  endfacet
  facet normal -7.071068e-001  7.071068e-001  0.000000e+000
    outer loop
      vertex  3.675000e+001 -2.510289e+001  3.000000e+000
      vertex  3.510289e+001 -2.675000e+001  1.850000e+001
      vertex  3.675000e+001 -2.510289e+001  1.850000e+001
    endloop
  endfacet
  facet normal -2.588193e-001  9.659258e-001  0.000000e+000
    outer loop
      vertex  3.675000e+001 -2.510289e+001  3.000000e+000
      vertex  3.675000e+001 -2.510289e+001  1.850000e+001
      vertex  3.900000e+001 -2.450000e+001  3.000000e+000
    endloop
  endfacet
  facet normal -2.588193e-001  9.659258e-001  0.000000e+000
    outer loop
      vertex  3.900000e+001 -2.450000e+001  3.000000e+000
      vertex  3.675000e+001 -2.510289e+001  1.850000e+001
      vertex  3.900000e+001 -2.450000e+001  1.850000e+001
    endloop
  endfacet
  facet normal  2.588193e-001  9.659258e-001  0.000000e+000
    outer loop
      vertex  3.900000e+001 -2.450000e+001  3.000000e+000
      vertex  3.900000e+001 -2.450000e+001  1.850000e+001
      vertex  4.125000e+001 -2.510289e+001  3.000000e+000
    endloop
  endfacet
  facet normal  2.588193e-001  9.659258e-001  -0.000000e+000
    outer loop
      vertex  4.125000e+001 -2.510289e+001  3.000000e+000
      vertex  3.900000e+001 -2.450000e+001  1.850000e+001
      vertex  4.125000e+001 -2.510289e+001  1.850000e+001
    endloop
  endfacet
  facet normal  7.071068e-001  7.071068e-001  0.000000e+000
    outer loop
      vertex  4.125000e+001 -2.510289e+001  3.000000e+000
      vertex  4.125000e+001 -2.510289e+001  1.850000e+001
      vertex  4.289711e+001 -2.675000e+001  3.000000e+000
    endloop
  endfacet
  facet normal  7.071068e-001  7.071068e-001  -0.000000e+000
    outer loop
      vertex  4.289711e+001 -2.675000e+001  3.000000e+000
      vertex  4.125000e+001 -2.510289e+001  1.850000e+001
      vertex  4.289711e+001 -2.675000e+001  1.850000e+001
    endloop
  endfacet
  facet normal  9.659258e-001  2.588193e-001  0.000000e+000
    outer loop
      vertex  4.289711e+001 -2.675000e+001  3.000000e+000
      vertex  4.289711e+001 -2.675000e+001  1.850000e+001
      vertex  4.350000e+001 -2.900000e+001  3.000000e+000
    endloop
  endfacet
  facet normal  9.659258e-001  2.588193e-001  -0.000000e+000
    outer loop
      vertex  4.350000e+001 -2.900000e+001  3.000000e+000
      vertex  4.289711e+001 -2.675000e+001  1.850000e+001
      vertex  4.350000e+001 -2.900000e+001  1.850000e+001
    endloop
  endfacet
  facet normal  9.659258e-001 -2.588193e-001  0.000000e+000
    outer loop
      vertex  4.350000e+001 -2.900000e+001  3.000000e+000
      vertex  4.350000e+001 -2.900000e+001  1.850000e+001
      vertex  4.289711e+001 -3.125000e+001  3.000000e+000
    endloop
  endfacet
  facet normal  9.659258e-001 -2.588193e-001  0.000000e+000
    outer loop
      vertex  4.289711e+001 -3.125000e+001  3.000000e+000
      vertex  4.350000e+001 -2.900000e+001  1.850000e+001
      vertex  4.289711e+001 -3.125000e+001  1.850000e+001
    endloop
  endfacet
  facet normal  7.071068e-001 -7.071068e-001  0.000000e+000
    outer loop
      vertex  4.289711e+001 -3.125000e+001  3.000000e+000
      vertex  4.289711e+001 -3.125000e+001  1.850000e+001
      vertex  4.125000e+001 -3.289711e+001  3.000000e+000
    endloop
  endfacet
  facet normal  7.071068e-001 -7.071068e-001  0.000000e+000
    outer loop
      vertex  4.125000e+001 -3.289711e+001  3.000000e+000
      vertex  4.289711e+001 -3.125000e+001  1.850000e+001
      vertex  4.125000e+001 -3.289711e+001  1.850000e+001
    endloop
  endfacet
  facet normal  2.588193e-001 -9.659258e-001  0.000000e+000
    outer loop
      vertex  4.125000e+001 -3.289711e+001  3.000000e+000
      vertex  4.125000e+001 -3.289711e+001  1.850000e+001
      vertex  3.900000e+001 -3.350000e+001  3.000000e+000
    endloop
  endfacet
  facet normal  2.588193e-001 -9.659258e-001  0.000000e+000
    outer loop
      vertex  3.900000e+001 -3.350000e+001  3.000000e+000
      vertex  4.125000e+001 -3.289711e+001  1.850000e+001
      vertex  3.900000e+001 -3.350000e+001  1.850000e+001
    endloop
  endfacet
  facet normal -2.588193e-001 -9.659258e-001  -0.000000e+000
    outer loop
      vertex  3.900000e+001 -3.350000e+001  3.000000e+000
      vertex  3.900000e+001 -3.350000e+001  1.850000e+001
      vertex  3.675000e+001 -3.289711e+001  3.000000e+000
    endloop
  endfacet
  facet normal -2.588193e-001 -9.659258e-001  0.000000e+000
    outer loop
      vertex  3.675000e+001 -3.289711e+001  3.000000e+000
      vertex  3.900000e+001 -3.350000e+001  1.850000e+001
      vertex  3.675000e+001 -3.289711e+001  1.850000e+001
    endloop
  endfacet
  facet normal -7.071068e-001 -7.071068e-001  -0.000000e+000
    outer loop
      vertex  3.675000e+001 -3.289711e+001  3.000000e+000
      vertex  3.675000e+001 -3.289711e+001  1.850000e+001
      vertex  3.510289e+001 -3.125000e+001  3.000000e+000
    endloop
  endfacet
  facet normal -7.071068e-001 -7.071068e-001  0.000000e+000
    outer loop
      vertex  3.510289e+001 -3.125000e+001  3.000000e+000
      vertex  3.675000e+001 -3.289711e+001  1.850000e+001
      vertex  3.510289e+001 -3.125000e+001  1.850000e+001
    endloop
  endfacet
  facet normal -9.659258e-001 -2.588193e-001  -0.000000e+000
    outer loop
      vertex  3.510289e+001 -3.125000e+001  3.000000e+000
      vertex  3.510289e+001 -3.125000e+001  1.850000e+001
      vertex  3.450000e+001 -2.900000e+001  3.000000e+000
    endloop
  endfacet
  facet normal -9.659258e-001 -2.588193e-001  0.000000e+000
    outer loop
      vertex  3.450000e+001 -2.900000e+001  3.000000e+000
      vertex  3.510289e+001 -3.125000e+001  1.850000e+001
      vertex  3.450000e+001 -2.900000e+001  1.850000e+001
    endloop
  endfacet
  facet normal -3.806872e-001  1.020047e-001  9.190605e-001
    outer loop
      vertex  3.400000e+001 -2.900000e+001  2.500000e+000
      vertex  3.435355e+001 -2.900000e+001  2.646447e+000
      vertex  3.466987e+001 -2.650000e+001  2.500000e+000
    endloop
  endfacet
  facet normal -3.806871e-001  1.020047e-001  9.190606e-001
    outer loop
      vertex  3.466987e+001 -2.650000e+001  2.500000e+000
      vertex  3.435355e+001 -2.900000e+001  2.646447e+000
      vertex  3.497606e+001 -2.667678e+001  2.646447e+000
    endloop
  endfacet
  facet normal -8.968092e-001  2.402991e-001  3.714697e-001
    outer loop
      vertex  3.435355e+001 -2.900000e+001  2.646447e+000
      vertex  3.450000e+001 -2.900000e+001  3.000000e+000
      vertex  3.497606e+001 -2.667678e+001  2.646447e+000
    endloop
  endfacet
  facet normal -8.968081e-001  2.402992e-001  3.714720e-001
    outer loop
      vertex  3.497606e+001 -2.667678e+001  2.646447e+000
      vertex  3.450000e+001 -2.900000e+001  3.000000e+000
      vertex  3.510289e+001 -2.675000e+001  3.000000e+000
    endloop
  endfacet
  facet normal  3.806871e-001  1.020047e-001  9.190605e-001
    outer loop
      vertex  4.333013e+001 -2.650000e+001  2.500000e+000
      vertex  4.302394e+001 -2.667678e+001  2.646447e+000
      vertex  4.400000e+001 -2.900000e+001  2.500000e+000
    endloop
  endfacet
  facet normal  3.806872e-001  1.020047e-001  9.190606e-001
    outer loop
      vertex  4.400000e+001 -2.900000e+001  2.500000e+000
      vertex  4.302394e+001 -2.667678e+001  2.646447e+000
      vertex  4.364645e+001 -2.900000e+001  2.646447e+000
    endloop
  endfacet
  facet normal  8.968083e-001  2.402988e-001  3.714720e-001
    outer loop
      vertex  4.302394e+001 -2.667678e+001  2.646447e+000
      vertex  4.289711e+001 -2.675000e+001  3.000000e+000
      vertex  4.364645e+001 -2.900000e+001  2.646447e+000
    endloop
  endfacet
  facet normal  8.968092e-001  2.402995e-001  3.714696e-001
    outer loop
      vertex  4.364645e+001 -2.900000e+001  2.646447e+000
      vertex  4.289711e+001 -2.675000e+001  3.000000e+000
      vertex  4.350000e+001 -2.900000e+001  3.000000e+000
    endloop
  endfacet
  facet normal  2.786823e-001  2.786823e-001  9.190606e-001
    outer loop
      vertex  4.150000e+001 -2.466987e+001  2.500000e+000
      vertex  4.132322e+001 -2.497606e+001  2.646447e+000
      vertex  4.333013e+001 -2.650000e+001  2.500000e+000
    endloop
  endfacet
  facet normal  2.786823e-001  2.786823e-001  9.190606e-001
    outer loop
      vertex  4.333013e+001 -2.650000e+001  2.500000e+000
      vertex  4.132322e+001 -2.497606e+001  2.646447e+000
      vertex  4.302394e+001 -2.667678e+001  2.646447e+000
    endloop
  endfacet
  facet normal  6.565093e-001  6.565093e-001  3.714714e-001
    outer loop
      vertex  4.132322e+001 -2.497606e+001  2.646447e+000
      vertex  4.125000e+001 -2.510289e+001  3.000000e+000
      vertex  4.302394e+001 -2.667678e+001  2.646447e+000
    endloop
  endfacet
  facet normal  6.565093e-001  6.565093e-001  3.714714e-001
    outer loop
      vertex  4.302394e+001 -2.667678e+001  2.646447e+000
      vertex  4.125000e+001 -2.510289e+001  3.000000e+000
      vertex  4.289711e+001 -2.675000e+001  3.000000e+000
    endloop
  endfacet
  facet normal  1.020047e-001  3.806872e-001  9.190605e-001
    outer loop
      vertex  3.900000e+001 -2.400000e+001  2.500000e+000
      vertex  3.900000e+001 -2.435355e+001  2.646447e+000
      vertex  4.150000e+001 -2.466987e+001  2.500000e+000
    endloop
  endfacet
  facet normal  1.020047e-001  3.806871e-001  9.190606e-001
    outer loop
      vertex  4.150000e+001 -2.466987e+001  2.500000e+000
      vertex  3.900000e+001 -2.435355e+001  2.646447e+000
      vertex  4.132322e+001 -2.497606e+001  2.646447e+000
    endloop
  endfacet
  facet normal  2.402991e-001  8.968092e-001  3.714697e-001
    outer loop
      vertex  3.900000e+001 -2.435355e+001  2.646447e+000
      vertex  3.900000e+001 -2.450000e+001  3.000000e+000
      vertex  4.132322e+001 -2.497606e+001  2.646447e+000
    endloop
  endfacet
  facet normal  2.402992e-001  8.968081e-001  3.714720e-001
    outer loop
      vertex  4.132322e+001 -2.497606e+001  2.646447e+000
      vertex  3.900000e+001 -2.450000e+001  3.000000e+000
      vertex  4.125000e+001 -2.510289e+001  3.000000e+000
    endloop
  endfacet
  facet normal -1.020047e-001  3.806871e-001  9.190605e-001
    outer loop
      vertex  3.650000e+001 -2.466987e+001  2.500000e+000
      vertex  3.667678e+001 -2.497606e+001  2.646447e+000
      vertex  3.900000e+001 -2.400000e+001  2.500000e+000
    endloop
  endfacet
  facet normal -1.020047e-001  3.806872e-001  9.190606e-001
    outer loop
      vertex  3.900000e+001 -2.400000e+001  2.500000e+000
      vertex  3.667678e+001 -2.497606e+001  2.646447e+000
      vertex  3.900000e+001 -2.435355e+001  2.646447e+000
    endloop
  endfacet
  facet normal -2.402988e-001  8.968083e-001  3.714720e-001
    outer loop
      vertex  3.667678e+001 -2.497606e+001  2.646447e+000
      vertex  3.675000e+001 -2.510289e+001  3.000000e+000
      vertex  3.900000e+001 -2.435355e+001  2.646447e+000
    endloop
  endfacet
  facet normal -2.402995e-001  8.968092e-001  3.714696e-001
    outer loop
      vertex  3.900000e+001 -2.435355e+001  2.646447e+000
      vertex  3.675000e+001 -2.510289e+001  3.000000e+000
      vertex  3.900000e+001 -2.450000e+001  3.000000e+000
    endloop
  endfacet
  facet normal -2.786823e-001  2.786823e-001  9.190606e-001
    outer loop
      vertex  3.466987e+001 -2.650000e+001  2.500000e+000
      vertex  3.497606e+001 -2.667678e+001  2.646447e+000
      vertex  3.650000e+001 -2.466987e+001  2.500000e+000
    endloop
  endfacet
  facet normal -2.786823e-001  2.786823e-001  9.190606e-001
    outer loop
      vertex  3.650000e+001 -2.466987e+001  2.500000e+000
      vertex  3.497606e+001 -2.667678e+001  2.646447e+000
      vertex  3.667678e+001 -2.497606e+001  2.646447e+000
    endloop
  endfacet
  facet normal -6.565093e-001  6.565093e-001  3.714714e-001
    outer loop
      vertex  3.497606e+001 -2.667678e+001  2.646447e+000
      vertex  3.510289e+001 -2.675000e+001  3.000000e+000
      vertex  3.667678e+001 -2.497606e+001  2.646447e+000
    endloop
  endfacet
  facet normal -6.565093e-001  6.565093e-001  3.714714e-001
    outer loop
      vertex  3.667678e+001 -2.497606e+001  2.646447e+000
      vertex  3.510289e+001 -2.675000e+001  3.000000e+000
      vertex  3.675000e+001 -2.510289e+001  3.000000e+000
    endloop
  endfacet
  facet normal  3.806872e-001 -1.020047e-001  9.190605e-001
    outer loop
      vertex  4.400000e+001 -2.900000e+001  2.500000e+000
      vertex  4.364645e+001 -2.900000e+001  2.646447e+000
      vertex  4.333013e+001 -3.150000e+001  2.500000e+000
    endloop
  endfacet
  facet normal  3.806871e-001 -1.020047e-001  9.190606e-001
    outer loop
      vertex  4.333013e+001 -3.150000e+001  2.500000e+000
      vertex  4.364645e+001 -2.900000e+001  2.646447e+000
      vertex  4.302394e+001 -3.132322e+001  2.646447e+000
    endloop
  endfacet
  facet normal  8.968092e-001 -2.402991e-001  3.714697e-001
    outer loop
      vertex  4.364645e+001 -2.900000e+001  2.646447e+000
      vertex  4.350000e+001 -2.900000e+001  3.000000e+000
      vertex  4.302394e+001 -3.132322e+001  2.646447e+000
    endloop
  endfacet
  facet normal  8.968081e-001 -2.402992e-001  3.714720e-001
    outer loop
      vertex  4.302394e+001 -3.132322e+001  2.646447e+000
      vertex  4.350000e+001 -2.900000e+001  3.000000e+000
      vertex  4.289711e+001 -3.125000e+001  3.000000e+000
    endloop
  endfacet
  facet normal -3.806871e-001 -1.020047e-001  9.190605e-001
    outer loop
      vertex  3.466987e+001 -3.150000e+001  2.500000e+000
      vertex  3.497606e+001 -3.132322e+001  2.646447e+000
      vertex  3.400000e+001 -2.900000e+001  2.500000e+000
    endloop
  endfacet
  facet normal -3.806872e-001 -1.020047e-001  9.190606e-001
    outer loop
      vertex  3.400000e+001 -2.900000e+001  2.500000e+000
      vertex  3.497606e+001 -3.132322e+001  2.646447e+000
      vertex  3.435355e+001 -2.900000e+001  2.646447e+000
    endloop
  endfacet
  facet normal -8.968083e-001 -2.402988e-001  3.714720e-001
    outer loop
      vertex  3.497606e+001 -3.132322e+001  2.646447e+000
      vertex  3.510289e+001 -3.125000e+001  3.000000e+000
      vertex  3.435355e+001 -2.900000e+001  2.646447e+000
    endloop
  endfacet
  facet normal -8.968092e-001 -2.402995e-001  3.714696e-001
    outer loop
      vertex  3.435355e+001 -2.900000e+001  2.646447e+000
      vertex  3.510289e+001 -3.125000e+001  3.000000e+000
      vertex  3.450000e+001 -2.900000e+001  3.000000e+000
    endloop
  endfacet
  facet normal -2.786823e-001 -2.786823e-001  9.190606e-001
    outer loop
      vertex  3.650000e+001 -3.333013e+001  2.500000e+000
      vertex  3.667678e+001 -3.302394e+001  2.646447e+000
      vertex  3.466987e+001 -3.150000e+001  2.500000e+000
    endloop
  endfacet
  facet normal -2.786823e-001 -2.786823e-001  9.190606e-001
    outer loop
      vertex  3.466987e+001 -3.150000e+001  2.500000e+000
      vertex  3.667678e+001 -3.302394e+001  2.646447e+000
      vertex  3.497606e+001 -3.132322e+001  2.646447e+000
    endloop
  endfacet
  facet normal -6.565093e-001 -6.565093e-001  3.714714e-001
    outer loop
      vertex  3.667678e+001 -3.302394e+001  2.646447e+000
      vertex  3.675000e+001 -3.289711e+001  3.000000e+000
      vertex  3.497606e+001 -3.132322e+001  2.646447e+000
    endloop
  endfacet
  facet normal -6.565093e-001 -6.565093e-001  3.714714e-001
    outer loop
      vertex  3.497606e+001 -3.132322e+001  2.646447e+000
      vertex  3.675000e+001 -3.289711e+001  3.000000e+000
      vertex  3.510289e+001 -3.125000e+001  3.000000e+000
    endloop
  endfacet
  facet normal -1.020047e-001 -3.806872e-001  9.190605e-001
    outer loop
      vertex  3.900000e+001 -3.400000e+001  2.500000e+000
      vertex  3.900000e+001 -3.364645e+001  2.646447e+000
      vertex  3.650000e+001 -3.333013e+001  2.500000e+000
    endloop
  endfacet
  facet normal -1.020047e-001 -3.806871e-001  9.190606e-001
    outer loop
      vertex  3.650000e+001 -3.333013e+001  2.500000e+000
      vertex  3.900000e+001 -3.364645e+001  2.646447e+000
      vertex  3.667678e+001 -3.302394e+001  2.646447e+000
    endloop
  endfacet
  facet normal -2.402991e-001 -8.968092e-001  3.714697e-001
    outer loop
      vertex  3.900000e+001 -3.364645e+001  2.646447e+000
      vertex  3.900000e+001 -3.350000e+001  3.000000e+000
      vertex  3.667678e+001 -3.302394e+001  2.646447e+000
    endloop
  endfacet
  facet normal -2.402992e-001 -8.968081e-001  3.714720e-001
    outer loop
      vertex  3.667678e+001 -3.302394e+001  2.646447e+000
      vertex  3.900000e+001 -3.350000e+001  3.000000e+000
      vertex  3.675000e+001 -3.289711e+001  3.000000e+000
    endloop
  endfacet
  facet normal  1.020047e-001 -3.806871e-001  9.190605e-001
    outer loop
      vertex  4.150000e+001 -3.333013e+001  2.500000e+000
      vertex  4.132322e+001 -3.302394e+001  2.646447e+000
      vertex  3.900000e+001 -3.400000e+001  2.500000e+000
    endloop
  endfacet
  facet normal  1.020047e-001 -3.806872e-001  9.190606e-001
    outer loop
      vertex  3.900000e+001 -3.400000e+001  2.500000e+000
      vertex  4.132322e+001 -3.302394e+001  2.646447e+000
      vertex  3.900000e+001 -3.364645e+001  2.646447e+000
    endloop
  endfacet
  facet normal  2.402988e-001 -8.968083e-001  3.714720e-001
    outer loop
      vertex  4.132322e+001 -3.302394e+001  2.646447e+000
      vertex  4.125000e+001 -3.289711e+001  3.000000e+000
      vertex  3.900000e+001 -3.364645e+001  2.646447e+000
    endloop
  endfacet
  facet normal  2.402995e-001 -8.968092e-001  3.714696e-001
    outer loop
      vertex  3.900000e+001 -3.364645e+001  2.646447e+000
      vertex  4.125000e+001 -3.289711e+001  3.000000e+000
      vertex  3.900000e+001 -3.350000e+001  3.000000e+000
    endloop
  endfacet
  facet normal  2.786823e-001 -2.786823e-001  9.190606e-001
    outer loop
      vertex  4.333013e+001 -3.150000e+001  2.500000e+000
      vertex  4.302394e+001 -3.132322e+001  2.646447e+000
      vertex  4.150000e+001 -3.333013e+001  2.500000e+000
    endloop
  endfacet
  facet normal  2.786823e-001 -2.786823e-001  9.190606e-001
    outer loop
      vertex  4.150000e+001 -3.333013e+001  2.500000e+000
      vertex  4.302394e+001 -3.132322e+001  2.646447e+000
      vertex  4.132322e+001 -3.302394e+001  2.646447e+000
    endloop
  endfacet
  facet normal  6.565093e-001 -6.565093e-001  3.714714e-001
    outer loop
      vertex  4.302394e+001 -3.132322e+001  2.646447e+000
      vertex  4.289711e+001 -3.125000e+001  3.000000e+000
      vertex  4.132322e+001 -3.302394e+001  2.646447e+000
    endloop
  endfacet
  facet normal  6.565093e-001 -6.565093e-001  3.714714e-001
    outer loop
      vertex  4.132322e+001 -3.302394e+001  2.646447e+000
      vertex  4.289711e+001 -3.125000e+001  3.000000e+000
      vertex  4.125000e+001 -3.289711e+001  3.000000e+000
    endloop
  endfacet
  facet normal  4.495695e-017  4.066619e-016 -1.000000e+000
    outer loop
      vertex  1.436921e+000  3.041910e+001  0.000000e+000
      vertex  2.448349e-001  2.945885e+001 -4.440892e-016
      vertex -4.000000e+001  3.500000e+001  0.000000e+000
    endloop
  endfacet
  facet normal -1.103469e-017  0.000000e+000 -1.000000e+000
    outer loop
      vertex  2.448349e-001  2.945885e+001 -4.440892e-016
      vertex -4.000000e+001 -3.500000e+001  0.000000e+000
      vertex -4.000000e+001  3.500000e+001  0.000000e+000
    endloop
  endfacet
  facet normal  -0.000000e+000  0.000000e+000 -9.999999e-001
    outer loop
      vertex  4.100000e+001  3.500000e+001  0.000000e+000
      vertex  4.300000e+001  3.446410e+001  0.000000e+000
      vertex  3.095885e+001  3.050517e+001  0.000000e+000
    endloop
  endfacet
  facet normal  0.000000e+000  0.000000e+000 -1.000000e+000
    outer loop
      vertex  4.100000e+001  3.500000e+001  0.000000e+000
      vertex  3.095885e+001  3.050517e+001  0.000000e+000
      vertex  2.943692e+001  3.066910e+001  0.000000e+000
    endloop
  endfacet
  facet normal  -0.000000e+000  0.000000e+000 -1.000000e+000
    outer loop
      vertex  4.100000e+001  3.500000e+001  0.000000e+000
      vertex  2.943692e+001  3.066910e+001  0.000000e+000
      vertex  1.436921e+000  3.041910e+001  0.000000e+000
    endloop
  endfacet
  facet normal  0.000000e+000  0.000000e+000 -1.000000e+000
    outer loop
      vertex  4.100000e+001  3.500000e+001  0.000000e+000
      vertex  1.436921e+000  3.041910e+001  0.000000e+000
      vertex -4.000000e+001  3.500000e+001  0.000000e+000
    endloop
  endfacet
  facet normal  0.000000e+000  0.000000e+000 -1.000000e+000
    outer loop
      vertex  4.500000e+001  3.100000e+001  0.000000e+000
      vertex  4.500000e+001 -3.100000e+001  0.000000e+000
      vertex  3.191910e+001  2.931308e+001  0.000000e+000
    endloop
  endfacet
  facet normal  0.000000e+000  0.000000e+000 -1.000000e+000
    outer loop
      vertex  4.500000e+001  3.100000e+001  0.000000e+000
      vertex  3.191910e+001  2.931308e+001  0.000000e+000
      vertex  3.095885e+001  3.050517e+001  0.000000e+000
    endloop
  endfacet
  facet normal  0.000000e+000  0.000000e+000 -1.000000e+000
    outer loop
      vertex  4.500000e+001  3.100000e+001  0.000000e+000
      vertex  3.095885e+001  3.050517e+001  0.000000e+000
      vertex  4.300000e+001  3.446410e+001  0.000000e+000
    endloop
  endfacet
  facet normal  0.000000e+000  0.000000e+000 -1.000000e+000
    outer loop
      vertex  4.500000e+001  3.100000e+001  0.000000e+000
      vertex  4.300000e+001  3.446410e+001  0.000000e+000
      vertex  4.446410e+001  3.300000e+001  0.000000e+000
    endloop
  endfacet
  facet normal  5.514609e-016 -3.511937e-016 -1.000000e+000
    outer loop
      vertex -4.000000e+001 -3.500000e+001  0.000000e+000
      vertex  2.448349e-001  2.945885e+001 -4.440892e-016
      vertex  8.090074e-002  2.793692e+001  0.000000e+000
    endloop
  endfacet
  facet normal  0.000000e+000  -0.000000e+000 -1.000000e+000
    outer loop
      vertex -4.000000e+001 -3.500000e+001  0.000000e+000
      vertex  8.090074e-002  2.793692e+001  0.000000e+000
      vertex  1.041149e+000  2.674483e+001  0.000000e+000
    endloop
  endfacet
  facet normal  0.000000e+000  -0.000000e+000 -1.000000e+000
    outer loop
      vertex -4.000000e+001 -3.500000e+001  0.000000e+000
      vertex  1.041149e+000  2.674483e+001  0.000000e+000
      vertex  1.436921e+000 -2.658090e+001  0.000000e+000
    endloop
  endfacet
  facet normal -1.256604e-016  6.184721e-016 -1.000000e+000
    outer loop
      vertex -4.000000e+001 -3.500000e+001  0.000000e+000
      vertex  1.436921e+000 -2.658090e+001  0.000000e+000
      vertex  2.448349e-001 -2.754115e+001 -4.440892e-016
    endloop
  endfacet
  facet normal  4.392221e-017 -2.965244e-016 -1.000000e+000
    outer loop
      vertex -4.000000e+001 -3.500000e+001  0.000000e+000
      vertex  2.448349e-001 -2.754115e+001 -4.440892e-016
      vertex  8.090074e-002 -2.906308e+001  0.000000e+000
    endloop
  endfacet
  facet normal  0.000000e+000  -0.000000e+000 -1.000000e+000
    outer loop
      vertex -4.000000e+001 -3.500000e+001  0.000000e+000
      vertex  8.090074e-002 -2.906308e+001  0.000000e+000
      vertex  1.041149e+000 -3.025517e+001  0.000000e+000
    endloop
  endfacet
  facet normal  0.000000e+000  -0.000000e+000 -1.000000e+000
    outer loop
      vertex -4.000000e+001 -3.500000e+001  0.000000e+000
      vertex  1.041149e+000 -3.025517e+001  0.000000e+000
      vertex  2.563079e+000 -3.041910e+001  0.000000e+000
    endloop
  endfacet
  facet normal  0.000000e+000  -0.000000e+000 -9.999999e-001
    outer loop
      vertex -4.000000e+001 -3.500000e+001  0.000000e+000
      vertex  2.563079e+000 -3.041910e+001  0.000000e+000
      vertex  2.904115e+001 -3.050517e+001  0.000000e+000
    endloop
  endfacet
  facet normal  0.000000e+000  -0.000000e+000 -1.000000e+000
    outer loop
      vertex -4.000000e+001 -3.500000e+001  0.000000e+000
      vertex  2.904115e+001 -3.050517e+001  0.000000e+000
      vertex  3.056308e+001 -3.066910e+001  0.000000e+000
    endloop
  endfacet
  facet normal  0.000000e+000  -0.000000e+000 -1.000000e+000
    outer loop
      vertex -4.000000e+001 -3.500000e+001  0.000000e+000
      vertex  3.056308e+001 -3.066910e+001  0.000000e+000
      vertex  4.100000e+001 -3.500000e+001  0.000000e+000
    endloop
  endfacet
  facet normal  -0.000000e+000  0.000000e+000 -1.000000e+000
    outer loop
      vertex  3.056308e+001 -3.066910e+001  0.000000e+000
      vertex  4.500000e+001 -3.100000e+001  0.000000e+000
      vertex  4.446410e+001 -3.300000e+001  0.000000e+000
    endloop
  endfacet
  facet normal  -0.000000e+000  0.000000e+000 -9.999999e-001
    outer loop
      vertex  3.056308e+001 -3.066910e+001  0.000000e+000
      vertex  4.446410e+001 -3.300000e+001  0.000000e+000
      vertex  4.300000e+001 -3.446410e+001  0.000000e+000
    endloop
  endfacet
  facet normal  -0.000000e+000  0.000000e+000 -9.999999e-001
    outer loop
      vertex  3.056308e+001 -3.066910e+001  0.000000e+000
      vertex  4.300000e+001 -3.446410e+001  0.000000e+000
      vertex  4.100000e+001 -3.500000e+001  0.000000e+000
    endloop
  endfacet
  facet normal -1.030680e-017 -4.496778e-016 -1.000000e+000
    outer loop
      vertex  4.500000e+001 -3.100000e+001  0.000000e+000
      vertex  3.056308e+001 -3.066910e+001  0.000000e+000
      vertex  3.175517e+001 -2.970885e+001 -4.440892e-016
    endloop
  endfacet
  facet normal  6.133019e-017  2.851871e-016 -1.000000e+000
    outer loop
      vertex  4.500000e+001 -3.100000e+001  0.000000e+000
      vertex  3.175517e+001 -2.970885e+001 -4.440892e-016
      vertex  3.191910e+001 -2.818692e+001  0.000000e+000
    endloop
  endfacet
  facet normal  0.000000e+000  0.000000e+000 -9.999999e-001
    outer loop
      vertex  4.500000e+001 -3.100000e+001  0.000000e+000
      vertex  3.191910e+001 -2.818692e+001  0.000000e+000
      vertex  3.095885e+001 -2.699483e+001  0.000000e+000
    endloop
  endfacet
  facet normal  0.000000e+000  0.000000e+000 -1.000000e+000
    outer loop
      vertex  4.500000e+001 -3.100000e+001  0.000000e+000
      vertex  3.095885e+001 -2.699483e+001  0.000000e+000
      vertex  3.056308e+001  2.683090e+001  0.000000e+000
    endloop
  endfacet
  facet normal -3.101610e-016 -7.742868e-017 -1.000000e+000
    outer loop
      vertex  4.500000e+001 -3.100000e+001  0.000000e+000
      vertex  3.056308e+001  2.683090e+001  0.000000e+000
      vertex  3.175517e+001  2.779115e+001 -4.440892e-016
    endloop
  endfacet
  facet normal  8.989368e-016  1.949644e-016 -1.000000e+000
    outer loop
      vertex  4.500000e+001 -3.100000e+001  0.000000e+000
      vertex  3.175517e+001  2.779115e+001 -4.440892e-016
      vertex  3.191910e+001  2.931308e+001  0.000000e+000
    endloop
  endfacet
  facet normal  0.000000e+000  0.000000e+000 -9.999999e-001
    outer loop
      vertex  3.095885e+001 -2.699483e+001  0.000000e+000
      vertex  2.943692e+001 -2.683090e+001  0.000000e+000
      vertex  3.056308e+001  2.683090e+001  0.000000e+000
    endloop
  endfacet
  facet normal  -0.000000e+000  0.000000e+000 -9.999999e-001
    outer loop
      vertex  3.056308e+001  2.683090e+001  0.000000e+000
      vertex  2.943692e+001 -2.683090e+001  0.000000e+000
      vertex  2.904115e+001  2.699483e+001  0.000000e+000
    endloop
  endfacet
  facet normal  0.000000e+000  0.000000e+000 -1.000000e+000
    outer loop
      vertex  2.943692e+001 -2.683090e+001  0.000000e+000
      vertex  2.563079e+000  2.658090e+001  0.000000e+000
      vertex  2.904115e+001  2.699483e+001  0.000000e+000
    endloop
  endfacet
  facet normal  7.372985e-018 -4.716261e-016 -1.000000e+000
    outer loop
      vertex  2.904115e+001  2.699483e+001  0.000000e+000
      vertex  2.563079e+000  2.658090e+001  0.000000e+000
      vertex  3.755165e+000  2.754115e+001 -4.440892e-016
    endloop
  endfacet
  facet normal  -0.000000e+000  0.000000e+000 -1.000000e+000
    outer loop
      vertex  1.041149e+000  2.674483e+001  0.000000e+000
      vertex  2.563079e+000  2.658090e+001  0.000000e+000
      vertex  1.436921e+000 -2.658090e+001  0.000000e+000
    endloop
  endfacet
  facet normal  0.000000e+000  0.000000e+000 -1.000000e+000
    outer loop
      vertex  1.436921e+000 -2.658090e+001  0.000000e+000
      vertex  2.563079e+000  2.658090e+001  0.000000e+000
      vertex  2.943692e+001 -2.683090e+001  0.000000e+000
    endloop
  endfacet
  facet normal  0.000000e+000  0.000000e+000 -1.000000e+000
    outer loop
      vertex  1.436921e+000 -2.658090e+001  0.000000e+000
      vertex  2.943692e+001 -2.683090e+001  0.000000e+000
      vertex  2.958851e+000 -2.674483e+001  0.000000e+000
    endloop
  endfacet
  facet normal  1.497198e-018  4.606143e-016 -1.000000e+000
    outer loop
      vertex  2.958851e+000 -2.674483e+001  0.000000e+000
      vertex  2.943692e+001 -2.683090e+001  0.000000e+000
      vertex  2.824483e+001 -2.779115e+001 -4.440892e-016
    endloop
  endfacet
  facet normal -1.816824e-017 -1.463489e-017 -1.000000e+000
    outer loop
      vertex  2.958851e+000 -2.674483e+001  0.000000e+000
      vertex  2.824483e+001 -2.779115e+001 -4.440892e-016
      vertex  3.919099e+000 -2.793692e+001  0.000000e+000
    endloop
  endfacet
  facet normal -1.651805e-017 -2.900141e-016 -1.000000e+000
    outer loop
      vertex  3.919099e+000 -2.793692e+001  0.000000e+000
      vertex  2.824483e+001 -2.779115e+001 -4.440892e-016
      vertex  2.808090e+001 -2.931308e+001  0.000000e+000
    endloop
  endfacet
  facet normal  1.651805e-017  2.900141e-016 -1.000000e+000
    outer loop
      vertex  3.919099e+000 -2.793692e+001  0.000000e+000
      vertex  2.808090e+001 -2.931308e+001  0.000000e+000
      vertex  3.755165e+000 -2.945885e+001 -4.440892e-016
    endloop
  endfacet
  facet normal  1.816824e-017  1.463489e-017 -1.000000e+000
    outer loop
      vertex  3.755165e+000 -2.945885e+001 -4.440892e-016
      vertex  2.808090e+001 -2.931308e+001  0.000000e+000
      vertex  2.904115e+001 -3.050517e+001  0.000000e+000
    endloop
  endfacet
  facet normal -1.497198e-018 -4.606143e-016 -1.000000e+000
    outer loop
      vertex  3.755165e+000 -2.945885e+001 -4.440892e-016
      vertex  2.904115e+001 -3.050517e+001  0.000000e+000
      vertex  2.563079e+000 -3.041910e+001  0.000000e+000
    endloop
  endfacet
  facet normal -4.175506e-018  4.676566e-016 -1.000000e+000
    outer loop
      vertex  2.824483e+001  2.970885e+001 -4.440892e-016
      vertex  1.436921e+000  3.041910e+001  0.000000e+000
      vertex  2.943692e+001  3.066910e+001  0.000000e+000
    endloop
  endfacet
  facet normal -2.196924e-017 -2.039572e-016 -1.000000e+000
    outer loop
      vertex  1.436921e+000  3.041910e+001  0.000000e+000
      vertex  2.824483e+001  2.970885e+001 -4.440892e-016
      vertex  2.958851e+000  3.025517e+001  0.000000e+000
    endloop
  endfacet
  facet normal -2.381157e-017 -2.892285e-016 -1.000000e+000
    outer loop
      vertex  2.958851e+000  3.025517e+001  0.000000e+000
      vertex  2.824483e+001  2.970885e+001 -4.440892e-016
      vertex  2.808090e+001  2.818692e+001  0.000000e+000
    endloop
  endfacet
  facet normal  0.000000e+000  0.000000e+000 -1.000000e+000
    outer loop
      vertex  2.958851e+000  3.025517e+001  0.000000e+000
      vertex  2.808090e+001  2.818692e+001  0.000000e+000
      vertex  3.919099e+000  2.906308e+001  0.000000e+000
    endloop
  endfacet
  facet normal  0.000000e+000  0.000000e+000 -1.000000e+000
    outer loop
      vertex  3.919099e+000  2.906308e+001  0.000000e+000
      vertex  2.808090e+001  2.818692e+001  0.000000e+000
      vertex  2.904115e+001  2.699483e+001  0.000000e+000
    endloop
  endfacet
  facet normal  2.381157e-017  2.892285e-016 -1.000000e+000
    outer loop
      vertex  3.919099e+000  2.906308e+001  0.000000e+000
      vertex  2.904115e+001  2.699483e+001  0.000000e+000
      vertex  3.755165e+000  2.754115e+001 -4.440892e-016
    endloop
  endfacet
  facet normal  7.787675e-001  6.273126e-001  -0.000000e+000
    outer loop
      vertex  1.041149e+000  2.674483e+001  2.500000e+000
      vertex  8.090074e-002  2.793692e+001  0.000000e+000
      vertex  8.090074e-002  2.793692e+001  2.500000e+000
    endloop
  endfacet
  facet normal  9.942489e-001 -1.070951e-001  0.000000e+000
    outer loop
      vertex  8.090074e-002  2.793692e+001  2.500000e+000
      vertex  8.090074e-002  2.793692e+001  0.000000e+000
      vertex  2.448349e-001  2.945885e+001 -4.440892e-016
    endloop
  endfacet
  facet normal  9.942489e-001 -1.070951e-001  0.000000e+000
    outer loop
      vertex  8.090074e-002  2.793692e+001  2.500000e+000
      vertex  2.448349e-001  2.945885e+001 -4.440892e-016
      vertex  2.448349e-001  2.945885e+001  2.500000e+000
    endloop
  endfacet
  facet normal  7.787675e-001  6.273126e-001  0.000000e+000
    outer loop
      vertex  8.090074e-002  2.793692e+001  0.000000e+000
      vertex  1.041149e+000  2.674483e+001  2.500000e+000
      vertex  1.041149e+000  2.674483e+001  0.000000e+000
    endloop
  endfacet
  facet normal  1.070955e-001  9.942487e-001  -0.000000e+000
    outer loop
      vertex  1.041149e+000  2.674483e+001  0.000000e+000
      vertex  1.041149e+000  2.674483e+001  2.500000e+000
      vertex  2.563079e+000  2.658090e+001  2.500000e+000
    endloop
  endfacet
  facet normal  1.070955e-001  9.942487e-001  0.000000e+000
    outer loop
      vertex  1.041149e+000  2.674483e+001  0.000000e+000
      vertex  2.563079e+000  2.658090e+001  2.500000e+000
      vertex  2.563079e+000  2.658090e+001  0.000000e+000
    endloop
  endfacet
  facet normal -6.273127e-001  7.787675e-001  0.000000e+000
    outer loop
      vertex  2.563079e+000  2.658090e+001  0.000000e+000
      vertex  2.563079e+000  2.658090e+001  2.500000e+000
      vertex  3.755165e+000  2.754115e+001  2.500000e+000
    endloop
  endfacet
  facet normal -6.273127e-001  7.787675e-001  0.000000e+000
    outer loop
      vertex  2.563079e+000  2.658090e+001  0.000000e+000
      vertex  3.755165e+000  2.754115e+001  2.500000e+000
      vertex  3.755165e+000  2.754115e+001 -4.440892e-016
    endloop
  endfacet
  facet normal -7.787675e-001 -6.273126e-001  0.000000e+000
    outer loop
      vertex  2.958851e+000  3.025517e+001  2.500000e+000
      vertex  3.919099e+000  2.906308e+001  0.000000e+000
      vertex  3.919099e+000  2.906308e+001  2.500000e+000
    endloop
  endfacet
  facet normal -9.942489e-001  1.070952e-001  0.000000e+000
    outer loop
      vertex  3.919099e+000  2.906308e+001  2.500000e+000
      vertex  3.919099e+000  2.906308e+001  0.000000e+000
      vertex  3.755165e+000  2.754115e+001 -4.440892e-016
    endloop
  endfacet
  facet normal -9.942489e-001  1.070952e-001  0.000000e+000
    outer loop
      vertex  3.919099e+000  2.906308e+001  2.500000e+000
      vertex  3.755165e+000  2.754115e+001 -4.440892e-016
      vertex  3.755165e+000  2.754115e+001  2.500000e+000
    endloop
  endfacet
  facet normal -7.787675e-001 -6.273126e-001  -0.000000e+000
    outer loop
      vertex  3.919099e+000  2.906308e+001  0.000000e+000
      vertex  2.958851e+000  3.025517e+001  2.500000e+000
      vertex  2.958851e+000  3.025517e+001  0.000000e+000
    endloop
  endfacet
  facet normal -1.070955e-001 -9.942487e-001  0.000000e+000
    outer loop
      vertex  2.958851e+000  3.025517e+001  0.000000e+000
      vertex  2.958851e+000  3.025517e+001  2.500000e+000
      vertex  1.436921e+000  3.041910e+001  2.500000e+000
    endloop
  endfacet
  facet normal -1.070955e-001 -9.942487e-001  -0.000000e+000
    outer loop
      vertex  2.958851e+000  3.025517e+001  0.000000e+000
      vertex  1.436921e+000  3.041910e+001  2.500000e+000
      vertex  1.436921e+000  3.041910e+001  0.000000e+000
    endloop
  endfacet
  facet normal  6.273127e-001 -7.787675e-001  0.000000e+000
    outer loop
      vertex  1.436921e+000  3.041910e+001  0.000000e+000
      vertex  1.436921e+000  3.041910e+001  2.500000e+000
      vertex  2.448349e-001  2.945885e+001  2.500000e+000
    endloop
  endfacet
  facet normal  6.273127e-001 -7.787675e-001  0.000000e+000
    outer loop
      vertex  1.436921e+000  3.041910e+001  0.000000e+000
      vertex  2.448349e-001  2.945885e+001  2.500000e+000
      vertex  2.448349e-001  2.945885e+001 -4.440892e-016
    endloop
  endfacet
  facet normal  7.787673e-001  6.273129e-001  -0.000000e+000
    outer loop
      vertex  2.904115e+001  2.699483e+001  2.500000e+000
      vertex  2.808090e+001  2.818692e+001  0.000000e+000
      vertex  2.808090e+001  2.818692e+001  2.500000e+000
    endloop
  endfacet
  facet normal  9.942487e-001 -1.070955e-001  0.000000e+000
    outer loop
      vertex  2.808090e+001  2.818692e+001  2.500000e+000
      vertex  2.808090e+001  2.818692e+001  0.000000e+000
      vertex  2.824483e+001  2.970885e+001 -4.440892e-016
    endloop
  endfacet
  facet normal  9.942487e-001 -1.070955e-001  0.000000e+000
    outer loop
      vertex  2.808090e+001  2.818692e+001  2.500000e+000
      vertex  2.824483e+001  2.970885e+001 -4.440892e-016
      vertex  2.824483e+001  2.970885e+001  2.500000e+000
    endloop
  endfacet
  facet normal  7.787673e-001  6.273129e-001  0.000000e+000
    outer loop
      vertex  2.808090e+001  2.818692e+001  0.000000e+000
      vertex  2.904115e+001  2.699483e+001  2.500000e+000
      vertex  2.904115e+001  2.699483e+001  0.000000e+000
    endloop
  endfacet
  facet normal  1.070955e-001  9.942487e-001  -0.000000e+000
    outer loop
      vertex  2.904115e+001  2.699483e+001  0.000000e+000
      vertex  2.904115e+001  2.699483e+001  2.500000e+000
      vertex  3.056308e+001  2.683090e+001  2.500000e+000
    endloop
  endfacet
  facet normal  1.070955e-001  9.942487e-001  0.000000e+000
    outer loop
      vertex  2.904115e+001  2.699483e+001  0.000000e+000
      vertex  3.056308e+001  2.683090e+001  2.500000e+000
      vertex  3.056308e+001  2.683090e+001  0.000000e+000
    endloop
  endfacet
  facet normal -6.273129e-001  7.787673e-001  0.000000e+000
    outer loop
      vertex  3.056308e+001  2.683090e+001  0.000000e+000
      vertex  3.056308e+001  2.683090e+001  2.500000e+000
      vertex  3.175517e+001  2.779115e+001  2.500000e+000
    endloop
  endfacet
  facet normal -6.273129e-001  7.787673e-001  0.000000e+000
    outer loop
      vertex  3.056308e+001  2.683090e+001  0.000000e+000
      vertex  3.175517e+001  2.779115e+001  2.500000e+000
      vertex  3.175517e+001  2.779115e+001 -4.440892e-016
    endloop
  endfacet
  facet normal -7.787673e-001 -6.273129e-001  0.000000e+000
    outer loop
      vertex  3.095885e+001  3.050517e+001  2.500000e+000
      vertex  3.191910e+001  2.931308e+001  0.000000e+000
      vertex  3.191910e+001  2.931308e+001  2.500000e+000
    endloop
  endfacet
  facet normal -9.942487e-001  1.070955e-001  0.000000e+000
    outer loop
      vertex  3.191910e+001  2.931308e+001  2.500000e+000
      vertex  3.191910e+001  2.931308e+001  0.000000e+000
      vertex  3.175517e+001  2.779115e+001 -4.440892e-016
    endloop
  endfacet
  facet normal -9.942487e-001  1.070955e-001  0.000000e+000
    outer loop
      vertex  3.191910e+001  2.931308e+001  2.500000e+000
      vertex  3.175517e+001  2.779115e+001 -4.440892e-016
      vertex  3.175517e+001  2.779115e+001  2.500000e+000
    endloop
  endfacet
  facet normal -7.787673e-001 -6.273129e-001  -0.000000e+000
    outer loop
      vertex  3.191910e+001  2.931308e+001  0.000000e+000
      vertex  3.095885e+001  3.050517e+001  2.500000e+000
      vertex  3.095885e+001  3.050517e+001  0.000000e+000
    endloop
  endfacet
  facet normal -1.070955e-001 -9.942487e-001  0.000000e+000
    outer loop
      vertex  3.095885e+001  3.050517e+001  0.000000e+000
      vertex  3.095885e+001  3.050517e+001  2.500000e+000
      vertex  2.943692e+001  3.066910e+001  2.500000e+000
    endloop
  endfacet
  facet normal -1.070955e-001 -9.942487e-001  -0.000000e+000
    outer loop
      vertex  3.095885e+001  3.050517e+001  0.000000e+000
      vertex  2.943692e+001  3.066910e+001  2.500000e+000
      vertex  2.943692e+001  3.066910e+001  0.000000e+000
    endloop
  endfacet
  facet normal  6.273129e-001 -7.787673e-001  0.000000e+000
    outer loop
      vertex  2.943692e+001  3.066910e+001  0.000000e+000
      vertex  2.943692e+001  3.066910e+001  2.500000e+000
      vertex  2.824483e+001  2.970885e+001  2.500000e+000
    endloop
  endfacet
  facet normal  6.273129e-001 -7.787673e-001  0.000000e+000
    outer loop
      vertex  2.943692e+001  3.066910e+001  0.000000e+000
      vertex  2.824483e+001  2.970885e+001  2.500000e+000
      vertex  2.824483e+001  2.970885e+001 -4.440892e-016
    endloop
  endfacet
  facet normal  7.787675e-001  6.273126e-001  -0.000000e+000
    outer loop
      vertex  1.041149e+000 -3.025517e+001  2.500000e+000
      vertex  8.090074e-002 -2.906308e+001  0.000000e+000
      vertex  8.090074e-002 -2.906308e+001  2.500000e+000
    endloop
  endfacet
  facet normal  9.942489e-001 -1.070951e-001  0.000000e+000
    outer loop
      vertex  8.090074e-002 -2.906308e+001  2.500000e+000
      vertex  8.090074e-002 -2.906308e+001  0.000000e+000
      vertex  2.448349e-001 -2.754115e+001 -4.440892e-016
    endloop
  endfacet
  facet normal  9.942489e-001 -1.070951e-001  0.000000e+000
    outer loop
      vertex  8.090074e-002 -2.906308e+001  2.500000e+000
      vertex  2.448349e-001 -2.754115e+001 -4.440892e-016
      vertex  2.448349e-001 -2.754115e+001  2.500000e+000
    endloop
  endfacet
  facet normal  7.787675e-001  6.273126e-001  0.000000e+000
    outer loop
      vertex  8.090074e-002 -2.906308e+001  0.000000e+000
      vertex  1.041149e+000 -3.025517e+001  2.500000e+000
      vertex  1.041149e+000 -3.025517e+001  0.000000e+000
    endloop
  endfacet
  facet normal  1.070955e-001  9.942487e-001  -0.000000e+000
    outer loop
      vertex  1.041149e+000 -3.025517e+001  0.000000e+000
      vertex  1.041149e+000 -3.025517e+001  2.500000e+000
      vertex  2.563079e+000 -3.041910e+001  2.500000e+000
    endloop
  endfacet
  facet normal  1.070955e-001  9.942487e-001  0.000000e+000
    outer loop
      vertex  1.041149e+000 -3.025517e+001  0.000000e+000
      vertex  2.563079e+000 -3.041910e+001  2.500000e+000
      vertex  2.563079e+000 -3.041910e+001  0.000000e+000
    endloop
  endfacet
  facet normal -6.273127e-001  7.787675e-001  0.000000e+000
    outer loop
      vertex  2.563079e+000 -3.041910e+001  0.000000e+000
      vertex  2.563079e+000 -3.041910e+001  2.500000e+000
      vertex  3.755165e+000 -2.945885e+001  2.500000e+000
    endloop
  endfacet
  facet normal -6.273127e-001  7.787675e-001  0.000000e+000
    outer loop
      vertex  2.563079e+000 -3.041910e+001  0.000000e+000
      vertex  3.755165e+000 -2.945885e+001  2.500000e+000
      vertex  3.755165e+000 -2.945885e+001 -4.440892e-016
    endloop
  endfacet
  facet normal -7.787675e-001 -6.273126e-001  0.000000e+000
    outer loop
      vertex  2.958851e+000 -2.674483e+001  2.500000e+000
      vertex  3.919099e+000 -2.793692e+001  0.000000e+000
      vertex  3.919099e+000 -2.793692e+001  2.500000e+000
    endloop
  endfacet
  facet normal -9.942489e-001  1.070952e-001  0.000000e+000
    outer loop
      vertex  3.919099e+000 -2.793692e+001  2.500000e+000
      vertex  3.919099e+000 -2.793692e+001  0.000000e+000
      vertex  3.755165e+000 -2.945885e+001 -4.440892e-016
    endloop
  endfacet
  facet normal -9.942489e-001  1.070952e-001  0.000000e+000
    outer loop
      vertex  3.919099e+000 -2.793692e+001  2.500000e+000
      vertex  3.755165e+000 -2.945885e+001 -4.440892e-016
      vertex  3.755165e+000 -2.945885e+001  2.500000e+000
    endloop
  endfacet
  facet normal -7.787675e-001 -6.273126e-001  -0.000000e+000
    outer loop
      vertex  3.919099e+000 -2.793692e+001  0.000000e+000
      vertex  2.958851e+000 -2.674483e+001  2.500000e+000
      vertex  2.958851e+000 -2.674483e+001  0.000000e+000
    endloop
  endfacet
  facet normal -1.070955e-001 -9.942487e-001  0.000000e+000
    outer loop
      vertex  2.958851e+000 -2.674483e+001  0.000000e+000
      vertex  2.958851e+000 -2.674483e+001  2.500000e+000
      vertex  1.436921e+000 -2.658090e+001  2.500000e+000
    endloop
  endfacet
  facet normal -1.070955e-001 -9.942487e-001  -0.000000e+000
    outer loop
      vertex  2.958851e+000 -2.674483e+001  0.000000e+000
      vertex  1.436921e+000 -2.658090e+001  2.500000e+000
      vertex  1.436921e+000 -2.658090e+001  0.000000e+000
    endloop
  endfacet
  facet normal  6.273127e-001 -7.787675e-001  0.000000e+000
    outer loop
      vertex  1.436921e+000 -2.658090e+001  0.000000e+000
      vertex  1.436921e+000 -2.658090e+001  2.500000e+000
      vertex  2.448349e-001 -2.754115e+001  2.500000e+000
    endloop
  endfacet
  facet normal  6.273127e-001 -7.787675e-001  0.000000e+000
    outer loop
      vertex  1.436921e+000 -2.658090e+001  0.000000e+000
      vertex  2.448349e-001 -2.754115e+001  2.500000e+000
      vertex  2.448349e-001 -2.754115e+001 -4.440892e-016
    endloop
  endfacet
  facet normal  7.787673e-001  6.273129e-001  -0.000000e+000
    outer loop
      vertex  2.904115e+001 -3.050517e+001  2.500000e+000
      vertex  2.808090e+001 -2.931308e+001  0.000000e+000
      vertex  2.808090e+001 -2.931308e+001  2.500000e+000
    endloop
  endfacet
  facet normal  9.942487e-001 -1.070955e-001  0.000000e+000
    outer loop
      vertex  2.808090e+001 -2.931308e+001  2.500000e+000
      vertex  2.808090e+001 -2.931308e+001  0.000000e+000
      vertex  2.824483e+001 -2.779115e+001 -4.440892e-016
    endloop
  endfacet
  facet normal  9.942487e-001 -1.070955e-001  0.000000e+000
    outer loop
      vertex  2.808090e+001 -2.931308e+001  2.500000e+000
      vertex  2.824483e+001 -2.779115e+001 -4.440892e-016
      vertex  2.824483e+001 -2.779115e+001  2.500000e+000
    endloop
  endfacet
  facet normal  7.787673e-001  6.273129e-001  0.000000e+000
    outer loop
      vertex  2.808090e+001 -2.931308e+001  0.000000e+000
      vertex  2.904115e+001 -3.050517e+001  2.500000e+000
      vertex  2.904115e+001 -3.050517e+001  0.000000e+000
    endloop
  endfacet
  facet normal  1.070955e-001  9.942487e-001  -0.000000e+000
    outer loop
      vertex  2.904115e+001 -3.050517e+001  0.000000e+000
      vertex  2.904115e+001 -3.050517e+001  2.500000e+000
      vertex  3.056308e+001 -3.066910e+001  2.500000e+000
    endloop
  endfacet
  facet normal  1.070955e-001  9.942487e-001  0.000000e+000
    outer loop
      vertex  2.904115e+001 -3.050517e+001  0.000000e+000
      vertex  3.056308e+001 -3.066910e+001  2.500000e+000
      vertex  3.056308e+001 -3.066910e+001  0.000000e+000
    endloop
  endfacet
  facet normal -6.273129e-001  7.787673e-001  0.000000e+000
    outer loop
      vertex  3.056308e+001 -3.066910e+001  0.000000e+000
      vertex  3.056308e+001 -3.066910e+001  2.500000e+000
      vertex  3.175517e+001 -2.970885e+001  2.500000e+000
    endloop
  endfacet
  facet normal -6.273129e-001  7.787673e-001  0.000000e+000
    outer loop
      vertex  3.056308e+001 -3.066910e+001  0.000000e+000
      vertex  3.175517e+001 -2.970885e+001  2.500000e+000
      vertex  3.175517e+001 -2.970885e+001 -4.440892e-016
    endloop
  endfacet
  facet normal -7.787673e-001 -6.273129e-001  0.000000e+000
    outer loop
      vertex  3.095885e+001 -2.699483e+001  2.500000e+000
      vertex  3.191910e+001 -2.818692e+001  0.000000e+000
      vertex  3.191910e+001 -2.818692e+001  2.500000e+000
    endloop
  endfacet
  facet normal -9.942487e-001  1.070955e-001  0.000000e+000
    outer loop
      vertex  3.191910e+001 -2.818692e+001  2.500000e+000
      vertex  3.191910e+001 -2.818692e+001  0.000000e+000
      vertex  3.175517e+001 -2.970885e+001 -4.440892e-016
    endloop
  endfacet
  facet normal -9.942487e-001  1.070955e-001  0.000000e+000
    outer loop
      vertex  3.191910e+001 -2.818692e+001  2.500000e+000
      vertex  3.175517e+001 -2.970885e+001 -4.440892e-016
      vertex  3.175517e+001 -2.970885e+001  2.500000e+000
    endloop
  endfacet
  facet normal -7.787673e-001 -6.273129e-001  -0.000000e+000
    outer loop
      vertex  3.191910e+001 -2.818692e+001  0.000000e+000
      vertex  3.095885e+001 -2.699483e+001  2.500000e+000
      vertex  3.095885e+001 -2.699483e+001  0.000000e+000
    endloop
  endfacet
  facet normal -1.070955e-001 -9.942487e-001  0.000000e+000
    outer loop
      vertex  3.095885e+001 -2.699483e+001  0.000000e+000
      vertex  3.095885e+001 -2.699483e+001  2.500000e+000
      vertex  2.943692e+001 -2.683090e+001  2.500000e+000
    endloop
  endfacet
  facet normal -1.070955e-001 -9.942487e-001  -0.000000e+000
    outer loop
      vertex  3.095885e+001 -2.699483e+001  0.000000e+000
      vertex  2.943692e+001 -2.683090e+001  2.500000e+000
      vertex  2.943692e+001 -2.683090e+001  0.000000e+000
    endloop
  endfacet
  facet normal  6.273129e-001 -7.787673e-001  0.000000e+000
    outer loop
      vertex  2.943692e+001 -2.683090e+001  0.000000e+000
      vertex  2.943692e+001 -2.683090e+001  2.500000e+000
      vertex  2.824483e+001 -2.779115e+001  2.500000e+000
    endloop
  endfacet
  facet normal  6.273129e-001 -7.787673e-001  0.000000e+000
    outer loop
      vertex  2.943692e+001 -2.683090e+001  0.000000e+000
      vertex  2.824483e+001 -2.779115e+001  2.500000e+000
      vertex  2.824483e+001 -2.779115e+001 -4.440892e-016
    endloop
  endfacet
  facet normal  0.000000e+000  0.000000e+000  1.000000e+000
    outer loop
      vertex -5.076777e+001 -2.723223e+001  5.500000e+000
      vertex -4.723223e+001 -2.723223e+001  5.500000e+000
      vertex -4.900000e+001 -2.650000e+001  5.500000e+000
    endloop
  endfacet
  facet normal  -0.000000e+000  0.000000e+000  1.000000e+000
    outer loop
      vertex -4.723223e+001 -2.723223e+001  5.500000e+000
      vertex -5.076777e+001 -2.723223e+001  5.500000e+000
      vertex -4.650000e+001 -2.900000e+001  5.500000e+000
    endloop
  endfacet
  facet normal  0.000000e+000  0.000000e+000  1.000000e+000
    outer loop
      vertex -4.650000e+001 -2.900000e+001  5.500000e+000
      vertex -5.076777e+001 -2.723223e+001  5.500000e+000
      vertex -5.150000e+001 -2.900000e+001  5.500000e+000
    endloop
  endfacet
  facet normal  -0.000000e+000  0.000000e+000  1.000000e+000
    outer loop
      vertex -4.650000e+001 -2.900000e+001  5.500000e+000
      vertex -5.150000e+001 -2.900000e+001  5.500000e+000
      vertex -4.723223e+001 -3.076777e+001  5.500000e+000
    endloop
  endfacet
  facet normal  0.000000e+000  0.000000e+000  1.000000e+000
    outer loop
      vertex -4.723223e+001 -3.076777e+001  5.500000e+000
      vertex -5.150000e+001 -2.900000e+001  5.500000e+000
      vertex -5.076777e+001 -3.076777e+001  5.500000e+000
    endloop
  endfacet
  facet normal  -0.000000e+000  0.000000e+000  1.000000e+000
    outer loop
      vertex -4.723223e+001 -3.076777e+001  5.500000e+000
      vertex -5.076777e+001 -3.076777e+001  5.500000e+000
      vertex -4.900000e+001 -3.150000e+001  5.500000e+000
    endloop
  endfacet
  facet normal  0.000000e+000  0.000000e+000  1.000000e+000
    outer loop
      vertex -5.076777e+001  3.076777e+001  5.500000e+000
      vertex -4.723223e+001  3.076777e+001  5.500000e+000
      vertex -4.900000e+001  3.150000e+001  5.500000e+000
    endloop
  endfacet
  facet normal  -0.000000e+000  0.000000e+000  1.000000e+000
    outer loop
      vertex -4.723223e+001  3.076777e+001  5.500000e+000
      vertex -5.076777e+001  3.076777e+001  5.500000e+000
      vertex -4.650000e+001  2.900000e+001  5.500000e+000
    endloop
  endfacet
  facet normal  0.000000e+000  0.000000e+000  1.000000e+000
    outer loop
      vertex -4.650000e+001  2.900000e+001  5.500000e+000
      vertex -5.076777e+001  3.076777e+001  5.500000e+000
      vertex -5.150000e+001  2.900000e+001  5.500000e+000
    endloop
  endfacet
  facet normal  -0.000000e+000  0.000000e+000  1.000000e+000
    outer loop
      vertex -4.650000e+001  2.900000e+001  5.500000e+000
      vertex -5.150000e+001  2.900000e+001  5.500000e+000
      vertex -4.723223e+001  2.723223e+001  5.500000e+000
    endloop
  endfacet
  facet normal  0.000000e+000  0.000000e+000  1.000000e+000
    outer loop
      vertex -4.723223e+001  2.723223e+001  5.500000e+000
      vertex -5.150000e+001  2.900000e+001  5.500000e+000
      vertex -5.076777e+001  2.723223e+001  5.500000e+000
    endloop
  endfacet
  facet normal  -0.000000e+000  0.000000e+000  1.000000e+000
    outer loop
      vertex -4.723223e+001  2.723223e+001  5.500000e+000
      vertex -5.076777e+001  2.723223e+001  5.500000e+000
      vertex -4.900000e+001  2.650000e+001  5.500000e+000
    endloop
  endfacet
  facet normal  3.826831e-001 -9.238797e-001  0.000000e+000
    outer loop
      vertex -4.900000e+001 -2.650000e+001  5.500000e+000
      vertex -5.076777e+001 -2.723223e+001  1.850000e+001
      vertex -5.076777e+001 -2.723223e+001  5.500000e+000
    endloop
  endfacet
  facet normal  9.238799e-001 -3.826826e-001  0.000000e+000
    outer loop
      vertex -5.076777e+001 -2.723223e+001  5.500000e+000
      vertex -5.076777e+001 -2.723223e+001  1.850000e+001
      vertex -5.150000e+001 -2.900000e+001  1.850000e+001
    endloop
  endfacet
  facet normal  9.238799e-001 -3.826826e-001  0.000000e+000
    outer loop
      vertex -5.076777e+001 -2.723223e+001  5.500000e+000
      vertex -5.150000e+001 -2.900000e+001  1.850000e+001
      vertex -5.150000e+001 -2.900000e+001  5.500000e+000
    endloop
  endfacet
  facet normal  3.826831e-001 -9.238797e-001  0.000000e+000
    outer loop
      vertex -5.076777e+001 -2.723223e+001  1.850000e+001
      vertex -4.900000e+001 -2.650000e+001  5.500000e+000
      vertex -4.900000e+001 -2.650000e+001  1.850000e+001
    endloop
  endfacet
  facet normal -3.826831e-001 -9.238797e-001  -0.000000e+000
    outer loop
      vertex -4.900000e+001 -2.650000e+001  1.850000e+001
      vertex -4.900000e+001 -2.650000e+001  5.500000e+000
      vertex -4.723223e+001 -2.723223e+001  5.500000e+000
    endloop
  endfacet
  facet normal -3.826831e-001 -9.238797e-001  0.000000e+000
    outer loop
      vertex -4.900000e+001 -2.650000e+001  1.850000e+001
      vertex -4.723223e+001 -2.723223e+001  5.500000e+000
      vertex -4.723223e+001 -2.723223e+001  1.850000e+001
    endloop
  endfacet
  facet normal -9.238799e-001 -3.826826e-001  -0.000000e+000
    outer loop
      vertex -4.723223e+001 -2.723223e+001  1.850000e+001
      vertex -4.723223e+001 -2.723223e+001  5.500000e+000
      vertex -4.650000e+001 -2.900000e+001  5.500000e+000
    endloop
  endfacet
  facet normal -9.238799e-001 -3.826826e-001  0.000000e+000
    outer loop
      vertex -4.723223e+001 -2.723223e+001  1.850000e+001
      vertex -4.650000e+001 -2.900000e+001  5.500000e+000
      vertex -4.650000e+001 -2.900000e+001  1.850000e+001
    endloop
  endfacet
  facet normal -3.826831e-001  9.238797e-001  0.000000e+000
    outer loop
      vertex -4.900000e+001 -3.150000e+001  5.500000e+000
      vertex -4.723223e+001 -3.076777e+001  1.850000e+001
      vertex -4.723223e+001 -3.076777e+001  5.500000e+000
    endloop
  endfacet
  facet normal -9.238799e-001  3.826826e-001  0.000000e+000
    outer loop
      vertex -4.723223e+001 -3.076777e+001  5.500000e+000
      vertex -4.723223e+001 -3.076777e+001  1.850000e+001
      vertex -4.650000e+001 -2.900000e+001  1.850000e+001
    endloop
  endfacet
  facet normal -9.238799e-001  3.826826e-001  0.000000e+000
    outer loop
      vertex -4.723223e+001 -3.076777e+001  5.500000e+000
      vertex -4.650000e+001 -2.900000e+001  1.850000e+001
      vertex -4.650000e+001 -2.900000e+001  5.500000e+000
    endloop
  endfacet
  facet normal -3.826831e-001  9.238797e-001  0.000000e+000
    outer loop
      vertex -4.723223e+001 -3.076777e+001  1.850000e+001
      vertex -4.900000e+001 -3.150000e+001  5.500000e+000
      vertex -4.900000e+001 -3.150000e+001  1.850000e+001
    endloop
  endfacet
  facet normal  3.826831e-001  9.238797e-001  0.000000e+000
    outer loop
      vertex -4.900000e+001 -3.150000e+001  1.850000e+001
      vertex -4.900000e+001 -3.150000e+001  5.500000e+000
      vertex -5.076777e+001 -3.076777e+001  5.500000e+000
    endloop
  endfacet
  facet normal  3.826831e-001  9.238797e-001  -0.000000e+000
    outer loop
      vertex -4.900000e+001 -3.150000e+001  1.850000e+001
      vertex -5.076777e+001 -3.076777e+001  5.500000e+000
      vertex -5.076777e+001 -3.076777e+001  1.850000e+001
    endloop
  endfacet
  facet normal  9.238799e-001  3.826826e-001  0.000000e+000
    outer loop
      vertex -5.076777e+001 -3.076777e+001  1.850000e+001
      vertex -5.076777e+001 -3.076777e+001  5.500000e+000
      vertex -5.150000e+001 -2.900000e+001  5.500000e+000
    endloop
  endfacet
  facet normal  9.238799e-001  3.826826e-001  -0.000000e+000
    outer loop
      vertex -5.076777e+001 -3.076777e+001  1.850000e+001
      vertex -5.150000e+001 -2.900000e+001  5.500000e+000
      vertex -5.150000e+001 -2.900000e+001  1.850000e+001
    endloop
  endfacet
  facet normal  3.826831e-001 -9.238797e-001  0.000000e+000
    outer loop
      vertex -4.900000e+001  3.150000e+001  5.500000e+000
      vertex -5.076777e+001  3.076777e+001  1.850000e+001
      vertex -5.076777e+001  3.076777e+001  5.500000e+000
    endloop
  endfacet
  facet normal  9.238799e-001 -3.826826e-001  0.000000e+000
    outer loop
      vertex -5.076777e+001  3.076777e+001  5.500000e+000
      vertex -5.076777e+001  3.076777e+001  1.850000e+001
      vertex -5.150000e+001  2.900000e+001  1.850000e+001
    endloop
  endfacet
  facet normal  9.238799e-001 -3.826826e-001  0.000000e+000
    outer loop
      vertex -5.076777e+001  3.076777e+001  5.500000e+000
      vertex -5.150000e+001  2.900000e+001  1.850000e+001
      vertex -5.150000e+001  2.900000e+001  5.500000e+000
    endloop
  endfacet
  facet normal  3.826831e-001 -9.238797e-001  0.000000e+000
    outer loop
      vertex -5.076777e+001  3.076777e+001  1.850000e+001
      vertex -4.900000e+001  3.150000e+001  5.500000e+000
      vertex -4.900000e+001  3.150000e+001  1.850000e+001
    endloop
  endfacet
  facet normal -3.826831e-001 -9.238797e-001  -0.000000e+000
    outer loop
      vertex -4.900000e+001  3.150000e+001  1.850000e+001
      vertex -4.900000e+001  3.150000e+001  5.500000e+000
      vertex -4.723223e+001  3.076777e+001  5.500000e+000
    endloop
  endfacet
  facet normal -3.826831e-001 -9.238797e-001  0.000000e+000
    outer loop
      vertex -4.900000e+001  3.150000e+001  1.850000e+001
      vertex -4.723223e+001  3.076777e+001  5.500000e+000
      vertex -4.723223e+001  3.076777e+001  1.850000e+001
    endloop
  endfacet
  facet normal -9.238799e-001 -3.826826e-001  -0.000000e+000
    outer loop
      vertex -4.723223e+001  3.076777e+001  1.850000e+001
      vertex -4.723223e+001  3.076777e+001  5.500000e+000
      vertex -4.650000e+001  2.900000e+001  5.500000e+000
    endloop
  endfacet
  facet normal -9.238799e-001 -3.826826e-001  0.000000e+000
    outer loop
      vertex -4.723223e+001  3.076777e+001  1.850000e+001
      vertex -4.650000e+001  2.900000e+001  5.500000e+000
      vertex -4.650000e+001  2.900000e+001  1.850000e+001
    endloop
  endfacet
  facet normal -3.826831e-001  9.238797e-001  0.000000e+000
    outer loop
      vertex -4.900000e+001  2.650000e+001  5.500000e+000
      vertex -4.723223e+001  2.723223e+001  1.850000e+001
      vertex -4.723223e+001  2.723223e+001  5.500000e+000
    endloop
  endfacet
  facet normal -9.238799e-001  3.826826e-001  0.000000e+000
    outer loop
      vertex -4.723223e+001  2.723223e+001  5.500000e+000
      vertex -4.723223e+001  2.723223e+001  1.850000e+001
      vertex -4.650000e+001  2.900000e+001  1.850000e+001
    endloop
  endfacet
  facet normal -9.238799e-001  3.826826e-001  0.000000e+000
    outer loop
      vertex -4.723223e+001  2.723223e+001  5.500000e+000
      vertex -4.650000e+001  2.900000e+001  1.850000e+001
      vertex -4.650000e+001  2.900000e+001  5.500000e+000
    endloop
  endfacet
  facet normal -3.826831e-001  9.238797e-001  0.000000e+000
    outer loop
      vertex -4.723223e+001  2.723223e+001  1.850000e+001
      vertex -4.900000e+001  2.650000e+001  5.500000e+000
      vertex -4.900000e+001  2.650000e+001  1.850000e+001
    endloop
  endfacet
  facet normal  3.826831e-001  9.238797e-001  0.000000e+000
    outer loop
      vertex -4.900000e+001  2.650000e+001  1.850000e+001
      vertex -4.900000e+001  2.650000e+001  5.500000e+000
      vertex -5.076777e+001  2.723223e+001  5.500000e+000
    endloop
  endfacet
  facet normal  3.826831e-001  9.238797e-001  -0.000000e+000
    outer loop
      vertex -4.900000e+001  2.650000e+001  1.850000e+001
      vertex -5.076777e+001  2.723223e+001  5.500000e+000
      vertex -5.076777e+001  2.723223e+001  1.850000e+001
    endloop
  endfacet
  facet normal  9.238799e-001  3.826826e-001  0.000000e+000
    outer loop
      vertex -5.076777e+001  2.723223e+001  1.850000e+001
      vertex -5.076777e+001  2.723223e+001  5.500000e+000
      vertex -5.150000e+001  2.900000e+001  5.500000e+000
    endloop
  endfacet
  facet normal  9.238799e-001  3.826826e-001  -0.000000e+000
    outer loop
      vertex -5.076777e+001  2.723223e+001  1.850000e+001
      vertex -5.150000e+001  2.900000e+001  5.500000e+000
      vertex -5.150000e+001  2.900000e+001  1.850000e+001
    endloop
  endfacet
  facet normal  -0.000000e+000  0.000000e+000  1.000000e+000
    outer loop
      vertex -5.076777e+001 -3.076777e+001  1.850000e+001
      vertex -5.289711e+001 -3.125000e+001  1.850000e+001
      vertex -4.900000e+001 -3.150000e+001  1.850000e+001
    endloop
  endfacet
  facet normal  0.000000e+000  0.000000e+000  1.000000e+000
    outer loop
      vertex -4.510289e+001 -2.675000e+001  1.850000e+001
      vertex -4.900000e+001 -2.650000e+001  1.850000e+001
      vertex -4.723223e+001 -2.723223e+001  1.850000e+001
    endloop
  endfacet
  facet normal  0.000000e+000  0.000000e+000  1.000000e+000
    outer loop
      vertex -4.510289e+001 -2.675000e+001  1.850000e+001
      vertex -4.675000e+001 -2.510289e+001  1.850000e+001
      vertex -4.900000e+001 -2.650000e+001  1.850000e+001
    endloop
  endfacet
  facet normal  0.000000e+000  0.000000e+000  1.000000e+000
    outer loop
      vertex -4.900000e+001 -2.650000e+001  1.850000e+001
      vertex -4.675000e+001 -2.510289e+001  1.850000e+001
      vertex -4.900000e+001 -2.450000e+001  1.850000e+001
    endloop
  endfacet
  facet normal  0.000000e+000  0.000000e+000  9.999999e-001
    outer loop
      vertex -4.900000e+001 -2.650000e+001  1.850000e+001
      vertex -4.900000e+001 -2.450000e+001  1.850000e+001
      vertex -5.289711e+001 -2.675000e+001  1.850000e+001
    endloop
  endfacet
  facet normal  0.000000e+000  0.000000e+000  1.000000e+000
    outer loop
      vertex -5.289711e+001 -2.675000e+001  1.850000e+001
      vertex -4.900000e+001 -2.450000e+001  1.850000e+001
      vertex -5.125000e+001 -2.510289e+001  1.850000e+001
    endloop
  endfacet
  facet normal  0.000000e+000  0.000000e+000  9.999999e-001
    outer loop
      vertex -5.289711e+001 -3.125000e+001  1.850000e+001
      vertex -5.076777e+001 -3.076777e+001  1.850000e+001
      vertex -5.350000e+001 -2.900000e+001  1.850000e+001
    endloop
  endfacet
  facet normal  -0.000000e+000  0.000000e+000  1.000000e+000
    outer loop
      vertex -5.350000e+001 -2.900000e+001  1.850000e+001
      vertex -5.076777e+001 -3.076777e+001  1.850000e+001
      vertex -5.150000e+001 -2.900000e+001  1.850000e+001
    endloop
  endfacet
  facet normal  0.000000e+000  0.000000e+000  1.000000e+000
    outer loop
      vertex -5.350000e+001 -2.900000e+001  1.850000e+001
      vertex -5.150000e+001 -2.900000e+001  1.850000e+001
      vertex -5.289711e+001 -2.675000e+001  1.850000e+001
    endloop
  endfacet
  facet normal  0.000000e+000  0.000000e+000  1.000000e+000
    outer loop
      vertex -5.289711e+001 -2.675000e+001  1.850000e+001
      vertex -5.150000e+001 -2.900000e+001  1.850000e+001
      vertex -5.076777e+001 -2.723223e+001  1.850000e+001
    endloop
  endfacet
  facet normal  0.000000e+000  -0.000000e+000  1.000000e+000
    outer loop
      vertex -5.289711e+001 -2.675000e+001  1.850000e+001
      vertex -5.076777e+001 -2.723223e+001  1.850000e+001
      vertex -4.900000e+001 -2.650000e+001  1.850000e+001
    endloop
  endfacet
  facet normal  0.000000e+000  -0.000000e+000  1.000000e+000
    outer loop
      vertex -5.289711e+001 -3.125000e+001  1.850000e+001
      vertex -5.125000e+001 -3.289711e+001  1.850000e+001
      vertex -4.900000e+001 -3.150000e+001  1.850000e+001
    endloop
  endfacet
  facet normal  0.000000e+000  0.000000e+000  1.000000e+000
    outer loop
      vertex -4.900000e+001 -3.150000e+001  1.850000e+001
      vertex -5.125000e+001 -3.289711e+001  1.850000e+001
      vertex -4.900000e+001 -3.350000e+001  1.850000e+001
    endloop
  endfacet
  facet normal  0.000000e+000  0.000000e+000  9.999999e-001
    outer loop
      vertex -4.900000e+001 -3.150000e+001  1.850000e+001
      vertex -4.900000e+001 -3.350000e+001  1.850000e+001
      vertex -4.510289e+001 -3.125000e+001  1.850000e+001
    endloop
  endfacet
  facet normal  0.000000e+000  0.000000e+000  1.000000e+000
    outer loop
      vertex -4.510289e+001 -3.125000e+001  1.850000e+001
      vertex -4.900000e+001 -3.350000e+001  1.850000e+001
      vertex -4.675000e+001 -3.289711e+001  1.850000e+001
    endloop
  endfacet
  facet normal  -0.000000e+000  0.000000e+000  9.999999e-001
    outer loop
      vertex -4.510289e+001 -2.675000e+001  1.850000e+001
      vertex -4.723223e+001 -2.723223e+001  1.850000e+001
      vertex -4.450000e+001 -2.900000e+001  1.850000e+001
    endloop
  endfacet
  facet normal  0.000000e+000  0.000000e+000  1.000000e+000
    outer loop
      vertex -4.450000e+001 -2.900000e+001  1.850000e+001
      vertex -4.723223e+001 -2.723223e+001  1.850000e+001
      vertex -4.650000e+001 -2.900000e+001  1.850000e+001
    endloop
  endfacet
  facet normal  -0.000000e+000  0.000000e+000  1.000000e+000
    outer loop
      vertex -4.450000e+001 -2.900000e+001  1.850000e+001
      vertex -4.650000e+001 -2.900000e+001  1.850000e+001
      vertex -4.510289e+001 -3.125000e+001  1.850000e+001
    endloop
  endfacet
  facet normal  0.000000e+000  0.000000e+000  1.000000e+000
    outer loop
      vertex -4.510289e+001 -3.125000e+001  1.850000e+001
      vertex -4.650000e+001 -2.900000e+001  1.850000e+001
      vertex -4.723223e+001 -3.076777e+001  1.850000e+001
    endloop
  endfacet
  facet normal  0.000000e+000  0.000000e+000  1.000000e+000
    outer loop
      vertex -4.510289e+001 -3.125000e+001  1.850000e+001
      vertex -4.723223e+001 -3.076777e+001  1.850000e+001
      vertex -4.900000e+001 -3.150000e+001  1.850000e+001
    endloop
  endfacet
  facet normal  -0.000000e+000  0.000000e+000  1.000000e+000
    outer loop
      vertex -5.076777e+001  2.723223e+001  1.850000e+001
      vertex -5.289711e+001  2.675000e+001  1.850000e+001
      vertex -4.900000e+001  2.650000e+001  1.850000e+001
    endloop
  endfacet
  facet normal  0.000000e+000  0.000000e+000  1.000000e+000
    outer loop
      vertex -4.510289e+001  3.125000e+001  1.850000e+001
      vertex -4.900000e+001  3.150000e+001  1.850000e+001
      vertex -4.723223e+001  3.076777e+001  1.850000e+001
    endloop
  endfacet
  facet normal  0.000000e+000  0.000000e+000  1.000000e+000
    outer loop
      vertex -4.510289e+001  3.125000e+001  1.850000e+001
      vertex -4.675000e+001  3.289711e+001  1.850000e+001
      vertex -4.900000e+001  3.150000e+001  1.850000e+001
    endloop
  endfacet
  facet normal  0.000000e+000  0.000000e+000  1.000000e+000
    outer loop
      vertex -4.900000e+001  3.150000e+001  1.850000e+001
      vertex -4.675000e+001  3.289711e+001  1.850000e+001
      vertex -4.900000e+001  3.350000e+001  1.850000e+001
    endloop
  endfacet
  facet normal  0.000000e+000  0.000000e+000  9.999999e-001
    outer loop
      vertex -4.900000e+001  3.150000e+001  1.850000e+001
      vertex -4.900000e+001  3.350000e+001  1.850000e+001
      vertex -5.289711e+001  3.125000e+001  1.850000e+001
    endloop
  endfacet
  facet normal  0.000000e+000  0.000000e+000  1.000000e+000
    outer loop
      vertex -5.289711e+001  3.125000e+001  1.850000e+001
      vertex -4.900000e+001  3.350000e+001  1.850000e+001
      vertex -5.125000e+001  3.289711e+001  1.850000e+001
    endloop
  endfacet
  facet normal  0.000000e+000  0.000000e+000  9.999999e-001
    outer loop
      vertex -5.289711e+001  2.675000e+001  1.850000e+001
      vertex -5.076777e+001  2.723223e+001  1.850000e+001
      vertex -5.350000e+001  2.900000e+001  1.850000e+001
    endloop
  endfacet
  facet normal  -0.000000e+000  0.000000e+000  1.000000e+000
    outer loop
      vertex -5.350000e+001  2.900000e+001  1.850000e+001
      vertex -5.076777e+001  2.723223e+001  1.850000e+001
      vertex -5.150000e+001  2.900000e+001  1.850000e+001
    endloop
  endfacet
  facet normal  0.000000e+000  0.000000e+000  1.000000e+000
    outer loop
      vertex -5.350000e+001  2.900000e+001  1.850000e+001
      vertex -5.150000e+001  2.900000e+001  1.850000e+001
      vertex -5.289711e+001  3.125000e+001  1.850000e+001
    endloop
  endfacet
  facet normal  0.000000e+000  0.000000e+000  1.000000e+000
    outer loop
      vertex -5.289711e+001  3.125000e+001  1.850000e+001
      vertex -5.150000e+001  2.900000e+001  1.850000e+001
      vertex -5.076777e+001  3.076777e+001  1.850000e+001
    endloop
  endfacet
  facet normal  0.000000e+000  -0.000000e+000  1.000000e+000
    outer loop
      vertex -5.289711e+001  3.125000e+001  1.850000e+001
      vertex -5.076777e+001  3.076777e+001  1.850000e+001
      vertex -4.900000e+001  3.150000e+001  1.850000e+001
    endloop
  endfacet
  facet normal  0.000000e+000  -0.000000e+000  1.000000e+000
    outer loop
      vertex -5.289711e+001  2.675000e+001  1.850000e+001
      vertex -5.125000e+001  2.510289e+001  1.850000e+001
      vertex -4.900000e+001  2.650000e+001  1.850000e+001
    endloop
  endfacet
  facet normal  0.000000e+000  0.000000e+000  1.000000e+000
    outer loop
      vertex -4.900000e+001  2.650000e+001  1.850000e+001
      vertex -5.125000e+001  2.510289e+001  1.850000e+001
      vertex -4.900000e+001  2.450000e+001  1.850000e+001
    endloop
  endfacet
  facet normal  0.000000e+000  0.000000e+000  9.999999e-001
    outer loop
      vertex -4.900000e+001  2.650000e+001  1.850000e+001
      vertex -4.900000e+001  2.450000e+001  1.850000e+001
      vertex -4.510289e+001  2.675000e+001  1.850000e+001
    endloop
  endfacet
  facet normal  0.000000e+000  0.000000e+000  1.000000e+000
    outer loop
      vertex -4.510289e+001  2.675000e+001  1.850000e+001
      vertex -4.900000e+001  2.450000e+001  1.850000e+001
      vertex -4.675000e+001  2.510289e+001  1.850000e+001
    endloop
  endfacet
  facet normal  -0.000000e+000  0.000000e+000  9.999999e-001
    outer loop
      vertex -4.510289e+001  3.125000e+001  1.850000e+001
      vertex -4.723223e+001  3.076777e+001  1.850000e+001
      vertex -4.450000e+001  2.900000e+001  1.850000e+001
    endloop
  endfacet
  facet normal  0.000000e+000  0.000000e+000  1.000000e+000
    outer loop
      vertex -4.450000e+001  2.900000e+001  1.850000e+001
      vertex -4.723223e+001  3.076777e+001  1.850000e+001
      vertex -4.650000e+001  2.900000e+001  1.850000e+001
    endloop
  endfacet
  facet normal  -0.000000e+000  0.000000e+000  1.000000e+000
    outer loop
      vertex -4.450000e+001  2.900000e+001  1.850000e+001
      vertex -4.650000e+001  2.900000e+001  1.850000e+001
      vertex -4.510289e+001  2.675000e+001  1.850000e+001
    endloop
  endfacet
  facet normal  0.000000e+000  0.000000e+000  1.000000e+000
    outer loop
      vertex -4.510289e+001  2.675000e+001  1.850000e+001
      vertex -4.650000e+001  2.900000e+001  1.850000e+001
      vertex -4.723223e+001  2.723223e+001  1.850000e+001
    endloop
  endfacet
  facet normal  0.000000e+000  0.000000e+000  1.000000e+000
    outer loop
      vertex -4.510289e+001  2.675000e+001  1.850000e+001
      vertex -4.723223e+001  2.723223e+001  1.850000e+001
      vertex -4.900000e+001  2.650000e+001  1.850000e+001
    endloop
  endfacet
  facet normal  0.000000e+000  0.000000e+000  1.000000e+000
    outer loop
      vertex  3.723223e+001  3.076777e+001  2.500000e+000
      vertex  4.076777e+001  3.076777e+001  2.500000e+000
      vertex  3.900000e+001  3.150000e+001  2.500000e+000
    endloop
  endfacet
  facet normal  -0.000000e+000  0.000000e+000  1.000000e+000
    outer loop
      vertex  4.076777e+001  3.076777e+001  2.500000e+000
      vertex  3.723223e+001  3.076777e+001  2.500000e+000
      vertex  4.150000e+001  2.900000e+001  2.500000e+000
    endloop
  endfacet
  facet normal  0.000000e+000  0.000000e+000  1.000000e+000
    outer loop
      vertex  4.150000e+001  2.900000e+001  2.500000e+000
      vertex  3.723223e+001  3.076777e+001  2.500000e+000
      vertex  3.650000e+001  2.900000e+001  2.500000e+000
    endloop
  endfacet
  facet normal  -0.000000e+000  0.000000e+000  1.000000e+000
    outer loop
      vertex  4.150000e+001  2.900000e+001  2.500000e+000
      vertex  3.650000e+001  2.900000e+001  2.500000e+000
      vertex  4.076777e+001  2.723223e+001  2.500000e+000
    endloop
  endfacet
  facet normal  0.000000e+000  0.000000e+000  1.000000e+000
    outer loop
      vertex  4.076777e+001  2.723223e+001  2.500000e+000
      vertex  3.650000e+001  2.900000e+001  2.500000e+000
      vertex  3.723223e+001  2.723223e+001  2.500000e+000
    endloop
  endfacet
  facet normal  -0.000000e+000  0.000000e+000  1.000000e+000
    outer loop
      vertex  4.076777e+001  2.723223e+001  2.500000e+000
      vertex  3.723223e+001  2.723223e+001  2.500000e+000
      vertex  3.900000e+001  2.650000e+001  2.500000e+000
    endloop
  endfacet
  facet normal  0.000000e+000  0.000000e+000  1.000000e+000
    outer loop
      vertex  3.723223e+001 -2.723223e+001  2.500000e+000
      vertex  4.076777e+001 -2.723223e+001  2.500000e+000
      vertex  3.900000e+001 -2.650000e+001  2.500000e+000
    endloop
  endfacet
  facet normal  -0.000000e+000  0.000000e+000  1.000000e+000
    outer loop
      vertex  4.076777e+001 -2.723223e+001  2.500000e+000
      vertex  3.723223e+001 -2.723223e+001  2.500000e+000
      vertex  4.150000e+001 -2.900000e+001  2.500000e+000
    endloop
  endfacet
  facet normal  0.000000e+000  0.000000e+000  1.000000e+000
    outer loop
      vertex  4.150000e+001 -2.900000e+001  2.500000e+000
      vertex  3.723223e+001 -2.723223e+001  2.500000e+000
      vertex  3.650000e+001 -2.900000e+001  2.500000e+000
    endloop
  endfacet
  facet normal  -0.000000e+000  0.000000e+000  1.000000e+000
    outer loop
      vertex  4.150000e+001 -2.900000e+001  2.500000e+000
      vertex  3.650000e+001 -2.900000e+001  2.500000e+000
      vertex  4.076777e+001 -3.076777e+001  2.500000e+000
    endloop
  endfacet
  facet normal  0.000000e+000  0.000000e+000  1.000000e+000
    outer loop
      vertex  4.076777e+001 -3.076777e+001  2.500000e+000
      vertex  3.650000e+001 -2.900000e+001  2.500000e+000
      vertex  3.723223e+001 -3.076777e+001  2.500000e+000
    endloop
  endfacet
  facet normal  -0.000000e+000  0.000000e+000  1.000000e+000
    outer loop
      vertex  4.076777e+001 -3.076777e+001  2.500000e+000
      vertex  3.723223e+001 -3.076777e+001  2.500000e+000
      vertex  3.900000e+001 -3.150000e+001  2.500000e+000
    endloop
  endfacet
  facet normal  3.826831e-001 -9.238797e-001  0.000000e+000
    outer loop
      vertex  3.900000e+001  3.150000e+001  2.500000e+000
      vertex  3.723223e+001  3.076777e+001  1.850000e+001
      vertex  3.723223e+001  3.076777e+001  2.500000e+000
    endloop
  endfacet
  facet normal  9.238799e-001 -3.826826e-001  0.000000e+000
    outer loop
      vertex  3.723223e+001  3.076777e+001  2.500000e+000
      vertex  3.723223e+001  3.076777e+001  1.850000e+001
      vertex  3.650000e+001  2.900000e+001  1.850000e+001
    endloop
  endfacet
  facet normal  9.238799e-001 -3.826826e-001  0.000000e+000
    outer loop
      vertex  3.723223e+001  3.076777e+001  2.500000e+000
      vertex  3.650000e+001  2.900000e+001  1.850000e+001
      vertex  3.650000e+001  2.900000e+001  2.500000e+000
    endloop
  endfacet
  facet normal  3.826831e-001 -9.238797e-001  0.000000e+000
    outer loop
      vertex  3.723223e+001  3.076777e+001  1.850000e+001
      vertex  3.900000e+001  3.150000e+001  2.500000e+000
      vertex  3.900000e+001  3.150000e+001  1.850000e+001
    endloop
  endfacet
  facet normal -3.826831e-001 -9.238797e-001  -0.000000e+000
    outer loop
      vertex  3.900000e+001  3.150000e+001  1.850000e+001
      vertex  3.900000e+001  3.150000e+001  2.500000e+000
      vertex  4.076777e+001  3.076777e+001  2.500000e+000
    endloop
  endfacet
  facet normal -3.826831e-001 -9.238797e-001  0.000000e+000
    outer loop
      vertex  3.900000e+001  3.150000e+001  1.850000e+001
      vertex  4.076777e+001  3.076777e+001  2.500000e+000
      vertex  4.076777e+001  3.076777e+001  1.850000e+001
    endloop
  endfacet
  facet normal -9.238799e-001 -3.826826e-001  -0.000000e+000
    outer loop
      vertex  4.076777e+001  3.076777e+001  1.850000e+001
      vertex  4.076777e+001  3.076777e+001  2.500000e+000
      vertex  4.150000e+001  2.900000e+001  2.500000e+000
    endloop
  endfacet
  facet normal -9.238799e-001 -3.826826e-001  0.000000e+000
    outer loop
      vertex  4.076777e+001  3.076777e+001  1.850000e+001
      vertex  4.150000e+001  2.900000e+001  2.500000e+000
      vertex  4.150000e+001  2.900000e+001  1.850000e+001
    endloop
  endfacet
  facet normal -3.826831e-001  9.238797e-001  0.000000e+000
    outer loop
      vertex  3.900000e+001  2.650000e+001  2.500000e+000
      vertex  4.076777e+001  2.723223e+001  1.850000e+001
      vertex  4.076777e+001  2.723223e+001  2.500000e+000
    endloop
  endfacet
  facet normal -9.238799e-001  3.826826e-001  0.000000e+000
    outer loop
      vertex  4.076777e+001  2.723223e+001  2.500000e+000
      vertex  4.076777e+001  2.723223e+001  1.850000e+001
      vertex  4.150000e+001  2.900000e+001  1.850000e+001
    endloop
  endfacet
  facet normal -9.238799e-001  3.826826e-001  0.000000e+000
    outer loop
      vertex  4.076777e+001  2.723223e+001  2.500000e+000
      vertex  4.150000e+001  2.900000e+001  1.850000e+001
      vertex  4.150000e+001  2.900000e+001  2.500000e+000
    endloop
  endfacet
  facet normal -3.826831e-001  9.238797e-001  0.000000e+000
    outer loop
      vertex  4.076777e+001  2.723223e+001  1.850000e+001
      vertex  3.900000e+001  2.650000e+001  2.500000e+000
      vertex  3.900000e+001  2.650000e+001  1.850000e+001
    endloop
  endfacet
  facet normal  3.826831e-001  9.238797e-001  0.000000e+000
    outer loop
      vertex  3.900000e+001  2.650000e+001  1.850000e+001
      vertex  3.900000e+001  2.650000e+001  2.500000e+000
      vertex  3.723223e+001  2.723223e+001  2.500000e+000
    endloop
  endfacet
  facet normal  3.826831e-001  9.238797e-001  -0.000000e+000
    outer loop
      vertex  3.900000e+001  2.650000e+001  1.850000e+001
      vertex  3.723223e+001  2.723223e+001  2.500000e+000
      vertex  3.723223e+001  2.723223e+001  1.850000e+001
    endloop
  endfacet
  facet normal  9.238799e-001  3.826826e-001  0.000000e+000
    outer loop
      vertex  3.723223e+001  2.723223e+001  1.850000e+001
      vertex  3.723223e+001  2.723223e+001  2.500000e+000
      vertex  3.650000e+001  2.900000e+001  2.500000e+000
    endloop
  endfacet
  facet normal  9.238799e-001  3.826826e-001  -0.000000e+000
    outer loop
      vertex  3.723223e+001  2.723223e+001  1.850000e+001
      vertex  3.650000e+001  2.900000e+001  2.500000e+000
      vertex  3.650000e+001  2.900000e+001  1.850000e+001
    endloop
  endfacet
  facet normal  3.826831e-001 -9.238797e-001  0.000000e+000
    outer loop
      vertex  3.900000e+001 -2.650000e+001  2.500000e+000
      vertex  3.723223e+001 -2.723223e+001  1.850000e+001
      vertex  3.723223e+001 -2.723223e+001  2.500000e+000
    endloop
  endfacet
  facet normal  9.238799e-001 -3.826826e-001  0.000000e+000
    outer loop
      vertex  3.723223e+001 -2.723223e+001  2.500000e+000
      vertex  3.723223e+001 -2.723223e+001  1.850000e+001
      vertex  3.650000e+001 -2.900000e+001  1.850000e+001
    endloop
  endfacet
  facet normal  9.238799e-001 -3.826826e-001  0.000000e+000
    outer loop
      vertex  3.723223e+001 -2.723223e+001  2.500000e+000
      vertex  3.650000e+001 -2.900000e+001  1.850000e+001
      vertex  3.650000e+001 -2.900000e+001  2.500000e+000
    endloop
  endfacet
  facet normal  3.826831e-001 -9.238797e-001  0.000000e+000
    outer loop
      vertex  3.723223e+001 -2.723223e+001  1.850000e+001
      vertex  3.900000e+001 -2.650000e+001  2.500000e+000
      vertex  3.900000e+001 -2.650000e+001  1.850000e+001
    endloop
  endfacet
  facet normal -3.826831e-001 -9.238797e-001  -0.000000e+000
    outer loop
      vertex  3.900000e+001 -2.650000e+001  1.850000e+001
      vertex  3.900000e+001 -2.650000e+001  2.500000e+000
      vertex  4.076777e+001 -2.723223e+001  2.500000e+000
    endloop
  endfacet
  facet normal -3.826831e-001 -9.238797e-001  0.000000e+000
    outer loop
      vertex  3.900000e+001 -2.650000e+001  1.850000e+001
      vertex  4.076777e+001 -2.723223e+001  2.500000e+000
      vertex  4.076777e+001 -2.723223e+001  1.850000e+001
    endloop
  endfacet
  facet normal -9.238799e-001 -3.826826e-001  -0.000000e+000
    outer loop
      vertex  4.076777e+001 -2.723223e+001  1.850000e+001
      vertex  4.076777e+001 -2.723223e+001  2.500000e+000
      vertex  4.150000e+001 -2.900000e+001  2.500000e+000
    endloop
  endfacet
  facet normal -9.238799e-001 -3.826826e-001  0.000000e+000
    outer loop
      vertex  4.076777e+001 -2.723223e+001  1.850000e+001
      vertex  4.150000e+001 -2.900000e+001  2.500000e+000
      vertex  4.150000e+001 -2.900000e+001  1.850000e+001
    endloop
  endfacet
  facet normal -3.826831e-001  9.238797e-001  0.000000e+000
    outer loop
      vertex  3.900000e+001 -3.150000e+001  2.500000e+000
      vertex  4.076777e+001 -3.076777e+001  1.850000e+001
      vertex  4.076777e+001 -3.076777e+001  2.500000e+000
    endloop
  endfacet
  facet normal -9.238799e-001  3.826826e-001  0.000000e+000
    outer loop
      vertex  4.076777e+001 -3.076777e+001  2.500000e+000
      vertex  4.076777e+001 -3.076777e+001  1.850000e+001
      vertex  4.150000e+001 -2.900000e+001  1.850000e+001
    endloop
  endfacet
  facet normal -9.238799e-001  3.826826e-001  0.000000e+000
    outer loop
      vertex  4.076777e+001 -3.076777e+001  2.500000e+000
      vertex  4.150000e+001 -2.900000e+001  1.850000e+001
      vertex  4.150000e+001 -2.900000e+001  2.500000e+000
    endloop
  endfacet
  facet normal -3.826831e-001  9.238797e-001  0.000000e+000
    outer loop
      vertex  4.076777e+001 -3.076777e+001  1.850000e+001
      vertex  3.900000e+001 -3.150000e+001  2.500000e+000
      vertex  3.900000e+001 -3.150000e+001  1.850000e+001
    endloop
  endfacet
  facet normal  3.826831e-001  9.238797e-001  0.000000e+000
    outer loop
      vertex  3.900000e+001 -3.150000e+001  1.850000e+001
      vertex  3.900000e+001 -3.150000e+001  2.500000e+000
      vertex  3.723223e+001 -3.076777e+001  2.500000e+000
    endloop
  endfacet
  facet normal  3.826831e-001  9.238797e-001  -0.000000e+000
    outer loop
      vertex  3.900000e+001 -3.150000e+001  1.850000e+001
      vertex  3.723223e+001 -3.076777e+001  2.500000e+000
      vertex  3.723223e+001 -3.076777e+001  1.850000e+001
    endloop
  endfacet
  facet normal  9.238799e-001  3.826826e-001  0.000000e+000
    outer loop
      vertex  3.723223e+001 -3.076777e+001  1.850000e+001
      vertex  3.723223e+001 -3.076777e+001  2.500000e+000
      vertex  3.650000e+001 -2.900000e+001  2.500000e+000
    endloop
  endfacet
  facet normal  9.238799e-001  3.826826e-001  -0.000000e+000
    outer loop
      vertex  3.723223e+001 -3.076777e+001  1.850000e+001
      vertex  3.650000e+001 -2.900000e+001  2.500000e+000
      vertex  3.650000e+001 -2.900000e+001  1.850000e+001
    endloop
  endfacet
  facet normal  -0.000000e+000  0.000000e+000  1.000000e+000
    outer loop
      vertex  3.723223e+001  2.723223e+001  1.850000e+001
      vertex  3.510289e+001  2.675000e+001  1.850000e+001
      vertex  3.900000e+001  2.650000e+001  1.850000e+001
    endloop
  endfacet
  facet normal  0.000000e+000  0.000000e+000  1.000000e+000
    outer loop
      vertex  4.289711e+001  3.125000e+001  1.850000e+001
      vertex  3.900000e+001  3.150000e+001  1.850000e+001
      vertex  4.076777e+001  3.076777e+001  1.850000e+001
    endloop
  endfacet
  facet normal  0.000000e+000  0.000000e+000  1.000000e+000
    outer loop
      vertex  4.289711e+001  3.125000e+001  1.850000e+001
      vertex  4.125000e+001  3.289711e+001  1.850000e+001
      vertex  3.900000e+001  3.150000e+001  1.850000e+001
    endloop
  endfacet
  facet normal  0.000000e+000  0.000000e+000  1.000000e+000
    outer loop
      vertex  3.900000e+001  3.150000e+001  1.850000e+001
      vertex  4.125000e+001  3.289711e+001  1.850000e+001
      vertex  3.900000e+001  3.350000e+001  1.850000e+001
    endloop
  endfacet
  facet normal  0.000000e+000  0.000000e+000  9.999999e-001
    outer loop
      vertex  3.900000e+001  3.150000e+001  1.850000e+001
      vertex  3.900000e+001  3.350000e+001  1.850000e+001
      vertex  3.510289e+001  3.125000e+001  1.850000e+001
    endloop
  endfacet
  facet normal  0.000000e+000  0.000000e+000  1.000000e+000
    outer loop
      vertex  3.510289e+001  3.125000e+001  1.850000e+001
      vertex  3.900000e+001  3.350000e+001  1.850000e+001
      vertex  3.675000e+001  3.289711e+001  1.850000e+001
    endloop
  endfacet
  facet normal  0.000000e+000  0.000000e+000  9.999999e-001
    outer loop
      vertex  3.510289e+001  2.675000e+001  1.850000e+001
      vertex  3.723223e+001  2.723223e+001  1.850000e+001
      vertex  3.450000e+001  2.900000e+001  1.850000e+001
    endloop
  endfacet
  facet normal  -0.000000e+000  0.000000e+000  1.000000e+000
    outer loop
      vertex  3.450000e+001  2.900000e+001  1.850000e+001
      vertex  3.723223e+001  2.723223e+001  1.850000e+001
      vertex  3.650000e+001  2.900000e+001  1.850000e+001
    endloop
  endfacet
  facet normal  0.000000e+000  0.000000e+000  1.000000e+000
    outer loop
      vertex  3.450000e+001  2.900000e+001  1.850000e+001
      vertex  3.650000e+001  2.900000e+001  1.850000e+001
      vertex  3.510289e+001  3.125000e+001  1.850000e+001
    endloop
  endfacet
  facet normal  0.000000e+000  0.000000e+000  1.000000e+000
    outer loop
      vertex  3.510289e+001  3.125000e+001  1.850000e+001
      vertex  3.650000e+001  2.900000e+001  1.850000e+001
      vertex  3.723223e+001  3.076777e+001  1.850000e+001
    endloop
  endfacet
  facet normal  0.000000e+000  -0.000000e+000  1.000000e+000
    outer loop
      vertex  3.510289e+001  3.125000e+001  1.850000e+001
      vertex  3.723223e+001  3.076777e+001  1.850000e+001
      vertex  3.900000e+001  3.150000e+001  1.850000e+001
    endloop
  endfacet
  facet normal  0.000000e+000  -0.000000e+000  1.000000e+000
    outer loop
      vertex  3.510289e+001  2.675000e+001  1.850000e+001
      vertex  3.675000e+001  2.510289e+001  1.850000e+001
      vertex  3.900000e+001  2.650000e+001  1.850000e+001
    endloop
  endfacet
  facet normal  0.000000e+000  0.000000e+000  1.000000e+000
    outer loop
      vertex  3.900000e+001  2.650000e+001  1.850000e+001
      vertex  3.675000e+001  2.510289e+001  1.850000e+001
      vertex  3.900000e+001  2.450000e+001  1.850000e+001
    endloop
  endfacet
  facet normal  0.000000e+000  0.000000e+000  9.999999e-001
    outer loop
      vertex  3.900000e+001  2.650000e+001  1.850000e+001
      vertex  3.900000e+001  2.450000e+001  1.850000e+001
      vertex  4.289711e+001  2.675000e+001  1.850000e+001
    endloop
  endfacet
  facet normal  0.000000e+000  0.000000e+000  1.000000e+000
    outer loop
      vertex  4.289711e+001  2.675000e+001  1.850000e+001
      vertex  3.900000e+001  2.450000e+001  1.850000e+001
      vertex  4.125000e+001  2.510289e+001  1.850000e+001
    endloop
  endfacet
  facet normal  -0.000000e+000  0.000000e+000  9.999999e-001
    outer loop
      vertex  4.289711e+001  3.125000e+001  1.850000e+001
      vertex  4.076777e+001  3.076777e+001  1.850000e+001
      vertex  4.350000e+001  2.900000e+001  1.850000e+001
    endloop
  endfacet
  facet normal  0.000000e+000  0.000000e+000  1.000000e+000
    outer loop
      vertex  4.350000e+001  2.900000e+001  1.850000e+001
      vertex  4.076777e+001  3.076777e+001  1.850000e+001
      vertex  4.150000e+001  2.900000e+001  1.850000e+001
    endloop
  endfacet
  facet normal  -0.000000e+000  0.000000e+000  1.000000e+000
    outer loop
      vertex  4.350000e+001  2.900000e+001  1.850000e+001
      vertex  4.150000e+001  2.900000e+001  1.850000e+001
      vertex  4.289711e+001  2.675000e+001  1.850000e+001
    endloop
  endfacet
  facet normal  0.000000e+000  0.000000e+000  1.000000e+000
    outer loop
      vertex  4.289711e+001  2.675000e+001  1.850000e+001
      vertex  4.150000e+001  2.900000e+001  1.850000e+001
      vertex  4.076777e+001  2.723223e+001  1.850000e+001
    endloop
  endfacet
  facet normal  0.000000e+000  0.000000e+000  1.000000e+000
    outer loop
      vertex  4.289711e+001  2.675000e+001  1.850000e+001
      vertex  4.076777e+001  2.723223e+001  1.850000e+001
      vertex  3.900000e+001  2.650000e+001  1.850000e+001
    endloop
  endfacet
  facet normal  -0.000000e+000  0.000000e+000  1.000000e+000
    outer loop
      vertex  3.723223e+001 -3.076777e+001  1.850000e+001
      vertex  3.510289e+001 -3.125000e+001  1.850000e+001
      vertex  3.900000e+001 -3.150000e+001  1.850000e+001
    endloop
  endfacet
  facet normal  0.000000e+000  0.000000e+000  1.000000e+000
    outer loop
      vertex  4.289711e+001 -2.675000e+001  1.850000e+001
      vertex  3.900000e+001 -2.650000e+001  1.850000e+001
      vertex  4.076777e+001 -2.723223e+001  1.850000e+001
    endloop
  endfacet
  facet normal  0.000000e+000  0.000000e+000  1.000000e+000
    outer loop
      vertex  4.289711e+001 -2.675000e+001  1.850000e+001
      vertex  4.125000e+001 -2.510289e+001  1.850000e+001
      vertex  3.900000e+001 -2.650000e+001  1.850000e+001
    endloop
  endfacet
  facet normal  0.000000e+000  0.000000e+000  1.000000e+000
    outer loop
      vertex  3.900000e+001 -2.650000e+001  1.850000e+001
      vertex  4.125000e+001 -2.510289e+001  1.850000e+001
      vertex  3.900000e+001 -2.450000e+001  1.850000e+001
    endloop
  endfacet
  facet normal  0.000000e+000  0.000000e+000  9.999999e-001
    outer loop
      vertex  3.900000e+001 -2.650000e+001  1.850000e+001
      vertex  3.900000e+001 -2.450000e+001  1.850000e+001
      vertex  3.510289e+001 -2.675000e+001  1.850000e+001
    endloop
  endfacet
  facet normal  0.000000e+000  0.000000e+000  1.000000e+000
    outer loop
      vertex  3.510289e+001 -2.675000e+001  1.850000e+001
      vertex  3.900000e+001 -2.450000e+001  1.850000e+001
      vertex  3.675000e+001 -2.510289e+001  1.850000e+001
    endloop
  endfacet
  facet normal  0.000000e+000  0.000000e+000  9.999999e-001
    outer loop
      vertex  3.510289e+001 -3.125000e+001  1.850000e+001
      vertex  3.723223e+001 -3.076777e+001  1.850000e+001
      vertex  3.450000e+001 -2.900000e+001  1.850000e+001
    endloop
  endfacet
  facet normal  -0.000000e+000  0.000000e+000  1.000000e+000
    outer loop
      vertex  3.450000e+001 -2.900000e+001  1.850000e+001
      vertex  3.723223e+001 -3.076777e+001  1.850000e+001
      vertex  3.650000e+001 -2.900000e+001  1.850000e+001
    endloop
  endfacet
  facet normal  0.000000e+000  0.000000e+000  1.000000e+000
    outer loop
      vertex  3.450000e+001 -2.900000e+001  1.850000e+001
      vertex  3.650000e+001 -2.900000e+001  1.850000e+001
      vertex  3.510289e+001 -2.675000e+001  1.850000e+001
    endloop
  endfacet
  facet normal  0.000000e+000  0.000000e+000  1.000000e+000
    outer loop
      vertex  3.510289e+001 -2.675000e+001  1.850000e+001
      vertex  3.650000e+001 -2.900000e+001  1.850000e+001
      vertex  3.723223e+001 -2.723223e+001  1.850000e+001
    endloop
  endfacet
  facet normal  0.000000e+000  -0.000000e+000  1.000000e+000
    outer loop
      vertex  3.510289e+001 -2.675000e+001  1.850000e+001
      vertex  3.723223e+001 -2.723223e+001  1.850000e+001
      vertex  3.900000e+001 -2.650000e+001  1.850000e+001
    endloop
  endfacet
  facet normal  0.000000e+000  -0.000000e+000  1.000000e+000
    outer loop
      vertex  3.510289e+001 -3.125000e+001  1.850000e+001
      vertex  3.675000e+001 -3.289711e+001  1.850000e+001
      vertex  3.900000e+001 -3.150000e+001  1.850000e+001
    endloop
  endfacet
  facet normal  0.000000e+000  0.000000e+000  1.000000e+000
    outer loop
      vertex  3.900000e+001 -3.150000e+001  1.850000e+001
      vertex  3.675000e+001 -3.289711e+001  1.850000e+001
      vertex  3.900000e+001 -3.350000e+001  1.850000e+001
    endloop
  endfacet
  facet normal  0.000000e+000  0.000000e+000  9.999999e-001
    outer loop
      vertex  3.900000e+001 -3.150000e+001  1.850000e+001
      vertex  3.900000e+001 -3.350000e+001  1.850000e+001
      vertex  4.289711e+001 -3.125000e+001  1.850000e+001
    endloop
  endfacet
  facet normal  0.000000e+000  0.000000e+000  1.000000e+000
    outer loop
      vertex  4.289711e+001 -3.125000e+001  1.850000e+001
      vertex  3.900000e+001 -3.350000e+001  1.850000e+001
      vertex  4.125000e+001 -3.289711e+001  1.850000e+001
    endloop
  endfacet
  facet normal  -0.000000e+000  0.000000e+000  9.999999e-001
    outer loop
      vertex  4.289711e+001 -2.675000e+001  1.850000e+001
      vertex  4.076777e+001 -2.723223e+001  1.850000e+001
      vertex  4.350000e+001 -2.900000e+001  1.850000e+001
    endloop
  endfacet
  facet normal  0.000000e+000  0.000000e+000  1.000000e+000
    outer loop
      vertex  4.350000e+001 -2.900000e+001  1.850000e+001
      vertex  4.076777e+001 -2.723223e+001  1.850000e+001
      vertex  4.150000e+001 -2.900000e+001  1.850000e+001
    endloop
  endfacet
  facet normal  -0.000000e+000  0.000000e+000  1.000000e+000
    outer loop
      vertex  4.350000e+001 -2.900000e+001  1.850000e+001
      vertex  4.150000e+001 -2.900000e+001  1.850000e+001
      vertex  4.289711e+001 -3.125000e+001  1.850000e+001
    endloop
  endfacet
  facet normal  0.000000e+000  0.000000e+000  1.000000e+000
    outer loop
      vertex  4.289711e+001 -3.125000e+001  1.850000e+001
      vertex  4.150000e+001 -2.900000e+001  1.850000e+001
      vertex  4.076777e+001 -3.076777e+001  1.850000e+001
    endloop
  endfacet
  facet normal  0.000000e+000  0.000000e+000  1.000000e+000
    outer loop
      vertex  4.289711e+001 -3.125000e+001  1.850000e+001
      vertex  4.076777e+001 -3.076777e+001  1.850000e+001
      vertex  3.900000e+001 -3.150000e+001  1.850000e+001
    endloop
  endfacet
  facet normal  2.588198e-001  9.659256e-001  0.000000e+000
    outer loop
      vertex  4.100000e+001  3.500000e+001  0.000000e+000
      vertex  4.100000e+001  3.500000e+001  2.500000e+000
      vertex  4.300000e+001  3.446410e+001  0.000000e+000
    endloop
  endfacet
  facet normal  2.588198e-001  9.659256e-001  -0.000000e+000
    outer loop
      vertex  4.300000e+001  3.446410e+001  0.000000e+000
      vertex  4.100000e+001  3.500000e+001  2.500000e+000
      vertex  4.300000e+001  3.446410e+001  2.500000e+000
    endloop
  endfacet
  facet normal  7.071068e-001  7.071068e-001  0.000000e+000
    outer loop
      vertex  4.300000e+001  3.446410e+001  0.000000e+000
      vertex  4.300000e+001  3.446410e+001  2.500000e+000
      vertex  4.446410e+001  3.300000e+001  0.000000e+000
    endloop
  endfacet
  facet normal  7.071068e-001  7.071068e-001  -0.000000e+000
    outer loop
      vertex  4.446410e+001  3.300000e+001  0.000000e+000
      vertex  4.300000e+001  3.446410e+001  2.500000e+000
      vertex  4.446410e+001  3.300000e+001  2.500000e+000
    endloop
  endfacet
  facet normal  9.659256e-001  2.588198e-001  0.000000e+000
    outer loop
      vertex  4.446410e+001  3.300000e+001  0.000000e+000
      vertex  4.446410e+001  3.300000e+001  2.500000e+000
      vertex  4.500000e+001  3.100000e+001  0.000000e+000
    endloop
  endfacet
  facet normal  9.659256e-001  2.588198e-001  -0.000000e+000
    outer loop
      vertex  4.500000e+001  3.100000e+001  0.000000e+000
      vertex  4.446410e+001  3.300000e+001  2.500000e+000
      vertex  4.500000e+001  3.100000e+001  2.500000e+000
    endloop
  endfacet
  facet normal  1.000000e+000  -0.000000e+000  0.000000e+000
    outer loop
      vertex -3.000000e+000  3.300000e+001  9.500000e+000
      vertex -3.000000e+000 -3.300000e+001  9.500000e+000
      vertex -3.000000e+000  3.300000e+001  2.500000e+000
    endloop
  endfacet
  facet normal  1.000000e+000  0.000000e+000  0.000000e+000
    outer loop
      vertex -3.000000e+000  3.300000e+001  2.500000e+000
      vertex -3.000000e+000 -3.300000e+001  9.500000e+000
      vertex -3.000000e+000 -3.300000e+001  2.500000e+000
    endloop
  endfacet
  facet normal  -0.000000e+000  0.000000e+000  1.000000e+000
    outer loop
      vertex -5.000000e+000 -3.300000e+001  9.500000e+000
      vertex -4.000000e+001 -3.300000e+001  9.500000e+000
      vertex -4.200000e+001 -3.500000e+001  9.500000e+000
    endloop
  endfacet
  facet normal  0.000000e+000  0.000000e+000  1.000000e+000
    outer loop
      vertex -5.000000e+000 -3.300000e+001  9.500000e+000
      vertex -4.200000e+001 -3.500000e+001  9.500000e+000
      vertex -5.000000e+000 -3.500000e+001  9.500000e+000
    endloop
  endfacet
  facet normal  0.000000e+000  0.000000e+000  9.999999e-001
    outer loop
      vertex -5.000000e+000 -3.300000e+001  9.500000e+000
      vertex -5.000000e+000 -3.500000e+001  9.500000e+000
      vertex -3.585786e+000 -3.441422e+001  9.500000e+000
    endloop
  endfacet
  facet normal  0.000000e+000  -0.000000e+000  9.999999e-001
    outer loop
      vertex -5.000000e+000 -3.300000e+001  9.500000e+000
      vertex -3.585786e+000 -3.441422e+001  9.500000e+000
      vertex -3.000000e+000 -3.300000e+001  9.500000e+000
    endloop
  endfacet
  facet normal  0.000000e+000  -0.000000e+000  1.000000e+000
    outer loop
      vertex -5.000000e+000 -3.300000e+001  9.500000e+000
      vertex -3.000000e+000 -3.300000e+001  9.500000e+000
      vertex -3.000000e+000  3.300000e+001  9.500000e+000
    endloop
  endfacet
  facet normal  0.000000e+000  0.000000e+000  1.000000e+000
    outer loop
      vertex -5.000000e+000 -3.300000e+001  9.500000e+000
      vertex -3.000000e+000  3.300000e+001  9.500000e+000
      vertex -5.000000e+000  3.300000e+001  9.500000e+000
    endloop
  endfacet
  facet normal  0.000000e+000  0.000000e+000  9.999999e-001
    outer loop
      vertex -5.000000e+000  3.300000e+001  9.500000e+000
      vertex -3.000000e+000  3.300000e+001  9.500000e+000
      vertex -3.585786e+000  3.441422e+001  9.500000e+000
    endloop
  endfacet
  facet normal  0.000000e+000  0.000000e+000  9.999999e-001
    outer loop
      vertex -5.000000e+000  3.300000e+001  9.500000e+000
      vertex -3.585786e+000  3.441422e+001  9.500000e+000
      vertex -5.000000e+000  3.500000e+001  9.500000e+000
    endloop
  endfacet
  facet normal  0.000000e+000  0.000000e+000  1.000000e+000
    outer loop
      vertex -5.000000e+000  3.300000e+001  9.500000e+000
      vertex -5.000000e+000  3.500000e+001  9.500000e+000
      vertex -4.200000e+001  3.500000e+001  9.500000e+000
    endloop
  endfacet
  facet normal  0.000000e+000  0.000000e+000  1.000000e+000
    outer loop
      vertex -5.000000e+000  3.300000e+001  9.500000e+000
      vertex -4.200000e+001  3.500000e+001  9.500000e+000
      vertex -4.000000e+001  3.300000e+001  9.500000e+000
    endloop
  endfacet
  facet normal  0.000000e+000  0.000000e+000  1.000000e+000
    outer loop
      vertex -4.200000e+001 -3.500000e+001  9.500000e+000
      vertex -4.000000e+001 -3.300000e+001  9.500000e+000
      vertex -4.200000e+001  3.500000e+001  9.500000e+000
    endloop
  endfacet
  facet normal  0.000000e+000  0.000000e+000  1.000000e+000
    outer loop
      vertex -4.200000e+001  3.500000e+001  9.500000e+000
      vertex -4.000000e+001 -3.300000e+001  9.500000e+000
      vertex -4.000000e+001  3.300000e+001  9.500000e+000
    endloop
  endfacet
  facet normal  3.826825e-001  9.238799e-001  0.000000e+000
    outer loop
      vertex -5.000000e+000  3.500000e+001  2.500000e+000
      vertex -5.000000e+000  3.500000e+001  9.500000e+000
      vertex -3.585786e+000  3.441422e+001  2.500000e+000
    endloop
  endfacet
  facet normal  3.826825e-001  9.238799e-001  -0.000000e+000
    outer loop
      vertex -3.585786e+000  3.441422e+001  2.500000e+000
      vertex -5.000000e+000  3.500000e+001  9.500000e+000
      vertex -3.585786e+000  3.441422e+001  9.500000e+000
    endloop
  endfacet
  facet normal  9.238797e-001  3.826830e-001  0.000000e+000
    outer loop
      vertex -3.585786e+000  3.441422e+001  2.500000e+000
      vertex -3.585786e+000  3.441422e+001  9.500000e+000
      vertex -3.000000e+000  3.300000e+001  2.500000e+000
    endloop
  endfacet
  facet normal  9.238797e-001  3.826830e-001  -0.000000e+000
    outer loop
      vertex -3.000000e+000  3.300000e+001  2.500000e+000
      vertex -3.585786e+000  3.441422e+001  9.500000e+000
      vertex -3.000000e+000  3.300000e+001  9.500000e+000
    endloop
  endfacet
  facet normal  9.659256e-001 -2.588198e-001  0.000000e+000
    outer loop
      vertex  4.500000e+001 -3.100000e+001  0.000000e+000
      vertex  4.500000e+001 -3.100000e+001  2.500000e+000
      vertex  4.446410e+001 -3.300000e+001  0.000000e+000
    endloop
  endfacet
  facet normal  9.659256e-001 -2.588198e-001  0.000000e+000
    outer loop
      vertex  4.446410e+001 -3.300000e+001  0.000000e+000
      vertex  4.500000e+001 -3.100000e+001  2.500000e+000
      vertex  4.446410e+001 -3.300000e+001  2.500000e+000
    endloop
  endfacet
  facet normal  7.071068e-001 -7.071068e-001  0.000000e+000
    outer loop
      vertex  4.446410e+001 -3.300000e+001  0.000000e+000
      vertex  4.446410e+001 -3.300000e+001  2.500000e+000
      vertex  4.300000e+001 -3.446410e+001  0.000000e+000
    endloop
  endfacet
  facet normal  7.071068e-001 -7.071068e-001  0.000000e+000
    outer loop
      vertex  4.300000e+001 -3.446410e+001  0.000000e+000
      vertex  4.446410e+001 -3.300000e+001  2.500000e+000
      vertex  4.300000e+001 -3.446410e+001  2.500000e+000
    endloop
  endfacet
  facet normal  2.588198e-001 -9.659256e-001  0.000000e+000
    outer loop
      vertex  4.300000e+001 -3.446410e+001  0.000000e+000
      vertex  4.300000e+001 -3.446410e+001  2.500000e+000
      vertex  4.100000e+001 -3.500000e+001  0.000000e+000
    endloop
  endfacet
  facet normal  2.588198e-001 -9.659256e-001  0.000000e+000
    outer loop
      vertex  4.100000e+001 -3.500000e+001  0.000000e+000
      vertex  4.300000e+001 -3.446410e+001  2.500000e+000
      vertex  4.100000e+001 -3.500000e+001  2.500000e+000
    endloop
  endfacet
  facet normal  9.238797e-001 -3.826830e-001  0.000000e+000
    outer loop
      vertex -3.000000e+000 -3.300000e+001  2.500000e+000
      vertex -3.000000e+000 -3.300000e+001  9.500000e+000
      vertex -3.585786e+000 -3.441422e+001  2.500000e+000
    endloop
  endfacet
  facet normal  9.238797e-001 -3.826830e-001  0.000000e+000
    outer loop
      vertex -3.585786e+000 -3.441422e+001  2.500000e+000
      vertex -3.000000e+000 -3.300000e+001  9.500000e+000
      vertex -3.585786e+000 -3.441422e+001  9.500000e+000
    endloop
  endfacet
  facet normal  3.826825e-001 -9.238799e-001  0.000000e+000
    outer loop
      vertex -3.585786e+000 -3.441422e+001  2.500000e+000
      vertex -3.585786e+000 -3.441422e+001  9.500000e+000
      vertex -5.000000e+000 -3.500000e+001  2.500000e+000
    endloop
  endfacet
  facet normal  3.826825e-001 -9.238799e-001  0.000000e+000
    outer loop
      vertex -5.000000e+000 -3.500000e+001  2.500000e+000
      vertex -3.585786e+000 -3.441422e+001  9.500000e+000
      vertex -5.000000e+000 -3.500000e+001  9.500000e+000
    endloop
  endfacet
  facet normal  1.000000e+000  -0.000000e+000  0.000000e+000
    outer loop
      vertex  4.500000e+001  3.100000e+001  2.500000e+000
      vertex  4.500000e+001 -3.100000e+001  2.500000e+000
      vertex  4.500000e+001  3.100000e+001  0.000000e+000
    endloop
  endfacet
  facet normal  1.000000e+000  0.000000e+000  0.000000e+000
    outer loop
      vertex  4.500000e+001  3.100000e+001  0.000000e+000
      vertex  4.500000e+001 -3.100000e+001  2.500000e+000
      vertex  4.500000e+001 -3.100000e+001  0.000000e+000
    endloop
  endfacet
  facet normal -1.000000e+000  0.000000e+000  0.000000e+000
    outer loop
      vertex -5.500000e+001  3.100000e+001  1.500000e+000
      vertex -5.500000e+001 -3.100000e+001  1.500000e+000
      vertex -5.500000e+001  3.100000e+001  5.500000e+000
    endloop
  endfacet
  facet normal -1.000000e+000  -0.000000e+000  0.000000e+000
    outer loop
      vertex -5.500000e+001  3.100000e+001  5.500000e+000
      vertex -5.500000e+001 -3.100000e+001  1.500000e+000
      vertex -5.500000e+001 -3.100000e+001  5.500000e+000
    endloop
  endfacet
  facet normal  0.000000e+000  0.000000e+000 -1.000000e+000
    outer loop
      vertex -5.500000e+001 -3.100000e+001  1.500000e+000
      vertex -5.300000e+001 -3.446410e+001  1.500000e+000
      vertex -5.446410e+001 -3.300000e+001  1.500000e+000
    endloop
  endfacet
  facet normal  -0.000000e+000  0.000000e+000 -1.000000e+000
    outer loop
      vertex -5.100000e+001  3.500000e+001  1.500000e+000
      vertex -4.000000e+001  3.500000e+001  1.500000e+000
      vertex -5.300000e+001  3.446410e+001  1.500000e+000
    endloop
  endfacet
  facet normal  0.000000e+000  0.000000e+000 -1.000000e+000
    outer loop
      vertex -5.100000e+001 -3.500000e+001  1.500000e+000
      vertex -5.300000e+001 -3.446410e+001  1.500000e+000
      vertex -4.000000e+001 -3.500000e+001  1.500000e+000
    endloop
  endfacet
  facet normal  0.000000e+000  0.000000e+000 -1.000000e+000
    outer loop
      vertex -4.000000e+001 -3.500000e+001  1.500000e+000
      vertex -5.300000e+001 -3.446410e+001  1.500000e+000
      vertex -5.500000e+001 -3.100000e+001  1.500000e+000
    endloop
  endfacet
  facet normal  0.000000e+000  0.000000e+000 -1.000000e+000
    outer loop
      vertex -4.000000e+001 -3.500000e+001  1.500000e+000
      vertex -5.500000e+001 -3.100000e+001  1.500000e+000
      vertex -4.000000e+001  3.500000e+001  1.500000e+000
    endloop
  endfacet
  facet normal  0.000000e+000  0.000000e+000 -1.000000e+000
    outer loop
      vertex -4.000000e+001  3.500000e+001  1.500000e+000
      vertex -5.500000e+001 -3.100000e+001  1.500000e+000
      vertex -5.500000e+001  3.100000e+001  1.500000e+000
    endloop
  endfacet
  facet normal  0.000000e+000  0.000000e+000 -1.000000e+000
    outer loop
      vertex -4.000000e+001  3.500000e+001  1.500000e+000
      vertex -5.500000e+001  3.100000e+001  1.500000e+000
      vertex -5.300000e+001  3.446410e+001  1.500000e+000
    endloop
  endfacet
  facet normal  0.000000e+000  0.000000e+000 -1.000000e+000
    outer loop
      vertex -5.300000e+001  3.446410e+001  1.500000e+000
      vertex -5.500000e+001  3.100000e+001  1.500000e+000
      vertex -5.446410e+001  3.300000e+001  1.500000e+000
    endloop
  endfacet
  facet normal -2.588198e-001  9.659256e-001  0.000000e+000
    outer loop
      vertex -5.100000e+001  3.500000e+001  5.500000e+000
      vertex -5.100000e+001  3.500000e+001  1.500000e+000
      vertex -5.300000e+001  3.446410e+001  5.500000e+000
    endloop
  endfacet
  facet normal -2.588198e-001  9.659256e-001  0.000000e+000
    outer loop
      vertex -5.300000e+001  3.446410e+001  5.500000e+000
      vertex -5.100000e+001  3.500000e+001  1.500000e+000
      vertex -5.300000e+001  3.446410e+001  1.500000e+000
    endloop
  endfacet
  facet normal -7.071068e-001  7.071068e-001  0.000000e+000
    outer loop
      vertex -5.300000e+001  3.446410e+001  5.500000e+000
      vertex -5.300000e+001  3.446410e+001  1.500000e+000
      vertex -5.446410e+001  3.300000e+001  5.500000e+000
    endloop
  endfacet
  facet normal -7.071068e-001  7.071068e-001  0.000000e+000
    outer loop
      vertex -5.446410e+001  3.300000e+001  5.500000e+000
      vertex -5.300000e+001  3.446410e+001  1.500000e+000
      vertex -5.446410e+001  3.300000e+001  1.500000e+000
    endloop
  endfacet
  facet normal -9.659256e-001  2.588198e-001  0.000000e+000
    outer loop
      vertex -5.446410e+001  3.300000e+001  5.500000e+000
      vertex -5.446410e+001  3.300000e+001  1.500000e+000
      vertex -5.500000e+001  3.100000e+001  5.500000e+000
    endloop
  endfacet
  facet normal -9.659256e-001  2.588198e-001  0.000000e+000
    outer loop
      vertex -5.500000e+001  3.100000e+001  5.500000e+000
      vertex -5.446410e+001  3.300000e+001  1.500000e+000
      vertex -5.500000e+001  3.100000e+001  1.500000e+000
    endloop
  endfacet
  facet normal -2.588198e-001 -9.659256e-001  -0.000000e+000
    outer loop
      vertex -5.100000e+001 -3.500000e+001  1.500000e+000
      vertex -5.100000e+001 -3.500000e+001  5.500000e+000
      vertex -5.300000e+001 -3.446410e+001  1.500000e+000
    endloop
  endfacet
  facet normal -2.588198e-001 -9.659256e-001  0.000000e+000
    outer loop
      vertex -5.300000e+001 -3.446410e+001  1.500000e+000
      vertex -5.100000e+001 -3.500000e+001  5.500000e+000
      vertex -5.300000e+001 -3.446410e+001  5.500000e+000
    endloop
  endfacet
  facet normal -7.071068e-001 -7.071068e-001  -0.000000e+000
    outer loop
      vertex -5.300000e+001 -3.446410e+001  1.500000e+000
      vertex -5.300000e+001 -3.446410e+001  5.500000e+000
      vertex -5.446410e+001 -3.300000e+001  1.500000e+000
    endloop
  endfacet
  facet normal -7.071068e-001 -7.071068e-001  0.000000e+000
    outer loop
      vertex -5.446410e+001 -3.300000e+001  1.500000e+000
      vertex -5.300000e+001 -3.446410e+001  5.500000e+000
      vertex -5.446410e+001 -3.300000e+001  5.500000e+000
    endloop
  endfacet
  facet normal -9.659256e-001 -2.588198e-001  -0.000000e+000
    outer loop
      vertex -5.446410e+001 -3.300000e+001  1.500000e+000
      vertex -5.446410e+001 -3.300000e+001  5.500000e+000
      vertex -5.500000e+001 -3.100000e+001  1.500000e+000
    endloop
  endfacet
  facet normal -9.659256e-001 -2.588198e-001  0.000000e+000
    outer loop
      vertex -5.500000e+001 -3.100000e+001  1.500000e+000
      vertex -5.446410e+001 -3.300000e+001  5.500000e+000
      vertex -5.500000e+001 -3.100000e+001  5.500000e+000
    endloop
  endfacet
  facet normal  1.000000e+000  0.000000e+000  0.000000e+000
    outer loop
      vertex -4.000000e+001 -3.300000e+001  9.500000e+000
      vertex -4.000000e+001 -3.300000e+001  2.500000e+000
      vertex -4.000000e+001  3.300000e+001  9.500000e+000
    endloop
  endfacet
  facet normal  1.000000e+000  0.000000e+000  0.000000e+000
    outer loop
      vertex -4.000000e+001  3.300000e+001  9.500000e+000
      vertex -4.000000e+001 -3.300000e+001  2.500000e+000
      vertex -4.000000e+001  3.300000e+001  2.500000e+000
    endloop
  endfacet
  facet normal -1.000000e+000  -0.000000e+000  0.000000e+000
    outer loop
      vertex -4.000000e+001 -3.500000e+001  1.500000e+000
      vertex -4.000000e+001  3.500000e+001  1.500000e+000
      vertex -4.000000e+001 -3.500000e+001  0.000000e+000
    endloop
  endfacet
  facet normal -1.000000e+000  0.000000e+000  0.000000e+000
    outer loop
      vertex -4.000000e+001 -3.500000e+001  0.000000e+000
      vertex -4.000000e+001  3.500000e+001  1.500000e+000
      vertex -4.000000e+001  3.500000e+001  0.000000e+000
    endloop
  endfacet
  facet normal  0.000000e+000  0.000000e+000  1.000000e+000
    outer loop
      vertex -4.000000e+001 -3.300000e+001  2.500000e+000
      vertex -5.000000e+000 -3.300000e+001  2.500000e+000
      vertex -4.000000e+001  3.300000e+001  2.500000e+000
    endloop
  endfacet
  facet normal  -0.000000e+000  0.000000e+000  1.000000e+000
    outer loop
      vertex -4.000000e+001  3.300000e+001  2.500000e+000
      vertex -5.000000e+000 -3.300000e+001  2.500000e+000
      vertex -5.000000e+000  3.300000e+001  2.500000e+000
    endloop
  endfacet
  facet normal  0.000000e+000  9.999999e-001  -0.000000e+000
    outer loop
      vertex -5.000000e+000 -3.300000e+001  9.500000e+000
      vertex -5.000000e+000 -3.300000e+001  2.500000e+000
      vertex -4.000000e+001 -3.300000e+001  9.500000e+000
    endloop
  endfacet
  facet normal  0.000000e+000  9.999999e-001  0.000000e+000
    outer loop
      vertex -4.000000e+001 -3.300000e+001  9.500000e+000
      vertex -5.000000e+000 -3.300000e+001  2.500000e+000
      vertex -4.000000e+001 -3.300000e+001  2.500000e+000
    endloop
  endfacet
  facet normal  0.000000e+000 -9.999999e-001  0.000000e+000
    outer loop
      vertex -4.000000e+001  3.300000e+001  9.500000e+000
      vertex -4.000000e+001  3.300000e+001  2.500000e+000
      vertex -5.000000e+000  3.300000e+001  9.500000e+000
    endloop
  endfacet
  facet normal  0.000000e+000 -9.999999e-001  -0.000000e+000
    outer loop
      vertex -5.000000e+000  3.300000e+001  9.500000e+000
      vertex -4.000000e+001  3.300000e+001  2.500000e+000
      vertex -5.000000e+000  3.300000e+001  2.500000e+000
    endloop
  endfacet
  facet normal -1.000000e+000  0.000000e+000  0.000000e+000
    outer loop
      vertex -5.000000e+000  3.300000e+001  9.500000e+000
      vertex -5.000000e+000  3.300000e+001  2.500000e+000
      vertex -5.000000e+000 -3.300000e+001  9.500000e+000
    endloop
  endfacet
  facet normal -1.000000e+000  0.000000e+000  0.000000e+000
    outer loop
      vertex -5.000000e+000 -3.300000e+001  9.500000e+000
      vertex -5.000000e+000  3.300000e+001  2.500000e+000
      vertex -5.000000e+000 -3.300000e+001  2.500000e+000
    endloop
  endfacet
endsolid CATIA STL
