solid CATIA STL
  facet normal -1.000000e+000  0.000000e+000  0.000000e+000
    outer loop
      vertex  3.000000e+001  1.300000e+001  2.000000e+000
      vertex  3.000000e+001  1.300000e+001  0.000000e+000
      vertex  3.000000e+001 -1.300000e+001  2.000000e+000
    endloop
  endfacet
  facet normal -1.000000e+000  0.000000e+000  0.000000e+000
    outer loop
      vertex  3.000000e+001 -1.300000e+001  2.000000e+000
      vertex  3.000000e+001  1.300000e+001  0.000000e+000
      vertex  3.000000e+001 -1.300000e+001  0.000000e+000
    endloop
  endfacet
  facet normal  0.000000e+000  1.000000e+000  -0.000000e+000
    outer loop
      vertex  2.800000e+001 -1.500000e+001  2.000000e+000
      vertex  2.800000e+001 -1.500000e+001  0.000000e+000
      vertex -2.800000e+001 -1.500000e+001  2.000000e+000
    endloop
  endfacet
  facet normal  0.000000e+000  1.000000e+000  0.000000e+000
    outer loop
      vertex -2.800000e+001 -1.500000e+001  2.000000e+000
      vertex  2.800000e+001 -1.500000e+001  0.000000e+000
      vertex -2.800000e+001 -1.500000e+001  0.000000e+000
    endloop
  endfacet
  facet normal  -0.000000e+000  0.000000e+000 -1.000000e+000
    outer loop
      vertex -4.400000e+001  2.655000e+001  0.000000e+000
      vertex -2.941421e+001  1.441421e+001  0.000000e+000
      vertex -3.000000e+001  1.300000e+001  0.000000e+000
    endloop
  endfacet
  facet normal  0.000000e+000  0.000000e+000 -1.000000e+000
    outer loop
      vertex -2.941421e+001 -1.441421e+001  0.000000e+000
      vertex -4.400000e+001 -2.655000e+001  0.000000e+000
      vertex -3.000000e+001 -1.300000e+001  0.000000e+000
    endloop
  endfacet
  facet normal  0.000000e+000  0.000000e+000 -1.000000e+000
    outer loop
      vertex  2.941421e+001  1.441421e+001  0.000000e+000
      vertex  4.400000e+001  2.655000e+001  0.000000e+000
      vertex  3.000000e+001  1.300000e+001  0.000000e+000
    endloop
  endfacet
  facet normal  0.000000e+000  0.000000e+000 -1.000000e+000
    outer loop
      vertex  4.400000e+001 -2.655000e+001  0.000000e+000
      vertex  4.400000e+001  2.655000e+001  0.000000e+000
      vertex  4.573241e+001 -2.726759e+001  0.000000e+000
    endloop
  endfacet
  facet normal  0.000000e+000  -0.000000e+000 -1.000000e+000
    outer loop
      vertex  2.800000e+001  1.500000e+001  0.000000e+000
      vertex  4.155000e+001  2.900000e+001  0.000000e+000
      vertex  4.226759e+001  2.726759e+001  0.000000e+000
    endloop
  endfacet
  facet normal  0.000000e+000  -0.000000e+000 -1.000000e+000
    outer loop
      vertex  2.800000e+001  1.500000e+001  0.000000e+000
      vertex  4.226759e+001  2.726759e+001  0.000000e+000
      vertex  4.400000e+001  2.655000e+001  0.000000e+000
    endloop
  endfacet
  facet normal  0.000000e+000  0.000000e+000 -9.999999e-001
    outer loop
      vertex  2.800000e+001  1.500000e+001  0.000000e+000
      vertex  4.400000e+001  2.655000e+001  0.000000e+000
      vertex  2.941421e+001  1.441421e+001  0.000000e+000
    endloop
  endfacet
  facet normal  0.000000e+000  0.000000e+000 -9.999999e-001
    outer loop
      vertex -2.800000e+001  1.500000e+001  0.000000e+000
      vertex -2.941421e+001  1.441421e+001  0.000000e+000
      vertex -4.400000e+001  2.655000e+001  0.000000e+000
    endloop
  endfacet
  facet normal  0.000000e+000  0.000000e+000 -1.000000e+000
    outer loop
      vertex -2.800000e+001  1.500000e+001  0.000000e+000
      vertex -4.400000e+001  2.655000e+001  0.000000e+000
      vertex -4.226759e+001  2.726759e+001  0.000000e+000
    endloop
  endfacet
  facet normal  0.000000e+000  0.000000e+000 -1.000000e+000
    outer loop
      vertex -2.800000e+001  1.500000e+001  0.000000e+000
      vertex -4.226759e+001  2.726759e+001  0.000000e+000
      vertex -4.155000e+001  2.900000e+001  0.000000e+000
    endloop
  endfacet
  facet normal  0.000000e+000  0.000000e+000 -1.000000e+000
    outer loop
      vertex -2.800000e+001  1.500000e+001  0.000000e+000
      vertex -4.155000e+001  2.900000e+001  0.000000e+000
      vertex -4.226759e+001  3.073241e+001  0.000000e+000
    endloop
  endfacet
  facet normal  0.000000e+000  0.000000e+000 -1.000000e+000
    outer loop
      vertex -2.800000e+001  1.500000e+001  0.000000e+000
      vertex -4.226759e+001  3.073241e+001  0.000000e+000
      vertex  2.800000e+001  1.500000e+001  0.000000e+000
    endloop
  endfacet
  facet normal  -0.000000e+000  0.000000e+000 -1.000000e+000
    outer loop
      vertex -2.800000e+001 -1.500000e+001  0.000000e+000
      vertex  2.800000e+001 -1.500000e+001  0.000000e+000
      vertex -4.226759e+001 -3.073241e+001  0.000000e+000
    endloop
  endfacet
  facet normal  0.000000e+000  0.000000e+000 -1.000000e+000
    outer loop
      vertex -2.800000e+001 -1.500000e+001  0.000000e+000
      vertex -4.226759e+001 -3.073241e+001  0.000000e+000
      vertex -4.155000e+001 -2.900000e+001  0.000000e+000
    endloop
  endfacet
  facet normal  0.000000e+000  0.000000e+000 -1.000000e+000
    outer loop
      vertex -2.800000e+001 -1.500000e+001  0.000000e+000
      vertex -4.155000e+001 -2.900000e+001  0.000000e+000
      vertex -4.226759e+001 -2.726759e+001  0.000000e+000
    endloop
  endfacet
  facet normal  0.000000e+000  0.000000e+000 -1.000000e+000
    outer loop
      vertex -2.800000e+001 -1.500000e+001  0.000000e+000
      vertex -4.226759e+001 -2.726759e+001  0.000000e+000
      vertex -4.400000e+001 -2.655000e+001  0.000000e+000
    endloop
  endfacet
  facet normal  0.000000e+000  0.000000e+000 -9.999999e-001
    outer loop
      vertex -2.800000e+001 -1.500000e+001  0.000000e+000
      vertex -4.400000e+001 -2.655000e+001  0.000000e+000
      vertex -2.941421e+001 -1.441421e+001  0.000000e+000
    endloop
  endfacet
  facet normal  0.000000e+000  -0.000000e+000 -9.999999e-001
    outer loop
      vertex  2.800000e+001 -1.500000e+001  0.000000e+000
      vertex  2.941421e+001 -1.441421e+001  0.000000e+000
      vertex  4.400000e+001 -2.655000e+001  0.000000e+000
    endloop
  endfacet
  facet normal  -0.000000e+000  0.000000e+000 -1.000000e+000
    outer loop
      vertex  2.800000e+001 -1.500000e+001  0.000000e+000
      vertex  4.400000e+001 -2.655000e+001  0.000000e+000
      vertex  4.226759e+001 -2.726759e+001  0.000000e+000
    endloop
  endfacet
  facet normal  -0.000000e+000  0.000000e+000 -1.000000e+000
    outer loop
      vertex  2.800000e+001 -1.500000e+001  0.000000e+000
      vertex  4.226759e+001 -2.726759e+001  0.000000e+000
      vertex  4.155000e+001 -2.900000e+001  0.000000e+000
    endloop
  endfacet
  facet normal  -0.000000e+000  0.000000e+000 -1.000000e+000
    outer loop
      vertex  2.800000e+001 -1.500000e+001  0.000000e+000
      vertex  4.155000e+001 -2.900000e+001  0.000000e+000
      vertex -4.800000e+001 -3.500000e+001  0.000000e+000
    endloop
  endfacet
  facet normal  0.000000e+000  0.000000e+000 -9.999999e-001
    outer loop
      vertex -4.800000e+001 -3.500000e+001  0.000000e+000
      vertex -4.941422e+001 -3.441422e+001  0.000000e+000
      vertex -5.000000e+001 -3.300000e+001  0.000000e+000
    endloop
  endfacet
  facet normal  0.000000e+000  0.000000e+000 -1.000000e+000
    outer loop
      vertex -4.800000e+001 -3.500000e+001  0.000000e+000
      vertex -5.000000e+001 -3.300000e+001  0.000000e+000
      vertex -4.400000e+001 -3.145000e+001  0.000000e+000
    endloop
  endfacet
  facet normal  0.000000e+000  -0.000000e+000 -9.999999e-001
    outer loop
      vertex -4.800000e+001 -3.500000e+001  0.000000e+000
      vertex -4.400000e+001 -3.145000e+001  0.000000e+000
      vertex -4.226759e+001 -3.073241e+001  0.000000e+000
    endloop
  endfacet
  facet normal  0.000000e+000  -0.000000e+000 -1.000000e+000
    outer loop
      vertex -4.800000e+001 -3.500000e+001  0.000000e+000
      vertex -4.226759e+001 -3.073241e+001  0.000000e+000
      vertex  2.800000e+001 -1.500000e+001  0.000000e+000
    endloop
  endfacet
  facet normal  -0.000000e+000  0.000000e+000 -1.000000e+000
    outer loop
      vertex -4.800000e+001  3.500000e+001  0.000000e+000
      vertex  4.800000e+001  3.500000e+001  0.000000e+000
      vertex  4.400000e+001  3.145000e+001  0.000000e+000
    endloop
  endfacet
  facet normal  -0.000000e+000  0.000000e+000 -1.000000e+000
    outer loop
      vertex -4.800000e+001  3.500000e+001  0.000000e+000
      vertex  4.400000e+001  3.145000e+001  0.000000e+000
      vertex  4.226759e+001  3.073241e+001  0.000000e+000
    endloop
  endfacet
  facet normal  -0.000000e+000  0.000000e+000 -1.000000e+000
    outer loop
      vertex -4.800000e+001  3.500000e+001  0.000000e+000
      vertex  4.226759e+001  3.073241e+001  0.000000e+000
      vertex  4.155000e+001  2.900000e+001  0.000000e+000
    endloop
  endfacet
  facet normal  -0.000000e+000  0.000000e+000 -1.000000e+000
    outer loop
      vertex -4.800000e+001  3.500000e+001  0.000000e+000
      vertex  4.155000e+001  2.900000e+001  0.000000e+000
      vertex  2.800000e+001  1.500000e+001  0.000000e+000
    endloop
  endfacet
  facet normal  0.000000e+000  0.000000e+000 -1.000000e+000
    outer loop
      vertex -4.800000e+001  3.500000e+001  0.000000e+000
      vertex  2.800000e+001  1.500000e+001  0.000000e+000
      vertex -4.226759e+001  3.073241e+001  0.000000e+000
    endloop
  endfacet
  facet normal  0.000000e+000  0.000000e+000 -9.999999e-001
    outer loop
      vertex -4.800000e+001  3.500000e+001  0.000000e+000
      vertex -4.226759e+001  3.073241e+001  0.000000e+000
      vertex -4.400000e+001  3.145000e+001  0.000000e+000
    endloop
  endfacet
  facet normal  0.000000e+000  0.000000e+000 -1.000000e+000
    outer loop
      vertex -4.800000e+001  3.500000e+001  0.000000e+000
      vertex -4.400000e+001  3.145000e+001  0.000000e+000
      vertex -4.941422e+001  3.441422e+001  0.000000e+000
    endloop
  endfacet
  facet normal  0.000000e+000  0.000000e+000 -1.000000e+000
    outer loop
      vertex  5.000000e+001  3.300000e+001  0.000000e+000
      vertex  5.000000e+001 -3.300000e+001  0.000000e+000
      vertex  4.645000e+001  2.900000e+001  0.000000e+000
    endloop
  endfacet
  facet normal  0.000000e+000  0.000000e+000 -1.000000e+000
    outer loop
      vertex  5.000000e+001  3.300000e+001  0.000000e+000
      vertex  4.645000e+001  2.900000e+001  0.000000e+000
      vertex  4.573241e+001  3.073241e+001  0.000000e+000
    endloop
  endfacet
  facet normal  0.000000e+000  0.000000e+000 -9.999999e-001
    outer loop
      vertex  5.000000e+001  3.300000e+001  0.000000e+000
      vertex  4.573241e+001  3.073241e+001  0.000000e+000
      vertex  4.400000e+001  3.145000e+001  0.000000e+000
    endloop
  endfacet
  facet normal  0.000000e+000  0.000000e+000 -1.000000e+000
    outer loop
      vertex  5.000000e+001  3.300000e+001  0.000000e+000
      vertex  4.400000e+001  3.145000e+001  0.000000e+000
      vertex  4.800000e+001  3.500000e+001  0.000000e+000
    endloop
  endfacet
  facet normal  0.000000e+000  0.000000e+000 -9.999999e-001
    outer loop
      vertex  5.000000e+001  3.300000e+001  0.000000e+000
      vertex  4.800000e+001  3.500000e+001  0.000000e+000
      vertex  4.941422e+001  3.441422e+001  0.000000e+000
    endloop
  endfacet
  facet normal  0.000000e+000  -0.000000e+000 -1.000000e+000
    outer loop
      vertex -4.800000e+001 -3.500000e+001  0.000000e+000
      vertex  4.155000e+001 -2.900000e+001  0.000000e+000
      vertex  4.226759e+001 -3.073241e+001  0.000000e+000
    endloop
  endfacet
  facet normal  0.000000e+000  -0.000000e+000 -1.000000e+000
    outer loop
      vertex -4.800000e+001 -3.500000e+001  0.000000e+000
      vertex  4.226759e+001 -3.073241e+001  0.000000e+000
      vertex  4.400000e+001 -3.145000e+001  0.000000e+000
    endloop
  endfacet
  facet normal  0.000000e+000  -0.000000e+000 -1.000000e+000
    outer loop
      vertex -4.800000e+001 -3.500000e+001  0.000000e+000
      vertex  4.400000e+001 -3.145000e+001  0.000000e+000
      vertex  4.800000e+001 -3.500000e+001  0.000000e+000
    endloop
  endfacet
  facet normal  0.000000e+000  -0.000000e+000 -9.999999e-001
    outer loop
      vertex -5.000000e+001 -3.300000e+001  0.000000e+000
      vertex -4.645000e+001  2.900000e+001  0.000000e+000
      vertex -4.573241e+001  2.726759e+001  0.000000e+000
    endloop
  endfacet
  facet normal  0.000000e+000  -0.000000e+000 -1.000000e+000
    outer loop
      vertex -5.000000e+001 -3.300000e+001  0.000000e+000
      vertex -4.573241e+001  2.726759e+001  0.000000e+000
      vertex -4.400000e+001  2.655000e+001  0.000000e+000
    endloop
  endfacet
  facet normal  0.000000e+000  0.000000e+000 -1.000000e+000
    outer loop
      vertex -5.000000e+001 -3.300000e+001  0.000000e+000
      vertex -4.400000e+001  2.655000e+001  0.000000e+000
      vertex -4.573241e+001 -2.726759e+001  0.000000e+000
    endloop
  endfacet
  facet normal  0.000000e+000  0.000000e+000 -1.000000e+000
    outer loop
      vertex -5.000000e+001 -3.300000e+001  0.000000e+000
      vertex -4.573241e+001 -2.726759e+001  0.000000e+000
      vertex -4.645000e+001 -2.900000e+001  0.000000e+000
    endloop
  endfacet
  facet normal  0.000000e+000  -0.000000e+000 -1.000000e+000
    outer loop
      vertex -5.000000e+001 -3.300000e+001  0.000000e+000
      vertex -4.645000e+001 -2.900000e+001  0.000000e+000
      vertex -4.573241e+001 -3.073241e+001  0.000000e+000
    endloop
  endfacet
  facet normal  0.000000e+000  -0.000000e+000 -9.999999e-001
    outer loop
      vertex -5.000000e+001 -3.300000e+001  0.000000e+000
      vertex -4.573241e+001 -3.073241e+001  0.000000e+000
      vertex -4.400000e+001 -3.145000e+001  0.000000e+000
    endloop
  endfacet
  facet normal  0.000000e+000  -0.000000e+000 -1.000000e+000
    outer loop
      vertex -5.000000e+001  3.300000e+001  0.000000e+000
      vertex -4.941422e+001  3.441422e+001  0.000000e+000
      vertex -4.400000e+001  3.145000e+001  0.000000e+000
    endloop
  endfacet
  facet normal  -0.000000e+000  0.000000e+000 -9.999999e-001
    outer loop
      vertex -5.000000e+001  3.300000e+001  0.000000e+000
      vertex -4.400000e+001  3.145000e+001  0.000000e+000
      vertex -4.573241e+001  3.073241e+001  0.000000e+000
    endloop
  endfacet
  facet normal  -0.000000e+000  0.000000e+000 -1.000000e+000
    outer loop
      vertex -5.000000e+001  3.300000e+001  0.000000e+000
      vertex -4.573241e+001  3.073241e+001  0.000000e+000
      vertex -4.645000e+001  2.900000e+001  0.000000e+000
    endloop
  endfacet
  facet normal  -0.000000e+000  0.000000e+000 -1.000000e+000
    outer loop
      vertex -5.000000e+001  3.300000e+001  0.000000e+000
      vertex -4.645000e+001  2.900000e+001  0.000000e+000
      vertex -5.000000e+001 -3.300000e+001  0.000000e+000
    endloop
  endfacet
  facet normal  -0.000000e+000  0.000000e+000 -9.999999e-001
    outer loop
      vertex  5.000000e+001 -3.300000e+001  0.000000e+000
      vertex  4.941422e+001 -3.441422e+001  0.000000e+000
      vertex  4.800000e+001 -3.500000e+001  0.000000e+000
    endloop
  endfacet
  facet normal  0.000000e+000  0.000000e+000 -1.000000e+000
    outer loop
      vertex  5.000000e+001 -3.300000e+001  0.000000e+000
      vertex  4.800000e+001 -3.500000e+001  0.000000e+000
      vertex  4.400000e+001 -3.145000e+001  0.000000e+000
    endloop
  endfacet
  facet normal  0.000000e+000  0.000000e+000 -9.999999e-001
    outer loop
      vertex  5.000000e+001 -3.300000e+001  0.000000e+000
      vertex  4.400000e+001 -3.145000e+001  0.000000e+000
      vertex  4.573241e+001 -3.073241e+001  0.000000e+000
    endloop
  endfacet
  facet normal  0.000000e+000  0.000000e+000 -1.000000e+000
    outer loop
      vertex  5.000000e+001 -3.300000e+001  0.000000e+000
      vertex  4.573241e+001 -3.073241e+001  0.000000e+000
      vertex  4.645000e+001 -2.900000e+001  0.000000e+000
    endloop
  endfacet
  facet normal  0.000000e+000  0.000000e+000 -1.000000e+000
    outer loop
      vertex  5.000000e+001 -3.300000e+001  0.000000e+000
      vertex  4.645000e+001 -2.900000e+001  0.000000e+000
      vertex  4.573241e+001 -2.726759e+001  0.000000e+000
    endloop
  endfacet
  facet normal  0.000000e+000  0.000000e+000 -1.000000e+000
    outer loop
      vertex  5.000000e+001 -3.300000e+001  0.000000e+000
      vertex  4.573241e+001 -2.726759e+001  0.000000e+000
      vertex  4.400000e+001  2.655000e+001  0.000000e+000
    endloop
  endfacet
  facet normal  0.000000e+000  0.000000e+000 -1.000000e+000
    outer loop
      vertex  5.000000e+001 -3.300000e+001  0.000000e+000
      vertex  4.400000e+001  2.655000e+001  0.000000e+000
      vertex  4.573241e+001  2.726759e+001  0.000000e+000
    endloop
  endfacet
  facet normal  0.000000e+000  0.000000e+000 -9.999999e-001
    outer loop
      vertex  5.000000e+001 -3.300000e+001  0.000000e+000
      vertex  4.573241e+001  2.726759e+001  0.000000e+000
      vertex  4.645000e+001  2.900000e+001  0.000000e+000
    endloop
  endfacet
  facet normal  0.000000e+000  -0.000000e+000 -1.000000e+000
    outer loop
      vertex -4.573241e+001 -2.726759e+001  0.000000e+000
      vertex -4.400000e+001  2.655000e+001  0.000000e+000
      vertex -4.400000e+001 -2.655000e+001  0.000000e+000
    endloop
  endfacet
  facet normal  0.000000e+000  0.000000e+000 -1.000000e+000
    outer loop
      vertex -4.400000e+001 -2.655000e+001  0.000000e+000
      vertex -4.400000e+001  2.655000e+001  0.000000e+000
      vertex -3.000000e+001  1.300000e+001  0.000000e+000
    endloop
  endfacet
  facet normal  0.000000e+000  -0.000000e+000 -1.000000e+000
    outer loop
      vertex -4.400000e+001 -2.655000e+001  0.000000e+000
      vertex -3.000000e+001  1.300000e+001  0.000000e+000
      vertex -3.000000e+001 -1.300000e+001  0.000000e+000
    endloop
  endfacet
  facet normal  0.000000e+000  -0.000000e+000 -1.000000e+000
    outer loop
      vertex  2.941421e+001 -1.441421e+001  0.000000e+000
      vertex  3.000000e+001 -1.300000e+001  0.000000e+000
      vertex  4.400000e+001 -2.655000e+001  0.000000e+000
    endloop
  endfacet
  facet normal  0.000000e+000  0.000000e+000 -1.000000e+000
    outer loop
      vertex  4.400000e+001 -2.655000e+001  0.000000e+000
      vertex  3.000000e+001 -1.300000e+001  0.000000e+000
      vertex  3.000000e+001  1.300000e+001  0.000000e+000
    endloop
  endfacet
  facet normal  0.000000e+000  0.000000e+000 -1.000000e+000
    outer loop
      vertex  4.400000e+001 -2.655000e+001  0.000000e+000
      vertex  3.000000e+001  1.300000e+001  0.000000e+000
      vertex  4.400000e+001  2.655000e+001  0.000000e+000
    endloop
  endfacet
  facet normal  -0.000000e+000  0.000000e+000  9.999999e-001
    outer loop
      vertex  5.000000e+001  3.300000e+001  2.000000e+000
      vertex  2.800000e+001  1.500000e+001  2.000000e+000
      vertex  2.941421e+001  1.441421e+001  2.000000e+000
    endloop
  endfacet
  facet normal  0.000000e+000  -0.000000e+000  9.999999e-001
    outer loop
      vertex -5.000000e+001  3.300000e+001  2.000000e+000
      vertex -2.941421e+001  1.441421e+001  2.000000e+000
      vertex -2.800000e+001  1.500000e+001  2.000000e+000
    endloop
  endfacet
  facet normal  0.000000e+000  0.000000e+000  9.999999e-001
    outer loop
      vertex -5.000000e+001 -3.300000e+001  2.000000e+000
      vertex -2.800000e+001 -1.500000e+001  2.000000e+000
      vertex -2.941421e+001 -1.441421e+001  2.000000e+000
    endloop
  endfacet
  facet normal  0.000000e+000  0.000000e+000  1.000000e+000
    outer loop
      vertex -5.000000e+001 -3.300000e+001  2.000000e+000
      vertex -2.941421e+001 -1.441421e+001  2.000000e+000
      vertex -3.000000e+001 -1.300000e+001  2.000000e+000
    endloop
  endfacet
  facet normal  0.000000e+000  -0.000000e+000  1.000000e+000
    outer loop
      vertex -5.000000e+001 -3.300000e+001  2.000000e+000
      vertex -3.000000e+001 -1.300000e+001  2.000000e+000
      vertex -3.000000e+001  1.300000e+001  2.000000e+000
    endloop
  endfacet
  facet normal  0.000000e+000  -0.000000e+000  1.000000e+000
    outer loop
      vertex -5.000000e+001 -3.300000e+001  2.000000e+000
      vertex -3.000000e+001  1.300000e+001  2.000000e+000
      vertex -2.941421e+001  1.441421e+001  2.000000e+000
    endloop
  endfacet
  facet normal  0.000000e+000  0.000000e+000  1.000000e+000
    outer loop
      vertex -5.000000e+001 -3.300000e+001  2.000000e+000
      vertex -2.941421e+001  1.441421e+001  2.000000e+000
      vertex -5.000000e+001  3.300000e+001  2.000000e+000
    endloop
  endfacet
  facet normal  0.000000e+000  0.000000e+000  1.000000e+000
    outer loop
      vertex  5.000000e+001 -3.300000e+001  2.000000e+000
      vertex  5.000000e+001  3.300000e+001  2.000000e+000
      vertex  2.941421e+001  1.441421e+001  2.000000e+000
    endloop
  endfacet
  facet normal  0.000000e+000  0.000000e+000  1.000000e+000
    outer loop
      vertex  5.000000e+001 -3.300000e+001  2.000000e+000
      vertex  2.941421e+001  1.441421e+001  2.000000e+000
      vertex  3.000000e+001  1.300000e+001  2.000000e+000
    endloop
  endfacet
  facet normal  0.000000e+000  0.000000e+000  1.000000e+000
    outer loop
      vertex  5.000000e+001 -3.300000e+001  2.000000e+000
      vertex  3.000000e+001  1.300000e+001  2.000000e+000
      vertex  3.000000e+001 -1.300000e+001  2.000000e+000
    endloop
  endfacet
  facet normal  0.000000e+000  0.000000e+000  1.000000e+000
    outer loop
      vertex  5.000000e+001 -3.300000e+001  2.000000e+000
      vertex  3.000000e+001 -1.300000e+001  2.000000e+000
      vertex  2.941421e+001 -1.441421e+001  2.000000e+000
    endloop
  endfacet
  facet normal  0.000000e+000  0.000000e+000  9.999999e-001
    outer loop
      vertex  5.000000e+001 -3.300000e+001  2.000000e+000
      vertex  2.941421e+001 -1.441421e+001  2.000000e+000
      vertex  2.800000e+001 -1.500000e+001  2.000000e+000
    endloop
  endfacet
  facet normal  0.000000e+000  0.000000e+000  9.999999e-001
    outer loop
      vertex  4.941422e+001 -3.441422e+001  2.000000e+000
      vertex  5.000000e+001 -3.300000e+001  2.000000e+000
      vertex  4.800000e+001 -3.500000e+001  2.000000e+000
    endloop
  endfacet
  facet normal  0.000000e+000  -0.000000e+000  1.000000e+000
    outer loop
      vertex  4.800000e+001 -3.500000e+001  2.000000e+000
      vertex  5.000000e+001 -3.300000e+001  2.000000e+000
      vertex  2.800000e+001 -1.500000e+001  2.000000e+000
    endloop
  endfacet
  facet normal  0.000000e+000  0.000000e+000  1.000000e+000
    outer loop
      vertex  4.800000e+001 -3.500000e+001  2.000000e+000
      vertex  2.800000e+001 -1.500000e+001  2.000000e+000
      vertex -4.800000e+001 -3.500000e+001  2.000000e+000
    endloop
  endfacet
  facet normal  0.000000e+000  0.000000e+000  1.000000e+000
    outer loop
      vertex -4.800000e+001 -3.500000e+001  2.000000e+000
      vertex  2.800000e+001 -1.500000e+001  2.000000e+000
      vertex -2.800000e+001 -1.500000e+001  2.000000e+000
    endloop
  endfacet
  facet normal  0.000000e+000  0.000000e+000  1.000000e+000
    outer loop
      vertex -4.800000e+001 -3.500000e+001  2.000000e+000
      vertex -2.800000e+001 -1.500000e+001  2.000000e+000
      vertex -4.941422e+001 -3.441422e+001  2.000000e+000
    endloop
  endfacet
  facet normal  0.000000e+000  -0.000000e+000  1.000000e+000
    outer loop
      vertex -4.941422e+001 -3.441422e+001  2.000000e+000
      vertex -2.800000e+001 -1.500000e+001  2.000000e+000
      vertex -5.000000e+001 -3.300000e+001  2.000000e+000
    endloop
  endfacet
  facet normal  0.000000e+000  0.000000e+000  1.000000e+000
    outer loop
      vertex  5.000000e+001  3.300000e+001  2.000000e+000
      vertex  4.941422e+001  3.441422e+001  2.000000e+000
      vertex  2.800000e+001  1.500000e+001  2.000000e+000
    endloop
  endfacet
  facet normal  0.000000e+000  0.000000e+000  1.000000e+000
    outer loop
      vertex  2.800000e+001  1.500000e+001  2.000000e+000
      vertex  4.941422e+001  3.441422e+001  2.000000e+000
      vertex  4.800000e+001  3.500000e+001  2.000000e+000
    endloop
  endfacet
  facet normal  0.000000e+000  0.000000e+000  1.000000e+000
    outer loop
      vertex  2.800000e+001  1.500000e+001  2.000000e+000
      vertex  4.800000e+001  3.500000e+001  2.000000e+000
      vertex -2.800000e+001  1.500000e+001  2.000000e+000
    endloop
  endfacet
  facet normal  0.000000e+000  -0.000000e+000  1.000000e+000
    outer loop
      vertex -2.800000e+001  1.500000e+001  2.000000e+000
      vertex  4.800000e+001  3.500000e+001  2.000000e+000
      vertex -4.800000e+001  3.500000e+001  2.000000e+000
    endloop
  endfacet
  facet normal  0.000000e+000  0.000000e+000  1.000000e+000
    outer loop
      vertex -2.800000e+001  1.500000e+001  2.000000e+000
      vertex -4.800000e+001  3.500000e+001  2.000000e+000
      vertex -5.000000e+001  3.300000e+001  2.000000e+000
    endloop
  endfacet
  facet normal  0.000000e+000  0.000000e+000  9.999999e-001
    outer loop
      vertex -5.000000e+001  3.300000e+001  2.000000e+000
      vertex -4.800000e+001  3.500000e+001  2.000000e+000
      vertex -4.941422e+001  3.441422e+001  2.000000e+000
    endloop
  endfacet
  facet normal -9.238794e-001  3.826837e-001  0.000000e+000
    outer loop
      vertex  3.000000e+001 -1.300000e+001  0.000000e+000
      vertex  2.941421e+001 -1.441421e+001  0.000000e+000
      vertex  3.000000e+001 -1.300000e+001  2.000000e+000
    endloop
  endfacet
  facet normal -9.238794e-001  3.826837e-001  0.000000e+000
    outer loop
      vertex  3.000000e+001 -1.300000e+001  2.000000e+000
      vertex  2.941421e+001 -1.441421e+001  0.000000e+000
      vertex  2.941421e+001 -1.441421e+001  2.000000e+000
    endloop
  endfacet
  facet normal -3.826837e-001  9.238794e-001  0.000000e+000
    outer loop
      vertex  2.941421e+001 -1.441421e+001  0.000000e+000
      vertex  2.800000e+001 -1.500000e+001  0.000000e+000
      vertex  2.941421e+001 -1.441421e+001  2.000000e+000
    endloop
  endfacet
  facet normal -3.826837e-001  9.238794e-001  0.000000e+000
    outer loop
      vertex  2.941421e+001 -1.441421e+001  2.000000e+000
      vertex  2.800000e+001 -1.500000e+001  0.000000e+000
      vertex  2.800000e+001 -1.500000e+001  2.000000e+000
    endloop
  endfacet
  facet normal  0.000000e+000 -1.000000e+000  0.000000e+000
    outer loop
      vertex -2.800000e+001  1.500000e+001  2.000000e+000
      vertex -2.800000e+001  1.500000e+001  0.000000e+000
      vertex  2.800000e+001  1.500000e+001  2.000000e+000
    endloop
  endfacet
  facet normal  0.000000e+000 -1.000000e+000  -0.000000e+000
    outer loop
      vertex  2.800000e+001  1.500000e+001  2.000000e+000
      vertex -2.800000e+001  1.500000e+001  0.000000e+000
      vertex  2.800000e+001  1.500000e+001  0.000000e+000
    endloop
  endfacet
  facet normal -3.826837e-001 -9.238794e-001  0.000000e+000
    outer loop
      vertex  2.800000e+001  1.500000e+001  0.000000e+000
      vertex  2.941421e+001  1.441421e+001  0.000000e+000
      vertex  2.800000e+001  1.500000e+001  2.000000e+000
    endloop
  endfacet
  facet normal -3.826837e-001 -9.238794e-001  0.000000e+000
    outer loop
      vertex  2.800000e+001  1.500000e+001  2.000000e+000
      vertex  2.941421e+001  1.441421e+001  0.000000e+000
      vertex  2.941421e+001  1.441421e+001  2.000000e+000
    endloop
  endfacet
  facet normal -9.238794e-001 -3.826837e-001  0.000000e+000
    outer loop
      vertex  2.941421e+001  1.441421e+001  0.000000e+000
      vertex  3.000000e+001  1.300000e+001  0.000000e+000
      vertex  2.941421e+001  1.441421e+001  2.000000e+000
    endloop
  endfacet
  facet normal -9.238794e-001 -3.826837e-001  0.000000e+000
    outer loop
      vertex  2.941421e+001  1.441421e+001  2.000000e+000
      vertex  3.000000e+001  1.300000e+001  0.000000e+000
      vertex  3.000000e+001  1.300000e+001  2.000000e+000
    endloop
  endfacet
  facet normal  0.000000e+000 -1.000000e+000  0.000000e+000
    outer loop
      vertex  4.800000e+001 -3.500000e+001  2.000000e+000
      vertex -4.800000e+001 -3.500000e+001  2.000000e+000
      vertex  4.800000e+001 -3.500000e+001  0.000000e+000
    endloop
  endfacet
  facet normal  0.000000e+000 -1.000000e+000  0.000000e+000
    outer loop
      vertex  4.800000e+001 -3.500000e+001  0.000000e+000
      vertex -4.800000e+001 -3.500000e+001  2.000000e+000
      vertex -4.800000e+001 -3.500000e+001  0.000000e+000
    endloop
  endfacet
  facet normal -1.000000e+000  -0.000000e+000  0.000000e+000
    outer loop
      vertex -5.000000e+001 -3.300000e+001  2.000000e+000
      vertex -5.000000e+001  3.300000e+001  2.000000e+000
      vertex -5.000000e+001 -3.300000e+001  0.000000e+000
    endloop
  endfacet
  facet normal -1.000000e+000  0.000000e+000  0.000000e+000
    outer loop
      vertex -5.000000e+001 -3.300000e+001  0.000000e+000
      vertex -5.000000e+001  3.300000e+001  2.000000e+000
      vertex -5.000000e+001  3.300000e+001  0.000000e+000
    endloop
  endfacet
  facet normal -3.826822e-001 -9.238800e-001  -0.000000e+000
    outer loop
      vertex -4.800000e+001 -3.500000e+001  0.000000e+000
      vertex -4.800000e+001 -3.500000e+001  2.000000e+000
      vertex -4.941422e+001 -3.441422e+001  0.000000e+000
    endloop
  endfacet
  facet normal -3.826822e-001 -9.238800e-001  0.000000e+000
    outer loop
      vertex -4.941422e+001 -3.441422e+001  0.000000e+000
      vertex -4.800000e+001 -3.500000e+001  2.000000e+000
      vertex -4.941422e+001 -3.441422e+001  2.000000e+000
    endloop
  endfacet
  facet normal -9.238800e-001 -3.826822e-001  -0.000000e+000
    outer loop
      vertex -4.941422e+001 -3.441422e+001  0.000000e+000
      vertex -4.941422e+001 -3.441422e+001  2.000000e+000
      vertex -5.000000e+001 -3.300000e+001  0.000000e+000
    endloop
  endfacet
  facet normal -9.238800e-001 -3.826822e-001  0.000000e+000
    outer loop
      vertex -5.000000e+001 -3.300000e+001  0.000000e+000
      vertex -4.941422e+001 -3.441422e+001  2.000000e+000
      vertex -5.000000e+001 -3.300000e+001  2.000000e+000
    endloop
  endfacet
  facet normal  1.000000e+000  0.000000e+000  0.000000e+000
    outer loop
      vertex -3.000000e+001 -1.300000e+001  2.000000e+000
      vertex -3.000000e+001 -1.300000e+001  0.000000e+000
      vertex -3.000000e+001  1.300000e+001  2.000000e+000
    endloop
  endfacet
  facet normal  1.000000e+000  0.000000e+000  0.000000e+000
    outer loop
      vertex -3.000000e+001  1.300000e+001  2.000000e+000
      vertex -3.000000e+001 -1.300000e+001  0.000000e+000
      vertex -3.000000e+001  1.300000e+001  0.000000e+000
    endloop
  endfacet
  facet normal  9.238794e-001 -3.826837e-001  0.000000e+000
    outer loop
      vertex -3.000000e+001  1.300000e+001  0.000000e+000
      vertex -2.941421e+001  1.441421e+001  0.000000e+000
      vertex -3.000000e+001  1.300000e+001  2.000000e+000
    endloop
  endfacet
  facet normal  9.238794e-001 -3.826837e-001  0.000000e+000
    outer loop
      vertex -3.000000e+001  1.300000e+001  2.000000e+000
      vertex -2.941421e+001  1.441421e+001  0.000000e+000
      vertex -2.941421e+001  1.441421e+001  2.000000e+000
    endloop
  endfacet
  facet normal  3.826837e-001 -9.238794e-001  0.000000e+000
    outer loop
      vertex -2.941421e+001  1.441421e+001  0.000000e+000
      vertex -2.800000e+001  1.500000e+001  0.000000e+000
      vertex -2.941421e+001  1.441421e+001  2.000000e+000
    endloop
  endfacet
  facet normal  3.826837e-001 -9.238794e-001  0.000000e+000
    outer loop
      vertex -2.941421e+001  1.441421e+001  2.000000e+000
      vertex -2.800000e+001  1.500000e+001  0.000000e+000
      vertex -2.800000e+001  1.500000e+001  2.000000e+000
    endloop
  endfacet
  facet normal  1.000000e+000  -0.000000e+000  0.000000e+000
    outer loop
      vertex  5.000000e+001  3.300000e+001  2.000000e+000
      vertex  5.000000e+001 -3.300000e+001  2.000000e+000
      vertex  5.000000e+001  3.300000e+001  0.000000e+000
    endloop
  endfacet
  facet normal  1.000000e+000  0.000000e+000  0.000000e+000
    outer loop
      vertex  5.000000e+001  3.300000e+001  0.000000e+000
      vertex  5.000000e+001 -3.300000e+001  2.000000e+000
      vertex  5.000000e+001 -3.300000e+001  0.000000e+000
    endloop
  endfacet
  facet normal  9.238800e-001 -3.826822e-001  0.000000e+000
    outer loop
      vertex  5.000000e+001 -3.300000e+001  0.000000e+000
      vertex  5.000000e+001 -3.300000e+001  2.000000e+000
      vertex  4.941422e+001 -3.441422e+001  0.000000e+000
    endloop
  endfacet
  facet normal  9.238800e-001 -3.826822e-001  0.000000e+000
    outer loop
      vertex  4.941422e+001 -3.441422e+001  0.000000e+000
      vertex  5.000000e+001 -3.300000e+001  2.000000e+000
      vertex  4.941422e+001 -3.441422e+001  2.000000e+000
    endloop
  endfacet
  facet normal  3.826822e-001 -9.238800e-001  0.000000e+000
    outer loop
      vertex  4.941422e+001 -3.441422e+001  0.000000e+000
      vertex  4.941422e+001 -3.441422e+001  2.000000e+000
      vertex  4.800000e+001 -3.500000e+001  0.000000e+000
    endloop
  endfacet
  facet normal  3.826822e-001 -9.238800e-001  0.000000e+000
    outer loop
      vertex  4.800000e+001 -3.500000e+001  0.000000e+000
      vertex  4.941422e+001 -3.441422e+001  2.000000e+000
      vertex  4.800000e+001 -3.500000e+001  2.000000e+000
    endloop
  endfacet
  facet normal  0.000000e+000  1.000000e+000  0.000000e+000
    outer loop
      vertex -4.800000e+001  3.500000e+001  2.000000e+000
      vertex  4.800000e+001  3.500000e+001  2.000000e+000
      vertex -4.800000e+001  3.500000e+001  0.000000e+000
    endloop
  endfacet
  facet normal  0.000000e+000  1.000000e+000  0.000000e+000
    outer loop
      vertex -4.800000e+001  3.500000e+001  0.000000e+000
      vertex  4.800000e+001  3.500000e+001  2.000000e+000
      vertex  4.800000e+001  3.500000e+001  0.000000e+000
    endloop
  endfacet
  facet normal -9.238800e-001  3.826822e-001  0.000000e+000
    outer loop
      vertex -5.000000e+001  3.300000e+001  0.000000e+000
      vertex -5.000000e+001  3.300000e+001  2.000000e+000
      vertex -4.941422e+001  3.441422e+001  0.000000e+000
    endloop
  endfacet
  facet normal -9.238800e-001  3.826822e-001  0.000000e+000
    outer loop
      vertex -4.941422e+001  3.441422e+001  0.000000e+000
      vertex -5.000000e+001  3.300000e+001  2.000000e+000
      vertex -4.941422e+001  3.441422e+001  2.000000e+000
    endloop
  endfacet
  facet normal -3.826822e-001  9.238800e-001  0.000000e+000
    outer loop
      vertex -4.941422e+001  3.441422e+001  0.000000e+000
      vertex -4.941422e+001  3.441422e+001  2.000000e+000
      vertex -4.800000e+001  3.500000e+001  0.000000e+000
    endloop
  endfacet
  facet normal -3.826822e-001  9.238800e-001  0.000000e+000
    outer loop
      vertex -4.800000e+001  3.500000e+001  0.000000e+000
      vertex -4.941422e+001  3.441422e+001  2.000000e+000
      vertex -4.800000e+001  3.500000e+001  2.000000e+000
    endloop
  endfacet
  facet normal  3.826822e-001  9.238800e-001  0.000000e+000
    outer loop
      vertex  4.800000e+001  3.500000e+001  0.000000e+000
      vertex  4.800000e+001  3.500000e+001  2.000000e+000
      vertex  4.941422e+001  3.441422e+001  0.000000e+000
    endloop
  endfacet
  facet normal  3.826822e-001  9.238800e-001  -0.000000e+000
    outer loop
      vertex  4.941422e+001  3.441422e+001  0.000000e+000
      vertex  4.800000e+001  3.500000e+001  2.000000e+000
      vertex  4.941422e+001  3.441422e+001  2.000000e+000
    endloop
  endfacet
  facet normal  9.238800e-001  3.826822e-001  0.000000e+000
    outer loop
      vertex  4.941422e+001  3.441422e+001  0.000000e+000
      vertex  4.941422e+001  3.441422e+001  2.000000e+000
      vertex  5.000000e+001  3.300000e+001  0.000000e+000
    endloop
  endfacet
  facet normal  9.238800e-001  3.826822e-001  -0.000000e+000
    outer loop
      vertex  5.000000e+001  3.300000e+001  0.000000e+000
      vertex  4.941422e+001  3.441422e+001  2.000000e+000
      vertex  5.000000e+001  3.300000e+001  2.000000e+000
    endloop
  endfacet
  facet normal  3.826837e-001  9.238794e-001  0.000000e+000
    outer loop
      vertex -2.800000e+001 -1.500000e+001  0.000000e+000
      vertex -2.941421e+001 -1.441421e+001  0.000000e+000
      vertex -2.800000e+001 -1.500000e+001  2.000000e+000
    endloop
  endfacet
  facet normal  3.826837e-001  9.238794e-001  0.000000e+000
    outer loop
      vertex -2.800000e+001 -1.500000e+001  2.000000e+000
      vertex -2.941421e+001 -1.441421e+001  0.000000e+000
      vertex -2.941421e+001 -1.441421e+001  2.000000e+000
    endloop
  endfacet
  facet normal  9.238794e-001  3.826837e-001  0.000000e+000
    outer loop
      vertex -2.941421e+001 -1.441421e+001  0.000000e+000
      vertex -3.000000e+001 -1.300000e+001  0.000000e+000
      vertex -2.941421e+001 -1.441421e+001  2.000000e+000
    endloop
  endfacet
  facet normal  9.238794e-001  3.826837e-001  0.000000e+000
    outer loop
      vertex -2.941421e+001 -1.441421e+001  2.000000e+000
      vertex -3.000000e+001 -1.300000e+001  0.000000e+000
      vertex -3.000000e+001 -1.300000e+001  2.000000e+000
    endloop
  endfacet
  facet normal  9.238798e-001  3.826826e-001  -0.000000e+000
    outer loop
      vertex -4.175000e+001  2.900000e+001 -2.000000e-001
      vertex -4.175000e+001  2.900000e+001 -5.200000e+000
      vertex -4.240901e+001  3.059099e+001 -2.000000e-001
    endloop
  endfacet
  facet normal  9.238798e-001  3.826826e-001  0.000000e+000
    outer loop
      vertex -4.240901e+001  3.059099e+001 -2.000000e-001
      vertex -4.175000e+001  2.900000e+001 -5.200000e+000
      vertex -4.240901e+001  3.059099e+001 -5.200000e+000
    endloop
  endfacet
  facet normal  3.826832e-001  9.238796e-001  -0.000000e+000
    outer loop
      vertex -4.240901e+001  3.059099e+001 -2.000000e-001
      vertex -4.240901e+001  3.059099e+001 -5.200000e+000
      vertex -4.400000e+001  3.125000e+001 -2.000000e-001
    endloop
  endfacet
  facet normal  3.826832e-001  9.238796e-001  0.000000e+000
    outer loop
      vertex -4.400000e+001  3.125000e+001 -2.000000e-001
      vertex -4.240901e+001  3.059099e+001 -5.200000e+000
      vertex -4.400000e+001  3.125000e+001 -5.200000e+000
    endloop
  endfacet
  facet normal -3.826832e-001  9.238796e-001  0.000000e+000
    outer loop
      vertex -4.400000e+001  3.125000e+001 -2.000000e-001
      vertex -4.400000e+001  3.125000e+001 -5.200000e+000
      vertex -4.559099e+001  3.059099e+001 -2.000000e-001
    endloop
  endfacet
  facet normal -3.826832e-001  9.238796e-001  0.000000e+000
    outer loop
      vertex -4.559099e+001  3.059099e+001 -2.000000e-001
      vertex -4.400000e+001  3.125000e+001 -5.200000e+000
      vertex -4.559099e+001  3.059099e+001 -5.200000e+000
    endloop
  endfacet
  facet normal -9.238798e-001  3.826826e-001  0.000000e+000
    outer loop
      vertex -4.559099e+001  3.059099e+001 -2.000000e-001
      vertex -4.559099e+001  3.059099e+001 -5.200000e+000
      vertex -4.625000e+001  2.900000e+001 -2.000000e-001
    endloop
  endfacet
  facet normal -9.238798e-001  3.826826e-001  0.000000e+000
    outer loop
      vertex -4.625000e+001  2.900000e+001 -2.000000e-001
      vertex -4.559099e+001  3.059099e+001 -5.200000e+000
      vertex -4.625000e+001  2.900000e+001 -5.200000e+000
    endloop
  endfacet
  facet normal -9.238798e-001 -3.826826e-001  0.000000e+000
    outer loop
      vertex -4.625000e+001  2.900000e+001 -2.000000e-001
      vertex -4.625000e+001  2.900000e+001 -5.200000e+000
      vertex -4.559099e+001  2.740901e+001 -2.000000e-001
    endloop
  endfacet
  facet normal -9.238798e-001 -3.826826e-001  -0.000000e+000
    outer loop
      vertex -4.559099e+001  2.740901e+001 -2.000000e-001
      vertex -4.625000e+001  2.900000e+001 -5.200000e+000
      vertex -4.559099e+001  2.740901e+001 -5.200000e+000
    endloop
  endfacet
  facet normal -3.826832e-001 -9.238796e-001  0.000000e+000
    outer loop
      vertex -4.559099e+001  2.740901e+001 -2.000000e-001
      vertex -4.559099e+001  2.740901e+001 -5.200000e+000
      vertex -4.400000e+001  2.675000e+001 -2.000000e-001
    endloop
  endfacet
  facet normal -3.826832e-001 -9.238796e-001  -0.000000e+000
    outer loop
      vertex -4.400000e+001  2.675000e+001 -2.000000e-001
      vertex -4.559099e+001  2.740901e+001 -5.200000e+000
      vertex -4.400000e+001  2.675000e+001 -5.200000e+000
    endloop
  endfacet
  facet normal  3.826832e-001 -9.238796e-001  0.000000e+000
    outer loop
      vertex -4.400000e+001  2.675000e+001 -2.000000e-001
      vertex -4.400000e+001  2.675000e+001 -5.200000e+000
      vertex -4.240901e+001  2.740901e+001 -2.000000e-001
    endloop
  endfacet
  facet normal  3.826832e-001 -9.238796e-001  0.000000e+000
    outer loop
      vertex -4.240901e+001  2.740901e+001 -2.000000e-001
      vertex -4.400000e+001  2.675000e+001 -5.200000e+000
      vertex -4.240901e+001  2.740901e+001 -5.200000e+000
    endloop
  endfacet
  facet normal  9.238798e-001 -3.826826e-001  0.000000e+000
    outer loop
      vertex -4.240901e+001  2.740901e+001 -2.000000e-001
      vertex -4.240901e+001  2.740901e+001 -5.200000e+000
      vertex -4.175000e+001  2.900000e+001 -2.000000e-001
    endloop
  endfacet
  facet normal  9.238798e-001 -3.826826e-001  0.000000e+000
    outer loop
      vertex -4.175000e+001  2.900000e+001 -2.000000e-001
      vertex -4.240901e+001  2.740901e+001 -5.200000e+000
      vertex -4.175000e+001  2.900000e+001 -5.200000e+000
    endloop
  endfacet
  facet normal -3.797570e-001 -1.233904e-001 -9.168203e-001
    outer loop
      vertex -4.630858e+001  2.900000e+001 -5.857864e-002
      vertex -4.586768e+001  2.764305e+001 -5.857864e-002
      vertex -4.645000e+001  2.900000e+001  0.000000e+000
    endloop
  endfacet
  facet normal -8.800713e-001 -3.645383e-001 -3.042800e-001
    outer loop
      vertex -4.586768e+001  2.764305e+001 -5.857864e-002
      vertex -4.573241e+001  2.726759e+001  0.000000e+000
      vertex -4.645000e+001  2.900000e+001  0.000000e+000
    endloop
  endfacet
  facet normal  8.800713e-001 -3.645383e-001 -3.042800e-001
    outer loop
      vertex -4.226759e+001  2.726759e+001  0.000000e+000
      vertex -4.213232e+001  2.764305e+001 -5.857864e-002
      vertex -4.155000e+001  2.900000e+001  0.000000e+000
    endloop
  endfacet
  facet normal  3.797570e-001 -1.233904e-001 -9.168203e-001
    outer loop
      vertex -4.213232e+001  2.764305e+001 -5.857864e-002
      vertex -4.169142e+001  2.900000e+001 -5.857864e-002
      vertex -4.155000e+001  2.900000e+001  0.000000e+000
    endloop
  endfacet
  facet normal  8.848711e-001 -2.875117e-001 -3.665246e-001
    outer loop
      vertex -4.169142e+001  2.900000e+001 -5.857864e-002
      vertex -4.213232e+001  2.764305e+001 -5.857864e-002
      vertex -4.175000e+001  2.900000e+001 -2.000000e-001
    endloop
  endfacet
  facet normal  5.990084e-001 -2.481168e-001 -7.613323e-001
    outer loop
      vertex -4.213232e+001  2.764305e+001 -5.857864e-002
      vertex -4.240901e+001  2.740901e+001 -2.000000e-001
      vertex -4.175000e+001  2.900000e+001 -2.000000e-001
    endloop
  endfacet
  facet normal -5.990084e-001 -2.481168e-001 -7.613323e-001
    outer loop
      vertex -4.559099e+001  2.740901e+001 -2.000000e-001
      vertex -4.586768e+001  2.764305e+001 -5.857864e-002
      vertex -4.625000e+001  2.900000e+001 -2.000000e-001
    endloop
  endfacet
  facet normal -8.848711e-001 -2.875117e-001 -3.665246e-001
    outer loop
      vertex -4.586768e+001  2.764305e+001 -5.857864e-002
      vertex -4.630858e+001  2.900000e+001 -5.857864e-002
      vertex -4.625000e+001  2.900000e+001 -2.000000e-001
    endloop
  endfacet
  facet normal -1.485584e-001 -2.044731e-001 -9.675335e-001
    outer loop
      vertex -4.586768e+001  2.764305e+001 -5.857864e-002
      vertex -4.471339e+001  2.680441e+001 -5.857864e-002
      vertex -4.573241e+001  2.726759e+001  0.000000e+000
    endloop
  endfacet
  facet normal  -0.000000e+000 -2.243803e-001 -9.745017e-001
    outer loop
      vertex -4.471339e+001  2.680441e+001 -5.857864e-002
      vertex -4.328661e+001  2.680441e+001 -5.857864e-002
      vertex -4.400000e+001  2.655000e+001  0.000000e+000
    endloop
  endfacet
  facet normal -3.211565e-001 -7.753398e-001  5.437892e-001
    outer loop
      vertex -4.573241e+001  2.726759e+001  0.000000e+000
      vertex -4.471339e+001  2.680441e+001 -5.857864e-002
      vertex -4.400000e+001  2.655000e+001  0.000000e+000
    endloop
  endfacet
  facet normal -2.051248e-001 -4.952154e-001 -8.442070e-001
    outer loop
      vertex -4.559099e+001  2.740901e+001 -2.000000e-001
      vertex -4.400000e+001  2.675000e+001 -2.000000e-001
      vertex -4.471339e+001  2.680441e+001 -5.857864e-002
    endloop
  endfacet
  facet normal -5.775738e-001 -7.949622e-001  1.855900e-001
    outer loop
      vertex -4.586768e+001  2.764305e+001 -5.857864e-002
      vertex -4.559099e+001  2.740901e+001 -2.000000e-001
      vertex -4.471339e+001  2.680441e+001 -5.857864e-002
    endloop
  endfacet
  facet normal  1.485584e-001 -2.044731e-001 -9.675335e-001
    outer loop
      vertex -4.328661e+001  2.680441e+001 -5.857864e-002
      vertex -4.213232e+001  2.764305e+001 -5.857864e-002
      vertex -4.226759e+001  2.726759e+001  0.000000e+000
    endloop
  endfacet
  facet normal  3.211565e-001 -7.753398e-001  5.437892e-001
    outer loop
      vertex -4.400000e+001  2.655000e+001  0.000000e+000
      vertex -4.328661e+001  2.680441e+001 -5.857864e-002
      vertex -4.226759e+001  2.726759e+001  0.000000e+000
    endloop
  endfacet
  facet normal  2.051248e-001 -4.952154e-001 -8.442070e-001
    outer loop
      vertex -4.400000e+001  2.675000e+001 -2.000000e-001
      vertex -4.240901e+001  2.740901e+001 -2.000000e-001
      vertex -4.328661e+001  2.680441e+001 -5.857864e-002
    endloop
  endfacet
  facet normal  0.000000e+000 -9.333056e-001  3.590832e-001
    outer loop
      vertex -4.471339e+001  2.680441e+001 -5.857864e-002
      vertex -4.400000e+001  2.675000e+001 -2.000000e-001
      vertex -4.328661e+001  2.680441e+001 -5.857864e-002
    endloop
  endfacet
  facet normal  5.775738e-001 -7.949622e-001  1.855900e-001
    outer loop
      vertex -4.328661e+001  2.680441e+001 -5.857864e-002
      vertex -4.240901e+001  2.740901e+001 -2.000000e-001
      vertex -4.213232e+001  2.764305e+001 -5.857864e-002
    endloop
  endfacet
  facet normal  3.797570e-001  1.233904e-001 -9.168203e-001
    outer loop
      vertex -4.169142e+001  2.900000e+001 -5.857864e-002
      vertex -4.213232e+001  3.035695e+001 -5.857864e-002
      vertex -4.155000e+001  2.900000e+001  0.000000e+000
    endloop
  endfacet
  facet normal  8.800713e-001  3.645383e-001 -3.042800e-001
    outer loop
      vertex -4.213232e+001  3.035695e+001 -5.857864e-002
      vertex -4.226759e+001  3.073241e+001  0.000000e+000
      vertex -4.155000e+001  2.900000e+001  0.000000e+000
    endloop
  endfacet
  facet normal -8.800713e-001  3.645383e-001 -3.042800e-001
    outer loop
      vertex -4.573241e+001  3.073241e+001  0.000000e+000
      vertex -4.586768e+001  3.035695e+001 -5.857864e-002
      vertex -4.645000e+001  2.900000e+001  0.000000e+000
    endloop
  endfacet
  facet normal -3.797570e-001  1.233904e-001 -9.168203e-001
    outer loop
      vertex -4.586768e+001  3.035695e+001 -5.857864e-002
      vertex -4.630858e+001  2.900000e+001 -5.857864e-002
      vertex -4.645000e+001  2.900000e+001  0.000000e+000
    endloop
  endfacet
  facet normal -8.848711e-001  2.875117e-001 -3.665246e-001
    outer loop
      vertex -4.630858e+001  2.900000e+001 -5.857864e-002
      vertex -4.586768e+001  3.035695e+001 -5.857864e-002
      vertex -4.625000e+001  2.900000e+001 -2.000000e-001
    endloop
  endfacet
  facet normal -5.990084e-001  2.481168e-001 -7.613323e-001
    outer loop
      vertex -4.586768e+001  3.035695e+001 -5.857864e-002
      vertex -4.559099e+001  3.059099e+001 -2.000000e-001
      vertex -4.625000e+001  2.900000e+001 -2.000000e-001
    endloop
  endfacet
  facet normal  5.990084e-001  2.481168e-001 -7.613323e-001
    outer loop
      vertex -4.240901e+001  3.059099e+001 -2.000000e-001
      vertex -4.213232e+001  3.035695e+001 -5.857864e-002
      vertex -4.175000e+001  2.900000e+001 -2.000000e-001
    endloop
  endfacet
  facet normal  8.848711e-001  2.875117e-001 -3.665246e-001
    outer loop
      vertex -4.213232e+001  3.035695e+001 -5.857864e-002
      vertex -4.169142e+001  2.900000e+001 -5.857864e-002
      vertex -4.175000e+001  2.900000e+001 -2.000000e-001
    endloop
  endfacet
  facet normal  1.485584e-001  2.044731e-001 -9.675335e-001
    outer loop
      vertex -4.213232e+001  3.035695e+001 -5.857864e-002
      vertex -4.328661e+001  3.119559e+001 -5.857864e-002
      vertex -4.226759e+001  3.073241e+001  0.000000e+000
    endloop
  endfacet
  facet normal  0.000000e+000  2.243803e-001 -9.745017e-001
    outer loop
      vertex -4.328661e+001  3.119559e+001 -5.857864e-002
      vertex -4.471339e+001  3.119559e+001 -5.857864e-002
      vertex -4.400000e+001  3.145000e+001  0.000000e+000
    endloop
  endfacet
  facet normal  3.211565e-001  7.753398e-001  5.437892e-001
    outer loop
      vertex -4.226759e+001  3.073241e+001  0.000000e+000
      vertex -4.328661e+001  3.119559e+001 -5.857864e-002
      vertex -4.400000e+001  3.145000e+001  0.000000e+000
    endloop
  endfacet
  facet normal  2.051248e-001  4.952154e-001 -8.442070e-001
    outer loop
      vertex -4.240901e+001  3.059099e+001 -2.000000e-001
      vertex -4.400000e+001  3.125000e+001 -2.000000e-001
      vertex -4.328661e+001  3.119559e+001 -5.857864e-002
    endloop
  endfacet
  facet normal  5.775738e-001  7.949622e-001  1.855900e-001
    outer loop
      vertex -4.213232e+001  3.035695e+001 -5.857864e-002
      vertex -4.240901e+001  3.059099e+001 -2.000000e-001
      vertex -4.328661e+001  3.119559e+001 -5.857864e-002
    endloop
  endfacet
  facet normal -1.485584e-001  2.044731e-001 -9.675335e-001
    outer loop
      vertex -4.471339e+001  3.119559e+001 -5.857864e-002
      vertex -4.586768e+001  3.035695e+001 -5.857864e-002
      vertex -4.573241e+001  3.073241e+001  0.000000e+000
    endloop
  endfacet
  facet normal -3.211565e-001  7.753398e-001  5.437892e-001
    outer loop
      vertex -4.400000e+001  3.145000e+001  0.000000e+000
      vertex -4.471339e+001  3.119559e+001 -5.857864e-002
      vertex -4.573241e+001  3.073241e+001  0.000000e+000
    endloop
  endfacet
  facet normal -2.051248e-001  4.952154e-001 -8.442070e-001
    outer loop
      vertex -4.400000e+001  3.125000e+001 -2.000000e-001
      vertex -4.559099e+001  3.059099e+001 -2.000000e-001
      vertex -4.471339e+001  3.119559e+001 -5.857864e-002
    endloop
  endfacet
  facet normal  0.000000e+000  9.333056e-001  3.590832e-001
    outer loop
      vertex -4.328661e+001  3.119559e+001 -5.857864e-002
      vertex -4.400000e+001  3.125000e+001 -2.000000e-001
      vertex -4.471339e+001  3.119559e+001 -5.857864e-002
    endloop
  endfacet
  facet normal -5.775738e-001  7.949622e-001  1.855900e-001
    outer loop
      vertex -4.471339e+001  3.119559e+001 -5.857864e-002
      vertex -4.559099e+001  3.059099e+001 -2.000000e-001
      vertex -4.586768e+001  3.035695e+001 -5.857864e-002
    endloop
  endfacet
  facet normal  9.238798e-001  3.826826e-001  -0.000000e+000
    outer loop
      vertex -4.175000e+001 -2.900000e+001 -2.000000e-001
      vertex -4.175000e+001 -2.900000e+001 -5.200000e+000
      vertex -4.240901e+001 -2.740901e+001 -2.000000e-001
    endloop
  endfacet
  facet normal  9.238798e-001  3.826826e-001  0.000000e+000
    outer loop
      vertex -4.240901e+001 -2.740901e+001 -2.000000e-001
      vertex -4.175000e+001 -2.900000e+001 -5.200000e+000
      vertex -4.240901e+001 -2.740901e+001 -5.200000e+000
    endloop
  endfacet
  facet normal  3.826832e-001  9.238796e-001  -0.000000e+000
    outer loop
      vertex -4.240901e+001 -2.740901e+001 -2.000000e-001
      vertex -4.240901e+001 -2.740901e+001 -5.200000e+000
      vertex -4.400000e+001 -2.675000e+001 -2.000000e-001
    endloop
  endfacet
  facet normal  3.826832e-001  9.238796e-001  0.000000e+000
    outer loop
      vertex -4.400000e+001 -2.675000e+001 -2.000000e-001
      vertex -4.240901e+001 -2.740901e+001 -5.200000e+000
      vertex -4.400000e+001 -2.675000e+001 -5.200000e+000
    endloop
  endfacet
  facet normal -3.826832e-001  9.238796e-001  0.000000e+000
    outer loop
      vertex -4.400000e+001 -2.675000e+001 -2.000000e-001
      vertex -4.400000e+001 -2.675000e+001 -5.200000e+000
      vertex -4.559099e+001 -2.740901e+001 -2.000000e-001
    endloop
  endfacet
  facet normal -3.826832e-001  9.238796e-001  0.000000e+000
    outer loop
      vertex -4.559099e+001 -2.740901e+001 -2.000000e-001
      vertex -4.400000e+001 -2.675000e+001 -5.200000e+000
      vertex -4.559099e+001 -2.740901e+001 -5.200000e+000
    endloop
  endfacet
  facet normal -9.238798e-001  3.826826e-001  0.000000e+000
    outer loop
      vertex -4.559099e+001 -2.740901e+001 -2.000000e-001
      vertex -4.559099e+001 -2.740901e+001 -5.200000e+000
      vertex -4.625000e+001 -2.900000e+001 -2.000000e-001
    endloop
  endfacet
  facet normal -9.238798e-001  3.826826e-001  0.000000e+000
    outer loop
      vertex -4.625000e+001 -2.900000e+001 -2.000000e-001
      vertex -4.559099e+001 -2.740901e+001 -5.200000e+000
      vertex -4.625000e+001 -2.900000e+001 -5.200000e+000
    endloop
  endfacet
  facet normal -9.238798e-001 -3.826826e-001  0.000000e+000
    outer loop
      vertex -4.625000e+001 -2.900000e+001 -2.000000e-001
      vertex -4.625000e+001 -2.900000e+001 -5.200000e+000
      vertex -4.559099e+001 -3.059099e+001 -2.000000e-001
    endloop
  endfacet
  facet normal -9.238798e-001 -3.826826e-001  -0.000000e+000
    outer loop
      vertex -4.559099e+001 -3.059099e+001 -2.000000e-001
      vertex -4.625000e+001 -2.900000e+001 -5.200000e+000
      vertex -4.559099e+001 -3.059099e+001 -5.200000e+000
    endloop
  endfacet
  facet normal -3.826832e-001 -9.238796e-001  0.000000e+000
    outer loop
      vertex -4.559099e+001 -3.059099e+001 -2.000000e-001
      vertex -4.559099e+001 -3.059099e+001 -5.200000e+000
      vertex -4.400000e+001 -3.125000e+001 -2.000000e-001
    endloop
  endfacet
  facet normal -3.826832e-001 -9.238796e-001  -0.000000e+000
    outer loop
      vertex -4.400000e+001 -3.125000e+001 -2.000000e-001
      vertex -4.559099e+001 -3.059099e+001 -5.200000e+000
      vertex -4.400000e+001 -3.125000e+001 -5.200000e+000
    endloop
  endfacet
  facet normal  3.826832e-001 -9.238796e-001  0.000000e+000
    outer loop
      vertex -4.400000e+001 -3.125000e+001 -2.000000e-001
      vertex -4.400000e+001 -3.125000e+001 -5.200000e+000
      vertex -4.240901e+001 -3.059099e+001 -2.000000e-001
    endloop
  endfacet
  facet normal  3.826832e-001 -9.238796e-001  0.000000e+000
    outer loop
      vertex -4.240901e+001 -3.059099e+001 -2.000000e-001
      vertex -4.400000e+001 -3.125000e+001 -5.200000e+000
      vertex -4.240901e+001 -3.059099e+001 -5.200000e+000
    endloop
  endfacet
  facet normal  9.238798e-001 -3.826826e-001  0.000000e+000
    outer loop
      vertex -4.240901e+001 -3.059099e+001 -2.000000e-001
      vertex -4.240901e+001 -3.059099e+001 -5.200000e+000
      vertex -4.175000e+001 -2.900000e+001 -2.000000e-001
    endloop
  endfacet
  facet normal  9.238798e-001 -3.826826e-001  0.000000e+000
    outer loop
      vertex -4.175000e+001 -2.900000e+001 -2.000000e-001
      vertex -4.240901e+001 -3.059099e+001 -5.200000e+000
      vertex -4.175000e+001 -2.900000e+001 -5.200000e+000
    endloop
  endfacet
  facet normal -3.797570e-001 -1.233904e-001 -9.168203e-001
    outer loop
      vertex -4.630858e+001 -2.900000e+001 -5.857864e-002
      vertex -4.586768e+001 -3.035695e+001 -5.857864e-002
      vertex -4.645000e+001 -2.900000e+001  0.000000e+000
    endloop
  endfacet
  facet normal -8.800713e-001 -3.645383e-001 -3.042800e-001
    outer loop
      vertex -4.586768e+001 -3.035695e+001 -5.857864e-002
      vertex -4.573241e+001 -3.073241e+001  0.000000e+000
      vertex -4.645000e+001 -2.900000e+001  0.000000e+000
    endloop
  endfacet
  facet normal  8.800713e-001 -3.645383e-001 -3.042800e-001
    outer loop
      vertex -4.226759e+001 -3.073241e+001  0.000000e+000
      vertex -4.213232e+001 -3.035695e+001 -5.857864e-002
      vertex -4.155000e+001 -2.900000e+001  0.000000e+000
    endloop
  endfacet
  facet normal  3.797570e-001 -1.233904e-001 -9.168203e-001
    outer loop
      vertex -4.213232e+001 -3.035695e+001 -5.857864e-002
      vertex -4.169142e+001 -2.900000e+001 -5.857864e-002
      vertex -4.155000e+001 -2.900000e+001  0.000000e+000
    endloop
  endfacet
  facet normal  8.848711e-001 -2.875117e-001 -3.665246e-001
    outer loop
      vertex -4.169142e+001 -2.900000e+001 -5.857864e-002
      vertex -4.213232e+001 -3.035695e+001 -5.857864e-002
      vertex -4.175000e+001 -2.900000e+001 -2.000000e-001
    endloop
  endfacet
  facet normal  5.990084e-001 -2.481168e-001 -7.613323e-001
    outer loop
      vertex -4.213232e+001 -3.035695e+001 -5.857864e-002
      vertex -4.240901e+001 -3.059099e+001 -2.000000e-001
      vertex -4.175000e+001 -2.900000e+001 -2.000000e-001
    endloop
  endfacet
  facet normal -5.990084e-001 -2.481168e-001 -7.613323e-001
    outer loop
      vertex -4.559099e+001 -3.059099e+001 -2.000000e-001
      vertex -4.586768e+001 -3.035695e+001 -5.857864e-002
      vertex -4.625000e+001 -2.900000e+001 -2.000000e-001
    endloop
  endfacet
  facet normal -8.848711e-001 -2.875117e-001 -3.665246e-001
    outer loop
      vertex -4.586768e+001 -3.035695e+001 -5.857864e-002
      vertex -4.630858e+001 -2.900000e+001 -5.857864e-002
      vertex -4.625000e+001 -2.900000e+001 -2.000000e-001
    endloop
  endfacet
  facet normal -1.485584e-001 -2.044731e-001 -9.675335e-001
    outer loop
      vertex -4.586768e+001 -3.035695e+001 -5.857864e-002
      vertex -4.471339e+001 -3.119559e+001 -5.857864e-002
      vertex -4.573241e+001 -3.073241e+001  0.000000e+000
    endloop
  endfacet
  facet normal  -0.000000e+000 -2.243803e-001 -9.745017e-001
    outer loop
      vertex -4.471339e+001 -3.119559e+001 -5.857864e-002
      vertex -4.328661e+001 -3.119559e+001 -5.857864e-002
      vertex -4.400000e+001 -3.145000e+001  0.000000e+000
    endloop
  endfacet
  facet normal -3.211565e-001 -7.753398e-001  5.437892e-001
    outer loop
      vertex -4.573241e+001 -3.073241e+001  0.000000e+000
      vertex -4.471339e+001 -3.119559e+001 -5.857864e-002
      vertex -4.400000e+001 -3.145000e+001  0.000000e+000
    endloop
  endfacet
  facet normal -2.051248e-001 -4.952154e-001 -8.442070e-001
    outer loop
      vertex -4.559099e+001 -3.059099e+001 -2.000000e-001
      vertex -4.400000e+001 -3.125000e+001 -2.000000e-001
      vertex -4.471339e+001 -3.119559e+001 -5.857864e-002
    endloop
  endfacet
  facet normal -5.775738e-001 -7.949622e-001  1.855900e-001
    outer loop
      vertex -4.586768e+001 -3.035695e+001 -5.857864e-002
      vertex -4.559099e+001 -3.059099e+001 -2.000000e-001
      vertex -4.471339e+001 -3.119559e+001 -5.857864e-002
    endloop
  endfacet
  facet normal  1.485584e-001 -2.044731e-001 -9.675335e-001
    outer loop
      vertex -4.328661e+001 -3.119559e+001 -5.857864e-002
      vertex -4.213232e+001 -3.035695e+001 -5.857864e-002
      vertex -4.226759e+001 -3.073241e+001  0.000000e+000
    endloop
  endfacet
  facet normal  3.211565e-001 -7.753398e-001  5.437892e-001
    outer loop
      vertex -4.400000e+001 -3.145000e+001  0.000000e+000
      vertex -4.328661e+001 -3.119559e+001 -5.857864e-002
      vertex -4.226759e+001 -3.073241e+001  0.000000e+000
    endloop
  endfacet
  facet normal  2.051248e-001 -4.952154e-001 -8.442070e-001
    outer loop
      vertex -4.400000e+001 -3.125000e+001 -2.000000e-001
      vertex -4.240901e+001 -3.059099e+001 -2.000000e-001
      vertex -4.328661e+001 -3.119559e+001 -5.857864e-002
    endloop
  endfacet
  facet normal  0.000000e+000 -9.333056e-001  3.590832e-001
    outer loop
      vertex -4.471339e+001 -3.119559e+001 -5.857864e-002
      vertex -4.400000e+001 -3.125000e+001 -2.000000e-001
      vertex -4.328661e+001 -3.119559e+001 -5.857864e-002
    endloop
  endfacet
  facet normal  5.775738e-001 -7.949622e-001  1.855900e-001
    outer loop
      vertex -4.328661e+001 -3.119559e+001 -5.857864e-002
      vertex -4.240901e+001 -3.059099e+001 -2.000000e-001
      vertex -4.213232e+001 -3.035695e+001 -5.857864e-002
    endloop
  endfacet
  facet normal  3.797570e-001  1.233904e-001 -9.168203e-001
    outer loop
      vertex -4.169142e+001 -2.900000e+001 -5.857864e-002
      vertex -4.213232e+001 -2.764305e+001 -5.857864e-002
      vertex -4.155000e+001 -2.900000e+001  0.000000e+000
    endloop
  endfacet
  facet normal  8.800713e-001  3.645383e-001 -3.042800e-001
    outer loop
      vertex -4.213232e+001 -2.764305e+001 -5.857864e-002
      vertex -4.226759e+001 -2.726759e+001  0.000000e+000
      vertex -4.155000e+001 -2.900000e+001  0.000000e+000
    endloop
  endfacet
  facet normal -8.800713e-001  3.645383e-001 -3.042800e-001
    outer loop
      vertex -4.573241e+001 -2.726759e+001  0.000000e+000
      vertex -4.586768e+001 -2.764305e+001 -5.857864e-002
      vertex -4.645000e+001 -2.900000e+001  0.000000e+000
    endloop
  endfacet
  facet normal -3.797570e-001  1.233904e-001 -9.168203e-001
    outer loop
      vertex -4.586768e+001 -2.764305e+001 -5.857864e-002
      vertex -4.630858e+001 -2.900000e+001 -5.857864e-002
      vertex -4.645000e+001 -2.900000e+001  0.000000e+000
    endloop
  endfacet
  facet normal -8.848711e-001  2.875117e-001 -3.665246e-001
    outer loop
      vertex -4.630858e+001 -2.900000e+001 -5.857864e-002
      vertex -4.586768e+001 -2.764305e+001 -5.857864e-002
      vertex -4.625000e+001 -2.900000e+001 -2.000000e-001
    endloop
  endfacet
  facet normal -5.990084e-001  2.481168e-001 -7.613323e-001
    outer loop
      vertex -4.586768e+001 -2.764305e+001 -5.857864e-002
      vertex -4.559099e+001 -2.740901e+001 -2.000000e-001
      vertex -4.625000e+001 -2.900000e+001 -2.000000e-001
    endloop
  endfacet
  facet normal  5.990084e-001  2.481168e-001 -7.613323e-001
    outer loop
      vertex -4.240901e+001 -2.740901e+001 -2.000000e-001
      vertex -4.213232e+001 -2.764305e+001 -5.857864e-002
      vertex -4.175000e+001 -2.900000e+001 -2.000000e-001
    endloop
  endfacet
  facet normal  8.848711e-001  2.875117e-001 -3.665246e-001
    outer loop
      vertex -4.213232e+001 -2.764305e+001 -5.857864e-002
      vertex -4.169142e+001 -2.900000e+001 -5.857864e-002
      vertex -4.175000e+001 -2.900000e+001 -2.000000e-001
    endloop
  endfacet
  facet normal  1.485584e-001  2.044731e-001 -9.675335e-001
    outer loop
      vertex -4.213232e+001 -2.764305e+001 -5.857864e-002
      vertex -4.328661e+001 -2.680441e+001 -5.857864e-002
      vertex -4.226759e+001 -2.726759e+001  0.000000e+000
    endloop
  endfacet
  facet normal  0.000000e+000  2.243803e-001 -9.745017e-001
    outer loop
      vertex -4.328661e+001 -2.680441e+001 -5.857864e-002
      vertex -4.471339e+001 -2.680441e+001 -5.857864e-002
      vertex -4.400000e+001 -2.655000e+001  0.000000e+000
    endloop
  endfacet
  facet normal  3.211565e-001  7.753398e-001  5.437892e-001
    outer loop
      vertex -4.226759e+001 -2.726759e+001  0.000000e+000
      vertex -4.328661e+001 -2.680441e+001 -5.857864e-002
      vertex -4.400000e+001 -2.655000e+001  0.000000e+000
    endloop
  endfacet
  facet normal  2.051248e-001  4.952154e-001 -8.442070e-001
    outer loop
      vertex -4.240901e+001 -2.740901e+001 -2.000000e-001
      vertex -4.400000e+001 -2.675000e+001 -2.000000e-001
      vertex -4.328661e+001 -2.680441e+001 -5.857864e-002
    endloop
  endfacet
  facet normal  5.775738e-001  7.949622e-001  1.855900e-001
    outer loop
      vertex -4.213232e+001 -2.764305e+001 -5.857864e-002
      vertex -4.240901e+001 -2.740901e+001 -2.000000e-001
      vertex -4.328661e+001 -2.680441e+001 -5.857864e-002
    endloop
  endfacet
  facet normal -1.485584e-001  2.044731e-001 -9.675335e-001
    outer loop
      vertex -4.471339e+001 -2.680441e+001 -5.857864e-002
      vertex -4.586768e+001 -2.764305e+001 -5.857864e-002
      vertex -4.573241e+001 -2.726759e+001  0.000000e+000
    endloop
  endfacet
  facet normal -3.211565e-001  7.753398e-001  5.437892e-001
    outer loop
      vertex -4.400000e+001 -2.655000e+001  0.000000e+000
      vertex -4.471339e+001 -2.680441e+001 -5.857864e-002
      vertex -4.573241e+001 -2.726759e+001  0.000000e+000
    endloop
  endfacet
  facet normal -2.051248e-001  4.952154e-001 -8.442070e-001
    outer loop
      vertex -4.400000e+001 -2.675000e+001 -2.000000e-001
      vertex -4.559099e+001 -2.740901e+001 -2.000000e-001
      vertex -4.471339e+001 -2.680441e+001 -5.857864e-002
    endloop
  endfacet
  facet normal  0.000000e+000  9.333056e-001  3.590832e-001
    outer loop
      vertex -4.328661e+001 -2.680441e+001 -5.857864e-002
      vertex -4.400000e+001 -2.675000e+001 -2.000000e-001
      vertex -4.471339e+001 -2.680441e+001 -5.857864e-002
    endloop
  endfacet
  facet normal -5.775738e-001  7.949622e-001  1.855900e-001
    outer loop
      vertex -4.471339e+001 -2.680441e+001 -5.857864e-002
      vertex -4.559099e+001 -2.740901e+001 -2.000000e-001
      vertex -4.586768e+001 -2.764305e+001 -5.857864e-002
    endloop
  endfacet
  facet normal -9.238798e-001 -3.826826e-001  0.000000e+000
    outer loop
      vertex  4.175000e+001 -2.900000e+001 -2.000000e-001
      vertex  4.175000e+001 -2.900000e+001 -5.200000e+000
      vertex  4.240901e+001 -3.059099e+001 -2.000000e-001
    endloop
  endfacet
  facet normal -9.238798e-001 -3.826826e-001  -0.000000e+000
    outer loop
      vertex  4.240901e+001 -3.059099e+001 -2.000000e-001
      vertex  4.175000e+001 -2.900000e+001 -5.200000e+000
      vertex  4.240901e+001 -3.059099e+001 -5.200000e+000
    endloop
  endfacet
  facet normal -3.826832e-001 -9.238796e-001  0.000000e+000
    outer loop
      vertex  4.240901e+001 -3.059099e+001 -2.000000e-001
      vertex  4.240901e+001 -3.059099e+001 -5.200000e+000
      vertex  4.400000e+001 -3.125000e+001 -2.000000e-001
    endloop
  endfacet
  facet normal -3.826832e-001 -9.238796e-001  -0.000000e+000
    outer loop
      vertex  4.400000e+001 -3.125000e+001 -2.000000e-001
      vertex  4.240901e+001 -3.059099e+001 -5.200000e+000
      vertex  4.400000e+001 -3.125000e+001 -5.200000e+000
    endloop
  endfacet
  facet normal  3.826832e-001 -9.238796e-001  0.000000e+000
    outer loop
      vertex  4.400000e+001 -3.125000e+001 -2.000000e-001
      vertex  4.400000e+001 -3.125000e+001 -5.200000e+000
      vertex  4.559099e+001 -3.059099e+001 -2.000000e-001
    endloop
  endfacet
  facet normal  3.826832e-001 -9.238796e-001  0.000000e+000
    outer loop
      vertex  4.559099e+001 -3.059099e+001 -2.000000e-001
      vertex  4.400000e+001 -3.125000e+001 -5.200000e+000
      vertex  4.559099e+001 -3.059099e+001 -5.200000e+000
    endloop
  endfacet
  facet normal  9.238798e-001 -3.826826e-001  0.000000e+000
    outer loop
      vertex  4.559099e+001 -3.059099e+001 -2.000000e-001
      vertex  4.559099e+001 -3.059099e+001 -5.200000e+000
      vertex  4.625000e+001 -2.900000e+001 -2.000000e-001
    endloop
  endfacet
  facet normal  9.238798e-001 -3.826826e-001  0.000000e+000
    outer loop
      vertex  4.625000e+001 -2.900000e+001 -2.000000e-001
      vertex  4.559099e+001 -3.059099e+001 -5.200000e+000
      vertex  4.625000e+001 -2.900000e+001 -5.200000e+000
    endloop
  endfacet
  facet normal  9.238798e-001  3.826826e-001  -0.000000e+000
    outer loop
      vertex  4.625000e+001 -2.900000e+001 -2.000000e-001
      vertex  4.625000e+001 -2.900000e+001 -5.200000e+000
      vertex  4.559099e+001 -2.740901e+001 -2.000000e-001
    endloop
  endfacet
  facet normal  9.238798e-001  3.826826e-001  0.000000e+000
    outer loop
      vertex  4.559099e+001 -2.740901e+001 -2.000000e-001
      vertex  4.625000e+001 -2.900000e+001 -5.200000e+000
      vertex  4.559099e+001 -2.740901e+001 -5.200000e+000
    endloop
  endfacet
  facet normal  3.826832e-001  9.238796e-001  -0.000000e+000
    outer loop
      vertex  4.559099e+001 -2.740901e+001 -2.000000e-001
      vertex  4.559099e+001 -2.740901e+001 -5.200000e+000
      vertex  4.400000e+001 -2.675000e+001 -2.000000e-001
    endloop
  endfacet
  facet normal  3.826832e-001  9.238796e-001  0.000000e+000
    outer loop
      vertex  4.400000e+001 -2.675000e+001 -2.000000e-001
      vertex  4.559099e+001 -2.740901e+001 -5.200000e+000
      vertex  4.400000e+001 -2.675000e+001 -5.200000e+000
    endloop
  endfacet
  facet normal -3.826832e-001  9.238796e-001  0.000000e+000
    outer loop
      vertex  4.400000e+001 -2.675000e+001 -2.000000e-001
      vertex  4.400000e+001 -2.675000e+001 -5.200000e+000
      vertex  4.240901e+001 -2.740901e+001 -2.000000e-001
    endloop
  endfacet
  facet normal -3.826832e-001  9.238796e-001  0.000000e+000
    outer loop
      vertex  4.240901e+001 -2.740901e+001 -2.000000e-001
      vertex  4.400000e+001 -2.675000e+001 -5.200000e+000
      vertex  4.240901e+001 -2.740901e+001 -5.200000e+000
    endloop
  endfacet
  facet normal -9.238798e-001  3.826826e-001  0.000000e+000
    outer loop
      vertex  4.240901e+001 -2.740901e+001 -2.000000e-001
      vertex  4.240901e+001 -2.740901e+001 -5.200000e+000
      vertex  4.175000e+001 -2.900000e+001 -2.000000e-001
    endloop
  endfacet
  facet normal -9.238798e-001  3.826826e-001  0.000000e+000
    outer loop
      vertex  4.175000e+001 -2.900000e+001 -2.000000e-001
      vertex  4.240901e+001 -2.740901e+001 -5.200000e+000
      vertex  4.175000e+001 -2.900000e+001 -5.200000e+000
    endloop
  endfacet
  facet normal -3.797570e-001 -1.233904e-001 -9.168203e-001
    outer loop
      vertex  4.169142e+001 -2.900000e+001 -5.857864e-002
      vertex  4.213232e+001 -3.035695e+001 -5.857864e-002
      vertex  4.155000e+001 -2.900000e+001  0.000000e+000
    endloop
  endfacet
  facet normal -8.800713e-001 -3.645383e-001 -3.042800e-001
    outer loop
      vertex  4.213232e+001 -3.035695e+001 -5.857864e-002
      vertex  4.226759e+001 -3.073241e+001  0.000000e+000
      vertex  4.155000e+001 -2.900000e+001  0.000000e+000
    endloop
  endfacet
  facet normal  8.800713e-001 -3.645383e-001 -3.042800e-001
    outer loop
      vertex  4.573241e+001 -3.073241e+001  0.000000e+000
      vertex  4.586768e+001 -3.035695e+001 -5.857864e-002
      vertex  4.645000e+001 -2.900000e+001  0.000000e+000
    endloop
  endfacet
  facet normal  3.797570e-001 -1.233904e-001 -9.168203e-001
    outer loop
      vertex  4.586768e+001 -3.035695e+001 -5.857864e-002
      vertex  4.630858e+001 -2.900000e+001 -5.857864e-002
      vertex  4.645000e+001 -2.900000e+001  0.000000e+000
    endloop
  endfacet
  facet normal  8.848711e-001 -2.875117e-001 -3.665246e-001
    outer loop
      vertex  4.630858e+001 -2.900000e+001 -5.857864e-002
      vertex  4.586768e+001 -3.035695e+001 -5.857864e-002
      vertex  4.625000e+001 -2.900000e+001 -2.000000e-001
    endloop
  endfacet
  facet normal  5.990084e-001 -2.481168e-001 -7.613323e-001
    outer loop
      vertex  4.586768e+001 -3.035695e+001 -5.857864e-002
      vertex  4.559099e+001 -3.059099e+001 -2.000000e-001
      vertex  4.625000e+001 -2.900000e+001 -2.000000e-001
    endloop
  endfacet
  facet normal -5.990084e-001 -2.481168e-001 -7.613323e-001
    outer loop
      vertex  4.240901e+001 -3.059099e+001 -2.000000e-001
      vertex  4.213232e+001 -3.035695e+001 -5.857864e-002
      vertex  4.175000e+001 -2.900000e+001 -2.000000e-001
    endloop
  endfacet
  facet normal -8.848711e-001 -2.875117e-001 -3.665246e-001
    outer loop
      vertex  4.213232e+001 -3.035695e+001 -5.857864e-002
      vertex  4.169142e+001 -2.900000e+001 -5.857864e-002
      vertex  4.175000e+001 -2.900000e+001 -2.000000e-001
    endloop
  endfacet
  facet normal -1.485584e-001 -2.044731e-001 -9.675335e-001
    outer loop
      vertex  4.213232e+001 -3.035695e+001 -5.857864e-002
      vertex  4.328661e+001 -3.119559e+001 -5.857864e-002
      vertex  4.226759e+001 -3.073241e+001  0.000000e+000
    endloop
  endfacet
  facet normal  -0.000000e+000 -2.243803e-001 -9.745017e-001
    outer loop
      vertex  4.328661e+001 -3.119559e+001 -5.857864e-002
      vertex  4.471339e+001 -3.119559e+001 -5.857864e-002
      vertex  4.400000e+001 -3.145000e+001  0.000000e+000
    endloop
  endfacet
  facet normal -3.211565e-001 -7.753398e-001  5.437892e-001
    outer loop
      vertex  4.226759e+001 -3.073241e+001  0.000000e+000
      vertex  4.328661e+001 -3.119559e+001 -5.857864e-002
      vertex  4.400000e+001 -3.145000e+001  0.000000e+000
    endloop
  endfacet
  facet normal -2.051248e-001 -4.952154e-001 -8.442070e-001
    outer loop
      vertex  4.240901e+001 -3.059099e+001 -2.000000e-001
      vertex  4.400000e+001 -3.125000e+001 -2.000000e-001
      vertex  4.328661e+001 -3.119559e+001 -5.857864e-002
    endloop
  endfacet
  facet normal -5.775738e-001 -7.949622e-001  1.855900e-001
    outer loop
      vertex  4.213232e+001 -3.035695e+001 -5.857864e-002
      vertex  4.240901e+001 -3.059099e+001 -2.000000e-001
      vertex  4.328661e+001 -3.119559e+001 -5.857864e-002
    endloop
  endfacet
  facet normal  1.485584e-001 -2.044731e-001 -9.675335e-001
    outer loop
      vertex  4.471339e+001 -3.119559e+001 -5.857864e-002
      vertex  4.586768e+001 -3.035695e+001 -5.857864e-002
      vertex  4.573241e+001 -3.073241e+001  0.000000e+000
    endloop
  endfacet
  facet normal  3.211565e-001 -7.753398e-001  5.437892e-001
    outer loop
      vertex  4.400000e+001 -3.145000e+001  0.000000e+000
      vertex  4.471339e+001 -3.119559e+001 -5.857864e-002
      vertex  4.573241e+001 -3.073241e+001  0.000000e+000
    endloop
  endfacet
  facet normal  2.051248e-001 -4.952154e-001 -8.442070e-001
    outer loop
      vertex  4.400000e+001 -3.125000e+001 -2.000000e-001
      vertex  4.559099e+001 -3.059099e+001 -2.000000e-001
      vertex  4.471339e+001 -3.119559e+001 -5.857864e-002
    endloop
  endfacet
  facet normal  0.000000e+000 -9.333056e-001  3.590832e-001
    outer loop
      vertex  4.328661e+001 -3.119559e+001 -5.857864e-002
      vertex  4.400000e+001 -3.125000e+001 -2.000000e-001
      vertex  4.471339e+001 -3.119559e+001 -5.857864e-002
    endloop
  endfacet
  facet normal  5.775738e-001 -7.949622e-001  1.855900e-001
    outer loop
      vertex  4.471339e+001 -3.119559e+001 -5.857864e-002
      vertex  4.559099e+001 -3.059099e+001 -2.000000e-001
      vertex  4.586768e+001 -3.035695e+001 -5.857864e-002
    endloop
  endfacet
  facet normal  3.797570e-001  1.233904e-001 -9.168203e-001
    outer loop
      vertex  4.630858e+001 -2.900000e+001 -5.857864e-002
      vertex  4.586768e+001 -2.764305e+001 -5.857864e-002
      vertex  4.645000e+001 -2.900000e+001  0.000000e+000
    endloop
  endfacet
  facet normal  8.800713e-001  3.645383e-001 -3.042800e-001
    outer loop
      vertex  4.586768e+001 -2.764305e+001 -5.857864e-002
      vertex  4.573241e+001 -2.726759e+001  0.000000e+000
      vertex  4.645000e+001 -2.900000e+001  0.000000e+000
    endloop
  endfacet
  facet normal -8.800713e-001  3.645383e-001 -3.042800e-001
    outer loop
      vertex  4.226759e+001 -2.726759e+001  0.000000e+000
      vertex  4.213232e+001 -2.764305e+001 -5.857864e-002
      vertex  4.155000e+001 -2.900000e+001  0.000000e+000
    endloop
  endfacet
  facet normal -3.797570e-001  1.233904e-001 -9.168203e-001
    outer loop
      vertex  4.213232e+001 -2.764305e+001 -5.857864e-002
      vertex  4.169142e+001 -2.900000e+001 -5.857864e-002
      vertex  4.155000e+001 -2.900000e+001  0.000000e+000
    endloop
  endfacet
  facet normal -8.848711e-001  2.875117e-001 -3.665246e-001
    outer loop
      vertex  4.169142e+001 -2.900000e+001 -5.857864e-002
      vertex  4.213232e+001 -2.764305e+001 -5.857864e-002
      vertex  4.175000e+001 -2.900000e+001 -2.000000e-001
    endloop
  endfacet
  facet normal -5.990084e-001  2.481168e-001 -7.613323e-001
    outer loop
      vertex  4.213232e+001 -2.764305e+001 -5.857864e-002
      vertex  4.240901e+001 -2.740901e+001 -2.000000e-001
      vertex  4.175000e+001 -2.900000e+001 -2.000000e-001
    endloop
  endfacet
  facet normal  5.990084e-001  2.481168e-001 -7.613323e-001
    outer loop
      vertex  4.559099e+001 -2.740901e+001 -2.000000e-001
      vertex  4.586768e+001 -2.764305e+001 -5.857864e-002
      vertex  4.625000e+001 -2.900000e+001 -2.000000e-001
    endloop
  endfacet
  facet normal  8.848711e-001  2.875117e-001 -3.665246e-001
    outer loop
      vertex  4.586768e+001 -2.764305e+001 -5.857864e-002
      vertex  4.630858e+001 -2.900000e+001 -5.857864e-002
      vertex  4.625000e+001 -2.900000e+001 -2.000000e-001
    endloop
  endfacet
  facet normal  1.485584e-001  2.044731e-001 -9.675335e-001
    outer loop
      vertex  4.586768e+001 -2.764305e+001 -5.857864e-002
      vertex  4.471339e+001 -2.680441e+001 -5.857864e-002
      vertex  4.573241e+001 -2.726759e+001  0.000000e+000
    endloop
  endfacet
  facet normal  0.000000e+000  2.243803e-001 -9.745017e-001
    outer loop
      vertex  4.471339e+001 -2.680441e+001 -5.857864e-002
      vertex  4.328661e+001 -2.680441e+001 -5.857864e-002
      vertex  4.400000e+001 -2.655000e+001  0.000000e+000
    endloop
  endfacet
  facet normal  3.211565e-001  7.753398e-001  5.437892e-001
    outer loop
      vertex  4.573241e+001 -2.726759e+001  0.000000e+000
      vertex  4.471339e+001 -2.680441e+001 -5.857864e-002
      vertex  4.400000e+001 -2.655000e+001  0.000000e+000
    endloop
  endfacet
  facet normal  2.051248e-001  4.952154e-001 -8.442070e-001
    outer loop
      vertex  4.559099e+001 -2.740901e+001 -2.000000e-001
      vertex  4.400000e+001 -2.675000e+001 -2.000000e-001
      vertex  4.471339e+001 -2.680441e+001 -5.857864e-002
    endloop
  endfacet
  facet normal  5.775738e-001  7.949622e-001  1.855900e-001
    outer loop
      vertex  4.586768e+001 -2.764305e+001 -5.857864e-002
      vertex  4.559099e+001 -2.740901e+001 -2.000000e-001
      vertex  4.471339e+001 -2.680441e+001 -5.857864e-002
    endloop
  endfacet
  facet normal -1.485584e-001  2.044731e-001 -9.675335e-001
    outer loop
      vertex  4.328661e+001 -2.680441e+001 -5.857864e-002
      vertex  4.213232e+001 -2.764305e+001 -5.857864e-002
      vertex  4.226759e+001 -2.726759e+001  0.000000e+000
    endloop
  endfacet
  facet normal -3.211565e-001  7.753398e-001  5.437892e-001
    outer loop
      vertex  4.400000e+001 -2.655000e+001  0.000000e+000
      vertex  4.328661e+001 -2.680441e+001 -5.857864e-002
      vertex  4.226759e+001 -2.726759e+001  0.000000e+000
    endloop
  endfacet
  facet normal -2.051248e-001  4.952154e-001 -8.442070e-001
    outer loop
      vertex  4.400000e+001 -2.675000e+001 -2.000000e-001
      vertex  4.240901e+001 -2.740901e+001 -2.000000e-001
      vertex  4.328661e+001 -2.680441e+001 -5.857864e-002
    endloop
  endfacet
  facet normal  0.000000e+000  9.333056e-001  3.590832e-001
    outer loop
      vertex  4.471339e+001 -2.680441e+001 -5.857864e-002
      vertex  4.400000e+001 -2.675000e+001 -2.000000e-001
      vertex  4.328661e+001 -2.680441e+001 -5.857864e-002
    endloop
  endfacet
  facet normal -5.775738e-001  7.949622e-001  1.855900e-001
    outer loop
      vertex  4.328661e+001 -2.680441e+001 -5.857864e-002
      vertex  4.240901e+001 -2.740901e+001 -2.000000e-001
      vertex  4.213232e+001 -2.764305e+001 -5.857864e-002
    endloop
  endfacet
  facet normal -9.238798e-001 -3.826826e-001  0.000000e+000
    outer loop
      vertex  4.175000e+001  2.900000e+001 -2.000000e-001
      vertex  4.175000e+001  2.900000e+001 -5.200000e+000
      vertex  4.240901e+001  2.740901e+001 -2.000000e-001
    endloop
  endfacet
  facet normal -9.238798e-001 -3.826826e-001  -0.000000e+000
    outer loop
      vertex  4.240901e+001  2.740901e+001 -2.000000e-001
      vertex  4.175000e+001  2.900000e+001 -5.200000e+000
      vertex  4.240901e+001  2.740901e+001 -5.200000e+000
    endloop
  endfacet
  facet normal -3.826832e-001 -9.238796e-001  0.000000e+000
    outer loop
      vertex  4.240901e+001  2.740901e+001 -2.000000e-001
      vertex  4.240901e+001  2.740901e+001 -5.200000e+000
      vertex  4.400000e+001  2.675000e+001 -2.000000e-001
    endloop
  endfacet
  facet normal -3.826832e-001 -9.238796e-001  -0.000000e+000
    outer loop
      vertex  4.400000e+001  2.675000e+001 -2.000000e-001
      vertex  4.240901e+001  2.740901e+001 -5.200000e+000
      vertex  4.400000e+001  2.675000e+001 -5.200000e+000
    endloop
  endfacet
  facet normal  3.826832e-001 -9.238796e-001  0.000000e+000
    outer loop
      vertex  4.400000e+001  2.675000e+001 -2.000000e-001
      vertex  4.400000e+001  2.675000e+001 -5.200000e+000
      vertex  4.559099e+001  2.740901e+001 -2.000000e-001
    endloop
  endfacet
  facet normal  3.826832e-001 -9.238796e-001  0.000000e+000
    outer loop
      vertex  4.559099e+001  2.740901e+001 -2.000000e-001
      vertex  4.400000e+001  2.675000e+001 -5.200000e+000
      vertex  4.559099e+001  2.740901e+001 -5.200000e+000
    endloop
  endfacet
  facet normal  9.238798e-001 -3.826826e-001  0.000000e+000
    outer loop
      vertex  4.559099e+001  2.740901e+001 -2.000000e-001
      vertex  4.559099e+001  2.740901e+001 -5.200000e+000
      vertex  4.625000e+001  2.900000e+001 -2.000000e-001
    endloop
  endfacet
  facet normal  9.238798e-001 -3.826826e-001  0.000000e+000
    outer loop
      vertex  4.625000e+001  2.900000e+001 -2.000000e-001
      vertex  4.559099e+001  2.740901e+001 -5.200000e+000
      vertex  4.625000e+001  2.900000e+001 -5.200000e+000
    endloop
  endfacet
  facet normal  9.238798e-001  3.826826e-001  -0.000000e+000
    outer loop
      vertex  4.625000e+001  2.900000e+001 -2.000000e-001
      vertex  4.625000e+001  2.900000e+001 -5.200000e+000
      vertex  4.559099e+001  3.059099e+001 -2.000000e-001
    endloop
  endfacet
  facet normal  9.238798e-001  3.826826e-001  0.000000e+000
    outer loop
      vertex  4.559099e+001  3.059099e+001 -2.000000e-001
      vertex  4.625000e+001  2.900000e+001 -5.200000e+000
      vertex  4.559099e+001  3.059099e+001 -5.200000e+000
    endloop
  endfacet
  facet normal  3.826832e-001  9.238796e-001  -0.000000e+000
    outer loop
      vertex  4.559099e+001  3.059099e+001 -2.000000e-001
      vertex  4.559099e+001  3.059099e+001 -5.200000e+000
      vertex  4.400000e+001  3.125000e+001 -2.000000e-001
    endloop
  endfacet
  facet normal  3.826832e-001  9.238796e-001  0.000000e+000
    outer loop
      vertex  4.400000e+001  3.125000e+001 -2.000000e-001
      vertex  4.559099e+001  3.059099e+001 -5.200000e+000
      vertex  4.400000e+001  3.125000e+001 -5.200000e+000
    endloop
  endfacet
  facet normal -3.826832e-001  9.238796e-001  0.000000e+000
    outer loop
      vertex  4.400000e+001  3.125000e+001 -2.000000e-001
      vertex  4.400000e+001  3.125000e+001 -5.200000e+000
      vertex  4.240901e+001  3.059099e+001 -2.000000e-001
    endloop
  endfacet
  facet normal -3.826832e-001  9.238796e-001  0.000000e+000
    outer loop
      vertex  4.240901e+001  3.059099e+001 -2.000000e-001
      vertex  4.400000e+001  3.125000e+001 -5.200000e+000
      vertex  4.240901e+001  3.059099e+001 -5.200000e+000
    endloop
  endfacet
  facet normal -9.238798e-001  3.826826e-001  0.000000e+000
    outer loop
      vertex  4.240901e+001  3.059099e+001 -2.000000e-001
      vertex  4.240901e+001  3.059099e+001 -5.200000e+000
      vertex  4.175000e+001  2.900000e+001 -2.000000e-001
    endloop
  endfacet
  facet normal -9.238798e-001  3.826826e-001  0.000000e+000
    outer loop
      vertex  4.175000e+001  2.900000e+001 -2.000000e-001
      vertex  4.240901e+001  3.059099e+001 -5.200000e+000
      vertex  4.175000e+001  2.900000e+001 -5.200000e+000
    endloop
  endfacet
  facet normal  3.797570e-001  1.233904e-001 -9.168203e-001
    outer loop
      vertex  4.630858e+001  2.900000e+001 -5.857864e-002
      vertex  4.586768e+001  3.035695e+001 -5.857864e-002
      vertex  4.645000e+001  2.900000e+001  0.000000e+000
    endloop
  endfacet
  facet normal  8.800713e-001  3.645383e-001 -3.042800e-001
    outer loop
      vertex  4.586768e+001  3.035695e+001 -5.857864e-002
      vertex  4.573241e+001  3.073241e+001  0.000000e+000
      vertex  4.645000e+001  2.900000e+001  0.000000e+000
    endloop
  endfacet
  facet normal -8.800713e-001  3.645383e-001 -3.042800e-001
    outer loop
      vertex  4.226759e+001  3.073241e+001  0.000000e+000
      vertex  4.213232e+001  3.035695e+001 -5.857864e-002
      vertex  4.155000e+001  2.900000e+001  0.000000e+000
    endloop
  endfacet
  facet normal -3.797570e-001  1.233904e-001 -9.168203e-001
    outer loop
      vertex  4.213232e+001  3.035695e+001 -5.857864e-002
      vertex  4.169142e+001  2.900000e+001 -5.857864e-002
      vertex  4.155000e+001  2.900000e+001  0.000000e+000
    endloop
  endfacet
  facet normal -8.848711e-001  2.875117e-001 -3.665246e-001
    outer loop
      vertex  4.169142e+001  2.900000e+001 -5.857864e-002
      vertex  4.213232e+001  3.035695e+001 -5.857864e-002
      vertex  4.175000e+001  2.900000e+001 -2.000000e-001
    endloop
  endfacet
  facet normal -5.990084e-001  2.481168e-001 -7.613323e-001
    outer loop
      vertex  4.213232e+001  3.035695e+001 -5.857864e-002
      vertex  4.240901e+001  3.059099e+001 -2.000000e-001
      vertex  4.175000e+001  2.900000e+001 -2.000000e-001
    endloop
  endfacet
  facet normal  5.990084e-001  2.481168e-001 -7.613323e-001
    outer loop
      vertex  4.559099e+001  3.059099e+001 -2.000000e-001
      vertex  4.586768e+001  3.035695e+001 -5.857864e-002
      vertex  4.625000e+001  2.900000e+001 -2.000000e-001
    endloop
  endfacet
  facet normal  8.848711e-001  2.875117e-001 -3.665246e-001
    outer loop
      vertex  4.586768e+001  3.035695e+001 -5.857864e-002
      vertex  4.630858e+001  2.900000e+001 -5.857864e-002
      vertex  4.625000e+001  2.900000e+001 -2.000000e-001
    endloop
  endfacet
  facet normal  1.485584e-001  2.044731e-001 -9.675335e-001
    outer loop
      vertex  4.586768e+001  3.035695e+001 -5.857864e-002
      vertex  4.471339e+001  3.119559e+001 -5.857864e-002
      vertex  4.573241e+001  3.073241e+001  0.000000e+000
    endloop
  endfacet
  facet normal  0.000000e+000  2.243803e-001 -9.745017e-001
    outer loop
      vertex  4.471339e+001  3.119559e+001 -5.857864e-002
      vertex  4.328661e+001  3.119559e+001 -5.857864e-002
      vertex  4.400000e+001  3.145000e+001  0.000000e+000
    endloop
  endfacet
  facet normal  3.211565e-001  7.753398e-001  5.437892e-001
    outer loop
      vertex  4.573241e+001  3.073241e+001  0.000000e+000
      vertex  4.471339e+001  3.119559e+001 -5.857864e-002
      vertex  4.400000e+001  3.145000e+001  0.000000e+000
    endloop
  endfacet
  facet normal  2.051248e-001  4.952154e-001 -8.442070e-001
    outer loop
      vertex  4.559099e+001  3.059099e+001 -2.000000e-001
      vertex  4.400000e+001  3.125000e+001 -2.000000e-001
      vertex  4.471339e+001  3.119559e+001 -5.857864e-002
    endloop
  endfacet
  facet normal  5.775738e-001  7.949622e-001  1.855900e-001
    outer loop
      vertex  4.586768e+001  3.035695e+001 -5.857864e-002
      vertex  4.559099e+001  3.059099e+001 -2.000000e-001
      vertex  4.471339e+001  3.119559e+001 -5.857864e-002
    endloop
  endfacet
  facet normal -1.485584e-001  2.044731e-001 -9.675335e-001
    outer loop
      vertex  4.328661e+001  3.119559e+001 -5.857864e-002
      vertex  4.213232e+001  3.035695e+001 -5.857864e-002
      vertex  4.226759e+001  3.073241e+001  0.000000e+000
    endloop
  endfacet
  facet normal -3.211565e-001  7.753398e-001  5.437892e-001
    outer loop
      vertex  4.400000e+001  3.145000e+001  0.000000e+000
      vertex  4.328661e+001  3.119559e+001 -5.857864e-002
      vertex  4.226759e+001  3.073241e+001  0.000000e+000
    endloop
  endfacet
  facet normal -2.051248e-001  4.952154e-001 -8.442070e-001
    outer loop
      vertex  4.400000e+001  3.125000e+001 -2.000000e-001
      vertex  4.240901e+001  3.059099e+001 -2.000000e-001
      vertex  4.328661e+001  3.119559e+001 -5.857864e-002
    endloop
  endfacet
  facet normal  0.000000e+000  9.333056e-001  3.590832e-001
    outer loop
      vertex  4.471339e+001  3.119559e+001 -5.857864e-002
      vertex  4.400000e+001  3.125000e+001 -2.000000e-001
      vertex  4.328661e+001  3.119559e+001 -5.857864e-002
    endloop
  endfacet
  facet normal -5.775738e-001  7.949622e-001  1.855900e-001
    outer loop
      vertex  4.328661e+001  3.119559e+001 -5.857864e-002
      vertex  4.240901e+001  3.059099e+001 -2.000000e-001
      vertex  4.213232e+001  3.035695e+001 -5.857864e-002
    endloop
  endfacet
  facet normal -3.797570e-001 -1.233904e-001 -9.168203e-001
    outer loop
      vertex  4.169142e+001  2.900000e+001 -5.857864e-002
      vertex  4.213232e+001  2.764305e+001 -5.857864e-002
      vertex  4.155000e+001  2.900000e+001  0.000000e+000
    endloop
  endfacet
  facet normal -8.800713e-001 -3.645383e-001 -3.042800e-001
    outer loop
      vertex  4.213232e+001  2.764305e+001 -5.857864e-002
      vertex  4.226759e+001  2.726759e+001  0.000000e+000
      vertex  4.155000e+001  2.900000e+001  0.000000e+000
    endloop
  endfacet
  facet normal  8.800713e-001 -3.645383e-001 -3.042800e-001
    outer loop
      vertex  4.573241e+001  2.726759e+001  0.000000e+000
      vertex  4.586768e+001  2.764305e+001 -5.857864e-002
      vertex  4.645000e+001  2.900000e+001  0.000000e+000
    endloop
  endfacet
  facet normal  3.797570e-001 -1.233904e-001 -9.168203e-001
    outer loop
      vertex  4.586768e+001  2.764305e+001 -5.857864e-002
      vertex  4.630858e+001  2.900000e+001 -5.857864e-002
      vertex  4.645000e+001  2.900000e+001  0.000000e+000
    endloop
  endfacet
  facet normal  8.848711e-001 -2.875117e-001 -3.665246e-001
    outer loop
      vertex  4.630858e+001  2.900000e+001 -5.857864e-002
      vertex  4.586768e+001  2.764305e+001 -5.857864e-002
      vertex  4.625000e+001  2.900000e+001 -2.000000e-001
    endloop
  endfacet
  facet normal  5.990084e-001 -2.481168e-001 -7.613323e-001
    outer loop
      vertex  4.586768e+001  2.764305e+001 -5.857864e-002
      vertex  4.559099e+001  2.740901e+001 -2.000000e-001
      vertex  4.625000e+001  2.900000e+001 -2.000000e-001
    endloop
  endfacet
  facet normal -5.990084e-001 -2.481168e-001 -7.613323e-001
    outer loop
      vertex  4.240901e+001  2.740901e+001 -2.000000e-001
      vertex  4.213232e+001  2.764305e+001 -5.857864e-002
      vertex  4.175000e+001  2.900000e+001 -2.000000e-001
    endloop
  endfacet
  facet normal -8.848711e-001 -2.875117e-001 -3.665246e-001
    outer loop
      vertex  4.213232e+001  2.764305e+001 -5.857864e-002
      vertex  4.169142e+001  2.900000e+001 -5.857864e-002
      vertex  4.175000e+001  2.900000e+001 -2.000000e-001
    endloop
  endfacet
  facet normal -1.485584e-001 -2.044731e-001 -9.675335e-001
    outer loop
      vertex  4.213232e+001  2.764305e+001 -5.857864e-002
      vertex  4.328661e+001  2.680441e+001 -5.857864e-002
      vertex  4.226759e+001  2.726759e+001  0.000000e+000
    endloop
  endfacet
  facet normal  -0.000000e+000 -2.243803e-001 -9.745017e-001
    outer loop
      vertex  4.328661e+001  2.680441e+001 -5.857864e-002
      vertex  4.471339e+001  2.680441e+001 -5.857864e-002
      vertex  4.400000e+001  2.655000e+001  0.000000e+000
    endloop
  endfacet
  facet normal -3.211565e-001 -7.753398e-001  5.437892e-001
    outer loop
      vertex  4.226759e+001  2.726759e+001  0.000000e+000
      vertex  4.328661e+001  2.680441e+001 -5.857864e-002
      vertex  4.400000e+001  2.655000e+001  0.000000e+000
    endloop
  endfacet
  facet normal -2.051248e-001 -4.952154e-001 -8.442070e-001
    outer loop
      vertex  4.240901e+001  2.740901e+001 -2.000000e-001
      vertex  4.400000e+001  2.675000e+001 -2.000000e-001
      vertex  4.328661e+001  2.680441e+001 -5.857864e-002
    endloop
  endfacet
  facet normal -5.775738e-001 -7.949622e-001  1.855900e-001
    outer loop
      vertex  4.213232e+001  2.764305e+001 -5.857864e-002
      vertex  4.240901e+001  2.740901e+001 -2.000000e-001
      vertex  4.328661e+001  2.680441e+001 -5.857864e-002
    endloop
  endfacet
  facet normal  1.485584e-001 -2.044731e-001 -9.675335e-001
    outer loop
      vertex  4.471339e+001  2.680441e+001 -5.857864e-002
      vertex  4.586768e+001  2.764305e+001 -5.857864e-002
      vertex  4.573241e+001  2.726759e+001  0.000000e+000
    endloop
  endfacet
  facet normal  3.211565e-001 -7.753398e-001  5.437892e-001
    outer loop
      vertex  4.400000e+001  2.655000e+001  0.000000e+000
      vertex  4.471339e+001  2.680441e+001 -5.857864e-002
      vertex  4.573241e+001  2.726759e+001  0.000000e+000
    endloop
  endfacet
  facet normal  2.051248e-001 -4.952154e-001 -8.442070e-001
    outer loop
      vertex  4.400000e+001  2.675000e+001 -2.000000e-001
      vertex  4.559099e+001  2.740901e+001 -2.000000e-001
      vertex  4.471339e+001  2.680441e+001 -5.857864e-002
    endloop
  endfacet
  facet normal  0.000000e+000 -9.333056e-001  3.590832e-001
    outer loop
      vertex  4.328661e+001  2.680441e+001 -5.857864e-002
      vertex  4.400000e+001  2.675000e+001 -2.000000e-001
      vertex  4.471339e+001  2.680441e+001 -5.857864e-002
    endloop
  endfacet
  facet normal  5.775738e-001 -7.949622e-001  1.855900e-001
    outer loop
      vertex  4.471339e+001  2.680441e+001 -5.857864e-002
      vertex  4.559099e+001  2.740901e+001 -2.000000e-001
      vertex  4.586768e+001  2.764305e+001 -5.857864e-002
    endloop
  endfacet
  facet normal  -0.000000e+000  0.000000e+000 -1.000000e+000
    outer loop
      vertex  4.240901e+001 -3.059099e+001 -5.200000e+000
      vertex  4.559099e+001 -3.059099e+001 -5.200000e+000
      vertex  4.400000e+001 -3.125000e+001 -5.200000e+000
    endloop
  endfacet
  facet normal  0.000000e+000  0.000000e+000 -9.999999e-001
    outer loop
      vertex  4.559099e+001 -3.059099e+001 -5.200000e+000
      vertex  4.240901e+001 -3.059099e+001 -5.200000e+000
      vertex  4.625000e+001 -2.900000e+001 -5.200000e+000
    endloop
  endfacet
  facet normal  -0.000000e+000  0.000000e+000 -9.999999e-001
    outer loop
      vertex  4.625000e+001 -2.900000e+001 -5.200000e+000
      vertex  4.240901e+001 -3.059099e+001 -5.200000e+000
      vertex  4.175000e+001 -2.900000e+001 -5.200000e+000
    endloop
  endfacet
  facet normal  0.000000e+000  0.000000e+000 -9.999999e-001
    outer loop
      vertex  4.625000e+001 -2.900000e+001 -5.200000e+000
      vertex  4.175000e+001 -2.900000e+001 -5.200000e+000
      vertex  4.559099e+001 -2.740901e+001 -5.200000e+000
    endloop
  endfacet
  facet normal  -0.000000e+000  0.000000e+000 -9.999999e-001
    outer loop
      vertex  4.559099e+001 -2.740901e+001 -5.200000e+000
      vertex  4.175000e+001 -2.900000e+001 -5.200000e+000
      vertex  4.240901e+001 -2.740901e+001 -5.200000e+000
    endloop
  endfacet
  facet normal  0.000000e+000  0.000000e+000 -1.000000e+000
    outer loop
      vertex  4.559099e+001 -2.740901e+001 -5.200000e+000
      vertex  4.240901e+001 -2.740901e+001 -5.200000e+000
      vertex  4.400000e+001 -2.675000e+001 -5.200000e+000
    endloop
  endfacet
  facet normal  -0.000000e+000  0.000000e+000 -1.000000e+000
    outer loop
      vertex -4.559099e+001 -3.059099e+001 -5.200000e+000
      vertex -4.240901e+001 -3.059099e+001 -5.200000e+000
      vertex -4.400000e+001 -3.125000e+001 -5.200000e+000
    endloop
  endfacet
  facet normal  0.000000e+000  0.000000e+000 -9.999999e-001
    outer loop
      vertex -4.240901e+001 -3.059099e+001 -5.200000e+000
      vertex -4.559099e+001 -3.059099e+001 -5.200000e+000
      vertex -4.175000e+001 -2.900000e+001 -5.200000e+000
    endloop
  endfacet
  facet normal  -0.000000e+000  0.000000e+000 -9.999999e-001
    outer loop
      vertex -4.175000e+001 -2.900000e+001 -5.200000e+000
      vertex -4.559099e+001 -3.059099e+001 -5.200000e+000
      vertex -4.625000e+001 -2.900000e+001 -5.200000e+000
    endloop
  endfacet
  facet normal  0.000000e+000  0.000000e+000 -9.999999e-001
    outer loop
      vertex -4.175000e+001 -2.900000e+001 -5.200000e+000
      vertex -4.625000e+001 -2.900000e+001 -5.200000e+000
      vertex -4.240901e+001 -2.740901e+001 -5.200000e+000
    endloop
  endfacet
  facet normal  -0.000000e+000  0.000000e+000 -9.999999e-001
    outer loop
      vertex -4.240901e+001 -2.740901e+001 -5.200000e+000
      vertex -4.625000e+001 -2.900000e+001 -5.200000e+000
      vertex -4.559099e+001 -2.740901e+001 -5.200000e+000
    endloop
  endfacet
  facet normal  0.000000e+000  0.000000e+000 -1.000000e+000
    outer loop
      vertex -4.240901e+001 -2.740901e+001 -5.200000e+000
      vertex -4.559099e+001 -2.740901e+001 -5.200000e+000
      vertex -4.400000e+001 -2.675000e+001 -5.200000e+000
    endloop
  endfacet
  facet normal  -0.000000e+000  0.000000e+000 -1.000000e+000
    outer loop
      vertex  4.240901e+001  2.740901e+001 -5.200000e+000
      vertex  4.559099e+001  2.740901e+001 -5.200000e+000
      vertex  4.400000e+001  2.675000e+001 -5.200000e+000
    endloop
  endfacet
  facet normal  0.000000e+000  0.000000e+000 -9.999999e-001
    outer loop
      vertex  4.559099e+001  2.740901e+001 -5.200000e+000
      vertex  4.240901e+001  2.740901e+001 -5.200000e+000
      vertex  4.625000e+001  2.900000e+001 -5.200000e+000
    endloop
  endfacet
  facet normal  -0.000000e+000  0.000000e+000 -9.999999e-001
    outer loop
      vertex  4.625000e+001  2.900000e+001 -5.200000e+000
      vertex  4.240901e+001  2.740901e+001 -5.200000e+000
      vertex  4.175000e+001  2.900000e+001 -5.200000e+000
    endloop
  endfacet
  facet normal  0.000000e+000  0.000000e+000 -9.999999e-001
    outer loop
      vertex  4.625000e+001  2.900000e+001 -5.200000e+000
      vertex  4.175000e+001  2.900000e+001 -5.200000e+000
      vertex  4.559099e+001  3.059099e+001 -5.200000e+000
    endloop
  endfacet
  facet normal  -0.000000e+000  0.000000e+000 -9.999999e-001
    outer loop
      vertex  4.559099e+001  3.059099e+001 -5.200000e+000
      vertex  4.175000e+001  2.900000e+001 -5.200000e+000
      vertex  4.240901e+001  3.059099e+001 -5.200000e+000
    endloop
  endfacet
  facet normal  0.000000e+000  0.000000e+000 -1.000000e+000
    outer loop
      vertex  4.559099e+001  3.059099e+001 -5.200000e+000
      vertex  4.240901e+001  3.059099e+001 -5.200000e+000
      vertex  4.400000e+001  3.125000e+001 -5.200000e+000
    endloop
  endfacet
  facet normal  -0.000000e+000  0.000000e+000 -1.000000e+000
    outer loop
      vertex -4.559099e+001  2.740901e+001 -5.200000e+000
      vertex -4.240901e+001  2.740901e+001 -5.200000e+000
      vertex -4.400000e+001  2.675000e+001 -5.200000e+000
    endloop
  endfacet
  facet normal  0.000000e+000  0.000000e+000 -9.999999e-001
    outer loop
      vertex -4.240901e+001  2.740901e+001 -5.200000e+000
      vertex -4.559099e+001  2.740901e+001 -5.200000e+000
      vertex -4.175000e+001  2.900000e+001 -5.200000e+000
    endloop
  endfacet
  facet normal  -0.000000e+000  0.000000e+000 -9.999999e-001
    outer loop
      vertex -4.175000e+001  2.900000e+001 -5.200000e+000
      vertex -4.559099e+001  2.740901e+001 -5.200000e+000
      vertex -4.625000e+001  2.900000e+001 -5.200000e+000
    endloop
  endfacet
  facet normal  0.000000e+000  0.000000e+000 -9.999999e-001
    outer loop
      vertex -4.175000e+001  2.900000e+001 -5.200000e+000
      vertex -4.625000e+001  2.900000e+001 -5.200000e+000
      vertex -4.240901e+001  3.059099e+001 -5.200000e+000
    endloop
  endfacet
  facet normal  -0.000000e+000  0.000000e+000 -9.999999e-001
    outer loop
      vertex -4.240901e+001  3.059099e+001 -5.200000e+000
      vertex -4.625000e+001  2.900000e+001 -5.200000e+000
      vertex -4.559099e+001  3.059099e+001 -5.200000e+000
    endloop
  endfacet
  facet normal  0.000000e+000  0.000000e+000 -1.000000e+000
    outer loop
      vertex -4.240901e+001  3.059099e+001 -5.200000e+000
      vertex -4.559099e+001  3.059099e+001 -5.200000e+000
      vertex -4.400000e+001  3.125000e+001 -5.200000e+000
    endloop
  endfacet
endsolid CATIA STL
